🎵 Pipeline 2★ Plex [RÉEL]
   URL Plex : http://host.docker.internal:32400
   Étapes   : 1. songrec-rename -i → 2. beet import → → effacement rating 2★
============================================================

📚 Section «Musique» : 5 track(s) 2★

📀 Section «Musique» : 8 album(s) 2★
   💿 ??? — Lagué Moin
     → 8 piste(s) ajoutée(s) au traitement
   💿 Didier Barbelivien — Vendée 93
     → 1 piste(s) ajoutée(s) au traitement
   💿 Francis Cabrel — 
     → 10 piste(s) ajoutée(s) au traitement
   💿 Harold Melvin & The Blue Notes — I Miss You
     → 7 piste(s) ajoutée(s) au traitement
   💿 i_o — Castles in the Sky
     → 1 piste(s) ajoutée(s) au traitement
   💿 JULIEN DORÉ — Unknown Adorer
     → 1 piste(s) ajoutée(s) au traitement
   💿 OrelSan — La fête est finie
     → 1 piste(s) ajoutée(s) au traitement
   💿 OrelSan — La Fête Est Finie
     → 2 piste(s) ajoutée(s) au traitement

👤 Section «Musique» : 14 artiste(s) 2★
   🎤 
     → 1 piste(s) ajoutée(s) au traitement
   🎤 ???
     → 663 piste(s) ajoutée(s) au traitement
   🎤 Christophe Maé
     → 109 piste(s) ajoutée(s) au traitement
   🎤 Kyle Evans
     → 4 piste(s) ajoutée(s) au traitement
   🎤 Luna Parker
     → 2 piste(s) ajoutée(s) au traitement
   🎤 Martin Garrix
     → 54 piste(s) ajoutée(s) au traitement
   🎤 Musique
     → 2 piste(s) ajoutée(s) au traitement
   🎤 Florent Pagny
     → 89 piste(s) ajoutée(s) au traitement
   🎤 #Original Motion Picture Soundtracks
     → 123 piste(s) ajoutée(s) au traitement
   🎤 Psy 4 De La Rime
     → 61 piste(s) ajoutée(s) au traitement
   🎤 Purple Disco Machine
     → 116 piste(s) ajoutée(s) au traitement
   🎤 Sebastien Patoche
     → 20 piste(s) ajoutée(s) au traitement
   🎤 Suprême NTM
     → 23 piste(s) ajoutée(s) au traitement
   🎤 Various Artists
     → 437 piste(s) ajoutée(s) au traitement

🔍 Total : 1740 track(s) 2★ à traiter

[1/1740] ANOHNI and the Johnsons — Another World
  📄 /mnt/MyBook/itunes/Music/Singles/ANOHNI and the Johnsons/Another World (2008).mp3
  🔁 Chemin résolu (mapped:/mnt/MyBook/itunes->/itunes)
     → /itunes/Music/Singles/ANOHNI and the Johnsons/Another World (2008).mp3
  🎵 songrec-rename -i …
    ⚠️  python3: can't open file '/home/paulceline/scripts/plex-scripts/bin/utils/songrec_rename_cli.py': [Errno 2] No such file or directory
  ⚠️  songrec-rename a échoué, tentative de fallback songrec…
    ✅ Tags mis à jour (fallback songrec)
    ✅ Renommé: Antony and the Johnsons & ANOHNI - Another World.mp3
  📦 Fichier traité: /itunes/Music/Singles/ANOHNI and the Johnsons/Antony and the Johnsons & ANOHNI - Another World.mp3
  📚 beet import -q …
    ⚠️  error: database file /beets-config/library.db cannot not be opened: unable to open database file
  ⚠️  beet import a échoué — rating NON effacé (traitement manuel requis)
[2/1740] Andrew Bayer + Blastoyz + Feed Me + Jason Ross + Kill the Noise + Last Heroes + Seven Lions + STAR SEED + Trivecta feat. Sarah Herz — Pantheon II
  📄 /mnt/MyBook/itunes/Music/Singles/Andrew Bayer + Blastoyz + Feed Me + Jason Ross + Kill the Noise + Last Heroes + Seven Lions + STAR SEED + Trivecta feat. Sarah Herz/Pantheon II (2025).m4a
  🔁 Chemin résolu (mapped:/mnt/MyBook/itunes->/itunes)
     → /itunes/Music/Singles/Andrew Bayer + Blastoyz + Feed Me + Jason Ross + Kill the Noise + Last Heroes + Seven Lions + STAR SEED + Trivecta feat. Sarah Herz/Pantheon II (2025).m4a
  🎵 songrec-rename -i …
    ⚠️  python3: can't open file '/home/paulceline/scripts/plex-scripts/bin/utils/songrec_rename_cli.py': [Errno 2] No such file or directory
  ⚠️  songrec-rename a échoué, tentative de fallback songrec…
    ✅ Tags mis à jour (fallback songrec)
    ✅ Renommé: Andrew Bayer, Blastoyz, Feed Me, Jason Ross, Kill the Noise, Last Heroes, Seven Lions, Star Seed & Trivecta - Pantheon II (feat. Sarah Herz).m4a
  📦 Fichier traité: /itunes/Music/Singles/Andrew Bayer + Blastoyz + Feed Me + Jason Ross + Kill the Noise + Last Heroes + Seven Lions + STAR SEED + Trivecta feat. Sarah Herz/Andrew Bayer, Blastoyz, Feed Me, Jason Ross, Kill the Noise, Last Heroes, Seven Lions, Star Seed & Trivecta - Pantheon II (feat. Sarah Herz).m4a
  📚 beet import -q …
    ⚠️  error: database file /beets-config/library.db cannot not be opened: unable to open database file
  ⚠️  beet import a échoué — rating NON effacé (traitement manuel requis)
[3/1740] The Filmscore Orchestra — Unchained Melody
  📄 /mnt/MyBook/Music/The Filmscore Orchestra/Great Movies Collection/1-14 Unchained Melody.mp3
  🔁 Chemin résolu (mapped:/mnt/MyBook/Music->/music)
     → /music/The Filmscore Orchestra/Great Movies Collection/1-14 Unchained Melody.mp3
  🎵 songrec-rename -i …
    ⚠️  python3: can't open file '/home/paulceline/scripts/plex-scripts/bin/utils/songrec_rename_cli.py': [Errno 2] No such file or directory
  ⚠️  songrec-rename a échoué, tentative de fallback songrec…
    ✅ Tags mis à jour (fallback songrec)
    ✅ Renommé: DJ NON - Unchained Melody.mp3
  📦 Fichier traité: /music/The Filmscore Orchestra/Great Movies Collection/DJ NON - Unchained Melody.mp3
  📚 beet import -q …
    ⚠️  error: database file /beets-config/library.db cannot not be opened: unable to open database file
  ⚠️  beet import a échoué — rating NON effacé (traitement manuel requis)
[4/1740] Kyle Evans — Mon Envol (Radio Edit)
  📄 /mnt/MyBook/Music/Kyle Evans/MON ENVOL [SINGLE] (2009)/01 - KYLE EVANS - MON ENVOL [SINGLE] - MON ENVOL (RADIO EDIT).mp3.mp3
  🔁 Chemin résolu (mapped:/mnt/MyBook/Music->/music)
     → /music/Kyle Evans/MON ENVOL [SINGLE] (2009)/01 - KYLE EVANS - MON ENVOL [SINGLE] - MON ENVOL (RADIO EDIT).mp3.mp3
  🎵 songrec-rename -i …
    ⚠️  python3: can't open file '/home/paulceline/scripts/plex-scripts/bin/utils/songrec_rename_cli.py': [Errno 2] No such file or directory
  ⚠️  songrec-rename a échoué, tentative de fallback songrec…
    ✅ Tags mis à jour (fallback songrec)
    ✅ Renommé: Kyle Evans - Mon envol (Radio Edit).mp3
  📦 Fichier traité: /music/Kyle Evans/MON ENVOL [SINGLE] (2009)/Kyle Evans - Mon envol (Radio Edit).mp3
  📚 beet import -q …
    ⚠️  error: database file /beets-config/library.db cannot not be opened: unable to open database file
  ⚠️  beet import a échoué — rating NON effacé (traitement manuel requis)
[5/1740] Ricky L — Born Again (Feat. Mck) [Balearic Soul Party mix]
  📄 /mnt/MyBook/Music/Ricky L/Born Again (feat. M CK) [2010 Remixes] (2010)/39 - Born Again (feat. MCK) [Balearic Soul Party Mix].mp3
  🔁 Chemin résolu (mapped:/mnt/MyBook/Music->/music)
     → /music/Ricky L/Born Again (feat. M CK) [2010 Remixes] (2010)/39 - Born Again (feat. MCK) [Balearic Soul Party Mix].mp3
  🎵 songrec-rename -i …
    ⚠️  python3: can't open file '/home/paulceline/scripts/plex-scripts/bin/utils/songrec_rename_cli.py': [Errno 2] No such file or directory
  ⚠️  songrec-rename a échoué, tentative de fallback songrec…
    ✅ Tags mis à jour (fallback songrec)
    ✅ Renommé: Ricky L - Born Again (feat. M_CK) [Balearic Soul Party Mix].mp3
  📦 Fichier traité: /music/Ricky L/Born Again (feat. M CK) [2010 Remixes] (2010)/Ricky L - Born Again (feat. M_CK) [Balearic Soul Party Mix].mp3
  📚 beet import -q …
    ⚠️  error: database file /beets-config/library.db cannot not be opened: unable to open database file
  ⚠️  beet import a échoué — rating NON effacé (traitement manuel requis)
[6/1740] ??? — He Philippe ! (In Memoriam)
  📄 /mnt/MyBook/itunes/Music/Kassav'/Lagué Moin (1980)/00
00 - He Philippe ! (In Memoriam).mp3
  🔁 Chemin résolu (mapped:/mnt/MyBook/itunes->/itunes)
     → /itunes/Music/Kassav'/Lagué Moin (1980)/00
00 - He Philippe ! (In Memoriam).mp3
  🎵 songrec-rename -i …
    ⚠️  python3: can't open file '/home/paulceline/scripts/plex-scripts/bin/utils/songrec_rename_cli.py': [Errno 2] No such file or directory
  ⚠️  songrec-rename a échoué, tentative de fallback songrec…
    ✅ Tags mis à jour (fallback songrec)
    ✅ Renommé: Kassav' - He Philippe !.mp3
  📦 Fichier traité: /itunes/Music/Kassav'/Lagué Moin (1980)/Kassav' - He Philippe !.mp3
  📚 beet import -q …
    ⚠️  error: database file /beets-config/library.db cannot not be opened: unable to open database file
  ⚠️  beet import a échoué — rating NON effacé (traitement manuel requis)
[7/1740] ??? — Lague Moin
  📄 /mnt/MyBook/itunes/Music/Kassav'/Lagué Moin (1980)/01 - Lague Moin.mp3
  🔁 Chemin résolu (mapped:/mnt/MyBook/itunes->/itunes)
     → /itunes/Music/Kassav'/Lagué Moin (1980)/01 - Lague Moin.mp3
  🎵 songrec-rename -i …
    ⚠️  python3: can't open file '/home/paulceline/scripts/plex-scripts/bin/utils/songrec_rename_cli.py': [Errno 2] No such file or directory
  ⚠️  songrec-rename a échoué, tentative de fallback songrec…
    ✅ Tags mis à jour (fallback songrec)
    ✅ Renommé: Kassav' - Lagué Moin.mp3
  📦 Fichier traité: /itunes/Music/Kassav'/Lagué Moin (1980)/Kassav' - Lagué Moin.mp3
  📚 beet import -q …
    ⚠️  error: database file /beets-config/library.db cannot not be opened: unable to open database file
  ⚠️  beet import a échoué — rating NON effacé (traitement manuel requis)
[8/1740] ??? — Soleil
  📄 /mnt/MyBook/itunes/Music/Kassav'/Lagué Moin (1980)/02 - Soleil.mp3
  🔁 Chemin résolu (mapped:/mnt/MyBook/itunes->/itunes)
     → /itunes/Music/Kassav'/Lagué Moin (1980)/02 - Soleil.mp3
  🎵 songrec-rename -i …
    ⚠️  python3: can't open file '/home/paulceline/scripts/plex-scripts/bin/utils/songrec_rename_cli.py': [Errno 2] No such file or directory
  ⚠️  songrec-rename a échoué, tentative de fallback songrec…
    ✅ Tags mis à jour (fallback songrec)
    ✅ Renommé: Kassav' - Soleil.mp3
  📦 Fichier traité: /itunes/Music/Kassav'/Lagué Moin (1980)/Kassav' - Soleil.mp3
  📚 beet import -q …
    ⚠️  error: database file /beets-config/library.db cannot not be opened: unable to open database file
  ⚠️  beet import a échoué — rating NON effacé (traitement manuel requis)
[9/1740] ??? — Ida
  📄 /mnt/MyBook/itunes/Music/Kassav'/Lagué Moin (1980)/03 - Ida.mp3
  🔁 Chemin résolu (mapped:/mnt/MyBook/itunes->/itunes)
     → /itunes/Music/Kassav'/Lagué Moin (1980)/03 - Ida.mp3
  🎵 songrec-rename -i …
    ⚠️  python3: can't open file '/home/paulceline/scripts/plex-scripts/bin/utils/songrec_rename_cli.py': [Errno 2] No such file or directory
  ⚠️  songrec-rename a échoué, tentative de fallback songrec…
    ✅ Tags mis à jour (fallback songrec)
    ✅ Renommé: Kassav' - Ida.mp3
  📦 Fichier traité: /itunes/Music/Kassav'/Lagué Moin (1980)/Kassav' - Ida.mp3
  📚 beet import -q …
    ⚠️  error: database file /beets-config/library.db cannot not be opened: unable to open database file
  ⚠️  beet import a échoué — rating NON effacé (traitement manuel requis)
[10/1740] ??? — Zianm
  📄 /mnt/MyBook/itunes/Music/Kassav'/Lagué Moin (1980)/04 - Zianm.mp3
  🔁 Chemin résolu (mapped:/mnt/MyBook/itunes->/itunes)
     → /itunes/Music/Kassav'/Lagué Moin (1980)/04 - Zianm.mp3
  🎵 songrec-rename -i …
    ⚠️  python3: can't open file '/home/paulceline/scripts/plex-scripts/bin/utils/songrec_rename_cli.py': [Errno 2] No such file or directory
  ⚠️  songrec-rename a échoué, tentative de fallback songrec…
    ✅ Tags mis à jour (fallback songrec)
    ✅ Renommé: Kassav' - Zianm.mp3
  📦 Fichier traité: /itunes/Music/Kassav'/Lagué Moin (1980)/Kassav' - Zianm.mp3
  📚 beet import -q …
    ⚠️  error: database file /beets-config/library.db cannot not be opened: unable to open database file
  ⚠️  beet import a échoué — rating NON effacé (traitement manuel requis)
[11/1740] ??? — Kakika
  📄 /mnt/MyBook/itunes/Music/Kassav'/Lagué Moin (1980)/05 - Kakika.mp3
  🔁 Chemin résolu (mapped:/mnt/MyBook/itunes->/itunes)
     → /itunes/Music/Kassav'/Lagué Moin (1980)/05 - Kakika.mp3
  🎵 songrec-rename -i …
    ⚠️  python3: can't open file '/home/paulceline/scripts/plex-scripts/bin/utils/songrec_rename_cli.py': [Errno 2] No such file or directory
  ⚠️  songrec-rename a échoué, tentative de fallback songrec…
    ✅ Tags mis à jour (fallback songrec)
    ✅ Renommé: Kassav' - Kakika.mp3
  📦 Fichier traité: /itunes/Music/Kassav'/Lagué Moin (1980)/Kassav' - Kakika.mp3
  📚 beet import -q …
    ⚠️  error: database file /beets-config/library.db cannot not be opened: unable to open database file
  ⚠️  beet import a échoué — rating NON effacé (traitement manuel requis)
[12/1740] ??? — Kalagia
  📄 /mnt/MyBook/itunes/Music/Kassav'/Lagué Moin (1980)/06 - Kalagia.mp3
  🔁 Chemin résolu (mapped:/mnt/MyBook/itunes->/itunes)
     → /itunes/Music/Kassav'/Lagué Moin (1980)/06 - Kalagia.mp3
  🎵 songrec-rename -i …
    ⚠️  python3: can't open file '/home/paulceline/scripts/plex-scripts/bin/utils/songrec_rename_cli.py': [Errno 2] No such file or directory
  ⚠️  songrec-rename a échoué, tentative de fallback songrec…
    ✅ Tags mis à jour (fallback songrec)
    ✅ Renommé: Kassav' - Kalagia.mp3
  📦 Fichier traité: /itunes/Music/Kassav'/Lagué Moin (1980)/Kassav' - Kalagia.mp3
  📚 beet import -q …
    ⚠️  error: database file /beets-config/library.db cannot not be opened: unable to open database file
  ⚠️  beet import a échoué — rating NON effacé (traitement manuel requis)
[13/1740] ??? — Roule
  📄 /mnt/MyBook/itunes/Music/Kassav'/Lagué Moin (1980)/07 - Roule.mp3
  🔁 Chemin résolu (mapped:/mnt/MyBook/itunes->/itunes)
     → /itunes/Music/Kassav'/Lagué Moin (1980)/07 - Roule.mp3
  🎵 songrec-rename -i …
    ⚠️  python3: can't open file '/home/paulceline/scripts/plex-scripts/bin/utils/songrec_rename_cli.py': [Errno 2] No such file or directory
  ⚠️  songrec-rename a échoué, tentative de fallback songrec…
    ✅ Tags mis à jour (fallback songrec)
    ✅ Renommé: Kassav' - Roulé.mp3
  📦 Fichier traité: /itunes/Music/Kassav'/Lagué Moin (1980)/Kassav' - Roulé.mp3
  📚 beet import -q …
    ⚠️  error: database file /beets-config/library.db cannot not be opened: unable to open database file
  ⚠️  beet import a échoué — rating NON effacé (traitement manuel requis)
[14/1740] Didier Barbelivien — Bleus et blancs
  📄 /mnt/MyBook/Music/Didier_Barbelivien/Vendée_93/Didier Barbelivien, Robert Hossein & Dominique Gozzi - Bleus et blancs.mp3
  🔁 Chemin résolu (mapped:/mnt/MyBook/Music->/music)
     → /music/Didier_Barbelivien/Vendée_93/Didier Barbelivien, Robert Hossein & Dominique Gozzi - Bleus et blancs.mp3
  🎵 songrec-rename -i …
    ⚠️  python3: can't open file '/home/paulceline/scripts/plex-scripts/bin/utils/songrec_rename_cli.py': [Errno 2] No such file or directory
  ⚠️  songrec-rename a échoué, tentative de fallback songrec…
    ✅ Tags mis à jour (fallback songrec)
  📚 beet import -q …
    ⚠️  error: database file /beets-config/library.db cannot not be opened: unable to open database file
  ⚠️  beet import a échoué — rating NON effacé (traitement manuel requis)
[15/1740] Francis Cabrel — Le pays d'à côté
  📄 /mnt/MyBook/itunes/Music/Francis_Cabrel/In_extremis/Francis Cabrel - Le pays d'à côté.mp3
  🔁 Chemin résolu (mapped:/mnt/MyBook/itunes->/itunes)
     → /itunes/Music/Francis_Cabrel/In_extremis/Francis Cabrel - Le pays d'à côté.mp3
  🎵 songrec-rename -i …
    ⚠️  python3: can't open file '/home/paulceline/scripts/plex-scripts/bin/utils/songrec_rename_cli.py': [Errno 2] No such file or directory
  ⚠️  songrec-rename a échoué, tentative de fallback songrec…
    ✅ Tags mis à jour (fallback songrec)
  📚 beet import -q …
    ⚠️  error: database file /beets-config/library.db cannot not be opened: unable to open database file
  ⚠️  beet import a échoué — rating NON effacé (traitement manuel requis)
[16/1740] Francis Cabrel — Azincourt
  📄 /mnt/MyBook/itunes/Music/Francis_Cabrel/In_extremis/Francis Cabrel - Azincourt.mp3
  🔁 Chemin résolu (mapped:/mnt/MyBook/itunes->/itunes)
     → /itunes/Music/Francis_Cabrel/In_extremis/Francis Cabrel - Azincourt.mp3
  🎵 songrec-rename -i …
    ⚠️  python3: can't open file '/home/paulceline/scripts/plex-scripts/bin/utils/songrec_rename_cli.py': [Errno 2] No such file or directory
  ⚠️  songrec-rename a échoué, tentative de fallback songrec…
    ✅ Tags mis à jour (fallback songrec)
  📚 beet import -q …
    ⚠️  error: database file /beets-config/library.db cannot not be opened: unable to open database file
  ⚠️  beet import a échoué — rating NON effacé (traitement manuel requis)
[17/1740] Francis Cabrel — In Extremis
  📄 /mnt/MyBook/itunes/Music/Francis_Cabrel/In_extremis/Francis Cabrel - In Extremis.mp3
  🔁 Chemin résolu (mapped:/mnt/MyBook/itunes->/itunes)
     → /itunes/Music/Francis_Cabrel/In_extremis/Francis Cabrel - In Extremis.mp3
  🎵 songrec-rename -i …
    ⚠️  python3: can't open file '/home/paulceline/scripts/plex-scripts/bin/utils/songrec_rename_cli.py': [Errno 2] No such file or directory
  ⚠️  songrec-rename a échoué, tentative de fallback songrec…
    ✅ Tags mis à jour (fallback songrec)
  📚 beet import -q …
    ⚠️  error: database file /beets-config/library.db cannot not be opened: unable to open database file
  ⚠️  beet import a échoué — rating NON effacé (traitement manuel requis)
[18/1740] Francis Cabrel — Dans chaque cœur
  📄 /mnt/MyBook/itunes/Music/Francis_Cabrel/In_extremis/Francis Cabrel - Dans chaque cœur.mp3
  🔁 Chemin résolu (mapped:/mnt/MyBook/itunes->/itunes)
     → /itunes/Music/Francis_Cabrel/In_extremis/Francis Cabrel - Dans chaque cœur.mp3
  🎵 songrec-rename -i …
    ⚠️  python3: can't open file '/home/paulceline/scripts/plex-scripts/bin/utils/songrec_rename_cli.py': [Errno 2] No such file or directory
  ⚠️  songrec-rename a échoué, tentative de fallback songrec…
    ✅ Tags mis à jour (fallback songrec)
  📚 beet import -q …
    ⚠️  error: database file /beets-config/library.db cannot not be opened: unable to open database file
  ⚠️  beet import a échoué — rating NON effacé (traitement manuel requis)
[19/1740] Francis Cabrel — Partis pour rester
  📄 /mnt/MyBook/itunes/Music/Francis_Cabrel/In_extremis/Francis Cabrel - Partis pour rester.mp3
  🔁 Chemin résolu (mapped:/mnt/MyBook/itunes->/itunes)
     → /itunes/Music/Francis_Cabrel/In_extremis/Francis Cabrel - Partis pour rester.mp3
  🎵 songrec-rename -i …
    ⚠️  python3: can't open file '/home/paulceline/scripts/plex-scripts/bin/utils/songrec_rename_cli.py': [Errno 2] No such file or directory
  ⚠️  songrec-rename a échoué, tentative de fallback songrec…
    ✅ Tags mis à jour (fallback songrec)
  📚 beet import -q …
    ⚠️  error: database file /beets-config/library.db cannot not be opened: unable to open database file
  ⚠️  beet import a échoué — rating NON effacé (traitement manuel requis)
[20/1740] Francis Cabrel — Mandela, pendant ce temps
  📄 /mnt/MyBook/itunes/Music/Francis_Cabrel/In_extremis/Francis Cabrel - Mandela, pendant ce temps.mp3
  🔁 Chemin résolu (mapped:/mnt/MyBook/itunes->/itunes)
     → /itunes/Music/Francis_Cabrel/In_extremis/Francis Cabrel - Mandela, pendant ce temps.mp3
  🎵 songrec-rename -i …
    ⚠️  python3: can't open file '/home/paulceline/scripts/plex-scripts/bin/utils/songrec_rename_cli.py': [Errno 2] No such file or directory
  ⚠️  songrec-rename a échoué, tentative de fallback songrec…
    ✅ Tags mis à jour (fallback songrec)
  📚 beet import -q …
    ⚠️  error: database file /beets-config/library.db cannot not be opened: unable to open database file
  ⚠️  beet import a échoué — rating NON effacé (traitement manuel requis)
[21/1740] Francis Cabrel — Les tours gratuits
  📄 /mnt/MyBook/itunes/Music/Francis_Cabrel/In_extremis/Francis Cabrel - Les tours gratuits.mp3
  🔁 Chemin résolu (mapped:/mnt/MyBook/itunes->/itunes)
     → /itunes/Music/Francis_Cabrel/In_extremis/Francis Cabrel - Les tours gratuits.mp3
  🎵 songrec-rename -i …
    ⚠️  python3: can't open file '/home/paulceline/scripts/plex-scripts/bin/utils/songrec_rename_cli.py': [Errno 2] No such file or directory
  ⚠️  songrec-rename a échoué, tentative de fallback songrec…
    ✅ Tags mis à jour (fallback songrec)
  📚 beet import -q …
    ⚠️  error: database file /beets-config/library.db cannot not be opened: unable to open database file
  ⚠️  beet import a échoué — rating NON effacé (traitement manuel requis)
[22/1740] Francis Cabrel — La voix du crooner
  📄 /mnt/MyBook/itunes/Music/Francis_Cabrel/In_extremis/Francis Cabrel - La voix du crooner.mp3
  🔁 Chemin résolu (mapped:/mnt/MyBook/itunes->/itunes)
     → /itunes/Music/Francis_Cabrel/In_extremis/Francis Cabrel - La voix du crooner.mp3
  🎵 songrec-rename -i …
    ⚠️  python3: can't open file '/home/paulceline/scripts/plex-scripts/bin/utils/songrec_rename_cli.py': [Errno 2] No such file or directory
  ⚠️  songrec-rename a échoué, tentative de fallback songrec…
    ✅ Tags mis à jour (fallback songrec)
  📚 beet import -q …
    ⚠️  error: database file /beets-config/library.db cannot not be opened: unable to open database file
  ⚠️  beet import a échoué — rating NON effacé (traitement manuel requis)
[23/1740] Francis Cabrel — Pas si bêtes
  📄 /mnt/MyBook/itunes/Music/Francis_Cabrel/In_extremis/Francis Cabrel - Pas si bêtes.mp3
  🔁 Chemin résolu (mapped:/mnt/MyBook/itunes->/itunes)
     → /itunes/Music/Francis_Cabrel/In_extremis/Francis Cabrel - Pas si bêtes.mp3
  🎵 songrec-rename -i …
    ⚠️  python3: can't open file '/home/paulceline/scripts/plex-scripts/bin/utils/songrec_rename_cli.py': [Errno 2] No such file or directory
  ⚠️  songrec-rename a échoué, tentative de fallback songrec…
    ✅ Tags mis à jour (fallback songrec)
  📚 beet import -q …
    ⚠️  error: database file /beets-config/library.db cannot not be opened: unable to open database file
  ⚠️  beet import a échoué — rating NON effacé (traitement manuel requis)
[24/1740] Francis Cabrel — Les fontaines du jazz (Bonus)
  📄 /mnt/MyBook/itunes/Music/Francis_Cabrel/In_extremis/Francis Cabrel - Les fontaines du jazz (Bonus).mp3
  🔁 Chemin résolu (mapped:/mnt/MyBook/itunes->/itunes)
     → /itunes/Music/Francis_Cabrel/In_extremis/Francis Cabrel - Les fontaines du jazz (Bonus).mp3
  🎵 songrec-rename -i …
    ⚠️  python3: can't open file '/home/paulceline/scripts/plex-scripts/bin/utils/songrec_rename_cli.py': [Errno 2] No such file or directory
  ⚠️  songrec-rename a échoué, tentative de fallback songrec…
    ✅ Tags mis à jour (fallback songrec)
  📚 beet import -q …
    ⚠️  error: database file /beets-config/library.db cannot not be opened: unable to open database file
  ⚠️  beet import a échoué — rating NON effacé (traitement manuel requis)
[25/1740] Harold Melvin & The Blue Notes — I Miss You
  📄 /mnt/MyBook/itunes/Music/Harold_Melvin_&_The_Blue_Notes/I_Miss_You/1-I_Miss_You.opus
  🔁 Chemin résolu (mapped:/mnt/MyBook/itunes->/itunes)
     → /itunes/Music/Harold_Melvin_&_The_Blue_Notes/I_Miss_You/1-I_Miss_You.opus
  🎵 songrec-rename -i …
    ⚠️  python3: can't open file '/home/paulceline/scripts/plex-scripts/bin/utils/songrec_rename_cli.py': [Errno 2] No such file or directory
  ⚠️  songrec-rename a échoué, tentative de fallback songrec…
  ❌ Timeout songrec (>120s)
  ❌ songrec-rename a échoué — track ignoré pour beet/clear
[26/1740] Harold Melvin & The Blue Notes — Ebony Woman
  📄 /mnt/MyBook/itunes/Music/Harold_Melvin_&_The_Blue_Notes/I_Miss_You/2-Ebony_Woman.opus
  🔁 Chemin résolu (mapped:/mnt/MyBook/itunes->/itunes)
     → /itunes/Music/Harold_Melvin_&_The_Blue_Notes/I_Miss_You/2-Ebony_Woman.opus
  🎵 songrec-rename -i …
    ⚠️  python3: can't open file '/home/paulceline/scripts/plex-scripts/bin/utils/songrec_rename_cli.py': [Errno 2] No such file or directory
  ⚠️  songrec-rename a échoué, tentative de fallback songrec…
    ✅ Tags mis à jour (fallback songrec)
    ✅ Renommé: Harold Melvin & The Blue Notes - Ebony Woman (feat. Teddy Pendergrass).opus
  📦 Fichier traité: /itunes/Music/Harold_Melvin_&_The_Blue_Notes/I_Miss_You/Harold Melvin & The Blue Notes - Ebony Woman (feat. Teddy Pendergrass).opus
  📚 beet import -q …
    ⚠️  error: database file /beets-config/library.db cannot not be opened: unable to open database file
  ⚠️  beet import a échoué — rating NON effacé (traitement manuel requis)
[27/1740] Harold Melvin & The Blue Notes — Yesterday I Had The Blues
  📄 /mnt/MyBook/itunes/Music/Harold_Melvin_&_The_Blue_Notes/I_Miss_You/3-Yesterday_I_Had_The_Blues.opus
  🔁 Chemin résolu (mapped:/mnt/MyBook/itunes->/itunes)
     → /itunes/Music/Harold_Melvin_&_The_Blue_Notes/I_Miss_You/3-Yesterday_I_Had_The_Blues.opus
  🎵 songrec-rename -i …
    ⚠️  python3: can't open file '/home/paulceline/scripts/plex-scripts/bin/utils/songrec_rename_cli.py': [Errno 2] No such file or directory
  ⚠️  songrec-rename a échoué, tentative de fallback songrec…
  ❌ Timeout songrec (>120s)
  ❌ songrec-rename a échoué — track ignoré pour beet/clear
[28/1740] Harold Melvin & The Blue Notes — If You Don't Know Me By Now
  📄 /mnt/MyBook/itunes/Music/Harold_Melvin_&_The_Blue_Notes/I_Miss_You/4-If_You_Don't_Know_Me_By_Now.opus
  🔁 Chemin résolu (mapped:/mnt/MyBook/itunes->/itunes)
     → /itunes/Music/Harold_Melvin_&_The_Blue_Notes/I_Miss_You/4-If_You_Don't_Know_Me_By_Now.opus
  🎵 songrec-rename -i …
    ⚠️  python3: can't open file '/home/paulceline/scripts/plex-scripts/bin/utils/songrec_rename_cli.py': [Errno 2] No such file or directory
  ⚠️  songrec-rename a échoué, tentative de fallback songrec…
    ✅ Tags mis à jour (fallback songrec)
    ✅ Renommé: Harold Melvin & The Blue Notes - If You Don't Know Me By Now.opus
  📦 Fichier traité: /itunes/Music/Harold_Melvin_&_The_Blue_Notes/I_Miss_You/Harold Melvin & The Blue Notes - If You Don't Know Me By Now.opus
  📚 beet import -q …
    ⚠️  error: database file /beets-config/library.db cannot not be opened: unable to open database file
  ⚠️  beet import a échoué — rating NON effacé (traitement manuel requis)
[29/1740] Harold Melvin & The Blue Notes — Be For Real
  📄 /mnt/MyBook/itunes/Music/Harold_Melvin_&_The_Blue_Notes/I_Miss_You/5-Be_For_Real.opus
  🔁 Chemin résolu (mapped:/mnt/MyBook/itunes->/itunes)
     → /itunes/Music/Harold_Melvin_&_The_Blue_Notes/I_Miss_You/5-Be_For_Real.opus
  🎵 songrec-rename -i …
    ⚠️  python3: can't open file '/home/paulceline/scripts/plex-scripts/bin/utils/songrec_rename_cli.py': [Errno 2] No such file or directory
  ⚠️  songrec-rename a échoué, tentative de fallback songrec…
  ❌ Timeout songrec (>120s)
  ❌ songrec-rename a échoué — track ignoré pour beet/clear
[30/1740] Harold Melvin & The Blue Notes — Let Me Into Your World
  📄 /mnt/MyBook/itunes/Music/Harold_Melvin_&_The_Blue_Notes/I_Miss_You/6-Let_Me_Into_Your_World.opus
  🔁 Chemin résolu (mapped:/mnt/MyBook/itunes->/itunes)
     → /itunes/Music/Harold_Melvin_&_The_Blue_Notes/I_Miss_You/6-Let_Me_Into_Your_World.opus
  🎵 songrec-rename -i …
    ⚠️  python3: can't open file '/home/paulceline/scripts/plex-scripts/bin/utils/songrec_rename_cli.py': [Errno 2] No such file or directory
  ⚠️  songrec-rename a échoué, tentative de fallback songrec…
    ✅ Tags mis à jour (fallback songrec)
    ✅ Renommé: Harold Melvin & The Blue Notes - Let Me Into Your World (feat. Teddy Pendergrass).opus
  📦 Fichier traité: /itunes/Music/Harold_Melvin_&_The_Blue_Notes/I_Miss_You/Harold Melvin & The Blue Notes - Let Me Into Your World (feat. Teddy Pendergrass).opus
  📚 beet import -q …
    ⚠️  error: database file /beets-config/library.db cannot not be opened: unable to open database file
  ⚠️  beet import a échoué — rating NON effacé (traitement manuel requis)
[31/1740] Harold Melvin & The Blue Notes — Let It Be You
  📄 /mnt/MyBook/itunes/Music/Harold_Melvin_&_The_Blue_Notes/I_Miss_You/7-Let_It_Be_You.opus
  🔁 Chemin résolu (mapped:/mnt/MyBook/itunes->/itunes)
     → /itunes/Music/Harold_Melvin_&_The_Blue_Notes/I_Miss_You/7-Let_It_Be_You.opus
  🎵 songrec-rename -i …
    ⚠️  python3: can't open file '/home/paulceline/scripts/plex-scripts/bin/utils/songrec_rename_cli.py': [Errno 2] No such file or directory
  ⚠️  songrec-rename a échoué, tentative de fallback songrec…
    ✅ Tags mis à jour (fallback songrec)
    ✅ Renommé: Harold Melvin & The Blue Notes - Let It Be You (feat. Teddy Pendergrass).opus
  📦 Fichier traité: /itunes/Music/Harold_Melvin_&_The_Blue_Notes/I_Miss_You/Harold Melvin & The Blue Notes - Let It Be You (feat. Teddy Pendergrass).opus
  📚 beet import -q …
    ⚠️  error: database file /beets-config/library.db cannot not be opened: unable to open database file
  ⚠️  beet import a échoué — rating NON effacé (traitement manuel requis)
[32/1740] i_o — Castles in the Sky
  📄 /mnt/MyBook/Music/i_o/Castles in the Sky/1. Castles in the Sky.mp3
  🔁 Chemin résolu (mapped:/mnt/MyBook/Music->/music)
     → /music/i_o/Castles in the Sky/1. Castles in the Sky.mp3
  🎵 songrec-rename -i …
    ⚠️  python3: can't open file '/home/paulceline/scripts/plex-scripts/bin/utils/songrec_rename_cli.py': [Errno 2] No such file or directory
  ⚠️  songrec-rename a échoué, tentative de fallback songrec…
    ✅ Tags mis à jour (fallback songrec)
    ✅ Renommé: i_o - Castles in the Sky.mp3
  📦 Fichier traité: /music/i_o/Castles in the Sky/i_o - Castles in the Sky.mp3
  📚 beet import -q …
    ⚠️  error: database file /beets-config/library.db cannot not be opened: unable to open database file
  ⚠️  beet import a échoué — rating NON effacé (traitement manuel requis)
[33/1740] JULIEN DORÉ — Coco Câline
  📄 /mnt/MyBook/Music/Julien Dore/Unknown Adorer (1991)/Julien Doré - Coco Câline.mp3
  🔁 Chemin résolu (mapped:/mnt/MyBook/Music->/music)
     → /music/Julien Dore/Unknown Adorer (1991)/Julien Doré - Coco Câline.mp3
  🎵 songrec-rename -i …
    ⚠️  python3: can't open file '/home/paulceline/scripts/plex-scripts/bin/utils/songrec_rename_cli.py': [Errno 2] No such file or directory
  ⚠️  songrec-rename a échoué, tentative de fallback songrec…
    ✅ Tags mis à jour (fallback songrec)
  📚 beet import -q …
    ⚠️  error: database file /beets-config/library.db cannot not be opened: unable to open database file
  ⚠️  beet import a échoué — rating NON effacé (traitement manuel requis)
[34/1740] OrelSan — La Pluie
  📄 /mnt/MyBook/itunes/Music/Automne Doré (500 titres)/01 - OrelSan - La Pluie.mp3
  🔁 Chemin résolu (mapped:/mnt/MyBook/itunes->/itunes)
     → /itunes/Music/Automne Doré (500 titres)/01 - OrelSan - La Pluie.mp3
  🎵 songrec-rename -i …
    ⚠️  python3: can't open file '/home/paulceline/scripts/plex-scripts/bin/utils/songrec_rename_cli.py': [Errno 2] No such file or directory
  ⚠️  songrec-rename a échoué, tentative de fallback songrec…
    ✅ Tags mis à jour (fallback songrec)
    ✅ Renommé: Orelsan - La pluie (feat. Stromae).mp3
  📦 Fichier traité: /itunes/Music/Automne Doré (500 titres)/Orelsan - La pluie (feat. Stromae).mp3
  📚 beet import -q …
    ⚠️  error: database file /beets-config/library.db cannot not be opened: unable to open database file
  ⚠️  beet import a échoué — rating NON effacé (traitement manuel requis)
[35/1740] OrelSan — Basique
  📄 /mnt/MyBook/Music/Orelsan/La Fête Est Finie (2017)/03 - Orelsan - La Fête Est Finie - Basique.mp3.mp3
  🔁 Chemin résolu (mapped:/mnt/MyBook/Music->/music)
     → /music/Orelsan/La Fête Est Finie (2017)/03 - Orelsan - La Fête Est Finie - Basique.mp3.mp3
  🎵 songrec-rename -i …
    ⚠️  python3: can't open file '/home/paulceline/scripts/plex-scripts/bin/utils/songrec_rename_cli.py': [Errno 2] No such file or directory
  ⚠️  songrec-rename a échoué, tentative de fallback songrec…
    ✅ Tags mis à jour (fallback songrec)
    ✅ Renommé: Orelsan - Basique.mp3
  📦 Fichier traité: /music/Orelsan/La Fête Est Finie (2017)/Orelsan - Basique.mp3
  📚 beet import -q …
    ⚠️  error: database file /beets-config/library.db cannot not be opened: unable to open database file
  ⚠️  beet import a échoué — rating NON effacé (traitement manuel requis)
[36/1740] OrelSan — Paradis
  📄 /mnt/MyBook/Music/Orelsan/La_Fête_Est_Finie/Paradis.mp3
  🔁 Chemin résolu (mapped:/mnt/MyBook/Music->/music)
     → /music/Orelsan/La_Fête_Est_Finie/Paradis.mp3
  🎵 songrec-rename -i …
    ⚠️  python3: can't open file '/home/paulceline/scripts/plex-scripts/bin/utils/songrec_rename_cli.py': [Errno 2] No such file or directory
  ⚠️  songrec-rename a échoué, tentative de fallback songrec…
    ✅ Tags mis à jour (fallback songrec)
    ✅ Renommé: Orelsan - Paradis.mp3
  📦 Fichier traité: /music/Orelsan/La_Fête_Est_Finie/Orelsan - Paradis.mp3
  📚 beet import -q …
    ⚠️  error: database file /beets-config/library.db cannot not be opened: unable to open database file
  ⚠️  beet import a échoué — rating NON effacé (traitement manuel requis)
[37/1740] ? — This Music Won't Take You Higher
  📄 /mnt/MyBook/Music/Edwyn Collins/GORGEOUS GEORGE (1994)/12 - EDWYN COLLINS - GORGEOUS GEORGE - THIS MUSIC WON'T TAKE YOU HIGHER.mp3.mp3
  🔁 Chemin résolu (mapped:/mnt/MyBook/Music->/music)
     → /music/Edwyn Collins/GORGEOUS GEORGE (1994)/12 - EDWYN COLLINS - GORGEOUS GEORGE - THIS MUSIC WON'T TAKE YOU HIGHER.mp3.mp3
  🎵 songrec-rename -i …
    ⚠️  python3: can't open file '/home/paulceline/scripts/plex-scripts/bin/utils/songrec_rename_cli.py': [Errno 2] No such file or directory
  ⚠️  songrec-rename a échoué, tentative de fallback songrec…
    ✅ Tags mis à jour (fallback songrec)
    ✅ Renommé: Edwyn Collins - Moron.mp3
  📦 Fichier traité: /music/Edwyn Collins/GORGEOUS GEORGE (1994)/Edwyn Collins - Moron.mp3
  📚 beet import -q …
    ⚠️  error: database file /beets-config/library.db cannot not be opened: unable to open database file
  ⚠️  beet import a échoué — rating NON effacé (traitement manuel requis)
[38/1740] ??? — 
  📄 /mnt/MyBook/itunes/Music/Dr. Hook/Doctor Hook (1972)/00
00 - I Call That True Love.mp3
  🔁 Chemin résolu (mapped:/mnt/MyBook/itunes->/itunes)
     → /itunes/Music/Dr. Hook/Doctor Hook (1972)/00
00 - I Call That True Love.mp3
  🎵 songrec-rename -i …
    ⚠️  python3: can't open file '/home/paulceline/scripts/plex-scripts/bin/utils/songrec_rename_cli.py': [Errno 2] No such file or directory
  ⚠️  songrec-rename a échoué, tentative de fallback songrec…
    ✅ Tags mis à jour (fallback songrec)
    ✅ Renommé: Dr. Hook & The Medicine Show - I Call That True Love.mp3
  📦 Fichier traité: /itunes/Music/Dr. Hook/Doctor Hook (1972)/Dr. Hook & The Medicine Show - I Call That True Love.mp3
  📚 beet import -q …
    ⚠️  error: database file /beets-config/library.db cannot not be opened: unable to open database file
  ⚠️  beet import a échoué — rating NON effacé (traitement manuel requis)
[39/1740] ??? — 
  📄 /mnt/MyBook/itunes/Music/Dr. Hook/Doctor Hook (1972)/00
00 - When She Cries.mp3
  🔁 Chemin résolu (mapped:/mnt/MyBook/itunes->/itunes)
     → /itunes/Music/Dr. Hook/Doctor Hook (1972)/00
00 - When She Cries.mp3
  🎵 songrec-rename -i …
    ⚠️  python3: can't open file '/home/paulceline/scripts/plex-scripts/bin/utils/songrec_rename_cli.py': [Errno 2] No such file or directory
  ⚠️  songrec-rename a échoué, tentative de fallback songrec…
    ✅ Tags mis à jour (fallback songrec)
    ✅ Renommé: Dr. Hook & The Medicine Show - When She Cries.mp3
  📦 Fichier traité: /itunes/Music/Dr. Hook/Doctor Hook (1972)/Dr. Hook & The Medicine Show - When She Cries.mp3
  📚 beet import -q …
    ⚠️  error: database file /beets-config/library.db cannot not be opened: unable to open database file
  ⚠️  beet import a échoué — rating NON effacé (traitement manuel requis)
[40/1740] ??? — 
  📄 /mnt/MyBook/itunes/Music/Dr. Hook/Doctor Hook (1972)/01 - Sylvia's Mother.mp3
  🔁 Chemin résolu (mapped:/mnt/MyBook/itunes->/itunes)
     → /itunes/Music/Dr. Hook/Doctor Hook (1972)/01 - Sylvia's Mother.mp3
  🎵 songrec-rename -i …
    ⚠️  python3: can't open file '/home/paulceline/scripts/plex-scripts/bin/utils/songrec_rename_cli.py': [Errno 2] No such file or directory
  ⚠️  songrec-rename a échoué, tentative de fallback songrec…
    ✅ Tags mis à jour (fallback songrec)
    ✅ Renommé: Dr. Hook & The Medicine Show - Sylvia's Mother.mp3
  📦 Fichier traité: /itunes/Music/Dr. Hook/Doctor Hook (1972)/Dr. Hook & The Medicine Show - Sylvia's Mother.mp3
  📚 beet import -q …
    ⚠️  error: database file /beets-config/library.db cannot not be opened: unable to open database file
  ⚠️  beet import a échoué — rating NON effacé (traitement manuel requis)
[41/1740] ??? — 
  📄 /mnt/MyBook/itunes/Music/Dr. Hook/Doctor Hook (1972)/02 - Marie Lavaux.mp3
  🔁 Chemin résolu (mapped:/mnt/MyBook/itunes->/itunes)
     → /itunes/Music/Dr. Hook/Doctor Hook (1972)/02 - Marie Lavaux.mp3
  🎵 songrec-rename -i …
    ⚠️  python3: can't open file '/home/paulceline/scripts/plex-scripts/bin/utils/songrec_rename_cli.py': [Errno 2] No such file or directory
  ⚠️  songrec-rename a échoué, tentative de fallback songrec…
    ✅ Tags mis à jour (fallback songrec)
    ✅ Renommé: Dr. Hook & The Medicine Show - Marie Lavaux.mp3
  📦 Fichier traité: /itunes/Music/Dr. Hook/Doctor Hook (1972)/Dr. Hook & The Medicine Show - Marie Lavaux.mp3
  📚 beet import -q …
    ⚠️  error: database file /beets-config/library.db cannot not be opened: unable to open database file
  ⚠️  beet import a échoué — rating NON effacé (traitement manuel requis)
[42/1740] ??? — 
  ⚠️  Chemin de fichier introuvable, passage en skip
[43/1740] ??? — 
  📄 /mnt/MyBook/itunes/Music/M83/DSVII (2019)/01 - Hell Riders.mp3
  🔁 Chemin résolu (mapped:/mnt/MyBook/itunes->/itunes)
     → /itunes/Music/M83/DSVII (2019)/01 - Hell Riders.mp3
  🎵 songrec-rename -i …
    ⚠️  python3: can't open file '/home/paulceline/scripts/plex-scripts/bin/utils/songrec_rename_cli.py': [Errno 2] No such file or directory
  ⚠️  songrec-rename a échoué, tentative de fallback songrec…
    ✅ Tags mis à jour (fallback songrec)
    ✅ Renommé: M83 - Hell Riders.mp3
  📦 Fichier traité: /itunes/Music/M83/DSVII (2019)/M83 - Hell Riders.mp3
  📚 beet import -q …
    ⚠️  error: database file /beets-config/library.db cannot not be opened: unable to open database file
  ⚠️  beet import a échoué — rating NON effacé (traitement manuel requis)
[44/1740] ??? — 
  📄 /mnt/MyBook/itunes/Music/Arrested Development/On the Cutting Room Floor (Mixtape) (2023)/00
00 - Hard in the Paint feat. Speech, 1 Love, Numonics, Sly5thAve & Matthew J. Ruys.mp3
  🔁 Chemin résolu (mapped:/mnt/MyBook/itunes->/itunes)
     → /itunes/Music/Arrested Development/On the Cutting Room Floor (Mixtape) (2023)/00
00 - Hard in the Paint feat. Speech, 1 Love, Numonics, Sly5thAve & Matthew J. Ruys.mp3
  🎵 songrec-rename -i …
    ⚠️  python3: can't open file '/home/paulceline/scripts/plex-scripts/bin/utils/songrec_rename_cli.py': [Errno 2] No such file or directory
  ⚠️  songrec-rename a échoué, tentative de fallback songrec…
    ✅ Tags mis à jour (fallback songrec)
    ✅ Renommé: Arrested Development - Hard In the Paint (feat. Speech, 1 Love, Numonics, Sly5thAve & Matthew J. Ruys).mp3
  📦 Fichier traité: /itunes/Music/Arrested Development/On the Cutting Room Floor (Mixtape) (2023)/Arrested Development - Hard In the Paint (feat. Speech, 1 Love, Numonics, Sly5thAve & Matthew J. Ruys).mp3
  📚 beet import -q …
    ⚠️  error: database file /beets-config/library.db cannot not be opened: unable to open database file
  ⚠️  beet import a échoué — rating NON effacé (traitement manuel requis)
[45/1740] ??? — 
  📄 /mnt/MyBook/itunes/Music/Arrested Development/On the Cutting Room Floor (Mixtape) (2023)/00
00 - Unicorn (Speech Remix) feat. Twisted Royalty & Michael Raymond Williams.mp3
  🔁 Chemin résolu (mapped:/mnt/MyBook/itunes->/itunes)
     → /itunes/Music/Arrested Development/On the Cutting Room Floor (Mixtape) (2023)/00
00 - Unicorn (Speech Remix) feat. Twisted Royalty & Michael Raymond Williams.mp3
  🎵 songrec-rename -i …
    ⚠️  python3: can't open file '/home/paulceline/scripts/plex-scripts/bin/utils/songrec_rename_cli.py': [Errno 2] No such file or directory
  ⚠️  songrec-rename a échoué, tentative de fallback songrec…
    ✅ Tags mis à jour (fallback songrec)
    ✅ Renommé: Twisted Royalty - Unicorn (feat. Speech Thomas).mp3
  📦 Fichier traité: /itunes/Music/Arrested Development/On the Cutting Room Floor (Mixtape) (2023)/Twisted Royalty - Unicorn (feat. Speech Thomas).mp3
  📚 beet import -q …
    ⚠️  error: database file /beets-config/library.db cannot not be opened: unable to open database file
  ⚠️  beet import a échoué — rating NON effacé (traitement manuel requis)
[46/1740] ??? — 
  📄 /mnt/MyBook/itunes/Music/Arrested Development/On the Cutting Room Floor (Mixtape) (2023)/01 - Frederick Douglass Said it feat. Speech & 1 Love.mp3
  🔁 Chemin résolu (mapped:/mnt/MyBook/itunes->/itunes)
     → /itunes/Music/Arrested Development/On the Cutting Room Floor (Mixtape) (2023)/01 - Frederick Douglass Said it feat. Speech & 1 Love.mp3
  🎵 songrec-rename -i …
    ⚠️  python3: can't open file '/home/paulceline/scripts/plex-scripts/bin/utils/songrec_rename_cli.py': [Errno 2] No such file or directory
  ⚠️  songrec-rename a échoué, tentative de fallback songrec…
    ✅ Tags mis à jour (fallback songrec)
    ✅ Renommé: Arrested Development - Frederick Douglass Said it (feat. Speech & 1 Love).mp3
  📦 Fichier traité: /itunes/Music/Arrested Development/On the Cutting Room Floor (Mixtape) (2023)/Arrested Development - Frederick Douglass Said it (feat. Speech & 1 Love).mp3
  📚 beet import -q …
    ⚠️  error: database file /beets-config/library.db cannot not be opened: unable to open database file
  ⚠️  beet import a échoué — rating NON effacé (traitement manuel requis)
[47/1740] ??? — 
  📄 /mnt/MyBook/itunes/Music/Arrested Development/On the Cutting Room Floor (Mixtape) (2023)/02 - De La Interlude feat. De La Soul.mp3
  🔁 Chemin résolu (mapped:/mnt/MyBook/itunes->/itunes)
     → /itunes/Music/Arrested Development/On the Cutting Room Floor (Mixtape) (2023)/02 - De La Interlude feat. De La Soul.mp3
  🎵 songrec-rename -i …
    ⚠️  python3: can't open file '/home/paulceline/scripts/plex-scripts/bin/utils/songrec_rename_cli.py': [Errno 2] No such file or directory
  ⚠️  songrec-rename a échoué, tentative de fallback songrec…
  ⚠️  songrec n'a pas identifié de métadonnées utiles
  ❌ songrec-rename a échoué — track ignoré pour beet/clear
[48/1740] ??? — 
  📄 /mnt/MyBook/itunes/Music/Bow Wow & Omarion/Face Off (2007)/00
00 - Number Ones.mp3
  🔁 Chemin résolu (mapped:/mnt/MyBook/itunes->/itunes)
     → /itunes/Music/Bow Wow & Omarion/Face Off (2007)/00
00 - Number Ones.mp3
  🎵 songrec-rename -i …
    ⚠️  python3: can't open file '/home/paulceline/scripts/plex-scripts/bin/utils/songrec_rename_cli.py': [Errno 2] No such file or directory
  ⚠️  songrec-rename a échoué, tentative de fallback songrec…
    ✅ Tags mis à jour (fallback songrec)
    ✅ Renommé: Bow Wow & Omarion - Number Ones.mp3
  📦 Fichier traité: /itunes/Music/Bow Wow & Omarion/Face Off (2007)/Bow Wow & Omarion - Number Ones.mp3
  📚 beet import -q …
    ⚠️  error: database file /beets-config/library.db cannot not be opened: unable to open database file
  ⚠️  beet import a échoué — rating NON effacé (traitement manuel requis)
[49/1740] ??? — 
  📄 /mnt/MyBook/itunes/Music/Bow Wow & Omarion/Face Off (2007)/03 - Girlfriend.mp3
  🔁 Chemin résolu (mapped:/mnt/MyBook/itunes->/itunes)
     → /itunes/Music/Bow Wow & Omarion/Face Off (2007)/03 - Girlfriend.mp3
  🎵 songrec-rename -i …
    ⚠️  python3: can't open file '/home/paulceline/scripts/plex-scripts/bin/utils/songrec_rename_cli.py': [Errno 2] No such file or directory
  ⚠️  songrec-rename a échoué, tentative de fallback songrec…
    ✅ Tags mis à jour (fallback songrec)
    ✅ Renommé: Bow Wow & Omarion - Girlfriend.mp3
  📦 Fichier traité: /itunes/Music/Bow Wow & Omarion/Face Off (2007)/Bow Wow & Omarion - Girlfriend.mp3
  📚 beet import -q …
    ⚠️  error: database file /beets-config/library.db cannot not be opened: unable to open database file
  ⚠️  beet import a échoué — rating NON effacé (traitement manuel requis)
[50/1740] ??? — 
  📄 /mnt/MyBook/itunes/Downloads/Best/5A - 128 - David Guetta & Morten - Element (Extended Mix) - 187 - 2022.mp3
  🔁 Chemin résolu (mapped:/mnt/MyBook/itunes->/itunes)
     → /itunes/Downloads/Best/5A - 128 - David Guetta & Morten - Element (Extended Mix) - 187 - 2022.mp3
  🎵 songrec-rename -i …
    ⚠️  python3: can't open file '/home/paulceline/scripts/plex-scripts/bin/utils/songrec_rename_cli.py': [Errno 2] No such file or directory
  ⚠️  songrec-rename a échoué, tentative de fallback songrec…
  ❌ Timeout songrec (>120s)
  ❌ songrec-rename a échoué — track ignoré pour beet/clear
[51/1740] ??? — Jealousy (Danny J Lewis Afro Futuristic Re Rub)
  📄 /mnt/MyBook/itunes/Downloads/Best/Martin Solveig - Jealousy (Danny J Lewis Afro Futuristic Re Rub) - 75 - 2005.mp3
  🔁 Chemin résolu (mapped:/mnt/MyBook/itunes->/itunes)
     → /itunes/Downloads/Best/Martin Solveig - Jealousy (Danny J Lewis Afro Futuristic Re Rub) - 75 - 2005.mp3
  🎵 songrec-rename -i …
    ⚠️  python3: can't open file '/home/paulceline/scripts/plex-scripts/bin/utils/songrec_rename_cli.py': [Errno 2] No such file or directory
  ⚠️  songrec-rename a échoué, tentative de fallback songrec…
  ⚠️  songrec n'a pas identifié de métadonnées utiles
  ❌ songrec-rename a échoué — track ignoré pour beet/clear
[52/1740] ??? — Jealousy (Richard Earnshaw Vocal Re Touch)
  📄 /mnt/MyBook/itunes/Downloads/Best/Martin Solveig - Jealousy (Richard Earnshaw Vocal Re Touch) - 75 - 2005.mp3
  🔁 Chemin résolu (mapped:/mnt/MyBook/itunes->/itunes)
     → /itunes/Downloads/Best/Martin Solveig - Jealousy (Richard Earnshaw Vocal Re Touch) - 75 - 2005.mp3
  🎵 songrec-rename -i …
    ⚠️  python3: can't open file '/home/paulceline/scripts/plex-scripts/bin/utils/songrec_rename_cli.py': [Errno 2] No such file or directory
  ⚠️  songrec-rename a échoué, tentative de fallback songrec…
  ⚠️  songrec n'a pas identifié de métadonnées utiles
  ❌ songrec-rename a échoué — track ignoré pour beet/clear
[53/1740] ??? — 
  📄 /mnt/MyBook/itunes/Downloads/Best/Martin Solveig X Gta - Intoxicated (Original Club Mix) - 1600 - 2014.mp3
  🔁 Chemin résolu (mapped:/mnt/MyBook/itunes->/itunes)
     → /itunes/Downloads/Best/Martin Solveig X Gta - Intoxicated (Original Club Mix) - 1600 - 2014.mp3
  🎵 songrec-rename -i …
    ⚠️  python3: can't open file '/home/paulceline/scripts/plex-scripts/bin/utils/songrec_rename_cli.py': [Errno 2] No such file or directory
  ⚠️  songrec-rename a échoué, tentative de fallback songrec…
  ❌ Timeout songrec (>120s)
  ❌ songrec-rename a échoué — track ignoré pour beet/clear
[54/1740] ??? — 
  📄 /mnt/MyBook/itunes/Downloads/Best/Martin Solveig, Ina Wroldsen - Places (Icarus Extended Mix) - 605 - 2016.mp3
  🔁 Chemin résolu (mapped:/mnt/MyBook/itunes->/itunes)
     → /itunes/Downloads/Best/Martin Solveig, Ina Wroldsen - Places (Icarus Extended Mix) - 605 - 2016.mp3
  🎵 songrec-rename -i …
    ⚠️  python3: can't open file '/home/paulceline/scripts/plex-scripts/bin/utils/songrec_rename_cli.py': [Errno 2] No such file or directory
  ⚠️  songrec-rename a échoué, tentative de fallback songrec…
  ❌ Timeout songrec (>120s)
  ❌ songrec-rename a échoué — track ignoré pour beet/clear
[55/1740] ??? — 
  📄 /mnt/MyBook/itunes/Music/The_Beatles/Various_Artists/19-That_Means_a_Lot_(take_20).mp3
  🔁 Chemin résolu (mapped:/mnt/MyBook/itunes->/itunes)
     → /itunes/Music/The_Beatles/Various_Artists/19-That_Means_a_Lot_(take_20).mp3
  🎵 songrec-rename -i …
    ⚠️  python3: can't open file '/home/paulceline/scripts/plex-scripts/bin/utils/songrec_rename_cli.py': [Errno 2] No such file or directory
  ⚠️  songrec-rename a échoué, tentative de fallback songrec…
  ❌ Timeout songrec (>120s)
  ❌ songrec-rename a échoué — track ignoré pour beet/clear
[56/1740] ??? — 
  📄 /mnt/MyBook/itunes/Music/Genshin Impact - Blazing Heart/01 - Blazing Heart (Chinese version).mp3
  🔁 Chemin résolu (mapped:/mnt/MyBook/itunes->/itunes)
     → /itunes/Music/Genshin Impact - Blazing Heart/01 - Blazing Heart (Chinese version).mp3
  🎵 songrec-rename -i …
    ⚠️  python3: can't open file '/home/paulceline/scripts/plex-scripts/bin/utils/songrec_rename_cli.py': [Errno 2] No such file or directory
  ⚠️  songrec-rename a échoué, tentative de fallback songrec…
  ❌ Timeout songrec (>120s)
  ❌ songrec-rename a échoué — track ignoré pour beet/clear
[57/1740] ??? — 
  📄 /mnt/MyBook/itunes/Music/WHITE NIGHT (Honkai  Star Rail Penacony Theme Song)/01 WHITE NIGHT.mp3
  🔁 Chemin résolu (mapped:/mnt/MyBook/itunes->/itunes)
     → /itunes/Music/WHITE NIGHT (Honkai  Star Rail Penacony Theme Song)/01 WHITE NIGHT.mp3
  🎵 songrec-rename -i …
    ⚠️  python3: can't open file '/home/paulceline/scripts/plex-scripts/bin/utils/songrec_rename_cli.py': [Errno 2] No such file or directory
  ⚠️  songrec-rename a échoué, tentative de fallback songrec…
  ❌ Timeout songrec (>120s)
  ❌ songrec-rename a échoué — track ignoré pour beet/clear
[58/1740] ??? — 
  📄 /mnt/MyBook/itunes/Music/WHITE NIGHT (Honkai  Star Rail Penacony Theme Song)/02 不眠之夜.mp3
  🔁 Chemin résolu (mapped:/mnt/MyBook/itunes->/itunes)
     → /itunes/Music/WHITE NIGHT (Honkai  Star Rail Penacony Theme Song)/02 不眠之夜.mp3
  🎵 songrec-rename -i …
    ⚠️  python3: can't open file '/home/paulceline/scripts/plex-scripts/bin/utils/songrec_rename_cli.py': [Errno 2] No such file or directory
  ⚠️  songrec-rename a échoué, tentative de fallback songrec…
  ❌ Timeout songrec (>120s)
  ❌ songrec-rename a échoué — track ignoré pour beet/clear
[59/1740] ??? — 
  📄 /mnt/MyBook/itunes/Music/WHITE NIGHT (Honkai  Star Rail Penacony Theme Song)/03 WHITE NIGHT (Japanese Ver․).).mp3
  🔁 Chemin résolu (mapped:/mnt/MyBook/itunes->/itunes)
     → /itunes/Music/WHITE NIGHT (Honkai  Star Rail Penacony Theme Song)/03 WHITE NIGHT (Japanese Ver․).).mp3
  🎵 songrec-rename -i …
    ⚠️  python3: can't open file '/home/paulceline/scripts/plex-scripts/bin/utils/songrec_rename_cli.py': [Errno 2] No such file or directory
  ⚠️  songrec-rename a échoué, tentative de fallback songrec…
  ❌ Timeout songrec (>120s)
  ❌ songrec-rename a échoué — track ignoré pour beet/clear
[60/1740] ??? — 
  📄 /mnt/MyBook/itunes/Music/WHITE NIGHT (Honkai  Star Rail Penacony Theme Song)/04 WHITE NIGHT (Korean Ver․).).mp3
  🔁 Chemin résolu (mapped:/mnt/MyBook/itunes->/itunes)
     → /itunes/Music/WHITE NIGHT (Honkai  Star Rail Penacony Theme Song)/04 WHITE NIGHT (Korean Ver․).).mp3
  🎵 songrec-rename -i …
    ⚠️  python3: can't open file '/home/paulceline/scripts/plex-scripts/bin/utils/songrec_rename_cli.py': [Errno 2] No such file or directory
  ⚠️  songrec-rename a échoué, tentative de fallback songrec…
  ❌ Timeout songrec (>120s)
  ❌ songrec-rename a échoué — track ignoré pour beet/clear
[61/1740] ??? — 
  📄 ?
  ⚠️  Fichier absent sur disque : ?
[62/1740] ??? — 
  ⚠️  Chemin de fichier introuvable, passage en skip
[63/1740] ??? — 
  📄 ook/
  ⚠️  Fichier absent sur disque : ook/
[64/1740] ??? — 
  📄 ?
  ⚠️  Fichier absent sur disque : ?
[65/1740] ??? — 
  ⚠️  Chemin de fichier introuvable, passage en skip
[66/1740] ??? — 
  📄 Music/1/2010-08-18- The ?
  ⚠️  Fichier absent sur disque : Music/1/2010-08-18- The ?
[67/1740] ??? — 
  📄  
  ⚠️  Fichier absent sur disque :  
[68/1740] ??? — Sylvia's Mother
  📄 /mnt/MyBook/itunes/Music/Dr. Hook/Doctor Hook (1972)/03 - Sing Me A Rainbow.mp3
  🔁 Chemin résolu (mapped:/mnt/MyBook/itunes->/itunes)
     → /itunes/Music/Dr. Hook/Doctor Hook (1972)/03 - Sing Me A Rainbow.mp3
  🎵 songrec-rename -i …
    ⚠️  python3: can't open file '/home/paulceline/scripts/plex-scripts/bin/utils/songrec_rename_cli.py': [Errno 2] No such file or directory
  ⚠️  songrec-rename a échoué, tentative de fallback songrec…
    ✅ Tags mis à jour (fallback songrec)
    ✅ Renommé: Dr. Hook & The Medicine Show - Sing Me a Rainbow.mp3
  📦 Fichier traité: /itunes/Music/Dr. Hook/Doctor Hook (1972)/Dr. Hook & The Medicine Show - Sing Me a Rainbow.mp3
  📚 beet import -q …
    ⚠️  error: database file /beets-config/library.db cannot not be opened: unable to open database file
  ⚠️  beet import a échoué — rating NON effacé (traitement manuel requis)
[69/1740] ??? — Levitate
  📄 /mnt/MyBook/itunes/Music/Dr. Hook/Bankrupt (1975)/03 - Only Sixteen.mp3
  🔁 Chemin résolu (mapped:/mnt/MyBook/itunes->/itunes)
     → /itunes/Music/Dr. Hook/Bankrupt (1975)/03 - Only Sixteen.mp3
  🎵 songrec-rename -i …
    ⚠️  python3: can't open file '/home/paulceline/scripts/plex-scripts/bin/utils/songrec_rename_cli.py': [Errno 2] No such file or directory
  ⚠️  songrec-rename a échoué, tentative de fallback songrec…
    ✅ Tags mis à jour (fallback songrec)
    ✅ Renommé: Dr. Hook - Only Sixteen.mp3
  📦 Fichier traité: /itunes/Music/Dr. Hook/Bankrupt (1975)/Dr. Hook - Only Sixteen.mp3
  📚 beet import -q …
    ⚠️  error: database file /beets-config/library.db cannot not be opened: unable to open database file
  ⚠️  beet import a échoué — rating NON effacé (traitement manuel requis)
[70/1740] ??? — Assis par terre
  📄 /mnt/MyBook/itunes/Music/Louisy Joseph/La Saison des amours (2008)/01 - Mes Insomnies.mp3
  🔁 Chemin résolu (mapped:/mnt/MyBook/itunes->/itunes)
     → /itunes/Music/Louisy Joseph/La Saison des amours (2008)/01 - Mes Insomnies.mp3
  🎵 songrec-rename -i …
    ⚠️  python3: can't open file '/home/paulceline/scripts/plex-scripts/bin/utils/songrec_rename_cli.py': [Errno 2] No such file or directory
  ⚠️  songrec-rename a échoué, tentative de fallback songrec…
  ⚠️  songrec n'a pas identifié de métadonnées utiles
  ❌ songrec-rename a échoué — track ignoré pour beet/clear
[71/1740] ??? — Tam-tams
  📄 /mnt/MyBook/itunes/Music/Louisy Joseph/La Saison des amours (2008)/10 - Tam-tams.mp3
  🔁 Chemin résolu (mapped:/mnt/MyBook/itunes->/itunes)
     → /itunes/Music/Louisy Joseph/La Saison des amours (2008)/10 - Tam-tams.mp3
  🎵 songrec-rename -i …
    ⚠️  python3: can't open file '/home/paulceline/scripts/plex-scripts/bin/utils/songrec_rename_cli.py': [Errno 2] No such file or directory
  ⚠️  songrec-rename a échoué, tentative de fallback songrec…
    ✅ Tags mis à jour (fallback songrec)
    ✅ Renommé: Louisy Joseph - Tam-tams.mp3
  📦 Fichier traité: /itunes/Music/Louisy Joseph/La Saison des amours (2008)/Louisy Joseph - Tam-tams.mp3
  📚 beet import -q …
    ⚠️  error: database file /beets-config/library.db cannot not be opened: unable to open database file
  ⚠️  beet import a échoué — rating NON effacé (traitement manuel requis)
[72/1740] ??? — Marie Lavaux
  📄 /mnt/MyBook/itunes/Music/Dr. Hook/Doctor Hook (1972)/04 - Hey, Lady Godiva.mp3
  🔁 Chemin résolu (mapped:/mnt/MyBook/itunes->/itunes)
     → /itunes/Music/Dr. Hook/Doctor Hook (1972)/04 - Hey, Lady Godiva.mp3
  🎵 songrec-rename -i …
    ⚠️  python3: can't open file '/home/paulceline/scripts/plex-scripts/bin/utils/songrec_rename_cli.py': [Errno 2] No such file or directory
  ⚠️  songrec-rename a échoué, tentative de fallback songrec…
    ✅ Tags mis à jour (fallback songrec)
    ✅ Renommé: Dr. Hook & The Medicine Show - Hey, Lady Godiva.mp3
  📦 Fichier traité: /itunes/Music/Dr. Hook/Doctor Hook (1972)/Dr. Hook & The Medicine Show - Hey, Lady Godiva.mp3
  📚 beet import -q …
    ⚠️  error: database file /beets-config/library.db cannot not be opened: unable to open database file
  ⚠️  beet import a échoué — rating NON effacé (traitement manuel requis)
[73/1740] ??? — Let Me Be Your Lover
  📄 /mnt/MyBook/itunes/Music/Dr. Hook/Bankrupt (1975)/04 - I Got Stoned And I Missed It.mp3
  🔁 Chemin résolu (mapped:/mnt/MyBook/itunes->/itunes)
     → /itunes/Music/Dr. Hook/Bankrupt (1975)/04 - I Got Stoned And I Missed It.mp3
  🎵 songrec-rename -i …
    ⚠️  python3: can't open file '/home/paulceline/scripts/plex-scripts/bin/utils/songrec_rename_cli.py': [Errno 2] No such file or directory
  ⚠️  songrec-rename a échoué, tentative de fallback songrec…
    ✅ Tags mis à jour (fallback songrec)
    ✅ Renommé: Dr. Hook - I Got Stoned and I Missed It.mp3
  📦 Fichier traité: /itunes/Music/Dr. Hook/Bankrupt (1975)/Dr. Hook - I Got Stoned and I Missed It.mp3
  📚 beet import -q …
    ⚠️  error: database file /beets-config/library.db cannot not be opened: unable to open database file
  ⚠️  beet import a échoué — rating NON effacé (traitement manuel requis)
[74/1740] ??? — Blazing Heart (English version)
  📄 /mnt/MyBook/itunes/Music/Genshin Impact - Blazing Heart/02 - Blazing Heart (English version).mp3
  🔁 Chemin résolu (mapped:/mnt/MyBook/itunes->/itunes)
     → /itunes/Music/Genshin Impact - Blazing Heart/02 - Blazing Heart (English version).mp3
  🎵 songrec-rename -i …
    ⚠️  python3: can't open file '/home/paulceline/scripts/plex-scripts/bin/utils/songrec_rename_cli.py': [Errno 2] No such file or directory
  ⚠️  songrec-rename a échoué, tentative de fallback songrec…
    ✅ Tags mis à jour (fallback songrec)
    ✅ Renommé: HOYO-MiX & Chrissy Costanza - Blazing Heart (English Version).mp3
  📦 Fichier traité: /itunes/Music/Genshin Impact - Blazing Heart/HOYO-MiX & Chrissy Costanza - Blazing Heart (English Version).mp3
  📚 beet import -q …
    ⚠️  error: database file /beets-config/library.db cannot not be opened: unable to open database file
  ⚠️  beet import a échoué — rating NON effacé (traitement manuel requis)
[75/1740] ??? — Sing Me A Rainbow
  📄 /mnt/MyBook/itunes/Music/Dr. Hook/Doctor Hook (1972)/07 - Makin' It Natural.mp3
  🔁 Chemin résolu (mapped:/mnt/MyBook/itunes->/itunes)
     → /itunes/Music/Dr. Hook/Doctor Hook (1972)/07 - Makin' It Natural.mp3
  🎵 songrec-rename -i …
    ⚠️  python3: can't open file '/home/paulceline/scripts/plex-scripts/bin/utils/songrec_rename_cli.py': [Errno 2] No such file or directory
  ⚠️  songrec-rename a échoué, tentative de fallback songrec…
    ✅ Tags mis à jour (fallback songrec)
    ✅ Renommé: Dr. Hook & The Medicine Show - Makin' It Natural.mp3
  📦 Fichier traité: /itunes/Music/Dr. Hook/Doctor Hook (1972)/Dr. Hook & The Medicine Show - Makin' It Natural.mp3
  📚 beet import -q …
    ⚠️  error: database file /beets-config/library.db cannot not be opened: unable to open database file
  ⚠️  beet import a échoué — rating NON effacé (traitement manuel requis)
[76/1740] ??? — Only Sixteen
  📄 /mnt/MyBook/itunes/Music/Dr. Hook/Bankrupt (1975)/05 - Bubblin' Up.mp3
  🔁 Chemin résolu (mapped:/mnt/MyBook/itunes->/itunes)
     → /itunes/Music/Dr. Hook/Bankrupt (1975)/05 - Bubblin' Up.mp3
  🎵 songrec-rename -i …
    ⚠️  python3: can't open file '/home/paulceline/scripts/plex-scripts/bin/utils/songrec_rename_cli.py': [Errno 2] No such file or directory
  ⚠️  songrec-rename a échoué, tentative de fallback songrec…
    ✅ Tags mis à jour (fallback songrec)
    ✅ Renommé: Dr. Hook - Bubblin' Up.mp3
  📦 Fichier traité: /itunes/Music/Dr. Hook/Bankrupt (1975)/Dr. Hook - Bubblin' Up.mp3
  📚 beet import -q …
    ⚠️  error: database file /beets-config/library.db cannot not be opened: unable to open database file
  ⚠️  beet import a échoué — rating NON effacé (traitement manuel requis)
[77/1740] ??? — Girlfriend
  📄 /mnt/MyBook/itunes/Music/Bow Wow & Omarion/Face Off (2007)/05 - He Ain't Gotta Know.mp3
  🔁 Chemin résolu (mapped:/mnt/MyBook/itunes->/itunes)
     → /itunes/Music/Bow Wow & Omarion/Face Off (2007)/05 - He Ain't Gotta Know.mp3
  🎵 songrec-rename -i …
    ⚠️  python3: can't open file '/home/paulceline/scripts/plex-scripts/bin/utils/songrec_rename_cli.py': [Errno 2] No such file or directory
  ⚠️  songrec-rename a échoué, tentative de fallback songrec…
    ✅ Tags mis à jour (fallback songrec)
    ✅ Renommé: Kevin Gates - Take a Ride.mp3
  📦 Fichier traité: /itunes/Music/Bow Wow & Omarion/Face Off (2007)/Kevin Gates - Take a Ride.mp3
  📚 beet import -q …
    ⚠️  error: database file /beets-config/library.db cannot not be opened: unable to open database file
  ⚠️  beet import a échoué — rating NON effacé (traitement manuel requis)
[78/1740] ??? — Blazing Heart (Japanese version)
  📄 /mnt/MyBook/itunes/Music/Genshin Impact - Blazing Heart/03 - Blazing Heart (Japanese version).mp3
  🔁 Chemin résolu (mapped:/mnt/MyBook/itunes->/itunes)
     → /itunes/Music/Genshin Impact - Blazing Heart/03 - Blazing Heart (Japanese version).mp3
  🎵 songrec-rename -i …
    ⚠️  python3: can't open file '/home/paulceline/scripts/plex-scripts/bin/utils/songrec_rename_cli.py': [Errno 2] No such file or directory
  ⚠️  songrec-rename a échoué, tentative de fallback songrec…
    ✅ Tags mis à jour (fallback songrec)
  📚 beet import -q …
    ⚠️  error: database file /beets-config/library.db cannot not be opened: unable to open database file
  ⚠️  beet import a échoué — rating NON effacé (traitement manuel requis)
[79/1740] ??? — Hey, Lady Godiva
  📄 /mnt/MyBook/itunes/Music/Dr. Hook/Doctor Hook (1972)/10 - Judy.mp3
  🔁 Chemin résolu (mapped:/mnt/MyBook/itunes->/itunes)
     → /itunes/Music/Dr. Hook/Doctor Hook (1972)/10 - Judy.mp3
  🎵 songrec-rename -i …
    ⚠️  python3: can't open file '/home/paulceline/scripts/plex-scripts/bin/utils/songrec_rename_cli.py': [Errno 2] No such file or directory
  ⚠️  songrec-rename a échoué, tentative de fallback songrec…
    ✅ Tags mis à jour (fallback songrec)
    ✅ Renommé: Dr. Hook & The Medicine Show - Judy.mp3
  📦 Fichier traité: /itunes/Music/Dr. Hook/Doctor Hook (1972)/Dr. Hook & The Medicine Show - Judy.mp3
  📚 beet import -q …
    ⚠️  error: database file /beets-config/library.db cannot not be opened: unable to open database file
  ⚠️  beet import a échoué — rating NON effacé (traitement manuel requis)
[80/1740] ??? — I Got Stoned And I Missed It
  📄 /mnt/MyBook/itunes/Music/Dr. Hook/Bankrupt (1975)/06 - Wups.mp3
  🔁 Chemin résolu (mapped:/mnt/MyBook/itunes->/itunes)
     → /itunes/Music/Dr. Hook/Bankrupt (1975)/06 - Wups.mp3
  🎵 songrec-rename -i …
    ⚠️  python3: can't open file '/home/paulceline/scripts/plex-scripts/bin/utils/songrec_rename_cli.py': [Errno 2] No such file or directory
  ⚠️  songrec-rename a échoué, tentative de fallback songrec…
    ✅ Tags mis à jour (fallback songrec)
    ✅ Renommé: Dr. Hook - Wups.mp3
  📦 Fichier traité: /itunes/Music/Dr. Hook/Bankrupt (1975)/Dr. Hook - Wups.mp3
  📚 beet import -q …
    ⚠️  error: database file /beets-config/library.db cannot not be opened: unable to open database file
  ⚠️  beet import a échoué — rating NON effacé (traitement manuel requis)
[81/1740] ??? — Stuck On You
  📄 /mnt/ssd/Musiques/1983 - Can’t Slow Down (Album)/Lionel Richie - Stuck On You.flac
  ⚠️  Fichier absent sur disque : /mnt/ssd/Musiques/1983 - Can’t Slow Down (Album)/Lionel Richie - Stuck On You.flac
[82/1740] ??? — Blazing Heart (Korean version)
  📄 /mnt/MyBook/itunes/Music/Genshin Impact - Blazing Heart/04 - Blazing Heart (Korean version).mp3
  🔁 Chemin résolu (mapped:/mnt/MyBook/itunes->/itunes)
     → /itunes/Music/Genshin Impact - Blazing Heart/04 - Blazing Heart (Korean version).mp3
  🎵 songrec-rename -i …
    ⚠️  python3: can't open file '/home/paulceline/scripts/plex-scripts/bin/utils/songrec_rename_cli.py': [Errno 2] No such file or directory
  ⚠️  songrec-rename a échoué, tentative de fallback songrec…
    ✅ Tags mis à jour (fallback songrec)
  📚 beet import -q …
    ⚠️  error: database file /beets-config/library.db cannot not be opened: unable to open database file
  ⚠️  beet import a échoué — rating NON effacé (traitement manuel requis)
[83/1740] ??? — Bubblin' Up
  📄 /mnt/MyBook/itunes/Music/Dr. Hook/Bankrupt (1975)/07 - The Millionaire.mp3
  🔁 Chemin résolu (mapped:/mnt/MyBook/itunes->/itunes)
     → /itunes/Music/Dr. Hook/Bankrupt (1975)/07 - The Millionaire.mp3
  🎵 songrec-rename -i …
    ⚠️  python3: can't open file '/home/paulceline/scripts/plex-scripts/bin/utils/songrec_rename_cli.py': [Errno 2] No such file or directory
  ⚠️  songrec-rename a échoué, tentative de fallback songrec…
    ✅ Tags mis à jour (fallback songrec)
    ✅ Renommé: Dr. Hook - The Millionaire.mp3
  📦 Fichier traité: /itunes/Music/Dr. Hook/Bankrupt (1975)/Dr. Hook - The Millionaire.mp3
  📚 beet import -q …
    ⚠️  error: database file /beets-config/library.db cannot not be opened: unable to open database file
  ⚠️  beet import a échoué — rating NON effacé (traitement manuel requis)
[84/1740] ??? — He Ain't Gotta Know
  📄 /mnt/MyBook/itunes/Music/Bow Wow & Omarion/Face Off (2007)/06 - Bachelor Pad.mp3
  🔁 Chemin résolu (mapped:/mnt/MyBook/itunes->/itunes)
     → /itunes/Music/Bow Wow & Omarion/Face Off (2007)/06 - Bachelor Pad.mp3
  🎵 songrec-rename -i …
    ⚠️  python3: can't open file '/home/paulceline/scripts/plex-scripts/bin/utils/songrec_rename_cli.py': [Errno 2] No such file or directory
  ⚠️  songrec-rename a échoué, tentative de fallback songrec…
    ✅ Tags mis à jour (fallback songrec)
    ✅ Renommé: Bow Wow & Omarion - Bachelor Pad.mp3
  📦 Fichier traité: /itunes/Music/Bow Wow & Omarion/Face Off (2007)/Bow Wow & Omarion - Bachelor Pad.mp3
  📚 beet import -q …
    ⚠️  error: database file /beets-config/library.db cannot not be opened: unable to open database file
  ⚠️  beet import a échoué — rating NON effacé (traitement manuel requis)
[85/1740] ??? — Blazing Heart (instrumental)
  📄 /mnt/MyBook/itunes/Music/Genshin Impact - Blazing Heart/05 - Blazing Heart (instrumental).mp3
  🔁 Chemin résolu (mapped:/mnt/MyBook/itunes->/itunes)
     → /itunes/Music/Genshin Impact - Blazing Heart/05 - Blazing Heart (instrumental).mp3
  🎵 songrec-rename -i …
    ⚠️  python3: can't open file '/home/paulceline/scripts/plex-scripts/bin/utils/songrec_rename_cli.py': [Errno 2] No such file or directory
  ⚠️  songrec-rename a échoué, tentative de fallback songrec…
    ✅ Tags mis à jour (fallback songrec)
  📚 beet import -q …
    ⚠️  error: database file /beets-config/library.db cannot not be opened: unable to open database file
  ⚠️  beet import a échoué — rating NON effacé (traitement manuel requis)
[86/1740] ??? — WHITE NIGHT (Instrumental)
  📄 /mnt/MyBook/itunes/Music/WHITE NIGHT (Honkai  Star Rail Penacony Theme Song)/05 WHITE NIGHT (Instrumental).mp3
  🔁 Chemin résolu (mapped:/mnt/MyBook/itunes->/itunes)
     → /itunes/Music/WHITE NIGHT (Honkai  Star Rail Penacony Theme Song)/05 WHITE NIGHT (Instrumental).mp3
  🎵 songrec-rename -i …
    ⚠️  python3: can't open file '/home/paulceline/scripts/plex-scripts/bin/utils/songrec_rename_cli.py': [Errno 2] No such file or directory
  ⚠️  songrec-rename a échoué, tentative de fallback songrec…
    ✅ Tags mis à jour (fallback songrec)
    ✅ Renommé: Jake Miller & HOYO-MiX - WHITE NIGHT.mp3
  📦 Fichier traité: /itunes/Music/WHITE NIGHT (Honkai  Star Rail Penacony Theme Song)/Jake Miller & HOYO-MiX - WHITE NIGHT.mp3
  📚 beet import -q …
    ⚠️  error: database file /beets-config/library.db cannot not be opened: unable to open database file
  ⚠️  beet import a échoué — rating NON effacé (traitement manuel requis)
[87/1740] ??? — Wups
  📄 /mnt/MyBook/itunes/Music/Dr. Hook/Bankrupt (1975)/10 - Everybody Loves Me.mp3
  🔁 Chemin résolu (mapped:/mnt/MyBook/itunes->/itunes)
     → /itunes/Music/Dr. Hook/Bankrupt (1975)/10 - Everybody Loves Me.mp3
  🎵 songrec-rename -i …
    ⚠️  python3: can't open file '/home/paulceline/scripts/plex-scripts/bin/utils/songrec_rename_cli.py': [Errno 2] No such file or directory
  ⚠️  songrec-rename a échoué, tentative de fallback songrec…
    ✅ Tags mis à jour (fallback songrec)
    ✅ Renommé: Dr. Hook - Everybody Loves Me.mp3
  📦 Fichier traité: /itunes/Music/Dr. Hook/Bankrupt (1975)/Dr. Hook - Everybody Loves Me.mp3
  📚 beet import -q …
    ⚠️  error: database file /beets-config/library.db cannot not be opened: unable to open database file
  ⚠️  beet import a échoué — rating NON effacé (traitement manuel requis)
[88/1740] ??? — Bachelor Pad
  📄 /mnt/MyBook/itunes/Music/Bow Wow & Omarion/Face Off (2007)/07 - Listen.mp3
  🔁 Chemin résolu (mapped:/mnt/MyBook/itunes->/itunes)
     → /itunes/Music/Bow Wow & Omarion/Face Off (2007)/07 - Listen.mp3
  🎵 songrec-rename -i …
    ⚠️  python3: can't open file '/home/paulceline/scripts/plex-scripts/bin/utils/songrec_rename_cli.py': [Errno 2] No such file or directory
  ⚠️  songrec-rename a échoué, tentative de fallback songrec…
    ✅ Tags mis à jour (fallback songrec)
    ✅ Renommé: Bow Wow & Omarion - Listen.mp3
  📦 Fichier traité: /itunes/Music/Bow Wow & Omarion/Face Off (2007)/Bow Wow & Omarion - Listen.mp3
  📚 beet import -q …
    ⚠️  error: database file /beets-config/library.db cannot not be opened: unable to open database file
  ⚠️  beet import a échoué — rating NON effacé (traitement manuel requis)
[89/1740] ??? — Makin' It Natural
  📄 /mnt/MyBook/itunes/Music/Dr. Hook/Doctor Hook (1972)/11 - Mama, I'll Sing One Song For You.mp3
  🔁 Chemin résolu (mapped:/mnt/MyBook/itunes->/itunes)
     → /itunes/Music/Dr. Hook/Doctor Hook (1972)/11 - Mama, I'll Sing One Song For You.mp3
  🎵 songrec-rename -i …
    ⚠️  python3: can't open file '/home/paulceline/scripts/plex-scripts/bin/utils/songrec_rename_cli.py': [Errno 2] No such file or directory
  ⚠️  songrec-rename a échoué, tentative de fallback songrec…
    ✅ Tags mis à jour (fallback songrec)
    ✅ Renommé: Dr. Hook & The Medicine Show - Mama, I'll Sing One Song for You.mp3
  📦 Fichier traité: /itunes/Music/Dr. Hook/Doctor Hook (1972)/Dr. Hook & The Medicine Show - Mama, I'll Sing One Song for You.mp3
  📚 beet import -q …
    ⚠️  error: database file /beets-config/library.db cannot not be opened: unable to open database file
  ⚠️  beet import a échoué — rating NON effacé (traitement manuel requis)
[90/1740] ??? — The Millionaire
  📄 /mnt/MyBook/itunes/Music/Dr. Hook/Bankrupt (1975)/11 - On The Way To The Bottom.mp3
  🔁 Chemin résolu (mapped:/mnt/MyBook/itunes->/itunes)
     → /itunes/Music/Dr. Hook/Bankrupt (1975)/11 - On The Way To The Bottom.mp3
  🎵 songrec-rename -i …
    ⚠️  python3: can't open file '/home/paulceline/scripts/plex-scripts/bin/utils/songrec_rename_cli.py': [Errno 2] No such file or directory
  ⚠️  songrec-rename a échoué, tentative de fallback songrec…
    ✅ Tags mis à jour (fallback songrec)
    ✅ Renommé: Dr. Hook - On the Way to the Bottom.mp3
  📦 Fichier traité: /itunes/Music/Dr. Hook/Bankrupt (1975)/Dr. Hook - On the Way to the Bottom.mp3
  📚 beet import -q …
    ⚠️  error: database file /beets-config/library.db cannot not be opened: unable to open database file
  ⚠️  beet import a échoué — rating NON effacé (traitement manuel requis)
[91/1740] ??? — Hello
  📄 /mnt/ssd/Musiques/1983 - Can’t Slow Down (Album)/Lionel Richie - Hello.flac
  ⚠️  Fichier absent sur disque : /mnt/ssd/Musiques/1983 - Can’t Slow Down (Album)/Lionel Richie - Hello.flac
[92/1740] ??? — Everybody Loves Me
  📄 /mnt/MyBook/itunes/Music/Dr. Hook/Bankrupt (1975)/12 - Do Downs.mp3
  🔁 Chemin résolu (mapped:/mnt/MyBook/itunes->/itunes)
     → /itunes/Music/Dr. Hook/Bankrupt (1975)/12 - Do Downs.mp3
  🎵 songrec-rename -i …
    ⚠️  python3: can't open file '/home/paulceline/scripts/plex-scripts/bin/utils/songrec_rename_cli.py': [Errno 2] No such file or directory
  ⚠️  songrec-rename a échoué, tentative de fallback songrec…
    ✅ Tags mis à jour (fallback songrec)
    ✅ Renommé: Dr. Hook - Do Downs.mp3
  📦 Fichier traité: /itunes/Music/Dr. Hook/Bankrupt (1975)/Dr. Hook - Do Downs.mp3
  📚 beet import -q …
    ⚠️  error: database file /beets-config/library.db cannot not be opened: unable to open database file
  ⚠️  beet import a échoué — rating NON effacé (traitement manuel requis)
[93/1740] ??? — Good Morning Good Morning (Take 1 / Instrumental Breakdown)
  📄 /mnt/MyBook/itunes/Music/The_Beatles/Various_Artists/The Beatles - Good Morning Good Morning (Take 1 Instrumental Breakdown).opus
  🔁 Chemin résolu (mapped:/mnt/MyBook/itunes->/itunes)
     → /itunes/Music/The_Beatles/Various_Artists/The Beatles - Good Morning Good Morning (Take 1 Instrumental Breakdown).opus
  🎵 songrec-rename -i …
    ⚠️  python3: can't open file '/home/paulceline/scripts/plex-scripts/bin/utils/songrec_rename_cli.py': [Errno 2] No such file or directory
  ⚠️  songrec-rename a échoué, tentative de fallback songrec…
    ✅ Tags mis à jour (fallback songrec)
    ✅ Renommé: The Beatles - Good Morning Good Morning (Take 1 _ Instrumental Breakdown).opus
  📦 Fichier traité: /itunes/Music/The_Beatles/Various_Artists/The Beatles - Good Morning Good Morning (Take 1 _ Instrumental Breakdown).opus
  📚 beet import -q …
    ⚠️  error: database file /beets-config/library.db cannot not be opened: unable to open database file
  ⚠️  beet import a échoué — rating NON effacé (traitement manuel requis)
[94/1740] ??? — SUITE FÜR VIOLONCELLO SOLO NO. 4 ES-DUR, BWV 1010: COURANTE
  📄 /mnt/MyBook/itunes/Music/Johann Sebastian Bach/6 SUITES POUR VIOLONCELLE (1997)/02-03 - SUITE FÜR VIOLONCELLO SOLO NO. 4 ES-DUR, BWV 1010 COURANTE.mp3
  🔁 Chemin résolu (mapped:/mnt/MyBook/itunes->/itunes)
     → /itunes/Music/Johann Sebastian Bach/6 SUITES POUR VIOLONCELLE (1997)/02-03 - SUITE FÜR VIOLONCELLO SOLO NO. 4 ES-DUR, BWV 1010 COURANTE.mp3
  🎵 songrec-rename -i …
    ⚠️  python3: can't open file '/home/paulceline/scripts/plex-scripts/bin/utils/songrec_rename_cli.py': [Errno 2] No such file or directory
  ⚠️  songrec-rename a échoué, tentative de fallback songrec…
    ✅ Tags mis à jour (fallback songrec)
    ✅ Renommé: Pierre Fournier - Suite for Cello Solo No. 4 in E-Flat, BWV 1010_ III. Courante.mp3
  📦 Fichier traité: /itunes/Music/Johann Sebastian Bach/6 SUITES POUR VIOLONCELLE (1997)/Pierre Fournier - Suite for Cello Solo No. 4 in E-Flat, BWV 1010_ III. Courante.mp3
  📚 beet import -q …
    ⚠️  error: database file /beets-config/library.db cannot not be opened: unable to open database file
  ⚠️  beet import a échoué — rating NON effacé (traitement manuel requis)
[95/1740] ??? — Big Fun [Single Version]
  📄 /mnt/MyBook/itunes/Music/Kool & The Gang/7' Singles Selection (2022)/09-00
00 - Big Fun [Single Version].mp3
  🔁 Chemin résolu (mapped:/mnt/MyBook/itunes->/itunes)
     → /itunes/Music/Kool & The Gang/7' Singles Selection (2022)/09-00
00 - Big Fun [Single Version].mp3
  🎵 songrec-rename -i …
    ⚠️  python3: can't open file '/home/paulceline/scripts/plex-scripts/bin/utils/songrec_rename_cli.py': [Errno 2] No such file or directory
  ⚠️  songrec-rename a échoué, tentative de fallback songrec…
    ✅ Tags mis à jour (fallback songrec)
    ✅ Renommé: Kool & The Gang - Big Fun.mp3
  📦 Fichier traité: /itunes/Music/Kool & The Gang/7' Singles Selection (2022)/Kool & The Gang - Big Fun.mp3
  📚 beet import -q …
    ⚠️  error: database file /beets-config/library.db cannot not be opened: unable to open database file
  ⚠️  beet import a échoué — rating NON effacé (traitement manuel requis)
[96/1740] ??? — Let's Go Dancin' (Ooh La, La, La) [Single Version]
  📄 /mnt/MyBook/itunes/Music/Kool & The Gang/7' Singles Selection (2022)/09-00
00 - Let's Go Dancin' (Ooh La, La, La) [Single Version].mp3
  🔁 Chemin résolu (mapped:/mnt/MyBook/itunes->/itunes)
     → /itunes/Music/Kool & The Gang/7' Singles Selection (2022)/09-00
00 - Let's Go Dancin' (Ooh La, La, La) [Single Version].mp3
  🎵 songrec-rename -i …
    ⚠️  python3: can't open file '/home/paulceline/scripts/plex-scripts/bin/utils/songrec_rename_cli.py': [Errno 2] No such file or directory
  ⚠️  songrec-rename a échoué, tentative de fallback songrec…
    ✅ Tags mis à jour (fallback songrec)
    ✅ Renommé: Kool & The Gang - Let's Go Dancin' (Ooh La, La, La).mp3
  📦 Fichier traité: /itunes/Music/Kool & The Gang/7' Singles Selection (2022)/Kool & The Gang - Let's Go Dancin' (Ooh La, La, La).mp3
  📚 beet import -q …
    ⚠️  error: database file /beets-config/library.db cannot not be opened: unable to open database file
  ⚠️  beet import a échoué — rating NON effacé (traitement manuel requis)
[97/1740] ??? — Ladies Night [Single Version]
  📄 /mnt/MyBook/itunes/Music/Kool & The Gang/7' Singles Selection (2022)/09-01 - Ladies Night [Single Version].mp3
  🔁 Chemin résolu (mapped:/mnt/MyBook/itunes->/itunes)
     → /itunes/Music/Kool & The Gang/7' Singles Selection (2022)/09-01 - Ladies Night [Single Version].mp3
  🎵 songrec-rename -i …
    ⚠️  python3: can't open file '/home/paulceline/scripts/plex-scripts/bin/utils/songrec_rename_cli.py': [Errno 2] No such file or directory
  ⚠️  songrec-rename a échoué, tentative de fallback songrec…
    ✅ Tags mis à jour (fallback songrec)
    ✅ Renommé: Kool & The Gang - Ladies Night.mp3
  📦 Fichier traité: /itunes/Music/Kool & The Gang/7' Singles Selection (2022)/Kool & The Gang - Ladies Night.mp3
  📚 beet import -q …
    ⚠️  error: database file /beets-config/library.db cannot not be opened: unable to open database file
  ⚠️  beet import a échoué — rating NON effacé (traitement manuel requis)
[98/1740] ??? — Jones Vs. Jones [7' Version]
  📄 /mnt/MyBook/itunes/Music/Kool & The Gang/7' Singles Selection (2022)/09-04 - Jones Vs. Jones [7' Version].mp3
  🔁 Chemin résolu (mapped:/mnt/MyBook/itunes->/itunes)
     → /itunes/Music/Kool & The Gang/7' Singles Selection (2022)/09-04 - Jones Vs. Jones [7' Version].mp3
  🎵 songrec-rename -i …
    ⚠️  python3: can't open file '/home/paulceline/scripts/plex-scripts/bin/utils/songrec_rename_cli.py': [Errno 2] No such file or directory
  ⚠️  songrec-rename a échoué, tentative de fallback songrec…
    ✅ Tags mis à jour (fallback songrec)
    ✅ Renommé: Kool & The Gang - Jones Vs. Jones (feat. Angie Stone).mp3
  📦 Fichier traité: /itunes/Music/Kool & The Gang/7' Singles Selection (2022)/Kool & The Gang - Jones Vs. Jones (feat. Angie Stone).mp3
  📚 beet import -q …
    ⚠️  error: database file /beets-config/library.db cannot not be opened: unable to open database file
  ⚠️  beet import a échoué — rating NON effacé (traitement manuel requis)
[99/1740] ??? — Take It To The Top [Single Version]
  📄 /mnt/MyBook/itunes/Music/Kool & The Gang/7' Singles Selection (2022)/09-05 - Take It To The Top [Single Version].mp3
  🔁 Chemin résolu (mapped:/mnt/MyBook/itunes->/itunes)
     → /itunes/Music/Kool & The Gang/7' Singles Selection (2022)/09-05 - Take It To The Top [Single Version].mp3
  🎵 songrec-rename -i …
    ⚠️  python3: can't open file '/home/paulceline/scripts/plex-scripts/bin/utils/songrec_rename_cli.py': [Errno 2] No such file or directory
  ⚠️  songrec-rename a échoué, tentative de fallback songrec…
    ✅ Tags mis à jour (fallback songrec)
    ✅ Renommé: Kool & The Gang - Take It to the Top.mp3
  📦 Fichier traité: /itunes/Music/Kool & The Gang/7' Singles Selection (2022)/Kool & The Gang - Take It to the Top.mp3
  📚 beet import -q …
    ⚠️  error: database file /beets-config/library.db cannot not be opened: unable to open database file
  ⚠️  beet import a échoué — rating NON effacé (traitement manuel requis)
[100/1740] ??? — Steppin' Out
  📄 /mnt/MyBook/itunes/Music/Kool & The Gang/7' Singles Selection (2022)/09-06 - Steppin' Out.mp3
  🔁 Chemin résolu (mapped:/mnt/MyBook/itunes->/itunes)
     → /itunes/Music/Kool & The Gang/7' Singles Selection (2022)/09-06 - Steppin' Out.mp3
  🎵 songrec-rename -i …
    ⚠️  python3: can't open file '/home/paulceline/scripts/plex-scripts/bin/utils/songrec_rename_cli.py': [Errno 2] No such file or directory
  ⚠️  songrec-rename a échoué, tentative de fallback songrec…
    ✅ Tags mis à jour (fallback songrec)
    ✅ Renommé: Kool & The Gang - Steppin' Out.mp3
  📦 Fichier traité: /itunes/Music/Kool & The Gang/7' Singles Selection (2022)/Kool & The Gang - Steppin' Out.mp3
  📚 beet import -q …
    ⚠️  error: database file /beets-config/library.db cannot not be opened: unable to open database file
  ⚠️  beet import a échoué — rating NON effacé (traitement manuel requis)
[101/1740] ??? — Tonight [AOR MIX]
  📄 /mnt/MyBook/itunes/Music/Kool & The Gang/7' Singles Selection (2022)/09-10 - Tonight [AOR MIX].mp3
  🔁 Chemin résolu (mapped:/mnt/MyBook/itunes->/itunes)
     → /itunes/Music/Kool & The Gang/7' Singles Selection (2022)/09-10 - Tonight [AOR MIX].mp3
  🎵 songrec-rename -i …
    ⚠️  python3: can't open file '/home/paulceline/scripts/plex-scripts/bin/utils/songrec_rename_cli.py': [Errno 2] No such file or directory
  ⚠️  songrec-rename a échoué, tentative de fallback songrec…
    ✅ Tags mis à jour (fallback songrec)
    ✅ Renommé: Kool & The Gang - Tonight.mp3
  📦 Fichier traité: /itunes/Music/Kool & The Gang/7' Singles Selection (2022)/Kool & The Gang - Tonight.mp3
  📚 beet import -q …
    ⚠️  error: database file /beets-config/library.db cannot not be opened: unable to open database file
  ⚠️  beet import a échoué — rating NON effacé (traitement manuel requis)
[102/1740] ??? — Misled [Single Version]
  📄 /mnt/MyBook/itunes/Music/Kool & The Gang/7' Singles Selection (2022)/09-12 - Misled [Single Version].mp3
  🔁 Chemin résolu (mapped:/mnt/MyBook/itunes->/itunes)
     → /itunes/Music/Kool & The Gang/7' Singles Selection (2022)/09-12 - Misled [Single Version].mp3
  🎵 songrec-rename -i …
    ⚠️  python3: can't open file '/home/paulceline/scripts/plex-scripts/bin/utils/songrec_rename_cli.py': [Errno 2] No such file or directory
  ⚠️  songrec-rename a échoué, tentative de fallback songrec…
    ✅ Tags mis à jour (fallback songrec)
    ✅ Renommé: Kool & The Gang - Misled.mp3
  📦 Fichier traité: /itunes/Music/Kool & The Gang/7' Singles Selection (2022)/Kool & The Gang - Misled.mp3
  📚 beet import -q …
    ⚠️  error: database file /beets-config/library.db cannot not be opened: unable to open database file
  ⚠️  beet import a échoué — rating NON effacé (traitement manuel requis)
[103/1740] ??? — Emergency [Single Version]
  📄 /mnt/MyBook/itunes/Music/Kool & The Gang/7' Singles Selection (2022)/09-13 - Emergency [Single Version].mp3
  🔁 Chemin résolu (mapped:/mnt/MyBook/itunes->/itunes)
     → /itunes/Music/Kool & The Gang/7' Singles Selection (2022)/09-13 - Emergency [Single Version].mp3
  🎵 songrec-rename -i …
    ⚠️  python3: can't open file '/home/paulceline/scripts/plex-scripts/bin/utils/songrec_rename_cli.py': [Errno 2] No such file or directory
  ⚠️  songrec-rename a échoué, tentative de fallback songrec…
    ✅ Tags mis à jour (fallback songrec)
    ✅ Renommé: Kool & The Gang - Emergency.mp3
  📦 Fichier traité: /itunes/Music/Kool & The Gang/7' Singles Selection (2022)/Kool & The Gang - Emergency.mp3
  📚 beet import -q …
    ⚠️  error: database file /beets-config/library.db cannot not be opened: unable to open database file
  ⚠️  beet import a échoué — rating NON effacé (traitement manuel requis)
[104/1740] ??? — Victory
  📄 /mnt/MyBook/itunes/Music/Kool & The Gang/7' Singles Selection (2022)/09-14 - Victory.mp3
  🔁 Chemin résolu (mapped:/mnt/MyBook/itunes->/itunes)
     → /itunes/Music/Kool & The Gang/7' Singles Selection (2022)/09-14 - Victory.mp3
  🎵 songrec-rename -i …
    ⚠️  python3: can't open file '/home/paulceline/scripts/plex-scripts/bin/utils/songrec_rename_cli.py': [Errno 2] No such file or directory
  ⚠️  songrec-rename a échoué, tentative de fallback songrec…
    ✅ Tags mis à jour (fallback songrec)
    ✅ Renommé: Kool & The Gang - Victory.mp3
  📦 Fichier traité: /itunes/Music/Kool & The Gang/7' Singles Selection (2022)/Kool & The Gang - Victory.mp3
  📚 beet import -q …
    ⚠️  error: database file /beets-config/library.db cannot not be opened: unable to open database file
  ⚠️  beet import a échoué — rating NON effacé (traitement manuel requis)
[105/1740] ??? — Dance Champion
  📄 /mnt/MyBook/itunes/Music/Kool & The Gang/7' Singles Selection (2022)/09-15 - Dance Champion.mp3
  🔁 Chemin résolu (mapped:/mnt/MyBook/itunes->/itunes)
     → /itunes/Music/Kool & The Gang/7' Singles Selection (2022)/09-15 - Dance Champion.mp3
  🎵 songrec-rename -i …
    ⚠️  python3: can't open file '/home/paulceline/scripts/plex-scripts/bin/utils/songrec_rename_cli.py': [Errno 2] No such file or directory
  ⚠️  songrec-rename a échoué, tentative de fallback songrec…
  ⚠️  songrec n'a pas identifié de métadonnées utiles
  ❌ songrec-rename a échoué — track ignoré pour beet/clear
[106/1740] ??? — Stone Love
  📄 /mnt/MyBook/itunes/Music/Kool & The Gang/7' Singles Selection (2022)/09-16 - Stone Love.mp3
  🔁 Chemin résolu (mapped:/mnt/MyBook/itunes->/itunes)
     → /itunes/Music/Kool & The Gang/7' Singles Selection (2022)/09-16 - Stone Love.mp3
  🎵 songrec-rename -i …
    ⚠️  python3: can't open file '/home/paulceline/scripts/plex-scripts/bin/utils/songrec_rename_cli.py': [Errno 2] No such file or directory
  ⚠️  songrec-rename a échoué, tentative de fallback songrec…
    ✅ Tags mis à jour (fallback songrec)
    ✅ Renommé: Kool & The Gang - Stone Love.mp3
  📦 Fichier traité: /itunes/Music/Kool & The Gang/7' Singles Selection (2022)/Kool & The Gang - Stone Love.mp3
  📚 beet import -q …
    ⚠️  error: database file /beets-config/library.db cannot not be opened: unable to open database file
  ⚠️  beet import a échoué — rating NON effacé (traitement manuel requis)
[107/1740] ??? — Rags To Riches [7' Version]
  📄 /mnt/MyBook/itunes/Music/Kool & The Gang/7' Singles Selection (2022)/09-17 - Rags To Riches [7' Version].mp3
  🔁 Chemin résolu (mapped:/mnt/MyBook/itunes->/itunes)
     → /itunes/Music/Kool & The Gang/7' Singles Selection (2022)/09-17 - Rags To Riches [7' Version].mp3
  🎵 songrec-rename -i …
    ⚠️  python3: can't open file '/home/paulceline/scripts/plex-scripts/bin/utils/songrec_rename_cli.py': [Errno 2] No such file or directory
  ⚠️  songrec-rename a échoué, tentative de fallback songrec…
    ✅ Tags mis à jour (fallback songrec)
    ✅ Renommé: Kool & The Gang - Rags To Riches.mp3
  📦 Fichier traité: /itunes/Music/Kool & The Gang/7' Singles Selection (2022)/Kool & The Gang - Rags To Riches.mp3
  📚 beet import -q …
    ⚠️  error: database file /beets-config/library.db cannot not be opened: unable to open database file
  ⚠️  beet import a échoué — rating NON effacé (traitement manuel requis)
[108/1740] ??? — Amor Amore [7' Vocal Version]
  📄 /mnt/MyBook/itunes/Music/Kool & The Gang/7' Singles Selection (2022)/09-19 - Amor Amore [7' Vocal Version].mp3
  🔁 Chemin résolu (mapped:/mnt/MyBook/itunes->/itunes)
     → /itunes/Music/Kool & The Gang/7' Singles Selection (2022)/09-19 - Amor Amore [7' Vocal Version].mp3
  🎵 songrec-rename -i …
    ⚠️  python3: can't open file '/home/paulceline/scripts/plex-scripts/bin/utils/songrec_rename_cli.py': [Errno 2] No such file or directory
  ⚠️  songrec-rename a échoué, tentative de fallback songrec…
  ⚠️  songrec n'a pas identifié de métadonnées utiles
  ❌ songrec-rename a échoué — track ignoré pour beet/clear
[109/1740] ??? — Raindrops [7' Remix]
  📄 /mnt/MyBook/itunes/Music/Kool & The Gang/7' Singles Selection (2022)/09-20 - Raindrops [7' Remix].mp3
  🔁 Chemin résolu (mapped:/mnt/MyBook/itunes->/itunes)
     → /itunes/Music/Kool & The Gang/7' Singles Selection (2022)/09-20 - Raindrops [7' Remix].mp3
  🎵 songrec-rename -i …
    ⚠️  python3: can't open file '/home/paulceline/scripts/plex-scripts/bin/utils/songrec_rename_cli.py': [Errno 2] No such file or directory
  ⚠️  songrec-rename a échoué, tentative de fallback songrec…
    ✅ Tags mis à jour (fallback songrec)
    ✅ Renommé: Kool & The Gang - Raindrops.mp3
  📦 Fichier traité: /itunes/Music/Kool & The Gang/7' Singles Selection (2022)/Kool & The Gang - Raindrops.mp3
  📚 beet import -q …
    ⚠️  error: database file /beets-config/library.db cannot not be opened: unable to open database file
  ⚠️  beet import a échoué — rating NON effacé (traitement manuel requis)
[110/1740] ??? — (Nfa) No Frontin' Allowed
  📄 /mnt/MyBook/itunes/Music/LL Cool J/14 Shots To The Dome (1993)/00
00 - (Nfa) No Frontin' Allowed.mp3
  🔁 Chemin résolu (mapped:/mnt/MyBook/itunes->/itunes)
     → /itunes/Music/LL Cool J/14 Shots To The Dome (1993)/00
00 - (Nfa) No Frontin' Allowed.mp3
  🎵 songrec-rename -i …
    ⚠️  python3: can't open file '/home/paulceline/scripts/plex-scripts/bin/utils/songrec_rename_cli.py': [Errno 2] No such file or directory
  ⚠️  songrec-rename a échoué, tentative de fallback songrec…
    ✅ Tags mis à jour (fallback songrec)
    ✅ Renommé: LL COOL J - (NFA) No Frontin' Allowed.mp3
  📦 Fichier traité: /itunes/Music/LL Cool J/14 Shots To The Dome (1993)/LL COOL J - (NFA) No Frontin' Allowed.mp3
  📚 beet import -q …
    ⚠️  error: database file /beets-config/library.db cannot not be opened: unable to open database file
  ⚠️  beet import a échoué — rating NON effacé (traitement manuel requis)
[111/1740] ??? — All We Got Left Is The Beat
  📄 /mnt/MyBook/itunes/Music/LL Cool J/14 Shots To The Dome (1993)/00
00 - All We Got Left Is The Beat.mp3
  🔁 Chemin résolu (mapped:/mnt/MyBook/itunes->/itunes)
     → /itunes/Music/LL Cool J/14 Shots To The Dome (1993)/00
00 - All We Got Left Is The Beat.mp3
  🎵 songrec-rename -i …
    ⚠️  python3: can't open file '/home/paulceline/scripts/plex-scripts/bin/utils/songrec_rename_cli.py': [Errno 2] No such file or directory
  ⚠️  songrec-rename a échoué, tentative de fallback songrec…
    ✅ Tags mis à jour (fallback songrec)
    ✅ Renommé: LL COOL J - All We Got Left Is the Beat.mp3
  📦 Fichier traité: /itunes/Music/LL Cool J/14 Shots To The Dome (1993)/LL COOL J - All We Got Left Is the Beat.mp3
  📚 beet import -q …
    ⚠️  error: database file /beets-config/library.db cannot not be opened: unable to open database file
  ⚠️  beet import a échoué — rating NON effacé (traitement manuel requis)
[112/1740] ??? — Buckin' Em Down
  📄 /mnt/MyBook/itunes/Music/LL Cool J/14 Shots To The Dome (1993)/02 - Buckin' Em Down.mp3
  🔁 Chemin résolu (mapped:/mnt/MyBook/itunes->/itunes)
     → /itunes/Music/LL Cool J/14 Shots To The Dome (1993)/02 - Buckin' Em Down.mp3
  🎵 songrec-rename -i …
    ⚠️  python3: can't open file '/home/paulceline/scripts/plex-scripts/bin/utils/songrec_rename_cli.py': [Errno 2] No such file or directory
  ⚠️  songrec-rename a échoué, tentative de fallback songrec…
    ✅ Tags mis à jour (fallback songrec)
    ✅ Renommé: Yo-Yo - IBWin' Wit My CREWin'.mp3
  📦 Fichier traité: /itunes/Music/LL Cool J/14 Shots To The Dome (1993)/Yo-Yo - IBWin' Wit My CREWin'.mp3
  📚 beet import -q …
    ⚠️  error: database file /beets-config/library.db cannot not be opened: unable to open database file
  ⚠️  beet import a échoué — rating NON effacé (traitement manuel requis)
[113/1740] ??? — Pink Cookies In A Plastic Bag Getting Crushed By Buildings
  📄 /mnt/MyBook/itunes/Music/LL Cool J/14 Shots To The Dome (1993)/05 - Pink Cookies In A Plastic Bag Getting Crushed By Buildings.mp3
  🔁 Chemin résolu (mapped:/mnt/MyBook/itunes->/itunes)
     → /itunes/Music/LL Cool J/14 Shots To The Dome (1993)/05 - Pink Cookies In A Plastic Bag Getting Crushed By Buildings.mp3
  🎵 songrec-rename -i …
    ⚠️  python3: can't open file '/home/paulceline/scripts/plex-scripts/bin/utils/songrec_rename_cli.py': [Errno 2] No such file or directory
  ⚠️  songrec-rename a échoué, tentative de fallback songrec…
    ✅ Tags mis à jour (fallback songrec)
    ✅ Renommé: LL COOL J - Pink Cookies In A Plastic Bag Getting Crushed By Buildings (Instrumental).mp3
  📦 Fichier traité: /itunes/Music/LL Cool J/14 Shots To The Dome (1993)/LL COOL J - Pink Cookies In A Plastic Bag Getting Crushed By Buildings (Instrumental).mp3
  📚 beet import -q …
    ⚠️  error: database file /beets-config/library.db cannot not be opened: unable to open database file
  ⚠️  beet import a échoué — rating NON effacé (traitement manuel requis)
[114/1740] ??? — Funkadelic Relic
  📄 /mnt/MyBook/itunes/Music/LL Cool J/14 Shots To The Dome (1993)/07 - Funkadelic Relic.mp3
  🔁 Chemin résolu (mapped:/mnt/MyBook/itunes->/itunes)
     → /itunes/Music/LL Cool J/14 Shots To The Dome (1993)/07 - Funkadelic Relic.mp3
  🎵 songrec-rename -i …
    ⚠️  python3: can't open file '/home/paulceline/scripts/plex-scripts/bin/utils/songrec_rename_cli.py': [Errno 2] No such file or directory
  ⚠️  songrec-rename a échoué, tentative de fallback songrec…
    ✅ Tags mis à jour (fallback songrec)
    ✅ Renommé: LL COOL J - Funkadelic Relic.mp3
  📦 Fichier traité: /itunes/Music/LL Cool J/14 Shots To The Dome (1993)/LL COOL J - Funkadelic Relic.mp3
  📚 beet import -q …
    ⚠️  error: database file /beets-config/library.db cannot not be opened: unable to open database file
  ⚠️  beet import a échoué — rating NON effacé (traitement manuel requis)
[115/1740] ??? — Soul Suvivor
  📄 /mnt/MyBook/itunes/Music/LL Cool J/14 Shots To The Dome (1993)/11 - Soul Suvivor.mp3
  🔁 Chemin résolu (mapped:/mnt/MyBook/itunes->/itunes)
     → /itunes/Music/LL Cool J/14 Shots To The Dome (1993)/11 - Soul Suvivor.mp3
  🎵 songrec-rename -i …
    ⚠️  python3: can't open file '/home/paulceline/scripts/plex-scripts/bin/utils/songrec_rename_cli.py': [Errno 2] No such file or directory
  ⚠️  songrec-rename a échoué, tentative de fallback songrec…
    ✅ Tags mis à jour (fallback songrec)
    ✅ Renommé: LL COOL J - Soul Survivor.mp3
  📦 Fichier traité: /itunes/Music/LL Cool J/14 Shots To The Dome (1993)/LL COOL J - Soul Survivor.mp3
  📚 beet import -q …
    ⚠️  error: database file /beets-config/library.db cannot not be opened: unable to open database file
  ⚠️  beet import a échoué — rating NON effacé (traitement manuel requis)
[116/1740] ??? — Calling All Ghetto Children
  📄 /mnt/MyBook/itunes/Music/Arrested Development/Among The Trees (2004)/00
00 - Calling All Ghetto Children.mp3
  🔁 Chemin résolu (mapped:/mnt/MyBook/itunes->/itunes)
     → /itunes/Music/Arrested Development/Among The Trees (2004)/00
00 - Calling All Ghetto Children.mp3
  🎵 songrec-rename -i …
    ⚠️  python3: can't open file '/home/paulceline/scripts/plex-scripts/bin/utils/songrec_rename_cli.py': [Errno 2] No such file or directory
  ⚠️  songrec-rename a échoué, tentative de fallback songrec…
    ✅ Tags mis à jour (fallback songrec)
    ✅ Renommé: Arrested Development - Calling All Ghetto Children.mp3
  📦 Fichier traité: /itunes/Music/Arrested Development/Among The Trees (2004)/Arrested Development - Calling All Ghetto Children.mp3
  📚 beet import -q …
    ⚠️  error: database file /beets-config/library.db cannot not be opened: unable to open database file
  ⚠️  beet import a échoué — rating NON effacé (traitement manuel requis)
[117/1740] ??? — Wag Your Tail
  📄 /mnt/MyBook/itunes/Music/Arrested Development/Among The Trees (2004)/00
00 - Wag Your Tail.mp3
  🔁 Chemin résolu (mapped:/mnt/MyBook/itunes->/itunes)
     → /itunes/Music/Arrested Development/Among The Trees (2004)/00
00 - Wag Your Tail.mp3
  🎵 songrec-rename -i …
    ⚠️  python3: can't open file '/home/paulceline/scripts/plex-scripts/bin/utils/songrec_rename_cli.py': [Errno 2] No such file or directory
  ⚠️  songrec-rename a échoué, tentative de fallback songrec…
    ✅ Tags mis à jour (fallback songrec)
    ✅ Renommé: Arrested Development - Wag Your Tail.mp3
  📦 Fichier traité: /itunes/Music/Arrested Development/Among The Trees (2004)/Arrested Development - Wag Your Tail.mp3
  📚 beet import -q …
    ⚠️  error: database file /beets-config/library.db cannot not be opened: unable to open database file
  ⚠️  beet import a échoué — rating NON effacé (traitement manuel requis)
[118/1740] ??? — From The Start
  📄 /mnt/MyBook/itunes/Music/Arrested Development/Among The Trees (2004)/01 - From The Start.mp3
  🔁 Chemin résolu (mapped:/mnt/MyBook/itunes->/itunes)
     → /itunes/Music/Arrested Development/Among The Trees (2004)/01 - From The Start.mp3
  🎵 songrec-rename -i …
    ⚠️  python3: can't open file '/home/paulceline/scripts/plex-scripts/bin/utils/songrec_rename_cli.py': [Errno 2] No such file or directory
  ⚠️  songrec-rename a échoué, tentative de fallback songrec…
    ✅ Tags mis à jour (fallback songrec)
    ✅ Renommé: Arrested Development - From the Start.mp3
  📦 Fichier traité: /itunes/Music/Arrested Development/Among The Trees (2004)/Arrested Development - From the Start.mp3
  📚 beet import -q …
    ⚠️  error: database file /beets-config/library.db cannot not be opened: unable to open database file
  ⚠️  beet import a échoué — rating NON effacé (traitement manuel requis)
[119/1740] ??? — A Lotta Things To Do
  📄 /mnt/MyBook/itunes/Music/Arrested Development/Among The Trees (2004)/02 - A Lotta Things To Do.mp3
  🔁 Chemin résolu (mapped:/mnt/MyBook/itunes->/itunes)
     → /itunes/Music/Arrested Development/Among The Trees (2004)/02 - A Lotta Things To Do.mp3
  🎵 songrec-rename -i …
    ⚠️  python3: can't open file '/home/paulceline/scripts/plex-scripts/bin/utils/songrec_rename_cli.py': [Errno 2] No such file or directory
  ⚠️  songrec-rename a échoué, tentative de fallback songrec…
    ✅ Tags mis à jour (fallback songrec)
    ✅ Renommé: Arrested Development - A Lotta Things to Do.mp3
  📦 Fichier traité: /itunes/Music/Arrested Development/Among The Trees (2004)/Arrested Development - A Lotta Things to Do.mp3
  📚 beet import -q …
    ⚠️  error: database file /beets-config/library.db cannot not be opened: unable to open database file
  ⚠️  beet import a échoué — rating NON effacé (traitement manuel requis)
[120/1740] ??? — Esmeralda
  📄 /mnt/MyBook/itunes/Music/Arrested Development/Among The Trees (2004)/03 - Esmeralda.mp3
  🔁 Chemin résolu (mapped:/mnt/MyBook/itunes->/itunes)
     → /itunes/Music/Arrested Development/Among The Trees (2004)/03 - Esmeralda.mp3
  🎵 songrec-rename -i …
    ⚠️  python3: can't open file '/home/paulceline/scripts/plex-scripts/bin/utils/songrec_rename_cli.py': [Errno 2] No such file or directory
  ⚠️  songrec-rename a échoué, tentative de fallback songrec…
    ✅ Tags mis à jour (fallback songrec)
    ✅ Renommé: Arrested Development - Esmeralda.mp3
  📦 Fichier traité: /itunes/Music/Arrested Development/Among The Trees (2004)/Arrested Development - Esmeralda.mp3
  📚 beet import -q …
    ⚠️  error: database file /beets-config/library.db cannot not be opened: unable to open database file
  ⚠️  beet import a échoué — rating NON effacé (traitement manuel requis)
[121/1740] ??? — Luxury (Part I)
  📄 /mnt/MyBook/itunes/Music/Arrested Development/Among The Trees (2004)/04 - Luxury (Part I).mp3
  🔁 Chemin résolu (mapped:/mnt/MyBook/itunes->/itunes)
     → /itunes/Music/Arrested Development/Among The Trees (2004)/04 - Luxury (Part I).mp3
  🎵 songrec-rename -i …
    ⚠️  python3: can't open file '/home/paulceline/scripts/plex-scripts/bin/utils/songrec_rename_cli.py': [Errno 2] No such file or directory
  ⚠️  songrec-rename a échoué, tentative de fallback songrec…
    ✅ Tags mis à jour (fallback songrec)
    ✅ Renommé: Arrested Development - Luxury.mp3
  📦 Fichier traité: /itunes/Music/Arrested Development/Among The Trees (2004)/Arrested Development - Luxury.mp3
  📚 beet import -q …
    ⚠️  error: database file /beets-config/library.db cannot not be opened: unable to open database file
  ⚠️  beet import a échoué — rating NON effacé (traitement manuel requis)
[122/1740] ??? — Luxury (Part II)
  📄 /mnt/MyBook/itunes/Music/Arrested Development/Among The Trees (2004)/05 - Luxury (Part II).mp3
  🔁 Chemin résolu (mapped:/mnt/MyBook/itunes->/itunes)
     → /itunes/Music/Arrested Development/Among The Trees (2004)/05 - Luxury (Part II).mp3
  🎵 songrec-rename -i …
    ⚠️  python3: can't open file '/home/paulceline/scripts/plex-scripts/bin/utils/songrec_rename_cli.py': [Errno 2] No such file or directory
  ⚠️  songrec-rename a échoué, tentative de fallback songrec…
    ✅ Tags mis à jour (fallback songrec)
  📚 beet import -q …
    ⚠️  error: database file /beets-config/library.db cannot not be opened: unable to open database file
  ⚠️  beet import a échoué — rating NON effacé (traitement manuel requis)
[123/1740] ??? — Honeymoon Prelude
  📄 /mnt/MyBook/itunes/Music/Arrested Development/Among The Trees (2004)/06 - Honeymoon Prelude.mp3
  🔁 Chemin résolu (mapped:/mnt/MyBook/itunes->/itunes)
     → /itunes/Music/Arrested Development/Among The Trees (2004)/06 - Honeymoon Prelude.mp3
  🎵 songrec-rename -i …
    ⚠️  python3: can't open file '/home/paulceline/scripts/plex-scripts/bin/utils/songrec_rename_cli.py': [Errno 2] No such file or directory
  ⚠️  songrec-rename a échoué, tentative de fallback songrec…
  ⚠️  songrec n'a pas identifié de métadonnées utiles
  ❌ songrec-rename a échoué — track ignoré pour beet/clear
[124/1740] ??? — Honeymoon Day
  📄 /mnt/MyBook/itunes/Music/Arrested Development/Among The Trees (2004)/07 - Honeymoon Day.mp3
  🔁 Chemin résolu (mapped:/mnt/MyBook/itunes->/itunes)
     → /itunes/Music/Arrested Development/Among The Trees (2004)/07 - Honeymoon Day.mp3
  🎵 songrec-rename -i …
    ⚠️  python3: can't open file '/home/paulceline/scripts/plex-scripts/bin/utils/songrec_rename_cli.py': [Errno 2] No such file or directory
  ⚠️  songrec-rename a échoué, tentative de fallback songrec…
    ✅ Tags mis à jour (fallback songrec)
    ✅ Renommé: Arrested Development - Honeymoon Day.mp3
  📦 Fichier traité: /itunes/Music/Arrested Development/Among The Trees (2004)/Arrested Development - Honeymoon Day.mp3
  📚 beet import -q …
    ⚠️  error: database file /beets-config/library.db cannot not be opened: unable to open database file
  ⚠️  beet import a échoué — rating NON effacé (traitement manuel requis)
[125/1740] ??? — In The Sun
  📄 /mnt/MyBook/itunes/Music/Arrested Development/Among The Trees (2004)/10 - In The Sun.mp3
  🔁 Chemin résolu (mapped:/mnt/MyBook/itunes->/itunes)
     → /itunes/Music/Arrested Development/Among The Trees (2004)/10 - In The Sun.mp3
  🎵 songrec-rename -i …
    ⚠️  python3: can't open file '/home/paulceline/scripts/plex-scripts/bin/utils/songrec_rename_cli.py': [Errno 2] No such file or directory
  ⚠️  songrec-rename a échoué, tentative de fallback songrec…
    ✅ Tags mis à jour (fallback songrec)
    ✅ Renommé: Arrested Development - In the Sun.mp3
  📦 Fichier traité: /itunes/Music/Arrested Development/Among The Trees (2004)/Arrested Development - In the Sun.mp3
  📚 beet import -q …
    ⚠️  error: database file /beets-config/library.db cannot not be opened: unable to open database file
  ⚠️  beet import a échoué — rating NON effacé (traitement manuel requis)
[126/1740] ??? — Among The Trees
  📄 /mnt/MyBook/itunes/Music/Arrested Development/Among The Trees (2004)/11 - Among The Trees.mp3
  🔁 Chemin résolu (mapped:/mnt/MyBook/itunes->/itunes)
     → /itunes/Music/Arrested Development/Among The Trees (2004)/11 - Among The Trees.mp3
  🎵 songrec-rename -i …
    ⚠️  python3: can't open file '/home/paulceline/scripts/plex-scripts/bin/utils/songrec_rename_cli.py': [Errno 2] No such file or directory
  ⚠️  songrec-rename a échoué, tentative de fallback songrec…
    ✅ Tags mis à jour (fallback songrec)
    ✅ Renommé: Arrested Development - Among the Trees.mp3
  📦 Fichier traité: /itunes/Music/Arrested Development/Among The Trees (2004)/Arrested Development - Among the Trees.mp3
  📚 beet import -q …
    ⚠️  error: database file /beets-config/library.db cannot not be opened: unable to open database file
  ⚠️  beet import a échoué — rating NON effacé (traitement manuel requis)
[127/1740] ??? — Baba Intro
  📄 /mnt/MyBook/itunes/Music/Arrested Development/Among The Trees (2004)/12 - Baba Intro.mp3
  🔁 Chemin résolu (mapped:/mnt/MyBook/itunes->/itunes)
     → /itunes/Music/Arrested Development/Among The Trees (2004)/12 - Baba Intro.mp3
  🎵 songrec-rename -i …
    ⚠️  python3: can't open file '/home/paulceline/scripts/plex-scripts/bin/utils/songrec_rename_cli.py': [Errno 2] No such file or directory
  ⚠️  songrec-rename a échoué, tentative de fallback songrec…
    ✅ Tags mis à jour (fallback songrec)
    ✅ Renommé: Arrested Development - Baba Intro.mp3
  📦 Fichier traité: /itunes/Music/Arrested Development/Among The Trees (2004)/Arrested Development - Baba Intro.mp3
  📚 beet import -q …
    ⚠️  error: database file /beets-config/library.db cannot not be opened: unable to open database file
  ⚠️  beet import a échoué — rating NON effacé (traitement manuel requis)
[128/1740] ??? — Baba Oje' Is The Oldest One (Part I)
  📄 /mnt/MyBook/itunes/Music/Arrested Development/Among The Trees (2004)/13 - Baba Oje' Is The Oldest One (Part I).mp3
  🔁 Chemin résolu (mapped:/mnt/MyBook/itunes->/itunes)
     → /itunes/Music/Arrested Development/Among The Trees (2004)/13 - Baba Oje' Is The Oldest One (Part I).mp3
  🎵 songrec-rename -i …
    ⚠️  python3: can't open file '/home/paulceline/scripts/plex-scripts/bin/utils/songrec_rename_cli.py': [Errno 2] No such file or directory
  ⚠️  songrec-rename a échoué, tentative de fallback songrec…
    ✅ Tags mis à jour (fallback songrec)
    ✅ Renommé: Arrested Development - Baba O Je' Is the Oldest One, Pt. 1.mp3
  📦 Fichier traité: /itunes/Music/Arrested Development/Among The Trees (2004)/Arrested Development - Baba O Je' Is the Oldest One, Pt. 1.mp3
  📚 beet import -q …
    ⚠️  error: database file /beets-config/library.db cannot not be opened: unable to open database file
  ⚠️  beet import a échoué — rating NON effacé (traitement manuel requis)
[129/1740] ??? — Baba Oje' Is The Oldest One (Part II)
  📄 /mnt/MyBook/itunes/Music/Arrested Development/Among The Trees (2004)/14 - Baba Oje' Is The Oldest One (Part II).mp3
  🔁 Chemin résolu (mapped:/mnt/MyBook/itunes->/itunes)
     → /itunes/Music/Arrested Development/Among The Trees (2004)/14 - Baba Oje' Is The Oldest One (Part II).mp3
  🎵 songrec-rename -i …
    ⚠️  python3: can't open file '/home/paulceline/scripts/plex-scripts/bin/utils/songrec_rename_cli.py': [Errno 2] No such file or directory
  ⚠️  songrec-rename a échoué, tentative de fallback songrec…
    ✅ Tags mis à jour (fallback songrec)
    ✅ Renommé: Arrested Development - Baba O Je' Is the Oldest One, Pt. 2.mp3
  📦 Fichier traité: /itunes/Music/Arrested Development/Among The Trees (2004)/Arrested Development - Baba O Je' Is the Oldest One, Pt. 2.mp3
  📚 beet import -q …
    ⚠️  error: database file /beets-config/library.db cannot not be opened: unable to open database file
  ⚠️  beet import a échoué — rating NON effacé (traitement manuel requis)
[130/1740] ??? — I'm Ignoring You
  📄 /mnt/MyBook/itunes/Music/Arrested Development/Among The Trees (2004)/15 - I'm Ignoring You.mp3
  🔁 Chemin résolu (mapped:/mnt/MyBook/itunes->/itunes)
     → /itunes/Music/Arrested Development/Among The Trees (2004)/15 - I'm Ignoring You.mp3
  🎵 songrec-rename -i …
    ⚠️  python3: can't open file '/home/paulceline/scripts/plex-scripts/bin/utils/songrec_rename_cli.py': [Errno 2] No such file or directory
  ⚠️  songrec-rename a échoué, tentative de fallback songrec…
    ✅ Tags mis à jour (fallback songrec)
    ✅ Renommé: Arrested Development - I'm Ignoring You.mp3
  📦 Fichier traité: /itunes/Music/Arrested Development/Among The Trees (2004)/Arrested Development - I'm Ignoring You.mp3
  📚 beet import -q …
    ⚠️  error: database file /beets-config/library.db cannot not be opened: unable to open database file
  ⚠️  beet import a échoué — rating NON effacé (traitement manuel requis)
[131/1740] ??? — Pain Thangs
  📄 /mnt/MyBook/itunes/Music/Arrested Development/Among The Trees (2004)/16 - Pain Thangs.mp3
  🔁 Chemin résolu (mapped:/mnt/MyBook/itunes->/itunes)
     → /itunes/Music/Arrested Development/Among The Trees (2004)/16 - Pain Thangs.mp3
  🎵 songrec-rename -i …
    ⚠️  python3: can't open file '/home/paulceline/scripts/plex-scripts/bin/utils/songrec_rename_cli.py': [Errno 2] No such file or directory
  ⚠️  songrec-rename a échoué, tentative de fallback songrec…
    ✅ Tags mis à jour (fallback songrec)
    ✅ Renommé: Arrested Development - Night Time Demons.mp3
  📦 Fichier traité: /itunes/Music/Arrested Development/Among The Trees (2004)/Arrested Development - Night Time Demons.mp3
  📚 beet import -q …
    ⚠️  error: database file /beets-config/library.db cannot not be opened: unable to open database file
  ⚠️  beet import a échoué — rating NON effacé (traitement manuel requis)
[132/1740] ??? — Night Time Demons
  📄 /mnt/MyBook/itunes/Music/Arrested Development/Among The Trees (2004)/17 - Night Time Demons.mp3
  🔁 Chemin résolu (mapped:/mnt/MyBook/itunes->/itunes)
     → /itunes/Music/Arrested Development/Among The Trees (2004)/17 - Night Time Demons.mp3
  🎵 songrec-rename -i …
    ⚠️  python3: can't open file '/home/paulceline/scripts/plex-scripts/bin/utils/songrec_rename_cli.py': [Errno 2] No such file or directory
  ⚠️  songrec-rename a échoué, tentative de fallback songrec…
    ✅ Tags mis à jour (fallback songrec)
  📚 beet import -q …
    ⚠️  error: database file /beets-config/library.db cannot not be opened: unable to open database file
  ⚠️  beet import a échoué — rating NON effacé (traitement manuel requis)
[133/1740] ??? — Tings Distracting
  📄 /mnt/MyBook/itunes/Music/Arrested Development/Among The Trees (2004)/18 - Tings Distracting.mp3
  🔁 Chemin résolu (mapped:/mnt/MyBook/itunes->/itunes)
     → /itunes/Music/Arrested Development/Among The Trees (2004)/18 - Tings Distracting.mp3
  🎵 songrec-rename -i …
    ⚠️  python3: can't open file '/home/paulceline/scripts/plex-scripts/bin/utils/songrec_rename_cli.py': [Errno 2] No such file or directory
  ⚠️  songrec-rename a échoué, tentative de fallback songrec…
    ✅ Tags mis à jour (fallback songrec)
    ✅ Renommé: Arrested Development - Tings Distracting.mp3
  📦 Fichier traité: /itunes/Music/Arrested Development/Among The Trees (2004)/Arrested Development - Tings Distracting.mp3
  📚 beet import -q …
    ⚠️  error: database file /beets-config/library.db cannot not be opened: unable to open database file
  ⚠️  beet import a échoué — rating NON effacé (traitement manuel requis)
[134/1740] ??? — A Lotta Things To Do (Remix)
  📄 /mnt/MyBook/itunes/Music/Arrested Development/Among The Trees (2004)/19 - A Lotta Things To Do (Remix).mp3
  🔁 Chemin résolu (mapped:/mnt/MyBook/itunes->/itunes)
     → /itunes/Music/Arrested Development/Among The Trees (2004)/19 - A Lotta Things To Do (Remix).mp3
  🎵 songrec-rename -i …
    ⚠️  python3: can't open file '/home/paulceline/scripts/plex-scripts/bin/utils/songrec_rename_cli.py': [Errno 2] No such file or directory
  ⚠️  songrec-rename a échoué, tentative de fallback songrec…
    ✅ Tags mis à jour (fallback songrec)
  📚 beet import -q …
    ⚠️  error: database file /beets-config/library.db cannot not be opened: unable to open database file
  ⚠️  beet import a échoué — rating NON effacé (traitement manuel requis)
[135/1740] ??? — Break of Dawn
  📄 /mnt/MyBook/itunes/Music/Cypress Hill/Back in Black (2022)/00
00 - Break of Dawn.mp3
  🔁 Chemin résolu (mapped:/mnt/MyBook/itunes->/itunes)
     → /itunes/Music/Cypress Hill/Back in Black (2022)/00
00 - Break of Dawn.mp3
  🎵 songrec-rename -i …
    ⚠️  python3: can't open file '/home/paulceline/scripts/plex-scripts/bin/utils/songrec_rename_cli.py': [Errno 2] No such file or directory
  ⚠️  songrec-rename a échoué, tentative de fallback songrec…
    ✅ Tags mis à jour (fallback songrec)
    ✅ Renommé: Cypress Hill - Break of Dawn.mp3
  📦 Fichier traité: /itunes/Music/Cypress Hill/Back in Black (2022)/Cypress Hill - Break of Dawn.mp3
  📚 beet import -q …
    ⚠️  error: database file /beets-config/library.db cannot not be opened: unable to open database file
  ⚠️  beet import a échoué — rating NON effacé (traitement manuel requis)
[136/1740] ??? — Champion Sound
  📄 /mnt/MyBook/itunes/Music/Cypress Hill/Back in Black (2022)/00
00 - Champion Sound.mp3
  🔁 Chemin résolu (mapped:/mnt/MyBook/itunes->/itunes)
     → /itunes/Music/Cypress Hill/Back in Black (2022)/00
00 - Champion Sound.mp3
  🎵 songrec-rename -i …
    ⚠️  python3: can't open file '/home/paulceline/scripts/plex-scripts/bin/utils/songrec_rename_cli.py': [Errno 2] No such file or directory
  ⚠️  songrec-rename a échoué, tentative de fallback songrec…
    ✅ Tags mis à jour (fallback songrec)
    ✅ Renommé: Cypress Hill - Champion Sound.mp3
  📦 Fichier traité: /itunes/Music/Cypress Hill/Back in Black (2022)/Cypress Hill - Champion Sound.mp3
  📚 beet import -q …
    ⚠️  error: database file /beets-config/library.db cannot not be opened: unable to open database file
  ⚠️  beet import a échoué — rating NON effacé (traitement manuel requis)
[137/1740] ??? — The Avenger
  📄 /mnt/MyBook/itunes/Music/Miguel Campbell/Back in Flight School (2012)/00
00 - The Avenger.mp3
  🔁 Chemin résolu (mapped:/mnt/MyBook/itunes->/itunes)
     → /itunes/Music/Miguel Campbell/Back in Flight School (2012)/00
00 - The Avenger.mp3
  🎵 songrec-rename -i …
    ⚠️  python3: can't open file '/home/paulceline/scripts/plex-scripts/bin/utils/songrec_rename_cli.py': [Errno 2] No such file or directory
  ⚠️  songrec-rename a échoué, tentative de fallback songrec…
    ✅ Tags mis à jour (fallback songrec)
    ✅ Renommé: Mario Pompeiani - La Rondine.mp3
  📦 Fichier traité: /itunes/Music/Miguel Campbell/Back in Flight School (2012)/Mario Pompeiani - La Rondine.mp3
  📚 beet import -q …
    ⚠️  error: database file /beets-config/library.db cannot not be opened: unable to open database file
  ⚠️  beet import a échoué — rating NON effacé (traitement manuel requis)
[138/1740] ??? — Flight School
  📄 /mnt/MyBook/itunes/Music/Miguel Campbell/Back in Flight School (2012)/01 - Flight School.mp3
  🔁 Chemin résolu (mapped:/mnt/MyBook/itunes->/itunes)
     → /itunes/Music/Miguel Campbell/Back in Flight School (2012)/01 - Flight School.mp3
  🎵 songrec-rename -i …
    ⚠️  python3: can't open file '/home/paulceline/scripts/plex-scripts/bin/utils/songrec_rename_cli.py': [Errno 2] No such file or directory
  ⚠️  songrec-rename a échoué, tentative de fallback songrec…
    ✅ Tags mis à jour (fallback songrec)
    ✅ Renommé: DJ Hamida - À la bien mix party de 2007 à 2017 (feat. DJ K-Lead).mp3
  📦 Fichier traité: /itunes/Music/Miguel Campbell/Back in Flight School (2012)/DJ Hamida - À la bien mix party de 2007 à 2017 (feat. DJ K-Lead).mp3
  📚 beet import -q …
    ⚠️  error: database file /beets-config/library.db cannot not be opened: unable to open database file
  ⚠️  beet import a échoué — rating NON effacé (traitement manuel requis)
[139/1740] ??? — Not That Kind of Girl
  📄 /mnt/MyBook/itunes/Music/Miguel Campbell/Back in Flight School (2012)/03 - Not That Kind of Girl.mp3
  🔁 Chemin résolu (mapped:/mnt/MyBook/itunes->/itunes)
     → /itunes/Music/Miguel Campbell/Back in Flight School (2012)/03 - Not That Kind of Girl.mp3
  🎵 songrec-rename -i …
    ⚠️  python3: can't open file '/home/paulceline/scripts/plex-scripts/bin/utils/songrec_rename_cli.py': [Errno 2] No such file or directory
  ⚠️  songrec-rename a échoué, tentative de fallback songrec…
    ✅ Tags mis à jour (fallback songrec)
    ✅ Renommé: Skream - All Gone Pete Tong & Skream Miami 2013 (Skream Mix).mp3
  📦 Fichier traité: /itunes/Music/Miguel Campbell/Back in Flight School (2012)/Skream - All Gone Pete Tong & Skream Miami 2013 (Skream Mix).mp3
  📚 beet import -q …
    ⚠️  error: database file /beets-config/library.db cannot not be opened: unable to open database file
  ⚠️  beet import a échoué — rating NON effacé (traitement manuel requis)
[140/1740] ??? — Into Your High
  📄 /mnt/MyBook/itunes/Music/Miguel Campbell/Back in Flight School (2012)/04 - Into Your High.mp3
  🔁 Chemin résolu (mapped:/mnt/MyBook/itunes->/itunes)
     → /itunes/Music/Miguel Campbell/Back in Flight School (2012)/04 - Into Your High.mp3
  🎵 songrec-rename -i …
    ⚠️  python3: can't open file '/home/paulceline/scripts/plex-scripts/bin/utils/songrec_rename_cli.py': [Errno 2] No such file or directory
  ⚠️  songrec-rename a échoué, tentative de fallback songrec…
    ✅ Tags mis à jour (fallback songrec)
    ✅ Renommé: Pherox - Gabrielle.mp3
  📦 Fichier traité: /itunes/Music/Miguel Campbell/Back in Flight School (2012)/Pherox - Gabrielle.mp3
  📚 beet import -q …
    ⚠️  error: database file /beets-config/library.db cannot not be opened: unable to open database file
  ⚠️  beet import a échoué — rating NON effacé (traitement manuel requis)
[141/1740] ??? — Baby I Got It
  📄 /mnt/MyBook/itunes/Music/Miguel Campbell/Back in Flight School (2012)/05 - Baby I Got It.mp3
  🔁 Chemin résolu (mapped:/mnt/MyBook/itunes->/itunes)
     → /itunes/Music/Miguel Campbell/Back in Flight School (2012)/05 - Baby I Got It.mp3
  🎵 songrec-rename -i …
    ⚠️  python3: can't open file '/home/paulceline/scripts/plex-scripts/bin/utils/songrec_rename_cli.py': [Errno 2] No such file or directory
  ⚠️  songrec-rename a échoué, tentative de fallback songrec…
    ✅ Tags mis à jour (fallback songrec)
    ✅ Renommé: Miquel Campbell - Baby I Got It.mp3
  📦 Fichier traité: /itunes/Music/Miguel Campbell/Back in Flight School (2012)/Miquel Campbell - Baby I Got It.mp3
  📚 beet import -q …
    ⚠️  error: database file /beets-config/library.db cannot not be opened: unable to open database file
  ⚠️  beet import a échoué — rating NON effacé (traitement manuel requis)
[142/1740] ??? — Rockin' Beats
  📄 /mnt/MyBook/itunes/Music/Miguel Campbell/Back in Flight School (2012)/06 - Rockin' Beats.mp3
  🔁 Chemin résolu (mapped:/mnt/MyBook/itunes->/itunes)
     → /itunes/Music/Miguel Campbell/Back in Flight School (2012)/06 - Rockin' Beats.mp3
  🎵 songrec-rename -i …
    ⚠️  python3: can't open file '/home/paulceline/scripts/plex-scripts/bin/utils/songrec_rename_cli.py': [Errno 2] No such file or directory
  ⚠️  songrec-rename a échoué, tentative de fallback songrec…
    ✅ Tags mis à jour (fallback songrec)
    ✅ Renommé: DJ Spektur - This Sound.mp3
  📦 Fichier traité: /itunes/Music/Miguel Campbell/Back in Flight School (2012)/DJ Spektur - This Sound.mp3
  📚 beet import -q …
    ⚠️  error: database file /beets-config/library.db cannot not be opened: unable to open database file
  ⚠️  beet import a échoué — rating NON effacé (traitement manuel requis)
[143/1740] ??? — Boy
  📄 /mnt/MyBook/itunes/Music/Miguel Campbell/Back in Flight School (2012)/07 - Boy.mp3
  🔁 Chemin résolu (mapped:/mnt/MyBook/itunes->/itunes)
     → /itunes/Music/Miguel Campbell/Back in Flight School (2012)/07 - Boy.mp3
  🎵 songrec-rename -i …
    ⚠️  python3: can't open file '/home/paulceline/scripts/plex-scripts/bin/utils/songrec_rename_cli.py': [Errno 2] No such file or directory
  ⚠️  songrec-rename a échoué, tentative de fallback songrec…
    ✅ Tags mis à jour (fallback songrec)
    ✅ Renommé: Miguel Campbell - Boy.mp3
  📦 Fichier traité: /itunes/Music/Miguel Campbell/Back in Flight School (2012)/Miguel Campbell - Boy.mp3
  📚 beet import -q …
    ⚠️  error: database file /beets-config/library.db cannot not be opened: unable to open database file
  ⚠️  beet import a échoué — rating NON effacé (traitement manuel requis)
[144/1740] ??? — Beams of Light
  📄 /mnt/MyBook/itunes/Music/Miguel Campbell/Back in Flight School (2012)/10 - Beams of Light.mp3
  🔁 Chemin résolu (mapped:/mnt/MyBook/itunes->/itunes)
     → /itunes/Music/Miguel Campbell/Back in Flight School (2012)/10 - Beams of Light.mp3
  🎵 songrec-rename -i …
    ⚠️  python3: can't open file '/home/paulceline/scripts/plex-scripts/bin/utils/songrec_rename_cli.py': [Errno 2] No such file or directory
  ⚠️  songrec-rename a échoué, tentative de fallback songrec…
    ✅ Tags mis à jour (fallback songrec)
    ✅ Renommé: Zoningo AI - Hyper Harmony.mp3
  📦 Fichier traité: /itunes/Music/Miguel Campbell/Back in Flight School (2012)/Zoningo AI - Hyper Harmony.mp3
  📚 beet import -q …
    ⚠️  error: database file /beets-config/library.db cannot not be opened: unable to open database file
  ⚠️  beet import a échoué — rating NON effacé (traitement manuel requis)
[145/1740] ??? — Life
  📄 /mnt/MyBook/itunes/Music/Miguel Campbell/Back in Flight School (2012)/11 - Life.mp3
  🔁 Chemin résolu (mapped:/mnt/MyBook/itunes->/itunes)
     → /itunes/Music/Miguel Campbell/Back in Flight School (2012)/11 - Life.mp3
  🎵 songrec-rename -i …
    ⚠️  python3: can't open file '/home/paulceline/scripts/plex-scripts/bin/utils/songrec_rename_cli.py': [Errno 2] No such file or directory
  ⚠️  songrec-rename a échoué, tentative de fallback songrec…
    ✅ Tags mis à jour (fallback songrec)
    ✅ Renommé: Miguel Campbell - Life.mp3
  📦 Fichier traité: /itunes/Music/Miguel Campbell/Back in Flight School (2012)/Miguel Campbell - Life.mp3
  📚 beet import -q …
    ⚠️  error: database file /beets-config/library.db cannot not be opened: unable to open database file
  ⚠️  beet import a échoué — rating NON effacé (traitement manuel requis)
[146/1740] ??? — In Motion
  📄 /mnt/MyBook/itunes/Music/Miguel Campbell/Back in Flight School (2012)/12 - In Motion.mp3
  🔁 Chemin résolu (mapped:/mnt/MyBook/itunes->/itunes)
     → /itunes/Music/Miguel Campbell/Back in Flight School (2012)/12 - In Motion.mp3
  🎵 songrec-rename -i …
    ⚠️  python3: can't open file '/home/paulceline/scripts/plex-scripts/bin/utils/songrec_rename_cli.py': [Errno 2] No such file or directory
  ⚠️  songrec-rename a échoué, tentative de fallback songrec…
    ✅ Tags mis à jour (fallback songrec)
    ✅ Renommé: Miguel Campbell - In Motion.mp3
  📦 Fichier traité: /itunes/Music/Miguel Campbell/Back in Flight School (2012)/Miguel Campbell - In Motion.mp3
  📚 beet import -q …
    ⚠️  error: database file /beets-config/library.db cannot not be opened: unable to open database file
  ⚠️  beet import a échoué — rating NON effacé (traitement manuel requis)
[147/1740] ??? — Night Mode
  📄 /mnt/MyBook/itunes/Music/Miguel Campbell/Back in Flight School (2012)/13 - Night Mode.mp3
  🔁 Chemin résolu (mapped:/mnt/MyBook/itunes->/itunes)
     → /itunes/Music/Miguel Campbell/Back in Flight School (2012)/13 - Night Mode.mp3
  🎵 songrec-rename -i …
    ⚠️  python3: can't open file '/home/paulceline/scripts/plex-scripts/bin/utils/songrec_rename_cli.py': [Errno 2] No such file or directory
  ⚠️  songrec-rename a échoué, tentative de fallback songrec…
    ✅ Tags mis à jour (fallback songrec)
    ✅ Renommé: Bfb Da Packman - Blacc Sam (feat. Detwan Love).mp3
  📦 Fichier traité: /itunes/Music/Miguel Campbell/Back in Flight School (2012)/Bfb Da Packman - Blacc Sam (feat. Detwan Love).mp3
  📚 beet import -q …
    ⚠️  error: database file /beets-config/library.db cannot not be opened: unable to open database file
  ⚠️  beet import a échoué — rating NON effacé (traitement manuel requis)
[148/1740] ??? — Dedicated Music
  📄 /mnt/MyBook/itunes/Music/Miguel Campbell/Back in Flight School (2012)/14 - Dedicated Music.mp3
  🔁 Chemin résolu (mapped:/mnt/MyBook/itunes->/itunes)
     → /itunes/Music/Miguel Campbell/Back in Flight School (2012)/14 - Dedicated Music.mp3
  🎵 songrec-rename -i …
    ⚠️  python3: can't open file '/home/paulceline/scripts/plex-scripts/bin/utils/songrec_rename_cli.py': [Errno 2] No such file or directory
  ⚠️  songrec-rename a échoué, tentative de fallback songrec…
    ✅ Tags mis à jour (fallback songrec)
    ✅ Renommé: Miguel Campbell - Dedicated Music.mp3
  📦 Fichier traité: /itunes/Music/Miguel Campbell/Back in Flight School (2012)/Miguel Campbell - Dedicated Music.mp3
  📚 beet import -q …
    ⚠️  error: database file /beets-config/library.db cannot not be opened: unable to open database file
  ⚠️  beet import a échoué — rating NON effacé (traitement manuel requis)
[149/1740] ??? — Sky Mode
  📄 /mnt/MyBook/itunes/Music/Miguel Campbell/Back in Flight School (2012)/15 - Sky Mode.mp3
  🔁 Chemin résolu (mapped:/mnt/MyBook/itunes->/itunes)
     → /itunes/Music/Miguel Campbell/Back in Flight School (2012)/15 - Sky Mode.mp3
  🎵 songrec-rename -i …
    ⚠️  python3: can't open file '/home/paulceline/scripts/plex-scripts/bin/utils/songrec_rename_cli.py': [Errno 2] No such file or directory
  ⚠️  songrec-rename a échoué, tentative de fallback songrec…
    ✅ Tags mis à jour (fallback songrec)
    ✅ Renommé: Mr Absolutt - This Time It's Real (Re-Edit).mp3
  📦 Fichier traité: /itunes/Music/Miguel Campbell/Back in Flight School (2012)/Mr Absolutt - This Time It's Real (Re-Edit).mp3
  📚 beet import -q …
    ⚠️  error: database file /beets-config/library.db cannot not be opened: unable to open database file
  ⚠️  beet import a échoué — rating NON effacé (traitement manuel requis)
[150/1740] ??? — Take Off
  📄 /mnt/MyBook/itunes/Music/Miguel Campbell/Back in Flight School (2012)/16 - Take Off.mp3
  🔁 Chemin résolu (mapped:/mnt/MyBook/itunes->/itunes)
     → /itunes/Music/Miguel Campbell/Back in Flight School (2012)/16 - Take Off.mp3
  🎵 songrec-rename -i …
    ⚠️  python3: can't open file '/home/paulceline/scripts/plex-scripts/bin/utils/songrec_rename_cli.py': [Errno 2] No such file or directory
  ⚠️  songrec-rename a échoué, tentative de fallback songrec…
    ✅ Tags mis à jour (fallback songrec)
    ✅ Renommé: Miguel Campbell - Take Off.mp3
  📦 Fichier traité: /itunes/Music/Miguel Campbell/Back in Flight School (2012)/Miguel Campbell - Take Off.mp3
  📚 beet import -q …
    ⚠️  error: database file /beets-config/library.db cannot not be opened: unable to open database file
  ⚠️  beet import a échoué — rating NON effacé (traitement manuel requis)
[151/1740] ??? — Dance With Me
  📄 /mnt/MyBook/itunes/Music/Nouvelle Vague/Bande À Part (2006)/03 - Dance With Me.mp3
  🔁 Chemin résolu (mapped:/mnt/MyBook/itunes->/itunes)
     → /itunes/Music/Nouvelle Vague/Bande À Part (2006)/03 - Dance With Me.mp3
  🎵 songrec-rename -i …
    ⚠️  python3: can't open file '/home/paulceline/scripts/plex-scripts/bin/utils/songrec_rename_cli.py': [Errno 2] No such file or directory
  ⚠️  songrec-rename a échoué, tentative de fallback songrec…
    ✅ Tags mis à jour (fallback songrec)
    ✅ Renommé: Nouvelle Vague - Dance With Me (feat. Mélanie Pain).mp3
  📦 Fichier traité: /itunes/Music/Nouvelle Vague/Bande À Part (2006)/Nouvelle Vague - Dance With Me (feat. Mélanie Pain).mp3
  📚 beet import -q …
    ⚠️  error: database file /beets-config/library.db cannot not be opened: unable to open database file
  ⚠️  beet import a échoué — rating NON effacé (traitement manuel requis)
[152/1740] ??? — WRECKING BALL
  📄 /mnt/MyBook/itunes/Music/Miley Cyrus/BANGERZ (2013)/06 - WRECKING BALL.mp3
  🔁 Chemin résolu (mapped:/mnt/MyBook/itunes->/itunes)
     → /itunes/Music/Miley Cyrus/BANGERZ (2013)/06 - WRECKING BALL.mp3
  🎵 songrec-rename -i …
    ⚠️  python3: can't open file '/home/paulceline/scripts/plex-scripts/bin/utils/songrec_rename_cli.py': [Errno 2] No such file or directory
  ⚠️  songrec-rename a échoué, tentative de fallback songrec…
    ✅ Tags mis à jour (fallback songrec)
    ✅ Renommé: Miley Cyrus - Wrecking Ball.mp3
  📦 Fichier traité: /itunes/Music/Miley Cyrus/BANGERZ (2013)/Miley Cyrus - Wrecking Ball.mp3
  📚 beet import -q …
    ⚠️  error: database file /beets-config/library.db cannot not be opened: unable to open database file
  ⚠️  beet import a échoué — rating NON effacé (traitement manuel requis)
[153/1740] ??? — Work (Lipstick version)
  📄 /mnt/MyBook/itunes/Music/Barrington Levy/BARRINGTON (1993)/03 - Work (Lipstick version).mp3
  🔁 Chemin résolu (mapped:/mnt/MyBook/itunes->/itunes)
     → /itunes/Music/Barrington Levy/BARRINGTON (1993)/03 - Work (Lipstick version).mp3
  🎵 songrec-rename -i …
    ⚠️  python3: can't open file '/home/paulceline/scripts/plex-scripts/bin/utils/songrec_rename_cli.py': [Errno 2] No such file or directory
  ⚠️  songrec-rename a échoué, tentative de fallback songrec…
    ✅ Tags mis à jour (fallback songrec)
    ✅ Renommé: Barrington Levy - Work.mp3
  📦 Fichier traité: /itunes/Music/Barrington Levy/BARRINGTON (1993)/Barrington Levy - Work.mp3
  📚 beet import -q …
    ⚠️  error: database file /beets-config/library.db cannot not be opened: unable to open database file
  ⚠️  beet import a échoué — rating NON effacé (traitement manuel requis)
[154/1740] ??? — Quack
  📄 /mnt/MyBook/itunes/Music/Benny Sings/Beat Tape III (2025)/12 - beebieslowdown.mp3
  🔁 Chemin résolu (mapped:/mnt/MyBook/itunes->/itunes)
     → /itunes/Music/Benny Sings/Beat Tape III (2025)/12 - beebieslowdown.mp3
  🎵 songrec-rename -i …
    ⚠️  python3: can't open file '/home/paulceline/scripts/plex-scripts/bin/utils/songrec_rename_cli.py': [Errno 2] No such file or directory
  ⚠️  songrec-rename a échoué, tentative de fallback songrec…
    ✅ Tags mis à jour (fallback songrec)
    ✅ Renommé: Benny Sings - beebieslowdown (feat. Dean Tippet).mp3
  📦 Fichier traité: /itunes/Music/Benny Sings/Beat Tape III (2025)/Benny Sings - beebieslowdown (feat. Dean Tippet).mp3
  📚 beet import -q …
    ⚠️  error: database file /beets-config/library.db cannot not be opened: unable to open database file
  ⚠️  beet import a échoué — rating NON effacé (traitement manuel requis)
[155/1740] ??? — Something Like A Mama
  📄 /mnt/MyBook/itunes/Music/Underworld/Beaucoup Fish (1999)/10 - Something Like A Mama.mp3
  🔁 Chemin résolu (mapped:/mnt/MyBook/itunes->/itunes)
     → /itunes/Music/Underworld/Beaucoup Fish (1999)/10 - Something Like A Mama.mp3
  🎵 songrec-rename -i …
    ⚠️  python3: can't open file '/home/paulceline/scripts/plex-scripts/bin/utils/songrec_rename_cli.py': [Errno 2] No such file or directory
  ⚠️  songrec-rename a échoué, tentative de fallback songrec…
    ✅ Tags mis à jour (fallback songrec)
    ✅ Renommé: Underworld - Something Like a Mama.mp3
  📦 Fichier traité: /itunes/Music/Underworld/Beaucoup Fish (1999)/Underworld - Something Like a Mama.mp3
  📚 beet import -q …
    ⚠️  error: database file /beets-config/library.db cannot not be opened: unable to open database file
  ⚠️  beet import a échoué — rating NON effacé (traitement manuel requis)
[156/1740] ??? — Teen Angst
  📄 /mnt/MyBook/itunes/Music/M83/Before the Dawn Heals Us (2005)/00
00 - Teen Angst.mp3
  🔁 Chemin résolu (mapped:/mnt/MyBook/itunes->/itunes)
     → /itunes/Music/M83/Before the Dawn Heals Us (2005)/00
00 - Teen Angst.mp3
  🎵 songrec-rename -i …
    ⚠️  python3: can't open file '/home/paulceline/scripts/plex-scripts/bin/utils/songrec_rename_cli.py': [Errno 2] No such file or directory
  ⚠️  songrec-rename a échoué, tentative de fallback songrec…
    ✅ Tags mis à jour (fallback songrec)
    ✅ Renommé: M83 - Teen Angst.mp3
  📦 Fichier traité: /itunes/Music/M83/Before the Dawn Heals Us (2005)/M83 - Teen Angst.mp3
  📚 beet import -q …
    ⚠️  error: database file /beets-config/library.db cannot not be opened: unable to open database file
  ⚠️  beet import a échoué — rating NON effacé (traitement manuel requis)
[157/1740] ??? — Bela (Não Faz Isso)
  📄 /mnt/MyBook/itunes/Music/Os Detroia - Bela (Não Faz Isso).mp3
  🔁 Chemin résolu (mapped:/mnt/MyBook/itunes->/itunes)
     → /itunes/Music/Os Detroia - Bela (Não Faz Isso).mp3
  🎵 songrec-rename -i …
    ⚠️  python3: can't open file '/home/paulceline/scripts/plex-scripts/bin/utils/songrec_rename_cli.py': [Errno 2] No such file or directory
  ⚠️  songrec-rename a échoué, tentative de fallback songrec…
    ✅ Tags mis à jour (fallback songrec)
  📚 beet import -q …
    ⚠️  error: database file /beets-config/library.db cannot not be opened: unable to open database file
  ⚠️  beet import a échoué — rating NON effacé (traitement manuel requis)
[158/1740] ??? — Change Style
  📄 /mnt/MyBook/itunes/Music/Benny Benassi/Best Of (2006)/00
00 - Change Style.mp3
  🔁 Chemin résolu (mapped:/mnt/MyBook/itunes->/itunes)
     → /itunes/Music/Benny Benassi/Best Of (2006)/00
00 - Change Style.mp3
  🎵 songrec-rename -i …
    ⚠️  python3: can't open file '/home/paulceline/scripts/plex-scripts/bin/utils/songrec_rename_cli.py': [Errno 2] No such file or directory
  ⚠️  songrec-rename a échoué, tentative de fallback songrec…
    ✅ Tags mis à jour (fallback songrec)
    ✅ Renommé: Benny Benassi - Change Style.mp3
  📦 Fichier traité: /itunes/Music/Benny Benassi/Best Of (2006)/Benny Benassi - Change Style.mp3
  📚 beet import -q …
    ⚠️  error: database file /beets-config/library.db cannot not be opened: unable to open database file
  ⚠️  beet import a échoué — rating NON effacé (traitement manuel requis)
[159/1740] ??? — No Matter What You Do
  📄 /mnt/MyBook/itunes/Music/Benny Benassi/Best Of (2006)/00
00 - No Matter What You Do.mp3
  🔁 Chemin résolu (mapped:/mnt/MyBook/itunes->/itunes)
     → /itunes/Music/Benny Benassi/Best Of (2006)/00
00 - No Matter What You Do.mp3
  🎵 songrec-rename -i …
    ⚠️  python3: can't open file '/home/paulceline/scripts/plex-scripts/bin/utils/songrec_rename_cli.py': [Errno 2] No such file or directory
  ⚠️  songrec-rename a échoué, tentative de fallback songrec…
    ✅ Tags mis à jour (fallback songrec)
    ✅ Renommé: Benny Benassi - No Matter What You Do (Sfaction Mix).mp3
  📦 Fichier traité: /itunes/Music/Benny Benassi/Best Of (2006)/Benny Benassi - No Matter What You Do (Sfaction Mix).mp3
  📚 beet import -q …
    ⚠️  error: database file /beets-config/library.db cannot not be opened: unable to open database file
  ⚠️  beet import a échoué — rating NON effacé (traitement manuel requis)
[160/1740] ??? — Satisfaction (Original Album Version)
  📄 /mnt/MyBook/itunes/Music/Benny Benassi/Best Of (2006)/01 - Satisfaction (Original Album Version).mp3
  🔁 Chemin résolu (mapped:/mnt/MyBook/itunes->/itunes)
     → /itunes/Music/Benny Benassi/Best Of (2006)/01 - Satisfaction (Original Album Version).mp3
  🎵 songrec-rename -i …
    ⚠️  python3: can't open file '/home/paulceline/scripts/plex-scripts/bin/utils/songrec_rename_cli.py': [Errno 2] No such file or directory
  ⚠️  songrec-rename a échoué, tentative de fallback songrec…
    ✅ Tags mis à jour (fallback songrec)
    ✅ Renommé: Benny Benassi & The Biz - Satisfaction.mp3
  📦 Fichier traité: /itunes/Music/Benny Benassi/Best Of (2006)/Benny Benassi & The Biz - Satisfaction.mp3
  📚 beet import -q …
    ⚠️  error: database file /beets-config/library.db cannot not be opened: unable to open database file
  ⚠️  beet import a échoué — rating NON effacé (traitement manuel requis)
[161/1740] ??? — Love Is Gonna Save Us
  📄 /mnt/MyBook/itunes/Music/Benny Benassi/Best Of (2006)/02 - Love Is Gonna Save Us.mp3
  🔁 Chemin résolu (mapped:/mnt/MyBook/itunes->/itunes)
     → /itunes/Music/Benny Benassi/Best Of (2006)/02 - Love Is Gonna Save Us.mp3
  🎵 songrec-rename -i …
    ⚠️  python3: can't open file '/home/paulceline/scripts/plex-scripts/bin/utils/songrec_rename_cli.py': [Errno 2] No such file or directory
  ⚠️  songrec-rename a échoué, tentative de fallback songrec…
    ✅ Tags mis à jour (fallback songrec)
    ✅ Renommé: Benny Benassi - Love Is Gonna Save Us.mp3
  📦 Fichier traité: /itunes/Music/Benny Benassi/Best Of (2006)/Benny Benassi - Love Is Gonna Save Us.mp3
  📚 beet import -q …
    ⚠️  error: database file /beets-config/library.db cannot not be opened: unable to open database file
  ⚠️  beet import a échoué — rating NON effacé (traitement manuel requis)
[162/1740] ??? — Who's Your Daddy (Radio Edit)
  📄 /mnt/MyBook/itunes/Music/Benny Benassi/Best Of (2006)/03 - Who's Your Daddy (Radio Edit).mp3
  🔁 Chemin résolu (mapped:/mnt/MyBook/itunes->/itunes)
     → /itunes/Music/Benny Benassi/Best Of (2006)/03 - Who's Your Daddy (Radio Edit).mp3
  🎵 songrec-rename -i …
    ⚠️  python3: can't open file '/home/paulceline/scripts/plex-scripts/bin/utils/songrec_rename_cli.py': [Errno 2] No such file or directory
  ⚠️  songrec-rename a échoué, tentative de fallback songrec…
    ✅ Tags mis à jour (fallback songrec)
    ✅ Renommé: Benny Benassi - Who's Your Daddy_ (Original Radio Edit).mp3
  📦 Fichier traité: /itunes/Music/Benny Benassi/Best Of (2006)/Benny Benassi - Who's Your Daddy_ (Original Radio Edit).mp3
  📚 beet import -q …
    ⚠️  error: database file /beets-config/library.db cannot not be opened: unable to open database file
  ⚠️  beet import a échoué — rating NON effacé (traitement manuel requis)
[163/1740] ??? — Time
  📄 /mnt/MyBook/itunes/Music/Benny Benassi/Best Of (2006)/04 - Time.mp3
  🔁 Chemin résolu (mapped:/mnt/MyBook/itunes->/itunes)
     → /itunes/Music/Benny Benassi/Best Of (2006)/04 - Time.mp3
  🎵 songrec-rename -i …
    ⚠️  python3: can't open file '/home/paulceline/scripts/plex-scripts/bin/utils/songrec_rename_cli.py': [Errno 2] No such file or directory
  ⚠️  songrec-rename a échoué, tentative de fallback songrec…
    ✅ Tags mis à jour (fallback songrec)
    ✅ Renommé: Benny Benassi - Time.mp3
  📦 Fichier traité: /itunes/Music/Benny Benassi/Best Of (2006)/Benny Benassi - Time.mp3
  📚 beet import -q …
    ⚠️  error: database file /beets-config/library.db cannot not be opened: unable to open database file
  ⚠️  beet import a échoué — rating NON effacé (traitement manuel requis)
[164/1740] ??? — Able To Love (Sfaction Mix)
  📄 /mnt/MyBook/itunes/Music/Benny Benassi/Best Of (2006)/05 - Able To Love (Sfaction Mix).mp3
  🔁 Chemin résolu (mapped:/mnt/MyBook/itunes->/itunes)
     → /itunes/Music/Benny Benassi/Best Of (2006)/05 - Able To Love (Sfaction Mix).mp3
  🎵 songrec-rename -i …
    ⚠️  python3: can't open file '/home/paulceline/scripts/plex-scripts/bin/utils/songrec_rename_cli.py': [Errno 2] No such file or directory
  ⚠️  songrec-rename a échoué, tentative de fallback songrec…
    ✅ Tags mis à jour (fallback songrec)
    ✅ Renommé: Benny Benassi - Able to Love (Sfaction Mix).mp3
  📦 Fichier traité: /itunes/Music/Benny Benassi/Best Of (2006)/Benny Benassi - Able to Love (Sfaction Mix).mp3
  📚 beet import -q …
    ⚠️  error: database file /beets-config/library.db cannot not be opened: unable to open database file
  ⚠️  beet import a échoué — rating NON effacé (traitement manuel requis)
[165/1740] ??? — Get Loose
  📄 /mnt/MyBook/itunes/Music/Benny Benassi/Best Of (2006)/06 - Get Loose.mp3
  🔁 Chemin résolu (mapped:/mnt/MyBook/itunes->/itunes)
     → /itunes/Music/Benny Benassi/Best Of (2006)/06 - Get Loose.mp3
  🎵 songrec-rename -i …
    ⚠️  python3: can't open file '/home/paulceline/scripts/plex-scripts/bin/utils/songrec_rename_cli.py': [Errno 2] No such file or directory
  ⚠️  songrec-rename a échoué, tentative de fallback songrec…
    ✅ Tags mis à jour (fallback songrec)
    ✅ Renommé: Benny Benassi - Inside of Me.mp3
  📦 Fichier traité: /itunes/Music/Benny Benassi/Best Of (2006)/Benny Benassi - Inside of Me.mp3
  📚 beet import -q …
    ⚠️  error: database file /beets-config/library.db cannot not be opened: unable to open database file
  ⚠️  beet import a échoué — rating NON effacé (traitement manuel requis)
[166/1740] ??? — Inside Of Me
  📄 /mnt/MyBook/itunes/Music/Benny Benassi/Best Of (2006)/07 - Inside Of Me.mp3
  🔁 Chemin résolu (mapped:/mnt/MyBook/itunes->/itunes)
     → /itunes/Music/Benny Benassi/Best Of (2006)/07 - Inside Of Me.mp3
  🎵 songrec-rename -i …
    ⚠️  python3: can't open file '/home/paulceline/scripts/plex-scripts/bin/utils/songrec_rename_cli.py': [Errno 2] No such file or directory
  ⚠️  songrec-rename a échoué, tentative de fallback songrec…
    ✅ Tags mis à jour (fallback songrec)
  📚 beet import -q …
    ⚠️  error: database file /beets-config/library.db cannot not be opened: unable to open database file
  ⚠️  beet import a échoué — rating NON effacé (traitement manuel requis)
[167/1740] ??? — I Wanna Touch Your Soul
  📄 /mnt/MyBook/itunes/Music/Benny Benassi/Best Of (2006)/10 - I Wanna Touch Your Soul.mp3
  🔁 Chemin résolu (mapped:/mnt/MyBook/itunes->/itunes)
     → /itunes/Music/Benny Benassi/Best Of (2006)/10 - I Wanna Touch Your Soul.mp3
  🎵 songrec-rename -i …
    ⚠️  python3: can't open file '/home/paulceline/scripts/plex-scripts/bin/utils/songrec_rename_cli.py': [Errno 2] No such file or directory
  ⚠️  songrec-rename a échoué, tentative de fallback songrec…
    ✅ Tags mis à jour (fallback songrec)
  📚 beet import -q …
    ⚠️  error: database file /beets-config/library.db cannot not be opened: unable to open database file
  ⚠️  beet import a échoué — rating NON effacé (traitement manuel requis)
[168/1740] ??? — Put Your Hands Up
  📄 /mnt/MyBook/itunes/Music/Benny Benassi/Best Of (2006)/11 - Put Your Hands Up.mp3
  🔁 Chemin résolu (mapped:/mnt/MyBook/itunes->/itunes)
     → /itunes/Music/Benny Benassi/Best Of (2006)/11 - Put Your Hands Up.mp3
  🎵 songrec-rename -i …
    ⚠️  python3: can't open file '/home/paulceline/scripts/plex-scripts/bin/utils/songrec_rename_cli.py': [Errno 2] No such file or directory
  ⚠️  songrec-rename a échoué, tentative de fallback songrec…
    ✅ Tags mis à jour (fallback songrec)
    ✅ Renommé: Benny Benassi - Put Your Hands Up.mp3
  📦 Fichier traité: /itunes/Music/Benny Benassi/Best Of (2006)/Benny Benassi - Put Your Hands Up.mp3
  📚 beet import -q …
    ⚠️  error: database file /beets-config/library.db cannot not be opened: unable to open database file
  ⚠️  beet import a échoué — rating NON effacé (traitement manuel requis)
[169/1740] ??? — Megamix (Version 1)
  📄 /mnt/MyBook/itunes/Music/Benny Benassi/Best Of (2006)/12 - Megamix (Version 1).mp3
  🔁 Chemin résolu (mapped:/mnt/MyBook/itunes->/itunes)
     → /itunes/Music/Benny Benassi/Best Of (2006)/12 - Megamix (Version 1).mp3
  🎵 songrec-rename -i …
    ⚠️  python3: can't open file '/home/paulceline/scripts/plex-scripts/bin/utils/songrec_rename_cli.py': [Errno 2] No such file or directory
  ⚠️  songrec-rename a échoué, tentative de fallback songrec…
    ✅ Tags mis à jour (fallback songrec)
    ✅ Renommé: Benny Benassi & The Biz - Approved Bootleg Megamix - Side One (Satisfaction _ Able To Love _ I Love My Sex _ Don't Touch Too Much) [Fragmented Versions].mp3
  📦 Fichier traité: /itunes/Music/Benny Benassi/Best Of (2006)/Benny Benassi & The Biz - Approved Bootleg Megamix - Side One (Satisfaction _ Able To Love _ I Love My Sex _ Don't Touch Too Much) [Fragmented Versions].mp3
  📚 beet import -q …
    ⚠️  error: database file /beets-config/library.db cannot not be opened: unable to open database file
  ⚠️  beet import a échoué — rating NON effacé (traitement manuel requis)
[170/1740] ??? — Who's Your Daddy (Fuzzy Hair Remix)
  📄 /mnt/MyBook/itunes/Music/Benny Benassi/Best Of (2006)/13 - Who's Your Daddy (Fuzzy Hair Remix).mp3
  🔁 Chemin résolu (mapped:/mnt/MyBook/itunes->/itunes)
     → /itunes/Music/Benny Benassi/Best Of (2006)/13 - Who's Your Daddy (Fuzzy Hair Remix).mp3
  🎵 songrec-rename -i …
    ⚠️  python3: can't open file '/home/paulceline/scripts/plex-scripts/bin/utils/songrec_rename_cli.py': [Errno 2] No such file or directory
  ⚠️  songrec-rename a échoué, tentative de fallback songrec…
    ✅ Tags mis à jour (fallback songrec)
    ✅ Renommé: Benny Benassi - Who's Your Daddy_ (Fuzzy Hair Remix).mp3
  📦 Fichier traité: /itunes/Music/Benny Benassi/Best Of (2006)/Benny Benassi - Who's Your Daddy_ (Fuzzy Hair Remix).mp3
  📚 beet import -q …
    ⚠️  error: database file /beets-config/library.db cannot not be opened: unable to open database file
  ⚠️  beet import a échoué — rating NON effacé (traitement manuel requis)
[171/1740] ??? — I Love My Sex
  📄 /mnt/MyBook/itunes/Music/Benny Benassi/Best of Benny Benassi (2007)/00
00 - I Love My Sex.mp3
  🔁 Chemin résolu (mapped:/mnt/MyBook/itunes->/itunes)
     → /itunes/Music/Benny Benassi/Best of Benny Benassi (2007)/00
00 - I Love My Sex.mp3
  🎵 songrec-rename -i …
    ⚠️  python3: can't open file '/home/paulceline/scripts/plex-scripts/bin/utils/songrec_rename_cli.py': [Errno 2] No such file or directory
  ⚠️  songrec-rename a échoué, tentative de fallback songrec…
    ✅ Tags mis à jour (fallback songrec)
    ✅ Renommé: Benassi Bros. & Violeta - I Love My Sex (Sfaction Mix).mp3
  📦 Fichier traité: /itunes/Music/Benny Benassi/Best of Benny Benassi (2007)/Benassi Bros. & Violeta - I Love My Sex (Sfaction Mix).mp3
  📚 beet import -q …
    ⚠️  error: database file /beets-config/library.db cannot not be opened: unable to open database file
  ⚠️  beet import a échoué — rating NON effacé (traitement manuel requis)
[172/1740] ??? — Put Your Hands Up
  📄 /mnt/MyBook/itunes/Music/Benny Benassi/Best of Benny Benassi (2007)/00
00 - Put Your Hands Up.mp3
  🔁 Chemin résolu (mapped:/mnt/MyBook/itunes->/itunes)
     → /itunes/Music/Benny Benassi/Best of Benny Benassi (2007)/00
00 - Put Your Hands Up.mp3
  🎵 songrec-rename -i …
    ⚠️  python3: can't open file '/home/paulceline/scripts/plex-scripts/bin/utils/songrec_rename_cli.py': [Errno 2] No such file or directory
  ⚠️  songrec-rename a échoué, tentative de fallback songrec…
    ✅ Tags mis à jour (fallback songrec)
    ✅ Renommé: Benny Benassi - Put Your Hands Up.mp3
  📦 Fichier traité: /itunes/Music/Benny Benassi/Best of Benny Benassi (2007)/Benny Benassi - Put Your Hands Up.mp3
  📚 beet import -q …
    ⚠️  error: database file /beets-config/library.db cannot not be opened: unable to open database file
  ⚠️  beet import a échoué — rating NON effacé (traitement manuel requis)
[173/1740] ??? — Whos Your Daddy
  📄 /mnt/MyBook/itunes/Music/Benny Benassi/Best of Benny Benassi (2007)/01 - Whos Your Daddy.mp3
  🔁 Chemin résolu (mapped:/mnt/MyBook/itunes->/itunes)
     → /itunes/Music/Benny Benassi/Best of Benny Benassi (2007)/01 - Whos Your Daddy.mp3
  🎵 songrec-rename -i …
    ⚠️  python3: can't open file '/home/paulceline/scripts/plex-scripts/bin/utils/songrec_rename_cli.py': [Errno 2] No such file or directory
  ⚠️  songrec-rename a échoué, tentative de fallback songrec…
    ✅ Tags mis à jour (fallback songrec)
    ✅ Renommé: Benny Benassi - Who's Your Daddy_ (Original Radio Edit).mp3
  📦 Fichier traité: /itunes/Music/Benny Benassi/Best of Benny Benassi (2007)/Benny Benassi - Who's Your Daddy_ (Original Radio Edit).mp3
  📚 beet import -q …
    ⚠️  error: database file /beets-config/library.db cannot not be opened: unable to open database file
  ⚠️  beet import a échoué — rating NON effacé (traitement manuel requis)
[174/1740] ??? — Stop Go
  📄 /mnt/MyBook/itunes/Music/Benny Benassi/Best of Benny Benassi (2007)/02 - Stop Go.mp3
  🔁 Chemin résolu (mapped:/mnt/MyBook/itunes->/itunes)
     → /itunes/Music/Benny Benassi/Best of Benny Benassi (2007)/02 - Stop Go.mp3
  🎵 songrec-rename -i …
    ⚠️  python3: can't open file '/home/paulceline/scripts/plex-scripts/bin/utils/songrec_rename_cli.py': [Errno 2] No such file or directory
  ⚠️  songrec-rename a échoué, tentative de fallback songrec…
    ✅ Tags mis à jour (fallback songrec)
    ✅ Renommé: Boys of Tomorrowland - Kyrenia Starlight Dive.mp3
  📦 Fichier traité: /itunes/Music/Benny Benassi/Best of Benny Benassi (2007)/Boys of Tomorrowland - Kyrenia Starlight Dive.mp3
  📚 beet import -q …
    ⚠️  error: database file /beets-config/library.db cannot not be opened: unable to open database file
  ⚠️  beet import a échoué — rating NON effacé (traitement manuel requis)
[175/1740] ??? — In Tango (Sfaction Extended)
  📄 /mnt/MyBook/itunes/Music/Benny Benassi/Best of Benny Benassi (2007)/02-01 - In Tango (Sfaction Extended).mp3
  🔁 Chemin résolu (mapped:/mnt/MyBook/itunes->/itunes)
     → /itunes/Music/Benny Benassi/Best of Benny Benassi (2007)/02-01 - In Tango (Sfaction Extended).mp3
  🎵 songrec-rename -i …
    ⚠️  python3: can't open file '/home/paulceline/scripts/plex-scripts/bin/utils/songrec_rename_cli.py': [Errno 2] No such file or directory
  ⚠️  songrec-rename a échoué, tentative de fallback songrec…
    ✅ Tags mis à jour (fallback songrec)
    ✅ Renommé: Benny Benassi & The Biz - Satisfaction.mp3
  📦 Fichier traité: /itunes/Music/Benny Benassi/Best of Benny Benassi (2007)/Benny Benassi & The Biz - Satisfaction.mp3
  📚 beet import -q …
    ⚠️  error: database file /beets-config/library.db cannot not be opened: unable to open database file
  ⚠️  beet import a échoué — rating NON effacé (traitement manuel requis)
[176/1740] ??? — Get Better (Sfaction Reloaded Mix)
  📄 /mnt/MyBook/itunes/Music/Benny Benassi/Best of Benny Benassi (2007)/02-02 - Get Better (Sfaction Reloaded Mix).mp3
  🔁 Chemin résolu (mapped:/mnt/MyBook/itunes->/itunes)
     → /itunes/Music/Benny Benassi/Best of Benny Benassi (2007)/02-02 - Get Better (Sfaction Reloaded Mix).mp3
  🎵 songrec-rename -i …
    ⚠️  python3: can't open file '/home/paulceline/scripts/plex-scripts/bin/utils/songrec_rename_cli.py': [Errno 2] No such file or directory
  ⚠️  songrec-rename a échoué, tentative de fallback songrec…
    ✅ Tags mis à jour (fallback songrec)
    ✅ Renommé: KMC featuring Sandy - Get Better (Sfaction Reloaded Mix).mp3
  📦 Fichier traité: /itunes/Music/Benny Benassi/Best of Benny Benassi (2007)/KMC featuring Sandy - Get Better (Sfaction Reloaded Mix).mp3
  📚 beet import -q …
    ⚠️  error: database file /beets-config/library.db cannot not be opened: unable to open database file
  ⚠️  beet import a échoué — rating NON effacé (traitement manuel requis)
[177/1740] ??? — No No No (Sfaction Mix)
  📄 /mnt/MyBook/itunes/Music/Benny Benassi/Best of Benny Benassi (2007)/02-03 - No No No (Sfaction Mix).mp3
  🔁 Chemin résolu (mapped:/mnt/MyBook/itunes->/itunes)
     → /itunes/Music/Benny Benassi/Best of Benny Benassi (2007)/02-03 - No No No (Sfaction Mix).mp3
  🎵 songrec-rename -i …
    ⚠️  python3: can't open file '/home/paulceline/scripts/plex-scripts/bin/utils/songrec_rename_cli.py': [Errno 2] No such file or directory
  ⚠️  songrec-rename a échoué, tentative de fallback songrec…
    ✅ Tags mis à jour (fallback songrec)
    ✅ Renommé: Ann Lee - No No No (Benny Benassi Sfaction Mix).mp3
  📦 Fichier traité: /itunes/Music/Benny Benassi/Best of Benny Benassi (2007)/Ann Lee - No No No (Benny Benassi Sfaction Mix).mp3
  📚 beet import -q …
    ⚠️  error: database file /beets-config/library.db cannot not be opened: unable to open database file
  ⚠️  beet import a échoué — rating NON effacé (traitement manuel requis)
[178/1740] ??? — Miles Of Love (Beeside Radio Edit)
  📄 /mnt/MyBook/itunes/Music/Benny Benassi/Best of Benny Benassi (2007)/02-04 - Miles Of Love (Beeside Radio Edit).mp3
  🔁 Chemin résolu (mapped:/mnt/MyBook/itunes->/itunes)
     → /itunes/Music/Benny Benassi/Best of Benny Benassi (2007)/02-04 - Miles Of Love (Beeside Radio Edit).mp3
  🎵 songrec-rename -i …
    ⚠️  python3: can't open file '/home/paulceline/scripts/plex-scripts/bin/utils/songrec_rename_cli.py': [Errno 2] No such file or directory
  ⚠️  songrec-rename a échoué, tentative de fallback songrec…
    ✅ Tags mis à jour (fallback songrec)
    ✅ Renommé: Dhany - Miles of Love (Beeside Radio Edit).mp3
  📦 Fichier traité: /itunes/Music/Benny Benassi/Best of Benny Benassi (2007)/Dhany - Miles of Love (Beeside Radio Edit).mp3
  📚 beet import -q …
    ⚠️  error: database file /beets-config/library.db cannot not be opened: unable to open database file
  ⚠️  beet import a échoué — rating NON effacé (traitement manuel requis)
[179/1740] ??? — No Matter What You Do (Vision X Long Mix)
  📄 /mnt/MyBook/itunes/Music/Benny Benassi/Best of Benny Benassi (2007)/02-00
00 - No Matter What You Do (Vision X Long Mix).mp3
  🔁 Chemin résolu (mapped:/mnt/MyBook/itunes->/itunes)
     → /itunes/Music/Benny Benassi/Best of Benny Benassi (2007)/02-00
00 - No Matter What You Do (Vision X Long Mix).mp3
  🎵 songrec-rename -i …
    ⚠️  python3: can't open file '/home/paulceline/scripts/plex-scripts/bin/utils/songrec_rename_cli.py': [Errno 2] No such file or directory
  ⚠️  songrec-rename a échoué, tentative de fallback songrec…
    ✅ Tags mis à jour (fallback songrec)
    ✅ Renommé: Erdi Irmak - Bad Moon (Sun Resort Remix).mp3
  📦 Fichier traité: /itunes/Music/Benny Benassi/Best of Benny Benassi (2007)/Erdi Irmak - Bad Moon (Sun Resort Remix).mp3
  📚 beet import -q …
    ⚠️  error: database file /beets-config/library.db cannot not be opened: unable to open database file
  ⚠️  beet import a échoué — rating NON effacé (traitement manuel requis)
[180/1740] ??? — Love Is Gonna Save Us (Remix 2007)
  📄 /mnt/MyBook/itunes/Music/Benny Benassi/Best of Benny Benassi (2007)/02-05 - Love Is Gonna Save Us (Remix 2007).mp3
  🔁 Chemin résolu (mapped:/mnt/MyBook/itunes->/itunes)
     → /itunes/Music/Benny Benassi/Best of Benny Benassi (2007)/02-05 - Love Is Gonna Save Us (Remix 2007).mp3
  🎵 songrec-rename -i …
    ⚠️  python3: can't open file '/home/paulceline/scripts/plex-scripts/bin/utils/songrec_rename_cli.py': [Errno 2] No such file or directory
  ⚠️  songrec-rename a échoué, tentative de fallback songrec…
    ✅ Tags mis à jour (fallback songrec)
    ✅ Renommé: Anne Clark - Our Darkness.mp3
  📦 Fichier traité: /itunes/Music/Benny Benassi/Best of Benny Benassi (2007)/Anne Clark - Our Darkness.mp3
  📚 beet import -q …
    ⚠️  error: database file /beets-config/library.db cannot not be opened: unable to open database file
  ⚠️  beet import a échoué — rating NON effacé (traitement manuel requis)
[181/1740] ??? — Satisfaction (B.Deep Remix)
  📄 /mnt/MyBook/itunes/Music/Benny Benassi/Best of Benny Benassi (2007)/02-00
00 - Satisfaction (B.Deep Remix).mp3
  🔁 Chemin résolu (mapped:/mnt/MyBook/itunes->/itunes)
     → /itunes/Music/Benny Benassi/Best of Benny Benassi (2007)/02-00
00 - Satisfaction (B.Deep Remix).mp3
  🎵 songrec-rename -i …
    ⚠️  python3: can't open file '/home/paulceline/scripts/plex-scripts/bin/utils/songrec_rename_cli.py': [Errno 2] No such file or directory
  ⚠️  songrec-rename a échoué, tentative de fallback songrec…
    ✅ Tags mis à jour (fallback songrec)
    ✅ Renommé: Benny Benassi & The Biz - Satisfaction (B-Deep Remix).mp3
  📦 Fichier traité: /itunes/Music/Benny Benassi/Best of Benny Benassi (2007)/Benny Benassi & The Biz - Satisfaction (B-Deep Remix).mp3
  📚 beet import -q …
    ⚠️  error: database file /beets-config/library.db cannot not be opened: unable to open database file
  ⚠️  beet import a échoué — rating NON effacé (traitement manuel requis)
[182/1740] ??? — Who's Your Daddy (Fuzzy Hair Remix)
  📄 /mnt/MyBook/itunes/Music/Benny Benassi/Best of Benny Benassi (2007)/02-06 - Who's Your Daddy (Fuzzy Hair Remix).mp3
  🔁 Chemin résolu (mapped:/mnt/MyBook/itunes->/itunes)
     → /itunes/Music/Benny Benassi/Best of Benny Benassi (2007)/02-06 - Who's Your Daddy (Fuzzy Hair Remix).mp3
  🎵 songrec-rename -i …
    ⚠️  python3: can't open file '/home/paulceline/scripts/plex-scripts/bin/utils/songrec_rename_cli.py': [Errno 2] No such file or directory
  ⚠️  songrec-rename a échoué, tentative de fallback songrec…
    ✅ Tags mis à jour (fallback songrec)
    ✅ Renommé: Benny Benassi - Who's Your Daddy_ (Fuzzy Hair Remix).mp3
  📦 Fichier traité: /itunes/Music/Benny Benassi/Best of Benny Benassi (2007)/Benny Benassi - Who's Your Daddy_ (Fuzzy Hair Remix).mp3
  📚 beet import -q …
    ⚠️  error: database file /beets-config/library.db cannot not be opened: unable to open database file
  ⚠️  beet import a échoué — rating NON effacé (traitement manuel requis)
[183/1740] ??? — Stop Go (B Side Mix)
  📄 /mnt/MyBook/itunes/Music/Benny Benassi/Best of Benny Benassi (2007)/02-07 - Stop Go (B Side Mix).mp3
  🔁 Chemin résolu (mapped:/mnt/MyBook/itunes->/itunes)
     → /itunes/Music/Benny Benassi/Best of Benny Benassi (2007)/02-07 - Stop Go (B Side Mix).mp3
  🎵 songrec-rename -i …
    ⚠️  python3: can't open file '/home/paulceline/scripts/plex-scripts/bin/utils/songrec_rename_cli.py': [Errno 2] No such file or directory
  ⚠️  songrec-rename a échoué, tentative de fallback songrec…
    ✅ Tags mis à jour (fallback songrec)
    ✅ Renommé: Sean & Dee - Game Of Thrones Theme (Reinterpretation Mix).mp3
  📦 Fichier traité: /itunes/Music/Benny Benassi/Best of Benny Benassi (2007)/Sean & Dee - Game Of Thrones Theme (Reinterpretation Mix).mp3
  📚 beet import -q …
    ⚠️  error: database file /beets-config/library.db cannot not be opened: unable to open database file
  ⚠️  beet import a échoué — rating NON effacé (traitement manuel requis)
[184/1740] ??? — No Matter What You Do
  📄 /mnt/MyBook/itunes/Music/Benny Benassi/Best of Benny Benassi (2007)/11 - No Matter What You Do.mp3
  🔁 Chemin résolu (mapped:/mnt/MyBook/itunes->/itunes)
     → /itunes/Music/Benny Benassi/Best of Benny Benassi (2007)/11 - No Matter What You Do.mp3
  🎵 songrec-rename -i …
    ⚠️  python3: can't open file '/home/paulceline/scripts/plex-scripts/bin/utils/songrec_rename_cli.py': [Errno 2] No such file or directory
  ⚠️  songrec-rename a échoué, tentative de fallback songrec…
    ✅ Tags mis à jour (fallback songrec)
    ✅ Renommé: Benny Benassi - No Matter What You Do (Sfaction Mix).mp3
  📦 Fichier traité: /itunes/Music/Benny Benassi/Best of Benny Benassi (2007)/Benny Benassi - No Matter What You Do (Sfaction Mix).mp3
  📚 beet import -q …
    ⚠️  error: database file /beets-config/library.db cannot not be opened: unable to open database file
  ⚠️  beet import a échoué — rating NON effacé (traitement manuel requis)
[185/1740] ??? — Illusion (Sfaction Mix)
  📄 /mnt/MyBook/itunes/Music/Benny Benassi/Best of Benny Benassi (2007)/02-10 - Illusion (Sfaction Mix).mp3
  🔁 Chemin résolu (mapped:/mnt/MyBook/itunes->/itunes)
     → /itunes/Music/Benny Benassi/Best of Benny Benassi (2007)/02-10 - Illusion (Sfaction Mix).mp3
  🎵 songrec-rename -i …
    ⚠️  python3: can't open file '/home/paulceline/scripts/plex-scripts/bin/utils/songrec_rename_cli.py': [Errno 2] No such file or directory
  ⚠️  songrec-rename a échoué, tentative de fallback songrec…
    ✅ Tags mis à jour (fallback songrec)
    ✅ Renommé: Benassi Bros. & Sandy - Illusion (Featuring Sandy).mp3
  📦 Fichier traité: /itunes/Music/Benny Benassi/Best of Benny Benassi (2007)/Benassi Bros. & Sandy - Illusion (Featuring Sandy).mp3
  📚 beet import -q …
    ⚠️  error: database file /beets-config/library.db cannot not be opened: unable to open database file
  ⚠️  beet import a échoué — rating NON effacé (traitement manuel requis)
[186/1740] ??? — Feel Alive
  📄 /mnt/MyBook/itunes/Music/Benny Benassi/Best of Benny Benassi (2007)/12 - Feel Alive.mp3
  🔁 Chemin résolu (mapped:/mnt/MyBook/itunes->/itunes)
     → /itunes/Music/Benny Benassi/Best of Benny Benassi (2007)/12 - Feel Alive.mp3
  🎵 songrec-rename -i …
    ⚠️  python3: can't open file '/home/paulceline/scripts/plex-scripts/bin/utils/songrec_rename_cli.py': [Errno 2] No such file or directory
  ⚠️  songrec-rename a échoué, tentative de fallback songrec…
    ✅ Tags mis à jour (fallback songrec)
    ✅ Renommé: Benassi Bros. - Feel Alive (feat. Naan).mp3
  📦 Fichier traité: /itunes/Music/Benny Benassi/Best of Benny Benassi (2007)/Benassi Bros. - Feel Alive (feat. Naan).mp3
  📚 beet import -q …
    ⚠️  error: database file /beets-config/library.db cannot not be opened: unable to open database file
  ⚠️  beet import a échoué — rating NON effacé (traitement manuel requis)
[187/1740] ??? — Rocket In The Sky (Club Mix)
  📄 /mnt/MyBook/itunes/Music/Benny Benassi/Best of Benny Benassi (2007)/02-11 - Rocket In The Sky (Club Mix).mp3
  🔁 Chemin résolu (mapped:/mnt/MyBook/itunes->/itunes)
     → /itunes/Music/Benny Benassi/Best of Benny Benassi (2007)/02-11 - Rocket In The Sky (Club Mix).mp3
  🎵 songrec-rename -i …
    ⚠️  python3: can't open file '/home/paulceline/scripts/plex-scripts/bin/utils/songrec_rename_cli.py': [Errno 2] No such file or directory
  ⚠️  songrec-rename a échoué, tentative de fallback songrec…
    ✅ Tags mis à jour (fallback songrec)
    ✅ Renommé: Benassi Bros. & Dhany - Rocket in the Sky (Radio Edit).mp3
  📦 Fichier traité: /itunes/Music/Benny Benassi/Best of Benny Benassi (2007)/Benassi Bros. & Dhany - Rocket in the Sky (Radio Edit).mp3
  📚 beet import -q …
    ⚠️  error: database file /beets-config/library.db cannot not be opened: unable to open database file
  ⚠️  beet import a échoué — rating NON effacé (traitement manuel requis)
[188/1740] ??? — Feel Alive (Fuzzy Hair Vocal Mix)
  📄 /mnt/MyBook/itunes/Music/Benny Benassi/Best of Benny Benassi (2007)/02-12 - Feel Alive (Fuzzy Hair Vocal Mix).mp3
  🔁 Chemin résolu (mapped:/mnt/MyBook/itunes->/itunes)
     → /itunes/Music/Benny Benassi/Best of Benny Benassi (2007)/02-12 - Feel Alive (Fuzzy Hair Vocal Mix).mp3
  🎵 songrec-rename -i …
    ⚠️  python3: can't open file '/home/paulceline/scripts/plex-scripts/bin/utils/songrec_rename_cli.py': [Errno 2] No such file or directory
  ⚠️  songrec-rename a échoué, tentative de fallback songrec…
    ✅ Tags mis à jour (fallback songrec)
    ✅ Renommé: Benassi Brothers featuring Sandy - Feel Alive (Fuzzy Hair Vocal Mix).mp3
  📦 Fichier traité: /itunes/Music/Benny Benassi/Best of Benny Benassi (2007)/Benassi Brothers featuring Sandy - Feel Alive (Fuzzy Hair Vocal Mix).mp3
  📚 beet import -q …
    ⚠️  error: database file /beets-config/library.db cannot not be opened: unable to open database file
  ⚠️  beet import a échoué — rating NON effacé (traitement manuel requis)
[189/1740] ??? — Bootleg Megamix
  📄 /mnt/MyBook/itunes/Music/Benny Benassi/Best of Benny Benassi (2007)/02-13 - Bootleg Megamix.mp3
  🔁 Chemin résolu (mapped:/mnt/MyBook/itunes->/itunes)
     → /itunes/Music/Benny Benassi/Best of Benny Benassi (2007)/02-13 - Bootleg Megamix.mp3
  🎵 songrec-rename -i …
    ⚠️  python3: can't open file '/home/paulceline/scripts/plex-scripts/bin/utils/songrec_rename_cli.py': [Errno 2] No such file or directory
  ⚠️  songrec-rename a échoué, tentative de fallback songrec…
    ✅ Tags mis à jour (fallback songrec)
    ✅ Renommé: Benny Benassi - Able to Love (Sfaction Mix).mp3
  📦 Fichier traité: /itunes/Music/Benny Benassi/Best of Benny Benassi (2007)/Benny Benassi - Able to Love (Sfaction Mix).mp3
  📚 beet import -q …
    ⚠️  error: database file /beets-config/library.db cannot not be opened: unable to open database file
  ⚠️  beet import a échoué — rating NON effacé (traitement manuel requis)
[190/1740] ??? — B Tone
  📄 /mnt/MyBook/itunes/Music/Benny Benassi/Best of Benny Benassi (2007)/03 - B Tone.mp3
  🔁 Chemin résolu (mapped:/mnt/MyBook/itunes->/itunes)
     → /itunes/Music/Benny Benassi/Best of Benny Benassi (2007)/03 - B Tone.mp3
  🎵 songrec-rename -i …
    ⚠️  python3: can't open file '/home/paulceline/scripts/plex-scripts/bin/utils/songrec_rename_cli.py': [Errno 2] No such file or directory
  ⚠️  songrec-rename a échoué, tentative de fallback songrec…
    ✅ Tags mis à jour (fallback songrec)
    ✅ Renommé: HDR - Lonely For You Only.mp3
  📦 Fichier traité: /itunes/Music/Benny Benassi/Best of Benny Benassi (2007)/HDR - Lonely For You Only.mp3
  📚 beet import -q …
    ⚠️  error: database file /beets-config/library.db cannot not be opened: unable to open database file
  ⚠️  beet import a échoué — rating NON effacé (traitement manuel requis)
[191/1740] ??? — Satisfaction
  📄 /mnt/MyBook/itunes/Music/Benny Benassi/Best of Benny Benassi (2007)/04 - Satisfaction.mp3
  🔁 Chemin résolu (mapped:/mnt/MyBook/itunes->/itunes)
     → /itunes/Music/Benny Benassi/Best of Benny Benassi (2007)/04 - Satisfaction.mp3
  🎵 songrec-rename -i …
    ⚠️  python3: can't open file '/home/paulceline/scripts/plex-scripts/bin/utils/songrec_rename_cli.py': [Errno 2] No such file or directory
  ⚠️  songrec-rename a échoué, tentative de fallback songrec…
    ✅ Tags mis à jour (fallback songrec)
  📚 beet import -q …
    ⚠️  error: database file /beets-config/library.db cannot not be opened: unable to open database file
  ⚠️  beet import a échoué — rating NON effacé (traitement manuel requis)
[192/1740] ??? — Get Loose
  📄 /mnt/MyBook/itunes/Music/Benny Benassi/Best of Benny Benassi (2007)/07 - Get Loose.mp3
  🔁 Chemin résolu (mapped:/mnt/MyBook/itunes->/itunes)
     → /itunes/Music/Benny Benassi/Best of Benny Benassi (2007)/07 - Get Loose.mp3
  🎵 songrec-rename -i …
    ⚠️  python3: can't open file '/home/paulceline/scripts/plex-scripts/bin/utils/songrec_rename_cli.py': [Errno 2] No such file or directory
  ⚠️  songrec-rename a échoué, tentative de fallback songrec…
    ✅ Tags mis à jour (fallback songrec)
    ✅ Renommé: Benny Benassi - Get Loose.mp3
  📦 Fichier traité: /itunes/Music/Benny Benassi/Best of Benny Benassi (2007)/Benny Benassi - Get Loose.mp3
  📚 beet import -q …
    ⚠️  error: database file /beets-config/library.db cannot not be opened: unable to open database file
  ⚠️  beet import a échoué — rating NON effacé (traitement manuel requis)
[193/1740] ??? — Love Is Gonna Save Us
  📄 /mnt/MyBook/itunes/Music/Benny Benassi/Best of Benny Benassi (2007)/10 - Love Is Gonna Save Us.mp3
  🔁 Chemin résolu (mapped:/mnt/MyBook/itunes->/itunes)
     → /itunes/Music/Benny Benassi/Best of Benny Benassi (2007)/10 - Love Is Gonna Save Us.mp3
  🎵 songrec-rename -i …
    ⚠️  python3: can't open file '/home/paulceline/scripts/plex-scripts/bin/utils/songrec_rename_cli.py': [Errno 2] No such file or directory
  ⚠️  songrec-rename a échoué, tentative de fallback songrec…
    ✅ Tags mis à jour (fallback songrec)
    ✅ Renommé: Benny Benassi - Love Is Gonna Save Us.mp3
  📦 Fichier traité: /itunes/Music/Benny Benassi/Best of Benny Benassi (2007)/Benny Benassi - Love Is Gonna Save Us.mp3
  📚 beet import -q …
    ⚠️  error: database file /beets-config/library.db cannot not be opened: unable to open database file
  ⚠️  beet import a échoué — rating NON effacé (traitement manuel requis)
[194/1740] ??? — Rêve de nul
  📄 /mnt/MyBook/itunes/Music/Alexis HK/Bobo Playground (2022)/00
00 - Rêve de nul.mp3
  🔁 Chemin résolu (mapped:/mnt/MyBook/itunes->/itunes)
     → /itunes/Music/Alexis HK/Bobo Playground (2022)/00
00 - Rêve de nul.mp3
  🎵 songrec-rename -i …
    ⚠️  python3: can't open file '/home/paulceline/scripts/plex-scripts/bin/utils/songrec_rename_cli.py': [Errno 2] No such file or directory
  ⚠️  songrec-rename a échoué, tentative de fallback songrec…
    ✅ Tags mis à jour (fallback songrec)
    ✅ Renommé: Alexis HK - Rêve de nul.mp3
  📦 Fichier traité: /itunes/Music/Alexis HK/Bobo Playground (2022)/Alexis HK - Rêve de nul.mp3
  📚 beet import -q …
    ⚠️  error: database file /beets-config/library.db cannot not be opened: unable to open database file
  ⚠️  beet import a échoué — rating NON effacé (traitement manuel requis)
[195/1740] ??? — Elle te kiffe
  📄 /mnt/MyBook/itunes/Music/Alexis HK/Bobo Playground (2022)/04 - Elle te kiffe.mp3
  🔁 Chemin résolu (mapped:/mnt/MyBook/itunes->/itunes)
     → /itunes/Music/Alexis HK/Bobo Playground (2022)/04 - Elle te kiffe.mp3
  🎵 songrec-rename -i …
    ⚠️  python3: can't open file '/home/paulceline/scripts/plex-scripts/bin/utils/songrec_rename_cli.py': [Errno 2] No such file or directory
  ⚠️  songrec-rename a échoué, tentative de fallback songrec…
    ✅ Tags mis à jour (fallback songrec)
    ✅ Renommé: Alexis HK - Elle te kiffe.mp3
  📦 Fichier traité: /itunes/Music/Alexis HK/Bobo Playground (2022)/Alexis HK - Elle te kiffe.mp3
  📚 beet import -q …
    ⚠️  error: database file /beets-config/library.db cannot not be opened: unable to open database file
  ⚠️  beet import a échoué — rating NON effacé (traitement manuel requis)
[196/1740] ??? — Fille de l'air
  📄 /mnt/MyBook/itunes/Music/Alexis HK/Bobo Playground (2022)/11 - Fille de l'air.mp3
  🔁 Chemin résolu (mapped:/mnt/MyBook/itunes->/itunes)
     → /itunes/Music/Alexis HK/Bobo Playground (2022)/11 - Fille de l'air.mp3
  🎵 songrec-rename -i …
    ⚠️  python3: can't open file '/home/paulceline/scripts/plex-scripts/bin/utils/songrec_rename_cli.py': [Errno 2] No such file or directory
  ⚠️  songrec-rename a échoué, tentative de fallback songrec…
    ✅ Tags mis à jour (fallback songrec)
    ✅ Renommé: Alexis HK - Fille de l'air.mp3
  📦 Fichier traité: /itunes/Music/Alexis HK/Bobo Playground (2022)/Alexis HK - Fille de l'air.mp3
  📚 beet import -q …
    ⚠️  error: database file /beets-config/library.db cannot not be opened: unable to open database file
  ⚠️  beet import a échoué — rating NON effacé (traitement manuel requis)
[197/1740] ??? — Ready Now
  📄 /mnt/MyBook/itunes/Music/Rod Stewart/Body Wishes (1983)/00
00 - Ready Now.mp3
  🔁 Chemin résolu (mapped:/mnt/MyBook/itunes->/itunes)
     → /itunes/Music/Rod Stewart/Body Wishes (1983)/00
00 - Ready Now.mp3
  🎵 songrec-rename -i …
    ⚠️  python3: can't open file '/home/paulceline/scripts/plex-scripts/bin/utils/songrec_rename_cli.py': [Errno 2] No such file or directory
  ⚠️  songrec-rename a échoué, tentative de fallback songrec…
    ✅ Tags mis à jour (fallback songrec)
    ✅ Renommé: Rod Stewart - Ready Now.mp3
  📦 Fichier traité: /itunes/Music/Rod Stewart/Body Wishes (1983)/Rod Stewart - Ready Now.mp3
  📚 beet import -q …
    ⚠️  error: database file /beets-config/library.db cannot not be opened: unable to open database file
  ⚠️  beet import a échoué — rating NON effacé (traitement manuel requis)
[198/1740] ??? — Strangers Again
  📄 /mnt/MyBook/itunes/Music/Rod Stewart/Body Wishes (1983)/00
00 - Strangers Again.mp3
  🔁 Chemin résolu (mapped:/mnt/MyBook/itunes->/itunes)
     → /itunes/Music/Rod Stewart/Body Wishes (1983)/00
00 - Strangers Again.mp3
  🎵 songrec-rename -i …
    ⚠️  python3: can't open file '/home/paulceline/scripts/plex-scripts/bin/utils/songrec_rename_cli.py': [Errno 2] No such file or directory
  ⚠️  songrec-rename a échoué, tentative de fallback songrec…
    ✅ Tags mis à jour (fallback songrec)
    ✅ Renommé: Rod Stewart - Strangers Again.mp3
  📦 Fichier traité: /itunes/Music/Rod Stewart/Body Wishes (1983)/Rod Stewart - Strangers Again.mp3
  📚 beet import -q …
    ⚠️  error: database file /beets-config/library.db cannot not be opened: unable to open database file
  ⚠️  beet import a échoué — rating NON effacé (traitement manuel requis)
[199/1740] ??? — Dancin' Alone
  📄 /mnt/MyBook/itunes/Music/Rod Stewart/Body Wishes (1983)/01 - Dancin' Alone.mp3
  🔁 Chemin résolu (mapped:/mnt/MyBook/itunes->/itunes)
     → /itunes/Music/Rod Stewart/Body Wishes (1983)/01 - Dancin' Alone.mp3
  🎵 songrec-rename -i …
    ⚠️  python3: can't open file '/home/paulceline/scripts/plex-scripts/bin/utils/songrec_rename_cli.py': [Errno 2] No such file or directory
  ⚠️  songrec-rename a échoué, tentative de fallback songrec…
    ✅ Tags mis à jour (fallback songrec)
    ✅ Renommé: Rod Stewart - Dancin' Alone.mp3
  📦 Fichier traité: /itunes/Music/Rod Stewart/Body Wishes (1983)/Rod Stewart - Dancin' Alone.mp3
  📚 beet import -q …
    ⚠️  error: database file /beets-config/library.db cannot not be opened: unable to open database file
  ⚠️  beet import a échoué — rating NON effacé (traitement manuel requis)
[200/1740] ??? — Baby Jane
  📄 /mnt/MyBook/itunes/Music/Rod Stewart/Body Wishes (1983)/02 - Baby Jane.mp3
  🔁 Chemin résolu (mapped:/mnt/MyBook/itunes->/itunes)
     → /itunes/Music/Rod Stewart/Body Wishes (1983)/02 - Baby Jane.mp3
  🎵 songrec-rename -i …
    ⚠️  python3: can't open file '/home/paulceline/scripts/plex-scripts/bin/utils/songrec_rename_cli.py': [Errno 2] No such file or directory
  ⚠️  songrec-rename a échoué, tentative de fallback songrec…
    ✅ Tags mis à jour (fallback songrec)
    ✅ Renommé: Rod Stewart - Baby Jane.mp3
  📦 Fichier traité: /itunes/Music/Rod Stewart/Body Wishes (1983)/Rod Stewart - Baby Jane.mp3
  📚 beet import -q …
    ⚠️  error: database file /beets-config/library.db cannot not be opened: unable to open database file
  ⚠️  beet import a échoué — rating NON effacé (traitement manuel requis)
[201/1740] ??? — Move Me
  📄 /mnt/MyBook/itunes/Music/Rod Stewart/Body Wishes (1983)/03 - Move Me.mp3
  🔁 Chemin résolu (mapped:/mnt/MyBook/itunes->/itunes)
     → /itunes/Music/Rod Stewart/Body Wishes (1983)/03 - Move Me.mp3
  🎵 songrec-rename -i …
    ⚠️  python3: can't open file '/home/paulceline/scripts/plex-scripts/bin/utils/songrec_rename_cli.py': [Errno 2] No such file or directory
  ⚠️  songrec-rename a échoué, tentative de fallback songrec…
    ✅ Tags mis à jour (fallback songrec)
    ✅ Renommé: Rod Stewart - Move Me.mp3
  📦 Fichier traité: /itunes/Music/Rod Stewart/Body Wishes (1983)/Rod Stewart - Move Me.mp3
  📚 beet import -q …
    ⚠️  error: database file /beets-config/library.db cannot not be opened: unable to open database file
  ⚠️  beet import a échoué — rating NON effacé (traitement manuel requis)
[202/1740] ??? — Body Wishes
  📄 /mnt/MyBook/itunes/Music/Rod Stewart/Body Wishes (1983)/04 - Body Wishes.mp3
  🔁 Chemin résolu (mapped:/mnt/MyBook/itunes->/itunes)
     → /itunes/Music/Rod Stewart/Body Wishes (1983)/04 - Body Wishes.mp3
  🎵 songrec-rename -i …
    ⚠️  python3: can't open file '/home/paulceline/scripts/plex-scripts/bin/utils/songrec_rename_cli.py': [Errno 2] No such file or directory
  ⚠️  songrec-rename a échoué, tentative de fallback songrec…
    ✅ Tags mis à jour (fallback songrec)
    ✅ Renommé: Rod Stewart - Body Wishes.mp3
  📦 Fichier traité: /itunes/Music/Rod Stewart/Body Wishes (1983)/Rod Stewart - Body Wishes.mp3
  📚 beet import -q …
    ⚠️  error: database file /beets-config/library.db cannot not be opened: unable to open database file
  ⚠️  beet import a échoué — rating NON effacé (traitement manuel requis)
[203/1740] ??? — Sweet Surrender
  📄 /mnt/MyBook/itunes/Music/Rod Stewart/Body Wishes (1983)/05 - Sweet Surrender.mp3
  🔁 Chemin résolu (mapped:/mnt/MyBook/itunes->/itunes)
     → /itunes/Music/Rod Stewart/Body Wishes (1983)/05 - Sweet Surrender.mp3
  🎵 songrec-rename -i …
    ⚠️  python3: can't open file '/home/paulceline/scripts/plex-scripts/bin/utils/songrec_rename_cli.py': [Errno 2] No such file or directory
  ⚠️  songrec-rename a échoué, tentative de fallback songrec…
    ✅ Tags mis à jour (fallback songrec)
    ✅ Renommé: Rod Stewart - Sweet Surrender.mp3
  📦 Fichier traité: /itunes/Music/Rod Stewart/Body Wishes (1983)/Rod Stewart - Sweet Surrender.mp3
  📚 beet import -q …
    ⚠️  error: database file /beets-config/library.db cannot not be opened: unable to open database file
  ⚠️  beet import a échoué — rating NON effacé (traitement manuel requis)
[204/1740] ??? — What Am I Gonna Do (I'm So In Love With You)
  📄 /mnt/MyBook/itunes/Music/Rod Stewart/Body Wishes (1983)/06 - What Am I Gonna Do (I'm So In Love With You).mp3
  🔁 Chemin résolu (mapped:/mnt/MyBook/itunes->/itunes)
     → /itunes/Music/Rod Stewart/Body Wishes (1983)/06 - What Am I Gonna Do (I'm So In Love With You).mp3
  🎵 songrec-rename -i …
    ⚠️  python3: can't open file '/home/paulceline/scripts/plex-scripts/bin/utils/songrec_rename_cli.py': [Errno 2] No such file or directory
  ⚠️  songrec-rename a échoué, tentative de fallback songrec…
    ✅ Tags mis à jour (fallback songrec)
    ✅ Renommé: Rod Stewart - What Am I Gonna Do (I'm So In Love With You).mp3
  📦 Fichier traité: /itunes/Music/Rod Stewart/Body Wishes (1983)/Rod Stewart - What Am I Gonna Do (I'm So In Love With You).mp3
  📚 beet import -q …
    ⚠️  error: database file /beets-config/library.db cannot not be opened: unable to open database file
  ⚠️  beet import a échoué — rating NON effacé (traitement manuel requis)
[205/1740] ??? — Ghetto Blaster
  📄 /mnt/MyBook/itunes/Music/Rod Stewart/Body Wishes (1983)/07 - Ghetto Blaster.mp3
  🔁 Chemin résolu (mapped:/mnt/MyBook/itunes->/itunes)
     → /itunes/Music/Rod Stewart/Body Wishes (1983)/07 - Ghetto Blaster.mp3
  🎵 songrec-rename -i …
    ⚠️  python3: can't open file '/home/paulceline/scripts/plex-scripts/bin/utils/songrec_rename_cli.py': [Errno 2] No such file or directory
  ⚠️  songrec-rename a échoué, tentative de fallback songrec…
    ✅ Tags mis à jour (fallback songrec)
    ✅ Renommé: Rod Stewart - Ghetto Blaster.mp3
  📦 Fichier traité: /itunes/Music/Rod Stewart/Body Wishes (1983)/Rod Stewart - Ghetto Blaster.mp3
  📚 beet import -q …
    ⚠️  error: database file /beets-config/library.db cannot not be opened: unable to open database file
  ⚠️  beet import a échoué — rating NON effacé (traitement manuel requis)
[206/1740] ??? — Satisfied
  📄 /mnt/MyBook/itunes/Music/Rod Stewart/Body Wishes (1983)/10 - Satisfied.mp3
  🔁 Chemin résolu (mapped:/mnt/MyBook/itunes->/itunes)
     → /itunes/Music/Rod Stewart/Body Wishes (1983)/10 - Satisfied.mp3
  🎵 songrec-rename -i …
    ⚠️  python3: can't open file '/home/paulceline/scripts/plex-scripts/bin/utils/songrec_rename_cli.py': [Errno 2] No such file or directory
  ⚠️  songrec-rename a échoué, tentative de fallback songrec…
    ✅ Tags mis à jour (fallback songrec)
    ✅ Renommé: Rod Stewart - Satisfied.mp3
  📦 Fichier traité: /itunes/Music/Rod Stewart/Body Wishes (1983)/Rod Stewart - Satisfied.mp3
  📚 beet import -q …
    ⚠️  error: database file /beets-config/library.db cannot not be opened: unable to open database file
  ⚠️  beet import a échoué — rating NON effacé (traitement manuel requis)
[207/1740] ??? — Goddess in Disguise
  📄 /mnt/MyBook/itunes/Music/Sofi Tukker/BREAD (2024)/06 - Goddess in Disguise.mp3
  🔁 Chemin résolu (mapped:/mnt/MyBook/itunes->/itunes)
     → /itunes/Music/Sofi Tukker/BREAD (2024)/06 - Goddess in Disguise.mp3
  🎵 songrec-rename -i …
    ⚠️  python3: can't open file '/home/paulceline/scripts/plex-scripts/bin/utils/songrec_rename_cli.py': [Errno 2] No such file or directory
  ⚠️  songrec-rename a échoué, tentative de fallback songrec…
    ✅ Tags mis à jour (fallback songrec)
    ✅ Renommé: SOFI TUKKER & Mc Bola - Goddess In Disguise.mp3
  📦 Fichier traité: /itunes/Music/Sofi Tukker/BREAD (2024)/SOFI TUKKER & Mc Bola - Goddess In Disguise.mp3
  📚 beet import -q …
    ⚠️  error: database file /beets-config/library.db cannot not be opened: unable to open database file
  ⚠️  beet import a échoué — rating NON effacé (traitement manuel requis)
[208/1740] ??? — Don’t Take All Night
  📄 /mnt/MyBook/itunes/Music/Nina Simone/Broadway Blues Ballads (1993)/05 - Don’t Take All Night.mp3
  🔁 Chemin résolu (mapped:/mnt/MyBook/itunes->/itunes)
     → /itunes/Music/Nina Simone/Broadway Blues Ballads (1993)/05 - Don’t Take All Night.mp3
  🎵 songrec-rename -i …
    ⚠️  python3: can't open file '/home/paulceline/scripts/plex-scripts/bin/utils/songrec_rename_cli.py': [Errno 2] No such file or directory
  ⚠️  songrec-rename a échoué, tentative de fallback songrec…
    ✅ Tags mis à jour (fallback songrec)
    ✅ Renommé: Nina Simone - Don't Take All Night.mp3
  📦 Fichier traité: /itunes/Music/Nina Simone/Broadway Blues Ballads (1993)/Nina Simone - Don't Take All Night.mp3
  📚 beet import -q …
    ⚠️  error: database file /beets-config/library.db cannot not be opened: unable to open database file
  ⚠️  beet import a échoué — rating NON effacé (traitement manuel requis)
[209/1740] ??? — Goodbye To You
  📄 /mnt/MyBook/itunes/Music/Michelle Branch/Broken Bracelet (2000)/00
00 - Goodbye To You.mp3
  🔁 Chemin résolu (mapped:/mnt/MyBook/itunes->/itunes)
     → /itunes/Music/Michelle Branch/Broken Bracelet (2000)/00
00 - Goodbye To You.mp3
  🎵 songrec-rename -i …
    ⚠️  python3: can't open file '/home/paulceline/scripts/plex-scripts/bin/utils/songrec_rename_cli.py': [Errno 2] No such file or directory
  ⚠️  songrec-rename a échoué, tentative de fallback songrec…
    ✅ Tags mis à jour (fallback songrec)
    ✅ Renommé: Michelle Branch - Goodbye to You.mp3
  📦 Fichier traité: /itunes/Music/Michelle Branch/Broken Bracelet (2000)/Michelle Branch - Goodbye to You.mp3
  📚 beet import -q …
    ⚠️  error: database file /beets-config/library.db cannot not be opened: unable to open database file
  ⚠️  beet import a échoué — rating NON effacé (traitement manuel requis)
[210/1740] ??? — Second Chances
  📄 /mnt/MyBook/itunes/Music/Michelle Branch/Broken Bracelet (2000)/00
00 - Second Chances.mp3
  🔁 Chemin résolu (mapped:/mnt/MyBook/itunes->/itunes)
     → /itunes/Music/Michelle Branch/Broken Bracelet (2000)/00
00 - Second Chances.mp3
  🎵 songrec-rename -i …
    ⚠️  python3: can't open file '/home/paulceline/scripts/plex-scripts/bin/utils/songrec_rename_cli.py': [Errno 2] No such file or directory
  ⚠️  songrec-rename a échoué, tentative de fallback songrec…
    ✅ Tags mis à jour (fallback songrec)
    ✅ Renommé: Michelle Branch - Second Chances.mp3
  📦 Fichier traité: /itunes/Music/Michelle Branch/Broken Bracelet (2000)/Michelle Branch - Second Chances.mp3
  📚 beet import -q …
    ⚠️  error: database file /beets-config/library.db cannot not be opened: unable to open database file
  ⚠️  beet import a échoué — rating NON effacé (traitement manuel requis)
[211/1740] ??? — If Only She Knew
  📄 /mnt/MyBook/itunes/Music/Michelle Branch/Broken Bracelet (2000)/01 - If Only She Knew.mp3
  🔁 Chemin résolu (mapped:/mnt/MyBook/itunes->/itunes)
     → /itunes/Music/Michelle Branch/Broken Bracelet (2000)/01 - If Only She Knew.mp3
  🎵 songrec-rename -i …
    ⚠️  python3: can't open file '/home/paulceline/scripts/plex-scripts/bin/utils/songrec_rename_cli.py': [Errno 2] No such file or directory
  ⚠️  songrec-rename a échoué, tentative de fallback songrec…
    ✅ Tags mis à jour (fallback songrec)
    ✅ Renommé: Michelle Branch - If Only She Knew.mp3
  📦 Fichier traité: /itunes/Music/Michelle Branch/Broken Bracelet (2000)/Michelle Branch - If Only She Knew.mp3
  📚 beet import -q …
    ⚠️  error: database file /beets-config/library.db cannot not be opened: unable to open database file
  ⚠️  beet import a échoué — rating NON effacé (traitement manuel requis)
[212/1740] ??? — Sweet Misery
  📄 /mnt/MyBook/itunes/Music/Michelle Branch/Broken Bracelet (2000)/02 - Sweet Misery.mp3
  🔁 Chemin résolu (mapped:/mnt/MyBook/itunes->/itunes)
     → /itunes/Music/Michelle Branch/Broken Bracelet (2000)/02 - Sweet Misery.mp3
  🎵 songrec-rename -i …
    ⚠️  python3: can't open file '/home/paulceline/scripts/plex-scripts/bin/utils/songrec_rename_cli.py': [Errno 2] No such file or directory
  ⚠️  songrec-rename a échoué, tentative de fallback songrec…
    ✅ Tags mis à jour (fallback songrec)
    ✅ Renommé: Michelle Branch - Sweet Misery.mp3
  📦 Fichier traité: /itunes/Music/Michelle Branch/Broken Bracelet (2000)/Michelle Branch - Sweet Misery.mp3
  📚 beet import -q …
    ⚠️  error: database file /beets-config/library.db cannot not be opened: unable to open database file
  ⚠️  beet import a échoué — rating NON effacé (traitement manuel requis)
[213/1740] ??? — Washing Machine
  📄 /mnt/MyBook/itunes/Music/Michelle Branch/Broken Bracelet (2000)/03 - Washing Machine.mp3
  🔁 Chemin résolu (mapped:/mnt/MyBook/itunes->/itunes)
     → /itunes/Music/Michelle Branch/Broken Bracelet (2000)/03 - Washing Machine.mp3
  🎵 songrec-rename -i …
    ⚠️  python3: can't open file '/home/paulceline/scripts/plex-scripts/bin/utils/songrec_rename_cli.py': [Errno 2] No such file or directory
  ⚠️  songrec-rename a échoué, tentative de fallback songrec…
    ✅ Tags mis à jour (fallback songrec)
    ✅ Renommé: Michelle Branch - Washing Machine.mp3
  📦 Fichier traité: /itunes/Music/Michelle Branch/Broken Bracelet (2000)/Michelle Branch - Washing Machine.mp3
  📚 beet import -q …
    ⚠️  error: database file /beets-config/library.db cannot not be opened: unable to open database file
  ⚠️  beet import a échoué — rating NON effacé (traitement manuel requis)
[214/1740] ??? — I'd Rather Be In Love
  📄 /mnt/MyBook/itunes/Music/Michelle Branch/Broken Bracelet (2000)/04 - I'd Rather Be In Love.mp3
  🔁 Chemin résolu (mapped:/mnt/MyBook/itunes->/itunes)
     → /itunes/Music/Michelle Branch/Broken Bracelet (2000)/04 - I'd Rather Be In Love.mp3
  🎵 songrec-rename -i …
    ⚠️  python3: can't open file '/home/paulceline/scripts/plex-scripts/bin/utils/songrec_rename_cli.py': [Errno 2] No such file or directory
  ⚠️  songrec-rename a échoué, tentative de fallback songrec…
    ✅ Tags mis à jour (fallback songrec)
    ✅ Renommé: Michelle Branch - I'd Rather Be In Love.mp3
  📦 Fichier traité: /itunes/Music/Michelle Branch/Broken Bracelet (2000)/Michelle Branch - I'd Rather Be In Love.mp3
  📚 beet import -q …
    ⚠️  error: database file /beets-config/library.db cannot not be opened: unable to open database file
  ⚠️  beet import a échoué — rating NON effacé (traitement manuel requis)
[215/1740] ??? — Paper Pieces
  📄 /mnt/MyBook/itunes/Music/Michelle Branch/Broken Bracelet (2000)/05 - Paper Pieces.mp3
  🔁 Chemin résolu (mapped:/mnt/MyBook/itunes->/itunes)
     → /itunes/Music/Michelle Branch/Broken Bracelet (2000)/05 - Paper Pieces.mp3
  🎵 songrec-rename -i …
    ⚠️  python3: can't open file '/home/paulceline/scripts/plex-scripts/bin/utils/songrec_rename_cli.py': [Errno 2] No such file or directory
  ⚠️  songrec-rename a échoué, tentative de fallback songrec…
    ✅ Tags mis à jour (fallback songrec)
    ✅ Renommé: Michelle Branch - Paper Pieces.mp3
  📦 Fichier traité: /itunes/Music/Michelle Branch/Broken Bracelet (2000)/Michelle Branch - Paper Pieces.mp3
  📚 beet import -q …
    ⚠️  error: database file /beets-config/library.db cannot not be opened: unable to open database file
  ⚠️  beet import a échoué — rating NON effacé (traitement manuel requis)
[216/1740] ??? — Stewart's Coat
  📄 /mnt/MyBook/itunes/Music/Michelle Branch/Broken Bracelet (2000)/06 - Stewart's Coat.mp3
  🔁 Chemin résolu (mapped:/mnt/MyBook/itunes->/itunes)
     → /itunes/Music/Michelle Branch/Broken Bracelet (2000)/06 - Stewart's Coat.mp3
  🎵 songrec-rename -i …
    ⚠️  python3: can't open file '/home/paulceline/scripts/plex-scripts/bin/utils/songrec_rename_cli.py': [Errno 2] No such file or directory
  ⚠️  songrec-rename a échoué, tentative de fallback songrec…
    ✅ Tags mis à jour (fallback songrec)
    ✅ Renommé: Michelle Branch - Stewart's Coat.mp3
  📦 Fichier traité: /itunes/Music/Michelle Branch/Broken Bracelet (2000)/Michelle Branch - Stewart's Coat.mp3
  📚 beet import -q …
    ⚠️  error: database file /beets-config/library.db cannot not be opened: unable to open database file
  ⚠️  beet import a échoué — rating NON effacé (traitement manuel requis)
[217/1740] ??? — I'll Always Be Right There
  📄 /mnt/MyBook/itunes/Music/Michelle Branch/Broken Bracelet (2000)/07 - I'll Always Be Right There.mp3
  🔁 Chemin résolu (mapped:/mnt/MyBook/itunes->/itunes)
     → /itunes/Music/Michelle Branch/Broken Bracelet (2000)/07 - I'll Always Be Right There.mp3
  🎵 songrec-rename -i …
    ⚠️  python3: can't open file '/home/paulceline/scripts/plex-scripts/bin/utils/songrec_rename_cli.py': [Errno 2] No such file or directory
  ⚠️  songrec-rename a échoué, tentative de fallback songrec…
    ✅ Tags mis à jour (fallback songrec)
    ✅ Renommé: Michelle Branch - I'll Always Be Right There.mp3
  📦 Fichier traité: /itunes/Music/Michelle Branch/Broken Bracelet (2000)/Michelle Branch - I'll Always Be Right There.mp3
  📚 beet import -q …
    ⚠️  error: database file /beets-config/library.db cannot not be opened: unable to open database file
  ⚠️  beet import a échoué — rating NON effacé (traitement manuel requis)
[218/1740] ??? — Leap Of Faith
  📄 /mnt/MyBook/itunes/Music/Michelle Branch/Broken Bracelet (2000)/10 - Leap Of Faith.mp3
  🔁 Chemin résolu (mapped:/mnt/MyBook/itunes->/itunes)
     → /itunes/Music/Michelle Branch/Broken Bracelet (2000)/10 - Leap Of Faith.mp3
  🎵 songrec-rename -i …
    ⚠️  python3: can't open file '/home/paulceline/scripts/plex-scripts/bin/utils/songrec_rename_cli.py': [Errno 2] No such file or directory
  ⚠️  songrec-rename a échoué, tentative de fallback songrec…
    ✅ Tags mis à jour (fallback songrec)
    ✅ Renommé: Michelle Branch - Leap of Faith.mp3
  📦 Fichier traité: /itunes/Music/Michelle Branch/Broken Bracelet (2000)/Michelle Branch - Leap of Faith.mp3
  📚 beet import -q …
    ⚠️  error: database file /beets-config/library.db cannot not be opened: unable to open database file
  ⚠️  beet import a échoué — rating NON effacé (traitement manuel requis)
[219/1740] ??? — Sweet Misery (Acoustic)
  📄 /mnt/MyBook/itunes/Music/Michelle Branch/Broken Bracelet (2000)/11 - Sweet Misery (Acoustic).mp3
  🔁 Chemin résolu (mapped:/mnt/MyBook/itunes->/itunes)
     → /itunes/Music/Michelle Branch/Broken Bracelet (2000)/11 - Sweet Misery (Acoustic).mp3
  🎵 songrec-rename -i …
    ⚠️  python3: can't open file '/home/paulceline/scripts/plex-scripts/bin/utils/songrec_rename_cli.py': [Errno 2] No such file or directory
  ⚠️  songrec-rename a échoué, tentative de fallback songrec…
    ✅ Tags mis à jour (fallback songrec)
    ✅ Renommé: Michelle Branch - Sweet Misery (Acoustic).mp3
  📦 Fichier traité: /itunes/Music/Michelle Branch/Broken Bracelet (2000)/Michelle Branch - Sweet Misery (Acoustic).mp3
  📚 beet import -q …
    ⚠️  error: database file /beets-config/library.db cannot not be opened: unable to open database file
  ⚠️  beet import a échoué — rating NON effacé (traitement manuel requis)
[220/1740] ??? — QUE SOFRIMENTO É ESSE
  📄 /mnt/MyBook/itunes/Music/Gusttavo Lima/BUTECO DO GUSTTAVO LIMA, VOL. 2 (2017)/00
00 - QUE SOFRIMENTO É ESSE.mp3
  🔁 Chemin résolu (mapped:/mnt/MyBook/itunes->/itunes)
     → /itunes/Music/Gusttavo Lima/BUTECO DO GUSTTAVO LIMA, VOL. 2 (2017)/00
00 - QUE SOFRIMENTO É ESSE.mp3
  🎵 songrec-rename -i …
    ⚠️  python3: can't open file '/home/paulceline/scripts/plex-scripts/bin/utils/songrec_rename_cli.py': [Errno 2] No such file or directory
  ⚠️  songrec-rename a échoué, tentative de fallback songrec…
    ✅ Tags mis à jour (fallback songrec)
    ✅ Renommé: Gusttavo Lima - Que Sofrimento É Esse.mp3
  📦 Fichier traité: /itunes/Music/Gusttavo Lima/BUTECO DO GUSTTAVO LIMA, VOL. 2 (2017)/Gusttavo Lima - Que Sofrimento É Esse.mp3
  📚 beet import -q …
    ⚠️  error: database file /beets-config/library.db cannot not be opened: unable to open database file
  ⚠️  beet import a échoué — rating NON effacé (traitement manuel requis)
[221/1740] ??? — TE AMAR FOI ILUSÃO
  📄 /mnt/MyBook/itunes/Music/Gusttavo Lima/BUTECO DO GUSTTAVO LIMA, VOL. 2 (2017)/00
00 - TE AMAR FOI ILUSÃO.mp3
  🔁 Chemin résolu (mapped:/mnt/MyBook/itunes->/itunes)
     → /itunes/Music/Gusttavo Lima/BUTECO DO GUSTTAVO LIMA, VOL. 2 (2017)/00
00 - TE AMAR FOI ILUSÃO.mp3
  🎵 songrec-rename -i …
    ⚠️  python3: can't open file '/home/paulceline/scripts/plex-scripts/bin/utils/songrec_rename_cli.py': [Errno 2] No such file or directory
  ⚠️  songrec-rename a échoué, tentative de fallback songrec…
    ✅ Tags mis à jour (fallback songrec)
    ✅ Renommé: Gusttavo Lima - Te Amar Foi Ilusão.mp3
  📦 Fichier traité: /itunes/Music/Gusttavo Lima/BUTECO DO GUSTTAVO LIMA, VOL. 2 (2017)/Gusttavo Lima - Te Amar Foi Ilusão.mp3
  📚 beet import -q …
    ⚠️  error: database file /beets-config/library.db cannot not be opened: unable to open database file
  ⚠️  beet import a échoué — rating NON effacé (traitement manuel requis)
[222/1740] ??? — MIL VEZES CANTAREI
  📄 /mnt/MyBook/itunes/Music/Gusttavo Lima/BUTECO DO GUSTTAVO LIMA, VOL. 2 (2017)/01 - MIL VEZES CANTAREI.mp3
  🔁 Chemin résolu (mapped:/mnt/MyBook/itunes->/itunes)
     → /itunes/Music/Gusttavo Lima/BUTECO DO GUSTTAVO LIMA, VOL. 2 (2017)/01 - MIL VEZES CANTAREI.mp3
  🎵 songrec-rename -i …
    ⚠️  python3: can't open file '/home/paulceline/scripts/plex-scripts/bin/utils/songrec_rename_cli.py': [Errno 2] No such file or directory
  ⚠️  songrec-rename a échoué, tentative de fallback songrec…
    ✅ Tags mis à jour (fallback songrec)
    ✅ Renommé: Gusttavo Lima - Mil Vezes Cantarei (Ao Vivo).mp3
  📦 Fichier traité: /itunes/Music/Gusttavo Lima/BUTECO DO GUSTTAVO LIMA, VOL. 2 (2017)/Gusttavo Lima - Mil Vezes Cantarei (Ao Vivo).mp3
  📚 beet import -q …
    ⚠️  error: database file /beets-config/library.db cannot not be opened: unable to open database file
  ⚠️  beet import a échoué — rating NON effacé (traitement manuel requis)
[223/1740] ??? — APELIDO CARINHOSO
  📄 /mnt/MyBook/itunes/Music/Gusttavo Lima/BUTECO DO GUSTTAVO LIMA, VOL. 2 (2017)/02 - APELIDO CARINHOSO.mp3
  🔁 Chemin résolu (mapped:/mnt/MyBook/itunes->/itunes)
     → /itunes/Music/Gusttavo Lima/BUTECO DO GUSTTAVO LIMA, VOL. 2 (2017)/02 - APELIDO CARINHOSO.mp3
  🎵 songrec-rename -i …
    ⚠️  python3: can't open file '/home/paulceline/scripts/plex-scripts/bin/utils/songrec_rename_cli.py': [Errno 2] No such file or directory
  ⚠️  songrec-rename a échoué, tentative de fallback songrec…
    ✅ Tags mis à jour (fallback songrec)
    ✅ Renommé: Gusttavo Lima - Apelido Carinhoso.mp3
  📦 Fichier traité: /itunes/Music/Gusttavo Lima/BUTECO DO GUSTTAVO LIMA, VOL. 2 (2017)/Gusttavo Lima - Apelido Carinhoso.mp3
  📚 beet import -q …
    ⚠️  error: database file /beets-config/library.db cannot not be opened: unable to open database file
  ⚠️  beet import a échoué — rating NON effacé (traitement manuel requis)
[224/1740] ??? — SEPARADOS
  📄 /mnt/MyBook/itunes/Music/Gusttavo Lima/BUTECO DO GUSTTAVO LIMA, VOL. 2 (2017)/03 - SEPARADOS.mp3
  🔁 Chemin résolu (mapped:/mnt/MyBook/itunes->/itunes)
     → /itunes/Music/Gusttavo Lima/BUTECO DO GUSTTAVO LIMA, VOL. 2 (2017)/03 - SEPARADOS.mp3
  🎵 songrec-rename -i …
    ⚠️  python3: can't open file '/home/paulceline/scripts/plex-scripts/bin/utils/songrec_rename_cli.py': [Errno 2] No such file or directory
  ⚠️  songrec-rename a échoué, tentative de fallback songrec…
    ✅ Tags mis à jour (fallback songrec)
    ✅ Renommé: Gusttavo Lima - Separados.mp3
  📦 Fichier traité: /itunes/Music/Gusttavo Lima/BUTECO DO GUSTTAVO LIMA, VOL. 2 (2017)/Gusttavo Lima - Separados.mp3
  📚 beet import -q …
    ⚠️  error: database file /beets-config/library.db cannot not be opened: unable to open database file
  ⚠️  beet import a échoué — rating NON effacé (traitement manuel requis)
[225/1740] ??? — SOLIDÃO A TRÊS
  📄 /mnt/MyBook/itunes/Music/Gusttavo Lima/BUTECO DO GUSTTAVO LIMA, VOL. 2 (2017)/04 - SOLIDÃO A TRÊS.mp3
  🔁 Chemin résolu (mapped:/mnt/MyBook/itunes->/itunes)
     → /itunes/Music/Gusttavo Lima/BUTECO DO GUSTTAVO LIMA, VOL. 2 (2017)/04 - SOLIDÃO A TRÊS.mp3
  🎵 songrec-rename -i …
    ⚠️  python3: can't open file '/home/paulceline/scripts/plex-scripts/bin/utils/songrec_rename_cli.py': [Errno 2] No such file or directory
  ⚠️  songrec-rename a échoué, tentative de fallback songrec…
    ✅ Tags mis à jour (fallback songrec)
    ✅ Renommé: Gusttavo Lima - Solidão a Três.mp3
  📦 Fichier traité: /itunes/Music/Gusttavo Lima/BUTECO DO GUSTTAVO LIMA, VOL. 2 (2017)/Gusttavo Lima - Solidão a Três.mp3
  📚 beet import -q …
    ⚠️  error: database file /beets-config/library.db cannot not be opened: unable to open database file
  ⚠️  beet import a échoué — rating NON effacé (traitement manuel requis)
[226/1740] ??? — POR UM GOLE A MAIS
  📄 /mnt/MyBook/itunes/Music/Gusttavo Lima/BUTECO DO GUSTTAVO LIMA, VOL. 2 (2017)/05 - POR UM GOLE A MAIS.mp3
  🔁 Chemin résolu (mapped:/mnt/MyBook/itunes->/itunes)
     → /itunes/Music/Gusttavo Lima/BUTECO DO GUSTTAVO LIMA, VOL. 2 (2017)/05 - POR UM GOLE A MAIS.mp3
  🎵 songrec-rename -i …
    ⚠️  python3: can't open file '/home/paulceline/scripts/plex-scripts/bin/utils/songrec_rename_cli.py': [Errno 2] No such file or directory
  ⚠️  songrec-rename a échoué, tentative de fallback songrec…
    ✅ Tags mis à jour (fallback songrec)
    ✅ Renommé: Gusttavo Lima - Por um Gole a Mais.mp3
  📦 Fichier traité: /itunes/Music/Gusttavo Lima/BUTECO DO GUSTTAVO LIMA, VOL. 2 (2017)/Gusttavo Lima - Por um Gole a Mais.mp3
  📚 beet import -q …
    ⚠️  error: database file /beets-config/library.db cannot not be opened: unable to open database file
  ⚠️  beet import a échoué — rating NON effacé (traitement manuel requis)
[227/1740] ??? — NINGUÉM ESTRAGA
  📄 /mnt/MyBook/itunes/Music/Gusttavo Lima/BUTECO DO GUSTTAVO LIMA, VOL. 2 (2017)/06 - NINGUÉM ESTRAGA.mp3
  🔁 Chemin résolu (mapped:/mnt/MyBook/itunes->/itunes)
     → /itunes/Music/Gusttavo Lima/BUTECO DO GUSTTAVO LIMA, VOL. 2 (2017)/06 - NINGUÉM ESTRAGA.mp3
  🎵 songrec-rename -i …
    ⚠️  python3: can't open file '/home/paulceline/scripts/plex-scripts/bin/utils/songrec_rename_cli.py': [Errno 2] No such file or directory
  ⚠️  songrec-rename a échoué, tentative de fallback songrec…
    ✅ Tags mis à jour (fallback songrec)
    ✅ Renommé: Gusttavo Lima - Ninguém Estraga.mp3
  📦 Fichier traité: /itunes/Music/Gusttavo Lima/BUTECO DO GUSTTAVO LIMA, VOL. 2 (2017)/Gusttavo Lima - Ninguém Estraga.mp3
  📚 beet import -q …
    ⚠️  error: database file /beets-config/library.db cannot not be opened: unable to open database file
  ⚠️  beet import a échoué — rating NON effacé (traitement manuel requis)
[228/1740] ??? — NA HORA DE AMAR (INSENSÍVEL)
  📄 /mnt/MyBook/itunes/Music/Gusttavo Lima/BUTECO DO GUSTTAVO LIMA, VOL. 2 (2017)/07 - NA HORA DE AMAR (INSENSÍVEL).mp3
  🔁 Chemin résolu (mapped:/mnt/MyBook/itunes->/itunes)
     → /itunes/Music/Gusttavo Lima/BUTECO DO GUSTTAVO LIMA, VOL. 2 (2017)/07 - NA HORA DE AMAR (INSENSÍVEL).mp3
  🎵 songrec-rename -i …
    ⚠️  python3: can't open file '/home/paulceline/scripts/plex-scripts/bin/utils/songrec_rename_cli.py': [Errno 2] No such file or directory
  ⚠️  songrec-rename a échoué, tentative de fallback songrec…
    ✅ Tags mis à jour (fallback songrec)
    ✅ Renommé: Gusttavo Lima - Na Hora de Amar (Insensível).mp3
  📦 Fichier traité: /itunes/Music/Gusttavo Lima/BUTECO DO GUSTTAVO LIMA, VOL. 2 (2017)/Gusttavo Lima - Na Hora de Amar (Insensível).mp3
  📚 beet import -q …
    ⚠️  error: database file /beets-config/library.db cannot not be opened: unable to open database file
  ⚠️  beet import a échoué — rating NON effacé (traitement manuel requis)
[229/1740] ??? — MUNDO DE ILUSÕES
  📄 /mnt/MyBook/itunes/Music/Gusttavo Lima/BUTECO DO GUSTTAVO LIMA, VOL. 2 (2017)/11 - MUNDO DE ILUSÕES.mp3
  🔁 Chemin résolu (mapped:/mnt/MyBook/itunes->/itunes)
     → /itunes/Music/Gusttavo Lima/BUTECO DO GUSTTAVO LIMA, VOL. 2 (2017)/11 - MUNDO DE ILUSÕES.mp3
  🎵 songrec-rename -i …
    ⚠️  python3: can't open file '/home/paulceline/scripts/plex-scripts/bin/utils/songrec_rename_cli.py': [Errno 2] No such file or directory
  ⚠️  songrec-rename a échoué, tentative de fallback songrec…
    ✅ Tags mis à jour (fallback songrec)
    ✅ Renommé: Gusttavo Lima - Mundo de Ilusões (Ao Vivo).mp3
  📦 Fichier traité: /itunes/Music/Gusttavo Lima/BUTECO DO GUSTTAVO LIMA, VOL. 2 (2017)/Gusttavo Lima - Mundo de Ilusões (Ao Vivo).mp3
  📚 beet import -q …
    ⚠️  error: database file /beets-config/library.db cannot not be opened: unable to open database file
  ⚠️  beet import a échoué — rating NON effacé (traitement manuel requis)
[230/1740] ??? — RIO E NOVA YORK
  📄 /mnt/MyBook/itunes/Music/Gusttavo Lima/BUTECO DO GUSTTAVO LIMA, VOL. 2 (2017)/12 - RIO E NOVA YORK.mp3
  🔁 Chemin résolu (mapped:/mnt/MyBook/itunes->/itunes)
     → /itunes/Music/Gusttavo Lima/BUTECO DO GUSTTAVO LIMA, VOL. 2 (2017)/12 - RIO E NOVA YORK.mp3
  🎵 songrec-rename -i …
    ⚠️  python3: can't open file '/home/paulceline/scripts/plex-scripts/bin/utils/songrec_rename_cli.py': [Errno 2] No such file or directory
  ⚠️  songrec-rename a échoué, tentative de fallback songrec…
    ✅ Tags mis à jour (fallback songrec)
    ✅ Renommé: Gusttavo Lima - Rio e Nova York.mp3
  📦 Fichier traité: /itunes/Music/Gusttavo Lima/BUTECO DO GUSTTAVO LIMA, VOL. 2 (2017)/Gusttavo Lima - Rio e Nova York.mp3
  📚 beet import -q …
    ⚠️  error: database file /beets-config/library.db cannot not be opened: unable to open database file
  ⚠️  beet import a échoué — rating NON effacé (traitement manuel requis)
[231/1740] ??? — PARABÉNS PRO NOSSO AMOR
  📄 /mnt/MyBook/itunes/Music/Gusttavo Lima/BUTECO DO GUSTTAVO LIMA, VOL. 2 (2017)/13 - PARABÉNS PRO NOSSO AMOR.mp3
  🔁 Chemin résolu (mapped:/mnt/MyBook/itunes->/itunes)
     → /itunes/Music/Gusttavo Lima/BUTECO DO GUSTTAVO LIMA, VOL. 2 (2017)/13 - PARABÉNS PRO NOSSO AMOR.mp3
  🎵 songrec-rename -i …
    ⚠️  python3: can't open file '/home/paulceline/scripts/plex-scripts/bin/utils/songrec_rename_cli.py': [Errno 2] No such file or directory
  ⚠️  songrec-rename a échoué, tentative de fallback songrec…
    ✅ Tags mis à jour (fallback songrec)
    ✅ Renommé: Gusttavo Lima - Parabéns Pro Nosso Amor.mp3
  📦 Fichier traité: /itunes/Music/Gusttavo Lima/BUTECO DO GUSTTAVO LIMA, VOL. 2 (2017)/Gusttavo Lima - Parabéns Pro Nosso Amor.mp3
  📚 beet import -q …
    ⚠️  error: database file /beets-config/library.db cannot not be opened: unable to open database file
  ⚠️  beet import a échoué — rating NON effacé (traitement manuel requis)
[232/1740] ??? — AQUI ESTAMOS NÓS
  📄 /mnt/MyBook/itunes/Music/Gusttavo Lima/BUTECO DO GUSTTAVO LIMA, VOL. 2 (2017)/14 - AQUI ESTAMOS NÓS.mp3
  🔁 Chemin résolu (mapped:/mnt/MyBook/itunes->/itunes)
     → /itunes/Music/Gusttavo Lima/BUTECO DO GUSTTAVO LIMA, VOL. 2 (2017)/14 - AQUI ESTAMOS NÓS.mp3
  🎵 songrec-rename -i …
    ⚠️  python3: can't open file '/home/paulceline/scripts/plex-scripts/bin/utils/songrec_rename_cli.py': [Errno 2] No such file or directory
  ⚠️  songrec-rename a échoué, tentative de fallback songrec…
    ✅ Tags mis à jour (fallback songrec)
    ✅ Renommé: Gusttavo Lima - Aqui Estamos Nós.mp3
  📦 Fichier traité: /itunes/Music/Gusttavo Lima/BUTECO DO GUSTTAVO LIMA, VOL. 2 (2017)/Gusttavo Lima - Aqui Estamos Nós.mp3
  📚 beet import -q …
    ⚠️  error: database file /beets-config/library.db cannot not be opened: unable to open database file
  ⚠️  beet import a échoué — rating NON effacé (traitement manuel requis)
[233/1740] ??? — DANÇA COMIGO
  📄 /mnt/MyBook/itunes/Music/Gusttavo Lima/BUTECO DO GUSTTAVO LIMA, VOL. 2 (2017)/15 - DANÇA COMIGO.mp3
  🔁 Chemin résolu (mapped:/mnt/MyBook/itunes->/itunes)
     → /itunes/Music/Gusttavo Lima/BUTECO DO GUSTTAVO LIMA, VOL. 2 (2017)/15 - DANÇA COMIGO.mp3
  🎵 songrec-rename -i …
    ⚠️  python3: can't open file '/home/paulceline/scripts/plex-scripts/bin/utils/songrec_rename_cli.py': [Errno 2] No such file or directory
  ⚠️  songrec-rename a échoué, tentative de fallback songrec…
    ✅ Tags mis à jour (fallback songrec)
    ✅ Renommé: Gusttavo Lima - Dança Comigo.mp3
  📦 Fichier traité: /itunes/Music/Gusttavo Lima/BUTECO DO GUSTTAVO LIMA, VOL. 2 (2017)/Gusttavo Lima - Dança Comigo.mp3
  📚 beet import -q …
    ⚠️  error: database file /beets-config/library.db cannot not be opened: unable to open database file
  ⚠️  beet import a échoué — rating NON effacé (traitement manuel requis)
[234/1740] ??? — VAI POR MIM
  📄 /mnt/MyBook/itunes/Music/Gusttavo Lima/BUTECO DO GUSTTAVO LIMA, VOL. 2 (2017)/16 - VAI POR MIM.mp3
  🔁 Chemin résolu (mapped:/mnt/MyBook/itunes->/itunes)
     → /itunes/Music/Gusttavo Lima/BUTECO DO GUSTTAVO LIMA, VOL. 2 (2017)/16 - VAI POR MIM.mp3
  🎵 songrec-rename -i …
    ⚠️  python3: can't open file '/home/paulceline/scripts/plex-scripts/bin/utils/songrec_rename_cli.py': [Errno 2] No such file or directory
  ⚠️  songrec-rename a échoué, tentative de fallback songrec…
    ✅ Tags mis à jour (fallback songrec)
    ✅ Renommé: Gusttavo Lima - Vai por Mim.mp3
  📦 Fichier traité: /itunes/Music/Gusttavo Lima/BUTECO DO GUSTTAVO LIMA, VOL. 2 (2017)/Gusttavo Lima - Vai por Mim.mp3
  📚 beet import -q …
    ⚠️  error: database file /beets-config/library.db cannot not be opened: unable to open database file
  ⚠️  beet import a échoué — rating NON effacé (traitement manuel requis)
[235/1740] ??? — PRA SER SINCERO
  📄 /mnt/MyBook/itunes/Music/Gusttavo Lima/BUTECO DO GUSTTAVO LIMA, VOL. 2 (2017)/17 - PRA SER SINCERO.mp3
  🔁 Chemin résolu (mapped:/mnt/MyBook/itunes->/itunes)
     → /itunes/Music/Gusttavo Lima/BUTECO DO GUSTTAVO LIMA, VOL. 2 (2017)/17 - PRA SER SINCERO.mp3
  🎵 songrec-rename -i …
    ⚠️  python3: can't open file '/home/paulceline/scripts/plex-scripts/bin/utils/songrec_rename_cli.py': [Errno 2] No such file or directory
  ⚠️  songrec-rename a échoué, tentative de fallback songrec…
    ✅ Tags mis à jour (fallback songrec)
    ✅ Renommé: Gusttavo Lima - Pra Ser Sincero.mp3
  📦 Fichier traité: /itunes/Music/Gusttavo Lima/BUTECO DO GUSTTAVO LIMA, VOL. 2 (2017)/Gusttavo Lima - Pra Ser Sincero.mp3
  📚 beet import -q …
    ⚠️  error: database file /beets-config/library.db cannot not be opened: unable to open database file
  ⚠️  beet import a échoué — rating NON effacé (traitement manuel requis)
[236/1740] ??? — Coragem Irmon
  📄 /mnt/MyBook/itunes/Music/Cesária Evora/Cabo Verde (1997)/00
00 - Coragem Irmon.mp3
  🔁 Chemin résolu (mapped:/mnt/MyBook/itunes->/itunes)
     → /itunes/Music/Cesária Evora/Cabo Verde (1997)/00
00 - Coragem Irmon.mp3
  🎵 songrec-rename -i …
    ⚠️  python3: can't open file '/home/paulceline/scripts/plex-scripts/bin/utils/songrec_rename_cli.py': [Errno 2] No such file or directory
  ⚠️  songrec-rename a échoué, tentative de fallback songrec…
    ✅ Tags mis à jour (fallback songrec)
    ✅ Renommé: Cesária Evora - Coragem Irmon.mp3
  📦 Fichier traité: /itunes/Music/Cesária Evora/Cabo Verde (1997)/Cesária Evora - Coragem Irmon.mp3
  📚 beet import -q …
    ⚠️  error: database file /beets-config/library.db cannot not be opened: unable to open database file
  ⚠️  beet import a échoué — rating NON effacé (traitement manuel requis)
[237/1740] ??? — Apocalipse
  📄 /mnt/MyBook/itunes/Music/Cesária Evora/Cabo Verde (1997)/05 - Apocalipse.mp3
  🔁 Chemin résolu (mapped:/mnt/MyBook/itunes->/itunes)
     → /itunes/Music/Cesária Evora/Cabo Verde (1997)/05 - Apocalipse.mp3
  🎵 songrec-rename -i …
    ⚠️  python3: can't open file '/home/paulceline/scripts/plex-scripts/bin/utils/songrec_rename_cli.py': [Errno 2] No such file or directory
  ⚠️  songrec-rename a échoué, tentative de fallback songrec…
    ✅ Tags mis à jour (fallback songrec)
    ✅ Renommé: Cesária Evora - Apocalipse.mp3
  📦 Fichier traité: /itunes/Music/Cesária Evora/Cabo Verde (1997)/Cesária Evora - Apocalipse.mp3
  📚 beet import -q …
    ⚠️  error: database file /beets-config/library.db cannot not be opened: unable to open database file
  ⚠️  beet import a échoué — rating NON effacé (traitement manuel requis)
[238/1740] ??? — Mae Velha
  📄 /mnt/MyBook/itunes/Music/Cesária Evora/Cabo Verde (1997)/12 - Mae Velha.mp3
  🔁 Chemin résolu (mapped:/mnt/MyBook/itunes->/itunes)
     → /itunes/Music/Cesária Evora/Cabo Verde (1997)/12 - Mae Velha.mp3
  🎵 songrec-rename -i …
    ⚠️  python3: can't open file '/home/paulceline/scripts/plex-scripts/bin/utils/songrec_rename_cli.py': [Errno 2] No such file or directory
  ⚠️  songrec-rename a échoué, tentative de fallback songrec…
    ✅ Tags mis à jour (fallback songrec)
    ✅ Renommé: Cesária Evora - Mae Velha.mp3
  📦 Fichier traité: /itunes/Music/Cesária Evora/Cabo Verde (1997)/Cesária Evora - Mae Velha.mp3
  📚 beet import -q …
    ⚠️  error: database file /beets-config/library.db cannot not be opened: unable to open database file
  ⚠️  beet import a échoué — rating NON effacé (traitement manuel requis)
[239/1740] ??? — Don't Worry About What You Can't Control
  📄 /mnt/MyBook/itunes/Music/Sault/Chapter 1 (2026)/00
00 - Don't Worry About What You Can't Control.mp3
  🔁 Chemin résolu (mapped:/mnt/MyBook/itunes->/itunes)
     → /itunes/Music/Sault/Chapter 1 (2026)/00
00 - Don't Worry About What You Can't Control.mp3
  🎵 songrec-rename -i …
    ⚠️  python3: can't open file '/home/paulceline/scripts/plex-scripts/bin/utils/songrec_rename_cli.py': [Errno 2] No such file or directory
  ⚠️  songrec-rename a échoué, tentative de fallback songrec…
    ✅ Tags mis à jour (fallback songrec)
    ✅ Renommé: Sault - Don't Worry About What You Can't Control.mp3
  📦 Fichier traité: /itunes/Music/Sault/Chapter 1 (2026)/Sault - Don't Worry About What You Can't Control.mp3
  📚 beet import -q …
    ⚠️  error: database file /beets-config/library.db cannot not be opened: unable to open database file
  ⚠️  beet import a échoué — rating NON effacé (traitement manuel requis)
[240/1740] ??? — Plaid
  📄 /mnt/MyBook/itunes/Music/Chicago/Chicago XXXII Stone of Sisyphus (2008)/00
00 - Plaid.mp3
  🔁 Chemin résolu (mapped:/mnt/MyBook/itunes->/itunes)
     → /itunes/Music/Chicago/Chicago XXXII Stone of Sisyphus (2008)/00
00 - Plaid.mp3
  🎵 songrec-rename -i …
    ⚠️  python3: can't open file '/home/paulceline/scripts/plex-scripts/bin/utils/songrec_rename_cli.py': [Errno 2] No such file or directory
  ⚠️  songrec-rename a échoué, tentative de fallback songrec…
    ✅ Tags mis à jour (fallback songrec)
    ✅ Renommé: Chicago - Plaid.mp3
  📦 Fichier traité: /itunes/Music/Chicago/Chicago XXXII Stone of Sisyphus (2008)/Chicago - Plaid.mp3
  📚 beet import -q …
    ⚠️  error: database file /beets-config/library.db cannot not be opened: unable to open database file
  ⚠️  beet import a échoué — rating NON effacé (traitement manuel requis)
[241/1740] ??? — Rain in Soho
  📄 /mnt/MyBook/Music/Non_Reconnus/The Mountain Goats/Goths/Rain in Soho.mp3
  🔁 Chemin résolu (mapped:/mnt/MyBook/Music->/music)
     → /music/Non_Reconnus/The Mountain Goats/Goths/Rain in Soho.mp3
  🎵 songrec-rename -i …
    ⚠️  python3: can't open file '/home/paulceline/scripts/plex-scripts/bin/utils/songrec_rename_cli.py': [Errno 2] No such file or directory
  ⚠️  songrec-rename a échoué, tentative de fallback songrec…
    ✅ Tags mis à jour (fallback songrec)
    ✅ Renommé: The Mountain Goats - Rain in Soho.mp3
  📦 Fichier traité: /music/Non_Reconnus/The Mountain Goats/Goths/The Mountain Goats - Rain in Soho.mp3
  📚 beet import -q …
    ⚠️  error: database file /beets-config/library.db cannot not be opened: unable to open database file
  ⚠️  beet import a échoué — rating NON effacé (traitement manuel requis)
[242/1740] ??? — Whatever You Do! Don't!
  📄 /mnt/MyBook/itunes/Music/Shania Twain/Come On Over (1999)/00
00 - Whatever You Do! Don't!.mp3
  🔁 Chemin résolu (mapped:/mnt/MyBook/itunes->/itunes)
     → /itunes/Music/Shania Twain/Come On Over (1999)/00
00 - Whatever You Do! Don't!.mp3
  🎵 songrec-rename -i …
    ⚠️  python3: can't open file '/home/paulceline/scripts/plex-scripts/bin/utils/songrec_rename_cli.py': [Errno 2] No such file or directory
  ⚠️  songrec-rename a échoué, tentative de fallback songrec…
    ✅ Tags mis à jour (fallback songrec)
    ✅ Renommé: Shania Twain - Whatever You Do! Don't!.mp3
  📦 Fichier traité: /itunes/Music/Shania Twain/Come On Over (1999)/Shania Twain - Whatever You Do! Don't!.mp3
  📚 beet import -q …
    ⚠️  error: database file /beets-config/library.db cannot not be opened: unable to open database file
  ⚠️  beet import a échoué — rating NON effacé (traitement manuel requis)
[243/1740] ??? — You’ve Got a Way
  📄 /mnt/MyBook/itunes/Music/Shania Twain/Come On Over (1999)/00
00 - You’ve Got a Way.mp3
  🔁 Chemin résolu (mapped:/mnt/MyBook/itunes->/itunes)
     → /itunes/Music/Shania Twain/Come On Over (1999)/00
00 - You’ve Got a Way.mp3
  🎵 songrec-rename -i …
    ⚠️  python3: can't open file '/home/paulceline/scripts/plex-scripts/bin/utils/songrec_rename_cli.py': [Errno 2] No such file or directory
  ⚠️  songrec-rename a échoué, tentative de fallback songrec…
    ✅ Tags mis à jour (fallback songrec)
    ✅ Renommé: Shania Twain - You've Got A Way (International Mix).mp3
  📦 Fichier traité: /itunes/Music/Shania Twain/Come On Over (1999)/Shania Twain - You've Got A Way (International Mix).mp3
  📚 beet import -q …
    ⚠️  error: database file /beets-config/library.db cannot not be opened: unable to open database file
  ⚠️  beet import a échoué — rating NON effacé (traitement manuel requis)
[244/1740] ??? — You’re Still the One
  📄 /mnt/MyBook/itunes/Music/Shania Twain/Come On Over (1999)/01 - You’re Still the One.mp3
  🔁 Chemin résolu (mapped:/mnt/MyBook/itunes->/itunes)
     → /itunes/Music/Shania Twain/Come On Over (1999)/01 - You’re Still the One.mp3
  🎵 songrec-rename -i …
    ⚠️  python3: can't open file '/home/paulceline/scripts/plex-scripts/bin/utils/songrec_rename_cli.py': [Errno 2] No such file or directory
  ⚠️  songrec-rename a échoué, tentative de fallback songrec…
    ✅ Tags mis à jour (fallback songrec)
    ✅ Renommé: Shania Twain - You're Still The One.mp3
  📦 Fichier traité: /itunes/Music/Shania Twain/Come On Over (1999)/Shania Twain - You're Still The One.mp3
  📚 beet import -q …
    ⚠️  error: database file /beets-config/library.db cannot not be opened: unable to open database file
  ⚠️  beet import a échoué — rating NON effacé (traitement manuel requis)
[245/1740] ??? — When
  📄 /mnt/MyBook/itunes/Music/Shania Twain/Come On Over (1999)/02 - When.mp3
  🔁 Chemin résolu (mapped:/mnt/MyBook/itunes->/itunes)
     → /itunes/Music/Shania Twain/Come On Over (1999)/02 - When.mp3
  🎵 songrec-rename -i …
    ⚠️  python3: can't open file '/home/paulceline/scripts/plex-scripts/bin/utils/songrec_rename_cli.py': [Errno 2] No such file or directory
  ⚠️  songrec-rename a échoué, tentative de fallback songrec…
    ✅ Tags mis à jour (fallback songrec)
    ✅ Renommé: Shania Twain - When.mp3
  📦 Fichier traité: /itunes/Music/Shania Twain/Come On Over (1999)/Shania Twain - When.mp3
  📚 beet import -q …
    ⚠️  error: database file /beets-config/library.db cannot not be opened: unable to open database file
  ⚠️  beet import a échoué — rating NON effacé (traitement manuel requis)
[246/1740] ??? — From This Moment On
  📄 /mnt/MyBook/itunes/Music/Shania Twain/Come On Over (1999)/03 - From This Moment On.mp3
  🔁 Chemin résolu (mapped:/mnt/MyBook/itunes->/itunes)
     → /itunes/Music/Shania Twain/Come On Over (1999)/03 - From This Moment On.mp3
  🎵 songrec-rename -i …
    ⚠️  python3: can't open file '/home/paulceline/scripts/plex-scripts/bin/utils/songrec_rename_cli.py': [Errno 2] No such file or directory
  ⚠️  songrec-rename a échoué, tentative de fallback songrec…
    ✅ Tags mis à jour (fallback songrec)
    ✅ Renommé: Shania Twain - From This Moment On (feat. Bryan White).mp3
  📦 Fichier traité: /itunes/Music/Shania Twain/Come On Over (1999)/Shania Twain - From This Moment On (feat. Bryan White).mp3
  📚 beet import -q …
    ⚠️  error: database file /beets-config/library.db cannot not be opened: unable to open database file
  ⚠️  beet import a échoué — rating NON effacé (traitement manuel requis)
[247/1740] ??? — Black Eyes, Blue Tears
  📄 /mnt/MyBook/itunes/Music/Shania Twain/Come On Over (1999)/04 - Black Eyes, Blue Tears.mp3
  🔁 Chemin résolu (mapped:/mnt/MyBook/itunes->/itunes)
     → /itunes/Music/Shania Twain/Come On Over (1999)/04 - Black Eyes, Blue Tears.mp3
  🎵 songrec-rename -i …
    ⚠️  python3: can't open file '/home/paulceline/scripts/plex-scripts/bin/utils/songrec_rename_cli.py': [Errno 2] No such file or directory
  ⚠️  songrec-rename a échoué, tentative de fallback songrec…
    ✅ Tags mis à jour (fallback songrec)
    ✅ Renommé: Shania Twain - Black Eyes, Blue Tears.mp3
  📦 Fichier traité: /itunes/Music/Shania Twain/Come On Over (1999)/Shania Twain - Black Eyes, Blue Tears.mp3
  📚 beet import -q …
    ⚠️  error: database file /beets-config/library.db cannot not be opened: unable to open database file
  ⚠️  beet import a échoué — rating NON effacé (traitement manuel requis)
[248/1740] ??? — I Won’t Leave You Lonely
  📄 /mnt/MyBook/itunes/Music/Shania Twain/Come On Over (1999)/05 - I Won’t Leave You Lonely.mp3
  🔁 Chemin résolu (mapped:/mnt/MyBook/itunes->/itunes)
     → /itunes/Music/Shania Twain/Come On Over (1999)/05 - I Won’t Leave You Lonely.mp3
  🎵 songrec-rename -i …
    ⚠️  python3: can't open file '/home/paulceline/scripts/plex-scripts/bin/utils/songrec_rename_cli.py': [Errno 2] No such file or directory
  ⚠️  songrec-rename a échoué, tentative de fallback songrec…
    ✅ Tags mis à jour (fallback songrec)
    ✅ Renommé: Shania Twain - I Won't Leave You Lonely.mp3
  📦 Fichier traité: /itunes/Music/Shania Twain/Come On Over (1999)/Shania Twain - I Won't Leave You Lonely.mp3
  📚 beet import -q …
    ⚠️  error: database file /beets-config/library.db cannot not be opened: unable to open database file
  ⚠️  beet import a échoué — rating NON effacé (traitement manuel requis)
[249/1740] ??? — I’m Holdin’ on to Love (to Save My Life)
  📄 /mnt/MyBook/itunes/Music/Shania Twain/Come On Over (1999)/06 - I’m Holdin’ on to Love (to Save My Life).mp3
  🔁 Chemin résolu (mapped:/mnt/MyBook/itunes->/itunes)
     → /itunes/Music/Shania Twain/Come On Over (1999)/06 - I’m Holdin’ on to Love (to Save My Life).mp3
  🎵 songrec-rename -i …
    ⚠️  python3: can't open file '/home/paulceline/scripts/plex-scripts/bin/utils/songrec_rename_cli.py': [Errno 2] No such file or directory
  ⚠️  songrec-rename a échoué, tentative de fallback songrec…
    ✅ Tags mis à jour (fallback songrec)
    ✅ Renommé: Shania Twain - I'm Holdin' On To Love (To Save My Life).mp3
  📦 Fichier traité: /itunes/Music/Shania Twain/Come On Over (1999)/Shania Twain - I'm Holdin' On To Love (To Save My Life).mp3
  📚 beet import -q …
    ⚠️  error: database file /beets-config/library.db cannot not be opened: unable to open database file
  ⚠️  beet import a échoué — rating NON effacé (traitement manuel requis)
[250/1740] ??? — Come On Over
  📄 /mnt/MyBook/itunes/Music/Shania Twain/Come On Over (1999)/07 - Come On Over.mp3
  🔁 Chemin résolu (mapped:/mnt/MyBook/itunes->/itunes)
     → /itunes/Music/Shania Twain/Come On Over (1999)/07 - Come On Over.mp3
  🎵 songrec-rename -i …
    ⚠️  python3: can't open file '/home/paulceline/scripts/plex-scripts/bin/utils/songrec_rename_cli.py': [Errno 2] No such file or directory
  ⚠️  songrec-rename a échoué, tentative de fallback songrec…
    ✅ Tags mis à jour (fallback songrec)
    ✅ Renommé: Shania Twain - Come On Over.mp3
  📦 Fichier traité: /itunes/Music/Shania Twain/Come On Over (1999)/Shania Twain - Come On Over.mp3
  📚 beet import -q …
    ⚠️  error: database file /beets-config/library.db cannot not be opened: unable to open database file
  ⚠️  beet import a échoué — rating NON effacé (traitement manuel requis)
[251/1740] ??? — Man! I Feel Like a Woman!
  📄 /mnt/MyBook/itunes/Music/Shania Twain/Come On Over (1999)/10 - Man! I Feel Like a Woman!.mp3
  🔁 Chemin résolu (mapped:/mnt/MyBook/itunes->/itunes)
     → /itunes/Music/Shania Twain/Come On Over (1999)/10 - Man! I Feel Like a Woman!.mp3
  🎵 songrec-rename -i …
    ⚠️  python3: can't open file '/home/paulceline/scripts/plex-scripts/bin/utils/songrec_rename_cli.py': [Errno 2] No such file or directory
  ⚠️  songrec-rename a échoué, tentative de fallback songrec…
    ✅ Tags mis à jour (fallback songrec)
    ✅ Renommé: Shania Twain - Man! I Feel Like A Woman!.mp3
  📦 Fichier traité: /itunes/Music/Shania Twain/Come On Over (1999)/Shania Twain - Man! I Feel Like A Woman!.mp3
  📚 beet import -q …
    ⚠️  error: database file /beets-config/library.db cannot not be opened: unable to open database file
  ⚠️  beet import a échoué — rating NON effacé (traitement manuel requis)
[252/1740] ??? — Love Gets Me Every Time
  📄 /mnt/MyBook/itunes/Music/Shania Twain/Come On Over (1999)/11 - Love Gets Me Every Time.mp3
  🔁 Chemin résolu (mapped:/mnt/MyBook/itunes->/itunes)
     → /itunes/Music/Shania Twain/Come On Over (1999)/11 - Love Gets Me Every Time.mp3
  🎵 songrec-rename -i …
    ⚠️  python3: can't open file '/home/paulceline/scripts/plex-scripts/bin/utils/songrec_rename_cli.py': [Errno 2] No such file or directory
  ⚠️  songrec-rename a échoué, tentative de fallback songrec…
    ✅ Tags mis à jour (fallback songrec)
    ✅ Renommé: Shania Twain - Love Gets Me Every Time.mp3
  📦 Fichier traité: /itunes/Music/Shania Twain/Come On Over (1999)/Shania Twain - Love Gets Me Every Time.mp3
  📚 beet import -q …
    ⚠️  error: database file /beets-config/library.db cannot not be opened: unable to open database file
  ⚠️  beet import a échoué — rating NON effacé (traitement manuel requis)
[253/1740] ??? — Don’t Be Stupid (You Know I Love You)
  📄 /mnt/MyBook/itunes/Music/Shania Twain/Come On Over (1999)/12 - Don’t Be Stupid (You Know I Love You).mp3
  🔁 Chemin résolu (mapped:/mnt/MyBook/itunes->/itunes)
     → /itunes/Music/Shania Twain/Come On Over (1999)/12 - Don’t Be Stupid (You Know I Love You).mp3
  🎵 songrec-rename -i …
    ⚠️  python3: can't open file '/home/paulceline/scripts/plex-scripts/bin/utils/songrec_rename_cli.py': [Errno 2] No such file or directory
  ⚠️  songrec-rename a échoué, tentative de fallback songrec…
    ✅ Tags mis à jour (fallback songrec)
    ✅ Renommé: Shania Twain - Don't Be Stupid (You Know I Love You).mp3
  📦 Fichier traité: /itunes/Music/Shania Twain/Come On Over (1999)/Shania Twain - Don't Be Stupid (You Know I Love You).mp3
  📚 beet import -q …
    ⚠️  error: database file /beets-config/library.db cannot not be opened: unable to open database file
  ⚠️  beet import a échoué — rating NON effacé (traitement manuel requis)
[254/1740] ??? — That Don’t Impress Me Much
  📄 /mnt/MyBook/itunes/Music/Shania Twain/Come On Over (1999)/13 - That Don’t Impress Me Much.mp3
  🔁 Chemin résolu (mapped:/mnt/MyBook/itunes->/itunes)
     → /itunes/Music/Shania Twain/Come On Over (1999)/13 - That Don’t Impress Me Much.mp3
  🎵 songrec-rename -i …
    ⚠️  python3: can't open file '/home/paulceline/scripts/plex-scripts/bin/utils/songrec_rename_cli.py': [Errno 2] No such file or directory
  ⚠️  songrec-rename a échoué, tentative de fallback songrec…
    ✅ Tags mis à jour (fallback songrec)
    ✅ Renommé: Shania Twain - That Don't Impress Me Much.mp3
  📦 Fichier traité: /itunes/Music/Shania Twain/Come On Over (1999)/Shania Twain - That Don't Impress Me Much.mp3
  📚 beet import -q …
    ⚠️  error: database file /beets-config/library.db cannot not be opened: unable to open database file
  ⚠️  beet import a échoué — rating NON effacé (traitement manuel requis)
[255/1740] ??? — Honey, I’m Home
  📄 /mnt/MyBook/itunes/Music/Shania Twain/Come On Over (1999)/14 - Honey, I’m Home.mp3
  🔁 Chemin résolu (mapped:/mnt/MyBook/itunes->/itunes)
     → /itunes/Music/Shania Twain/Come On Over (1999)/14 - Honey, I’m Home.mp3
  🎵 songrec-rename -i …
    ⚠️  python3: can't open file '/home/paulceline/scripts/plex-scripts/bin/utils/songrec_rename_cli.py': [Errno 2] No such file or directory
  ⚠️  songrec-rename a échoué, tentative de fallback songrec…
    ✅ Tags mis à jour (fallback songrec)
    ✅ Renommé: Shania Twain - Honey, I'm Home.mp3
  📦 Fichier traité: /itunes/Music/Shania Twain/Come On Over (1999)/Shania Twain - Honey, I'm Home.mp3
  📚 beet import -q …
    ⚠️  error: database file /beets-config/library.db cannot not be opened: unable to open database file
  ⚠️  beet import a échoué — rating NON effacé (traitement manuel requis)
[256/1740] ??? — If You Wanna Touch Her, Ask!
  📄 /mnt/MyBook/itunes/Music/Shania Twain/Come On Over (1999)/15 - If You Wanna Touch Her, Ask!.mp3
  🔁 Chemin résolu (mapped:/mnt/MyBook/itunes->/itunes)
     → /itunes/Music/Shania Twain/Come On Over (1999)/15 - If You Wanna Touch Her, Ask!.mp3
  🎵 songrec-rename -i …
    ⚠️  python3: can't open file '/home/paulceline/scripts/plex-scripts/bin/utils/songrec_rename_cli.py': [Errno 2] No such file or directory
  ⚠️  songrec-rename a échoué, tentative de fallback songrec…
    ✅ Tags mis à jour (fallback songrec)
    ✅ Renommé: Shania Twain - If You Wanna Touch Her, Ask!.mp3
  📦 Fichier traité: /itunes/Music/Shania Twain/Come On Over (1999)/Shania Twain - If You Wanna Touch Her, Ask!.mp3
  📚 beet import -q …
    ⚠️  error: database file /beets-config/library.db cannot not be opened: unable to open database file
  ⚠️  beet import a échoué — rating NON effacé (traitement manuel requis)
[257/1740] ??? — Rock This Country!
  📄 /mnt/MyBook/itunes/Music/Shania Twain/Come On Over (1999)/16 - Rock This Country!.mp3
  🔁 Chemin résolu (mapped:/mnt/MyBook/itunes->/itunes)
     → /itunes/Music/Shania Twain/Come On Over (1999)/16 - Rock This Country!.mp3
  🎵 songrec-rename -i …
    ⚠️  python3: can't open file '/home/paulceline/scripts/plex-scripts/bin/utils/songrec_rename_cli.py': [Errno 2] No such file or directory
  ⚠️  songrec-rename a échoué, tentative de fallback songrec…
    ✅ Tags mis à jour (fallback songrec)
    ✅ Renommé: Shania Twain - Rock This Country!.mp3
  📦 Fichier traité: /itunes/Music/Shania Twain/Come On Over (1999)/Shania Twain - Rock This Country!.mp3
  📚 beet import -q …
    ⚠️  error: database file /beets-config/library.db cannot not be opened: unable to open database file
  ⚠️  beet import a échoué — rating NON effacé (traitement manuel requis)
[258/1740] ??? — SUITE NO. 2, IN D MINOR, BWV 1008 (TRANSPOSED TO A MINOR): II. ALLEMANDE
  📄 /mnt/MyBook/itunes/Music/Johann Sebastian Bach/COMPLETE CELLO SUITES (TRANSCRIBED FOR VIOLIN) (2020)/00
00 - SUITE NO. 2, IN D MINOR, BWV 1008 (TRANSPOSED TO A MINOR) II. ALLEMANDE.mp3
  🔁 Chemin résolu (mapped:/mnt/MyBook/itunes->/itunes)
     → /itunes/Music/Johann Sebastian Bach/COMPLETE CELLO SUITES (TRANSCRIBED FOR VIOLIN) (2020)/00
00 - SUITE NO. 2, IN D MINOR, BWV 1008 (TRANSPOSED TO A MINOR) II. ALLEMANDE.mp3
  🎵 songrec-rename -i …
    ⚠️  python3: can't open file '/home/paulceline/scripts/plex-scripts/bin/utils/songrec_rename_cli.py': [Errno 2] No such file or directory
  ⚠️  songrec-rename a échoué, tentative de fallback songrec…
    ✅ Tags mis à jour (fallback songrec)
    ✅ Renommé: Johnny Gandelsman - Suite No. 2, in D Minor, BWV 1008 (transposed to A minor by Johnny Gandelsman)_ II. Allemande.mp3
  📦 Fichier traité: /itunes/Music/Johann Sebastian Bach/COMPLETE CELLO SUITES (TRANSCRIBED FOR VIOLIN) (2020)/Johnny Gandelsman - Suite No. 2, in D Minor, BWV 1008 (transposed to A minor by Johnny Gandelsman)_ II. Allemande.mp3
  📚 beet import -q …
    ⚠️  error: database file /beets-config/library.db cannot not be opened: unable to open database file
  ⚠️  beet import a échoué — rating NON effacé (traitement manuel requis)
[259/1740] ??? — SUITE NO. 2, IN D MINOR, BWV 1008 (TRANSPOSED TO A MINOR): III. COURANTE
  📄 /mnt/MyBook/itunes/Music/Johann Sebastian Bach/COMPLETE CELLO SUITES (TRANSCRIBED FOR VIOLIN) (2020)/00
00 - SUITE NO. 2, IN D MINOR, BWV 1008 (TRANSPOSED TO A MINOR) III. COURANTE.mp3
  🔁 Chemin résolu (mapped:/mnt/MyBook/itunes->/itunes)
     → /itunes/Music/Johann Sebastian Bach/COMPLETE CELLO SUITES (TRANSCRIBED FOR VIOLIN) (2020)/00
00 - SUITE NO. 2, IN D MINOR, BWV 1008 (TRANSPOSED TO A MINOR) III. COURANTE.mp3
  🎵 songrec-rename -i …
    ⚠️  python3: can't open file '/home/paulceline/scripts/plex-scripts/bin/utils/songrec_rename_cli.py': [Errno 2] No such file or directory
  ⚠️  songrec-rename a échoué, tentative de fallback songrec…
    ✅ Tags mis à jour (fallback songrec)
    ✅ Renommé: Springbreak Party Dj - Erotica Disco (Hot Party Music).mp3
  📦 Fichier traité: /itunes/Music/Johann Sebastian Bach/COMPLETE CELLO SUITES (TRANSCRIBED FOR VIOLIN) (2020)/Springbreak Party Dj - Erotica Disco (Hot Party Music).mp3
  📚 beet import -q …
    ⚠️  error: database file /beets-config/library.db cannot not be opened: unable to open database file
  ⚠️  beet import a échoué — rating NON effacé (traitement manuel requis)
[260/1740] ??? — SUITE NO. 1, IN G MAJOR, BWV 1007 (TRANSPOSED TO D MAJOR): I. PRÉLUDE
  📄 /mnt/MyBook/itunes/Music/Johann Sebastian Bach/COMPLETE CELLO SUITES (TRANSCRIBED FOR VIOLIN) (2020)/01 - SUITE NO. 1, IN G MAJOR, BWV 1007 (TRANSPOSED TO D MAJOR) I. PRÉLUDE.mp3
  🔁 Chemin résolu (mapped:/mnt/MyBook/itunes->/itunes)
     → /itunes/Music/Johann Sebastian Bach/COMPLETE CELLO SUITES (TRANSCRIBED FOR VIOLIN) (2020)/01 - SUITE NO. 1, IN G MAJOR, BWV 1007 (TRANSPOSED TO D MAJOR) I. PRÉLUDE.mp3
  🎵 songrec-rename -i …
    ⚠️  python3: can't open file '/home/paulceline/scripts/plex-scripts/bin/utils/songrec_rename_cli.py': [Errno 2] No such file or directory
  ⚠️  songrec-rename a échoué, tentative de fallback songrec…
    ✅ Tags mis à jour (fallback songrec)
    ✅ Renommé: Johnny Gandelsman - Suite No. 1, in G Major, BWV 1007 (transposed to D Major by Johnny Gandelsman)_ I. Prélude.mp3
  📦 Fichier traité: /itunes/Music/Johann Sebastian Bach/COMPLETE CELLO SUITES (TRANSCRIBED FOR VIOLIN) (2020)/Johnny Gandelsman - Suite No. 1, in G Major, BWV 1007 (transposed to D Major by Johnny Gandelsman)_ I. Prélude.mp3
  📚 beet import -q …
    ⚠️  error: database file /beets-config/library.db cannot not be opened: unable to open database file
  ⚠️  beet import a échoué — rating NON effacé (traitement manuel requis)
[261/1740] ??? — SUITE NO. 1, IN G MAJOR, BWV 1007 (TRANSPOSED TO D MAJOR): II. ALLEMANDE
  📄 /mnt/MyBook/itunes/Music/Johann Sebastian Bach/COMPLETE CELLO SUITES (TRANSCRIBED FOR VIOLIN) (2020)/02 - SUITE NO. 1, IN G MAJOR, BWV 1007 (TRANSPOSED TO D MAJOR) II. ALLEMANDE.mp3
  🔁 Chemin résolu (mapped:/mnt/MyBook/itunes->/itunes)
     → /itunes/Music/Johann Sebastian Bach/COMPLETE CELLO SUITES (TRANSCRIBED FOR VIOLIN) (2020)/02 - SUITE NO. 1, IN G MAJOR, BWV 1007 (TRANSPOSED TO D MAJOR) II. ALLEMANDE.mp3
  🎵 songrec-rename -i …
    ⚠️  python3: can't open file '/home/paulceline/scripts/plex-scripts/bin/utils/songrec_rename_cli.py': [Errno 2] No such file or directory
  ⚠️  songrec-rename a échoué, tentative de fallback songrec…
    ✅ Tags mis à jour (fallback songrec)
    ✅ Renommé: Johnny Gandelsman - Suite No. 1, in G Major, BWV 1007 (transposed to D Major by Johnny Gandelsman)_ II. Allemande.mp3
  📦 Fichier traité: /itunes/Music/Johann Sebastian Bach/COMPLETE CELLO SUITES (TRANSCRIBED FOR VIOLIN) (2020)/Johnny Gandelsman - Suite No. 1, in G Major, BWV 1007 (transposed to D Major by Johnny Gandelsman)_ II. Allemande.mp3
  📚 beet import -q …
    ⚠️  error: database file /beets-config/library.db cannot not be opened: unable to open database file
  ⚠️  beet import a échoué — rating NON effacé (traitement manuel requis)
[262/1740] ??? — SUITE NO. 4, IN E-FLAT MAJOR, BWV 1010 (TRANSPOSED TO B-FLAT MAJOR): I. PRÉLUDE
  📄 /mnt/MyBook/itunes/Music/Johann Sebastian Bach/COMPLETE CELLO SUITES (TRANSCRIBED FOR VIOLIN) (2020)/02-01 - SUITE NO. 4, IN E-FLAT MAJOR, BWV 1010 (TRANSPOSED TO B-FLAT MAJOR) I. PRÉLUDE.mp3
  🔁 Chemin résolu (mapped:/mnt/MyBook/itunes->/itunes)
     → /itunes/Music/Johann Sebastian Bach/COMPLETE CELLO SUITES (TRANSCRIBED FOR VIOLIN) (2020)/02-01 - SUITE NO. 4, IN E-FLAT MAJOR, BWV 1010 (TRANSPOSED TO B-FLAT MAJOR) I. PRÉLUDE.mp3
  🎵 songrec-rename -i …
    ⚠️  python3: can't open file '/home/paulceline/scripts/plex-scripts/bin/utils/songrec_rename_cli.py': [Errno 2] No such file or directory
  ⚠️  songrec-rename a échoué, tentative de fallback songrec…
    ✅ Tags mis à jour (fallback songrec)
    ✅ Renommé: Johnny Gandelsman - Suite No. 4, in E-Flat Major, BWV 1010 (transposed to B-flat Major by Johnny Gandelsman)_ I. Prélude.mp3
  📦 Fichier traité: /itunes/Music/Johann Sebastian Bach/COMPLETE CELLO SUITES (TRANSCRIBED FOR VIOLIN) (2020)/Johnny Gandelsman - Suite No. 4, in E-Flat Major, BWV 1010 (transposed to B-flat Major by Johnny Gandelsman)_ I. Prélude.mp3
  📚 beet import -q …
    ⚠️  error: database file /beets-config/library.db cannot not be opened: unable to open database file
  ⚠️  beet import a échoué — rating NON effacé (traitement manuel requis)
[263/1740] ??? — SUITE NO. 4, IN E-FLAT MAJOR, BWV 1010 (TRANSPOSED TO B-FLAT MAJOR): II. ALLEMANDE
  📄 /mnt/MyBook/itunes/Music/Johann Sebastian Bach/COMPLETE CELLO SUITES (TRANSCRIBED FOR VIOLIN) (2020)/02-02 - SUITE NO. 4, IN E-FLAT MAJOR, BWV 1010 (TRANSPOSED TO B-FLAT MAJOR) II. ALLEMANDE.mp3
  🔁 Chemin résolu (mapped:/mnt/MyBook/itunes->/itunes)
     → /itunes/Music/Johann Sebastian Bach/COMPLETE CELLO SUITES (TRANSCRIBED FOR VIOLIN) (2020)/02-02 - SUITE NO. 4, IN E-FLAT MAJOR, BWV 1010 (TRANSPOSED TO B-FLAT MAJOR) II. ALLEMANDE.mp3
  🎵 songrec-rename -i …
    ⚠️  python3: can't open file '/home/paulceline/scripts/plex-scripts/bin/utils/songrec_rename_cli.py': [Errno 2] No such file or directory
  ⚠️  songrec-rename a échoué, tentative de fallback songrec…
  ⚠️  songrec n'a pas identifié de métadonnées utiles
  ❌ songrec-rename a échoué — track ignoré pour beet/clear
[264/1740] ??? — SUITE NO. 4, IN E-FLAT MAJOR, BWV 1010 (TRANSPOSED TO B-FLAT MAJOR): III. COURANTE
  📄 /mnt/MyBook/itunes/Music/Johann Sebastian Bach/COMPLETE CELLO SUITES (TRANSCRIBED FOR VIOLIN) (2020)/02-03 - SUITE NO. 4, IN E-FLAT MAJOR, BWV 1010 (TRANSPOSED TO B-FLAT MAJOR) III. COURANTE.mp3
  🔁 Chemin résolu (mapped:/mnt/MyBook/itunes->/itunes)
     → /itunes/Music/Johann Sebastian Bach/COMPLETE CELLO SUITES (TRANSCRIBED FOR VIOLIN) (2020)/02-03 - SUITE NO. 4, IN E-FLAT MAJOR, BWV 1010 (TRANSPOSED TO B-FLAT MAJOR) III. COURANTE.mp3
  🎵 songrec-rename -i …
    ⚠️  python3: can't open file '/home/paulceline/scripts/plex-scripts/bin/utils/songrec_rename_cli.py': [Errno 2] No such file or directory
  ⚠️  songrec-rename a échoué, tentative de fallback songrec…
    ✅ Tags mis à jour (fallback songrec)
    ✅ Renommé: Johnny Gandelsman - Suite No. 4, in E-Flat Major, BWV 1010 (transposed to B-flat Major by Johnny Gandelsman)_ III. Courante.mp3
  📦 Fichier traité: /itunes/Music/Johann Sebastian Bach/COMPLETE CELLO SUITES (TRANSCRIBED FOR VIOLIN) (2020)/Johnny Gandelsman - Suite No. 4, in E-Flat Major, BWV 1010 (transposed to B-flat Major by Johnny Gandelsman)_ III. Courante.mp3
  📚 beet import -q …
    ⚠️  error: database file /beets-config/library.db cannot not be opened: unable to open database file
  ⚠️  beet import a échoué — rating NON effacé (traitement manuel requis)
[265/1740] ??? — SUITE NO. 4, IN E-FLAT MAJOR, BWV 1010 (TRANSPOSED TO B-FLAT MAJOR): IV. SARABANDE
  📄 /mnt/MyBook/itunes/Music/Johann Sebastian Bach/COMPLETE CELLO SUITES (TRANSCRIBED FOR VIOLIN) (2020)/02-04 - SUITE NO. 4, IN E-FLAT MAJOR, BWV 1010 (TRANSPOSED TO B-FLAT MAJOR) IV. SARABANDE.mp3
  🔁 Chemin résolu (mapped:/mnt/MyBook/itunes->/itunes)
     → /itunes/Music/Johann Sebastian Bach/COMPLETE CELLO SUITES (TRANSCRIBED FOR VIOLIN) (2020)/02-04 - SUITE NO. 4, IN E-FLAT MAJOR, BWV 1010 (TRANSPOSED TO B-FLAT MAJOR) IV. SARABANDE.mp3
  🎵 songrec-rename -i …
    ⚠️  python3: can't open file '/home/paulceline/scripts/plex-scripts/bin/utils/songrec_rename_cli.py': [Errno 2] No such file or directory
  ⚠️  songrec-rename a échoué, tentative de fallback songrec…
    ✅ Tags mis à jour (fallback songrec)
    ✅ Renommé: Johnny Gandelsman - Suite No. 4, in E-Flat Major, BWV 1010 (transposed to B-flat Major by Johnny Gandelsman)_ IV. Sarabande.mp3
  📦 Fichier traité: /itunes/Music/Johann Sebastian Bach/COMPLETE CELLO SUITES (TRANSCRIBED FOR VIOLIN) (2020)/Johnny Gandelsman - Suite No. 4, in E-Flat Major, BWV 1010 (transposed to B-flat Major by Johnny Gandelsman)_ IV. Sarabande.mp3
  📚 beet import -q …
    ⚠️  error: database file /beets-config/library.db cannot not be opened: unable to open database file
  ⚠️  beet import a échoué — rating NON effacé (traitement manuel requis)
[266/1740] ??? — SUITE NO. 5, IN C MINOR, BWV 1011 (TRANSPOSED TO G MINOR): II. ALLEMANDE
  📄 /mnt/MyBook/itunes/Music/Johann Sebastian Bach/COMPLETE CELLO SUITES (TRANSCRIBED FOR VIOLIN) (2020)/02-00
00 - SUITE NO. 5, IN C MINOR, BWV 1011 (TRANSPOSED TO G MINOR) II. ALLEMANDE.mp3
  🔁 Chemin résolu (mapped:/mnt/MyBook/itunes->/itunes)
     → /itunes/Music/Johann Sebastian Bach/COMPLETE CELLO SUITES (TRANSCRIBED FOR VIOLIN) (2020)/02-00
00 - SUITE NO. 5, IN C MINOR, BWV 1011 (TRANSPOSED TO G MINOR) II. ALLEMANDE.mp3
  🎵 songrec-rename -i …
    ⚠️  python3: can't open file '/home/paulceline/scripts/plex-scripts/bin/utils/songrec_rename_cli.py': [Errno 2] No such file or directory
  ⚠️  songrec-rename a échoué, tentative de fallback songrec…
  ⚠️  songrec n'a pas identifié de métadonnées utiles
  ❌ songrec-rename a échoué — track ignoré pour beet/clear
[267/1740] ??? — SUITE NO. 4, IN E-FLAT MAJOR, BWV 1010 (TRANSPOSED TO B-FLAT MAJOR): V. BOURRÉE I & II
  📄 /mnt/MyBook/itunes/Music/Johann Sebastian Bach/COMPLETE CELLO SUITES (TRANSCRIBED FOR VIOLIN) (2020)/02-05 - SUITE NO. 4, IN E-FLAT MAJOR, BWV 1010 (TRANSPOSED TO B-FLAT MAJOR) V. BOURRÉE I & II.mp3
  🔁 Chemin résolu (mapped:/mnt/MyBook/itunes->/itunes)
     → /itunes/Music/Johann Sebastian Bach/COMPLETE CELLO SUITES (TRANSCRIBED FOR VIOLIN) (2020)/02-05 - SUITE NO. 4, IN E-FLAT MAJOR, BWV 1010 (TRANSPOSED TO B-FLAT MAJOR) V. BOURRÉE I & II.mp3
  🎵 songrec-rename -i …
    ⚠️  python3: can't open file '/home/paulceline/scripts/plex-scripts/bin/utils/songrec_rename_cli.py': [Errno 2] No such file or directory
  ⚠️  songrec-rename a échoué, tentative de fallback songrec…
    ✅ Tags mis à jour (fallback songrec)
    ✅ Renommé: Johnny Gandelsman - Suite No. 4, in E-Flat Major, BWV 1010 (transposed to B-flat Major by Johnny Gandelsman)_ V. Bourrée I & II.mp3
  📦 Fichier traité: /itunes/Music/Johann Sebastian Bach/COMPLETE CELLO SUITES (TRANSCRIBED FOR VIOLIN) (2020)/Johnny Gandelsman - Suite No. 4, in E-Flat Major, BWV 1010 (transposed to B-flat Major by Johnny Gandelsman)_ V. Bourrée I & II.mp3
  📚 beet import -q …
    ⚠️  error: database file /beets-config/library.db cannot not be opened: unable to open database file
  ⚠️  beet import a échoué — rating NON effacé (traitement manuel requis)
[268/1740] ??? — SUITE NO. 5, IN C MINOR, BWV 1011 (TRANSPOSED TO G MINOR): III. COURANTE
  📄 /mnt/MyBook/itunes/Music/Johann Sebastian Bach/COMPLETE CELLO SUITES (TRANSCRIBED FOR VIOLIN) (2020)/02-00
00 - SUITE NO. 5, IN C MINOR, BWV 1011 (TRANSPOSED TO G MINOR) III. COURANTE.mp3
  🔁 Chemin résolu (mapped:/mnt/MyBook/itunes->/itunes)
     → /itunes/Music/Johann Sebastian Bach/COMPLETE CELLO SUITES (TRANSCRIBED FOR VIOLIN) (2020)/02-00
00 - SUITE NO. 5, IN C MINOR, BWV 1011 (TRANSPOSED TO G MINOR) III. COURANTE.mp3
  🎵 songrec-rename -i …
    ⚠️  python3: can't open file '/home/paulceline/scripts/plex-scripts/bin/utils/songrec_rename_cli.py': [Errno 2] No such file or directory
  ⚠️  songrec-rename a échoué, tentative de fallback songrec…
    ✅ Tags mis à jour (fallback songrec)
    ✅ Renommé: Johnny Gandelsman - Suite No. 5, in C Minor, BWV 1011 (transposed to G Minor by Johnny Gandelsman)_ III. Courante.mp3
  📦 Fichier traité: /itunes/Music/Johann Sebastian Bach/COMPLETE CELLO SUITES (TRANSCRIBED FOR VIOLIN) (2020)/Johnny Gandelsman - Suite No. 5, in C Minor, BWV 1011 (transposed to G Minor by Johnny Gandelsman)_ III. Courante.mp3
  📚 beet import -q …
    ⚠️  error: database file /beets-config/library.db cannot not be opened: unable to open database file
  ⚠️  beet import a échoué — rating NON effacé (traitement manuel requis)
[269/1740] ??? — SUITE NO. 4, IN E-FLAT MAJOR, BWV 1010 (TRANSPOSED TO B-FLAT MAJOR): VI. GIGUE
  📄 /mnt/MyBook/itunes/Music/Johann Sebastian Bach/COMPLETE CELLO SUITES (TRANSCRIBED FOR VIOLIN) (2020)/02-06 - SUITE NO. 4, IN E-FLAT MAJOR, BWV 1010 (TRANSPOSED TO B-FLAT MAJOR) VI. GIGUE.mp3
  🔁 Chemin résolu (mapped:/mnt/MyBook/itunes->/itunes)
     → /itunes/Music/Johann Sebastian Bach/COMPLETE CELLO SUITES (TRANSCRIBED FOR VIOLIN) (2020)/02-06 - SUITE NO. 4, IN E-FLAT MAJOR, BWV 1010 (TRANSPOSED TO B-FLAT MAJOR) VI. GIGUE.mp3
  🎵 songrec-rename -i …
    ⚠️  python3: can't open file '/home/paulceline/scripts/plex-scripts/bin/utils/songrec_rename_cli.py': [Errno 2] No such file or directory
  ⚠️  songrec-rename a échoué, tentative de fallback songrec…
    ✅ Tags mis à jour (fallback songrec)
    ✅ Renommé: Johnny Gandelsman - Suite No. 4, in E-Flat Major, BWV 1010 (transposed to B-flat Major by Johnny Gandelsman)_ VI. Gigue.mp3
  📦 Fichier traité: /itunes/Music/Johann Sebastian Bach/COMPLETE CELLO SUITES (TRANSCRIBED FOR VIOLIN) (2020)/Johnny Gandelsman - Suite No. 4, in E-Flat Major, BWV 1010 (transposed to B-flat Major by Johnny Gandelsman)_ VI. Gigue.mp3
  📚 beet import -q …
    ⚠️  error: database file /beets-config/library.db cannot not be opened: unable to open database file
  ⚠️  beet import a échoué — rating NON effacé (traitement manuel requis)
[270/1740] ??? — SUITE NO. 5, IN C MINOR, BWV 1011 (TRANSPOSED TO G MINOR): I. PRÉLUDE
  📄 /mnt/MyBook/itunes/Music/Johann Sebastian Bach/COMPLETE CELLO SUITES (TRANSCRIBED FOR VIOLIN) (2020)/02-07 - SUITE NO. 5, IN C MINOR, BWV 1011 (TRANSPOSED TO G MINOR) I. PRÉLUDE.mp3
  🔁 Chemin résolu (mapped:/mnt/MyBook/itunes->/itunes)
     → /itunes/Music/Johann Sebastian Bach/COMPLETE CELLO SUITES (TRANSCRIBED FOR VIOLIN) (2020)/02-07 - SUITE NO. 5, IN C MINOR, BWV 1011 (TRANSPOSED TO G MINOR) I. PRÉLUDE.mp3
  🎵 songrec-rename -i …
    ⚠️  python3: can't open file '/home/paulceline/scripts/plex-scripts/bin/utils/songrec_rename_cli.py': [Errno 2] No such file or directory
  ⚠️  songrec-rename a échoué, tentative de fallback songrec…
    ✅ Tags mis à jour (fallback songrec)
    ✅ Renommé: Johnny Gandelsman - Suite No. 5, in C Minor, BWV 1011 (transposed to G Minor by Johnny Gandelsman)_ I. Prélude.mp3
  📦 Fichier traité: /itunes/Music/Johann Sebastian Bach/COMPLETE CELLO SUITES (TRANSCRIBED FOR VIOLIN) (2020)/Johnny Gandelsman - Suite No. 5, in C Minor, BWV 1011 (transposed to G Minor by Johnny Gandelsman)_ I. Prélude.mp3
  📚 beet import -q …
    ⚠️  error: database file /beets-config/library.db cannot not be opened: unable to open database file
  ⚠️  beet import a échoué — rating NON effacé (traitement manuel requis)
[271/1740] ??? — SUITE NO. 2, IN D MINOR, BWV 1008 (TRANSPOSED TO A MINOR): I. PRÉLUDE
  📄 /mnt/MyBook/itunes/Music/Johann Sebastian Bach/COMPLETE CELLO SUITES (TRANSCRIBED FOR VIOLIN) (2020)/07 - SUITE NO. 2, IN D MINOR, BWV 1008 (TRANSPOSED TO A MINOR) I. PRÉLUDE.mp3
  🔁 Chemin résolu (mapped:/mnt/MyBook/itunes->/itunes)
     → /itunes/Music/Johann Sebastian Bach/COMPLETE CELLO SUITES (TRANSCRIBED FOR VIOLIN) (2020)/07 - SUITE NO. 2, IN D MINOR, BWV 1008 (TRANSPOSED TO A MINOR) I. PRÉLUDE.mp3
  🎵 songrec-rename -i …
    ⚠️  python3: can't open file '/home/paulceline/scripts/plex-scripts/bin/utils/songrec_rename_cli.py': [Errno 2] No such file or directory
  ⚠️  songrec-rename a échoué, tentative de fallback songrec…
    ✅ Tags mis à jour (fallback songrec)
    ✅ Renommé: Johnny Gandelsman - Suite No. 2, in D Minor, BWV 1008 (transposed to A minor by Johnny Gandelsman)_ I. Prélude.mp3
  📦 Fichier traité: /itunes/Music/Johann Sebastian Bach/COMPLETE CELLO SUITES (TRANSCRIBED FOR VIOLIN) (2020)/Johnny Gandelsman - Suite No. 2, in D Minor, BWV 1008 (transposed to A minor by Johnny Gandelsman)_ I. Prélude.mp3
  📚 beet import -q …
    ⚠️  error: database file /beets-config/library.db cannot not be opened: unable to open database file
  ⚠️  beet import a échoué — rating NON effacé (traitement manuel requis)
[272/1740] ??? — SUITE NO. 5, IN C MINOR, BWV 1011 (TRANSPOSED TO G MINOR): IV. SARABANDE
  📄 /mnt/MyBook/itunes/Music/Johann Sebastian Bach/COMPLETE CELLO SUITES (TRANSCRIBED FOR VIOLIN) (2020)/02-10 - SUITE NO. 5, IN C MINOR, BWV 1011 (TRANSPOSED TO G MINOR) IV. SARABANDE.mp3
  🔁 Chemin résolu (mapped:/mnt/MyBook/itunes->/itunes)
     → /itunes/Music/Johann Sebastian Bach/COMPLETE CELLO SUITES (TRANSCRIBED FOR VIOLIN) (2020)/02-10 - SUITE NO. 5, IN C MINOR, BWV 1011 (TRANSPOSED TO G MINOR) IV. SARABANDE.mp3
  🎵 songrec-rename -i …
    ⚠️  python3: can't open file '/home/paulceline/scripts/plex-scripts/bin/utils/songrec_rename_cli.py': [Errno 2] No such file or directory
  ⚠️  songrec-rename a échoué, tentative de fallback songrec…
  ⚠️  songrec n'a pas identifié de métadonnées utiles
  ❌ songrec-rename a échoué — track ignoré pour beet/clear
[273/1740] ??? — SUITE NO. 2, IN D MINOR, BWV 1008 (TRANSPOSED TO A MINOR): IV. SARABANDE
  📄 /mnt/MyBook/itunes/Music/Johann Sebastian Bach/COMPLETE CELLO SUITES (TRANSCRIBED FOR VIOLIN) (2020)/10 - SUITE NO. 2, IN D MINOR, BWV 1008 (TRANSPOSED TO A MINOR) IV. SARABANDE.mp3
  🔁 Chemin résolu (mapped:/mnt/MyBook/itunes->/itunes)
     → /itunes/Music/Johann Sebastian Bach/COMPLETE CELLO SUITES (TRANSCRIBED FOR VIOLIN) (2020)/10 - SUITE NO. 2, IN D MINOR, BWV 1008 (TRANSPOSED TO A MINOR) IV. SARABANDE.mp3
  🎵 songrec-rename -i …
    ⚠️  python3: can't open file '/home/paulceline/scripts/plex-scripts/bin/utils/songrec_rename_cli.py': [Errno 2] No such file or directory
  ⚠️  songrec-rename a échoué, tentative de fallback songrec…
    ✅ Tags mis à jour (fallback songrec)
    ✅ Renommé: Johnny Gandelsman - Suite No. 2, in D Minor, BWV 1008 (transposed to A minor by Johnny Gandelsman)_ IV. Sarabande.mp3
  📦 Fichier traité: /itunes/Music/Johann Sebastian Bach/COMPLETE CELLO SUITES (TRANSCRIBED FOR VIOLIN) (2020)/Johnny Gandelsman - Suite No. 2, in D Minor, BWV 1008 (transposed to A minor by Johnny Gandelsman)_ IV. Sarabande.mp3
  📚 beet import -q …
    ⚠️  error: database file /beets-config/library.db cannot not be opened: unable to open database file
  ⚠️  beet import a échoué — rating NON effacé (traitement manuel requis)
[274/1740] ??? — SUITE NO. 5, IN C MINOR, BWV 1011 (TRANSPOSED TO G MINOR): V. GAVOTTE I & II
  📄 /mnt/MyBook/itunes/Music/Johann Sebastian Bach/COMPLETE CELLO SUITES (TRANSCRIBED FOR VIOLIN) (2020)/02-11 - SUITE NO. 5, IN C MINOR, BWV 1011 (TRANSPOSED TO G MINOR) V. GAVOTTE I & II.mp3
  🔁 Chemin résolu (mapped:/mnt/MyBook/itunes->/itunes)
     → /itunes/Music/Johann Sebastian Bach/COMPLETE CELLO SUITES (TRANSCRIBED FOR VIOLIN) (2020)/02-11 - SUITE NO. 5, IN C MINOR, BWV 1011 (TRANSPOSED TO G MINOR) V. GAVOTTE I & II.mp3
  🎵 songrec-rename -i …
    ⚠️  python3: can't open file '/home/paulceline/scripts/plex-scripts/bin/utils/songrec_rename_cli.py': [Errno 2] No such file or directory
  ⚠️  songrec-rename a échoué, tentative de fallback songrec…
    ✅ Tags mis à jour (fallback songrec)
    ✅ Renommé: Johnny Gandelsman - Suite No. 5, in C Minor, BWV 1011 (transposed to G Minor by Johnny Gandelsman)_ V. Gavotte I & II.mp3
  📦 Fichier traité: /itunes/Music/Johann Sebastian Bach/COMPLETE CELLO SUITES (TRANSCRIBED FOR VIOLIN) (2020)/Johnny Gandelsman - Suite No. 5, in C Minor, BWV 1011 (transposed to G Minor by Johnny Gandelsman)_ V. Gavotte I & II.mp3
  📚 beet import -q …
    ⚠️  error: database file /beets-config/library.db cannot not be opened: unable to open database file
  ⚠️  beet import a échoué — rating NON effacé (traitement manuel requis)
[275/1740] ??? — SUITE NO. 2, IN D MINOR, BWV 1008 (TRANSPOSED TO A MINOR): V. MENUETT I & II
  📄 /mnt/MyBook/itunes/Music/Johann Sebastian Bach/COMPLETE CELLO SUITES (TRANSCRIBED FOR VIOLIN) (2020)/11 - SUITE NO. 2, IN D MINOR, BWV 1008 (TRANSPOSED TO A MINOR) V. MENUETT I & II.mp3
  🔁 Chemin résolu (mapped:/mnt/MyBook/itunes->/itunes)
     → /itunes/Music/Johann Sebastian Bach/COMPLETE CELLO SUITES (TRANSCRIBED FOR VIOLIN) (2020)/11 - SUITE NO. 2, IN D MINOR, BWV 1008 (TRANSPOSED TO A MINOR) V. MENUETT I & II.mp3
  🎵 songrec-rename -i …
    ⚠️  python3: can't open file '/home/paulceline/scripts/plex-scripts/bin/utils/songrec_rename_cli.py': [Errno 2] No such file or directory
  ⚠️  songrec-rename a échoué, tentative de fallback songrec…
  ⚠️  songrec n'a pas identifié de métadonnées utiles
  ❌ songrec-rename a échoué — track ignoré pour beet/clear
[276/1740] ??? — SUITE NO. 5, IN C MINOR, BWV 1011 (TRANSPOSED TO G MINOR): VI. GIGUE
  📄 /mnt/MyBook/itunes/Music/Johann Sebastian Bach/COMPLETE CELLO SUITES (TRANSCRIBED FOR VIOLIN) (2020)/02-12 - SUITE NO. 5, IN C MINOR, BWV 1011 (TRANSPOSED TO G MINOR) VI. GIGUE.mp3
  🔁 Chemin résolu (mapped:/mnt/MyBook/itunes->/itunes)
     → /itunes/Music/Johann Sebastian Bach/COMPLETE CELLO SUITES (TRANSCRIBED FOR VIOLIN) (2020)/02-12 - SUITE NO. 5, IN C MINOR, BWV 1011 (TRANSPOSED TO G MINOR) VI. GIGUE.mp3
  🎵 songrec-rename -i …
    ⚠️  python3: can't open file '/home/paulceline/scripts/plex-scripts/bin/utils/songrec_rename_cli.py': [Errno 2] No such file or directory
  ⚠️  songrec-rename a échoué, tentative de fallback songrec…
  ⚠️  songrec n'a pas identifié de métadonnées utiles
  ❌ songrec-rename a échoué — track ignoré pour beet/clear
[277/1740] ??? — SUITE NO. 2, IN D MINOR, BWV 1008 (TRANSPOSED TO A MINOR): VI. GIGUE
  📄 /mnt/MyBook/itunes/Music/Johann Sebastian Bach/COMPLETE CELLO SUITES (TRANSCRIBED FOR VIOLIN) (2020)/12 - SUITE NO. 2, IN D MINOR, BWV 1008 (TRANSPOSED TO A MINOR) VI. GIGUE.mp3
  🔁 Chemin résolu (mapped:/mnt/MyBook/itunes->/itunes)
     → /itunes/Music/Johann Sebastian Bach/COMPLETE CELLO SUITES (TRANSCRIBED FOR VIOLIN) (2020)/12 - SUITE NO. 2, IN D MINOR, BWV 1008 (TRANSPOSED TO A MINOR) VI. GIGUE.mp3
  🎵 songrec-rename -i …
    ⚠️  python3: can't open file '/home/paulceline/scripts/plex-scripts/bin/utils/songrec_rename_cli.py': [Errno 2] No such file or directory
  ⚠️  songrec-rename a échoué, tentative de fallback songrec…
    ✅ Tags mis à jour (fallback songrec)
    ✅ Renommé: Johnny Gandelsman - Suite No. 2, in D Minor, BWV 1008 (transposed to A minor by Johnny Gandelsman)_ VI. Gigue.mp3
  📦 Fichier traité: /itunes/Music/Johann Sebastian Bach/COMPLETE CELLO SUITES (TRANSCRIBED FOR VIOLIN) (2020)/Johnny Gandelsman - Suite No. 2, in D Minor, BWV 1008 (transposed to A minor by Johnny Gandelsman)_ VI. Gigue.mp3
  📚 beet import -q …
    ⚠️  error: database file /beets-config/library.db cannot not be opened: unable to open database file
  ⚠️  beet import a échoué — rating NON effacé (traitement manuel requis)
[278/1740] ??? — SUITE NO. 6, IN D MAJOR, BWV 1012: I. PRÉLUDE
  📄 /mnt/MyBook/itunes/Music/Johann Sebastian Bach/COMPLETE CELLO SUITES (TRANSCRIBED FOR VIOLIN) (2020)/02-13 - SUITE NO. 6, IN D MAJOR, BWV 1012 I. PRÉLUDE.mp3
  🔁 Chemin résolu (mapped:/mnt/MyBook/itunes->/itunes)
     → /itunes/Music/Johann Sebastian Bach/COMPLETE CELLO SUITES (TRANSCRIBED FOR VIOLIN) (2020)/02-13 - SUITE NO. 6, IN D MAJOR, BWV 1012 I. PRÉLUDE.mp3
  🎵 songrec-rename -i …
    ⚠️  python3: can't open file '/home/paulceline/scripts/plex-scripts/bin/utils/songrec_rename_cli.py': [Errno 2] No such file or directory
  ⚠️  songrec-rename a échoué, tentative de fallback songrec…
    ✅ Tags mis à jour (fallback songrec)
    ✅ Renommé: Johnny Gandelsman - Suite No. 6, in D Major, BWV 1012_ I. Prélude.mp3
  📦 Fichier traité: /itunes/Music/Johann Sebastian Bach/COMPLETE CELLO SUITES (TRANSCRIBED FOR VIOLIN) (2020)/Johnny Gandelsman - Suite No. 6, in D Major, BWV 1012_ I. Prélude.mp3
  📚 beet import -q …
    ⚠️  error: database file /beets-config/library.db cannot not be opened: unable to open database file
  ⚠️  beet import a échoué — rating NON effacé (traitement manuel requis)
[279/1740] ??? — SUITE NO. 3, IN C MAJOR, BWV 1009 (TRANSPOSED TO G MAJOR): I. PRÉLUDE
  📄 /mnt/MyBook/itunes/Music/Johann Sebastian Bach/COMPLETE CELLO SUITES (TRANSCRIBED FOR VIOLIN) (2020)/13 - SUITE NO. 3, IN C MAJOR, BWV 1009 (TRANSPOSED TO G MAJOR) I. PRÉLUDE.mp3
  🔁 Chemin résolu (mapped:/mnt/MyBook/itunes->/itunes)
     → /itunes/Music/Johann Sebastian Bach/COMPLETE CELLO SUITES (TRANSCRIBED FOR VIOLIN) (2020)/13 - SUITE NO. 3, IN C MAJOR, BWV 1009 (TRANSPOSED TO G MAJOR) I. PRÉLUDE.mp3
  🎵 songrec-rename -i …
    ⚠️  python3: can't open file '/home/paulceline/scripts/plex-scripts/bin/utils/songrec_rename_cli.py': [Errno 2] No such file or directory
  ⚠️  songrec-rename a échoué, tentative de fallback songrec…
    ✅ Tags mis à jour (fallback songrec)
    ✅ Renommé: FemmeChill - The Marble Bar's Cold Whisper.mp3
  📦 Fichier traité: /itunes/Music/Johann Sebastian Bach/COMPLETE CELLO SUITES (TRANSCRIBED FOR VIOLIN) (2020)/FemmeChill - The Marble Bar's Cold Whisper.mp3
  📚 beet import -q …
    ⚠️  error: database file /beets-config/library.db cannot not be opened: unable to open database file
  ⚠️  beet import a échoué — rating NON effacé (traitement manuel requis)
[280/1740] ??? — SUITE NO. 6, IN D MAJOR, BWV 1012: II. ALLEMANDE
  📄 /mnt/MyBook/itunes/Music/Johann Sebastian Bach/COMPLETE CELLO SUITES (TRANSCRIBED FOR VIOLIN) (2020)/02-14 - SUITE NO. 6, IN D MAJOR, BWV 1012 II. ALLEMANDE.mp3
  🔁 Chemin résolu (mapped:/mnt/MyBook/itunes->/itunes)
     → /itunes/Music/Johann Sebastian Bach/COMPLETE CELLO SUITES (TRANSCRIBED FOR VIOLIN) (2020)/02-14 - SUITE NO. 6, IN D MAJOR, BWV 1012 II. ALLEMANDE.mp3
  🎵 songrec-rename -i …
    ⚠️  python3: can't open file '/home/paulceline/scripts/plex-scripts/bin/utils/songrec_rename_cli.py': [Errno 2] No such file or directory
  ⚠️  songrec-rename a échoué, tentative de fallback songrec…
  ⚠️  songrec n'a pas identifié de métadonnées utiles
  ❌ songrec-rename a échoué — track ignoré pour beet/clear
[281/1740] ??? — SUITE NO. 3, IN C MAJOR, BWV 1009 (TRANSPOSED TO G MAJOR): II. ALLEMANDE
  📄 /mnt/MyBook/itunes/Music/Johann Sebastian Bach/COMPLETE CELLO SUITES (TRANSCRIBED FOR VIOLIN) (2020)/14 - SUITE NO. 3, IN C MAJOR, BWV 1009 (TRANSPOSED TO G MAJOR) II. ALLEMANDE.mp3
  🔁 Chemin résolu (mapped:/mnt/MyBook/itunes->/itunes)
     → /itunes/Music/Johann Sebastian Bach/COMPLETE CELLO SUITES (TRANSCRIBED FOR VIOLIN) (2020)/14 - SUITE NO. 3, IN C MAJOR, BWV 1009 (TRANSPOSED TO G MAJOR) II. ALLEMANDE.mp3
  🎵 songrec-rename -i …
    ⚠️  python3: can't open file '/home/paulceline/scripts/plex-scripts/bin/utils/songrec_rename_cli.py': [Errno 2] No such file or directory
  ⚠️  songrec-rename a échoué, tentative de fallback songrec…
    ✅ Tags mis à jour (fallback songrec)
    ✅ Renommé: Johnny Gandelsman - Suite No. 3, in C Major, BWV 1009 (transposed to G Major by Johnny Gandelsman)_ II. Allemande.mp3
  📦 Fichier traité: /itunes/Music/Johann Sebastian Bach/COMPLETE CELLO SUITES (TRANSCRIBED FOR VIOLIN) (2020)/Johnny Gandelsman - Suite No. 3, in C Major, BWV 1009 (transposed to G Major by Johnny Gandelsman)_ II. Allemande.mp3
  📚 beet import -q …
    ⚠️  error: database file /beets-config/library.db cannot not be opened: unable to open database file
  ⚠️  beet import a échoué — rating NON effacé (traitement manuel requis)
[282/1740] ??? — SUITE NO. 6, IN D MAJOR, BWV 1012: III. COURANTE
  📄 /mnt/MyBook/itunes/Music/Johann Sebastian Bach/COMPLETE CELLO SUITES (TRANSCRIBED FOR VIOLIN) (2020)/02-15 - SUITE NO. 6, IN D MAJOR, BWV 1012 III. COURANTE.mp3
  🔁 Chemin résolu (mapped:/mnt/MyBook/itunes->/itunes)
     → /itunes/Music/Johann Sebastian Bach/COMPLETE CELLO SUITES (TRANSCRIBED FOR VIOLIN) (2020)/02-15 - SUITE NO. 6, IN D MAJOR, BWV 1012 III. COURANTE.mp3
  🎵 songrec-rename -i …
    ⚠️  python3: can't open file '/home/paulceline/scripts/plex-scripts/bin/utils/songrec_rename_cli.py': [Errno 2] No such file or directory
  ⚠️  songrec-rename a échoué, tentative de fallback songrec…
  ⚠️  songrec n'a pas identifié de métadonnées utiles
  ❌ songrec-rename a échoué — track ignoré pour beet/clear
[283/1740] ??? — SUITE NO. 3, IN C MAJOR, BWV 1009 (TRANSPOSED TO G MAJOR): III. COURANTE
  📄 /mnt/MyBook/itunes/Music/Johann Sebastian Bach/COMPLETE CELLO SUITES (TRANSCRIBED FOR VIOLIN) (2020)/15 - SUITE NO. 3, IN C MAJOR, BWV 1009 (TRANSPOSED TO G MAJOR) III. COURANTE.mp3
  🔁 Chemin résolu (mapped:/mnt/MyBook/itunes->/itunes)
     → /itunes/Music/Johann Sebastian Bach/COMPLETE CELLO SUITES (TRANSCRIBED FOR VIOLIN) (2020)/15 - SUITE NO. 3, IN C MAJOR, BWV 1009 (TRANSPOSED TO G MAJOR) III. COURANTE.mp3
  🎵 songrec-rename -i …
    ⚠️  python3: can't open file '/home/paulceline/scripts/plex-scripts/bin/utils/songrec_rename_cli.py': [Errno 2] No such file or directory
  ⚠️  songrec-rename a échoué, tentative de fallback songrec…
  ⚠️  songrec n'a pas identifié de métadonnées utiles
  ❌ songrec-rename a échoué — track ignoré pour beet/clear
[284/1740] ??? — SUITE NO. 6, IN D MAJOR, BWV 1012: IV. SARABANDE
  📄 /mnt/MyBook/itunes/Music/Johann Sebastian Bach/COMPLETE CELLO SUITES (TRANSCRIBED FOR VIOLIN) (2020)/02-16 - SUITE NO. 6, IN D MAJOR, BWV 1012 IV. SARABANDE.mp3
  🔁 Chemin résolu (mapped:/mnt/MyBook/itunes->/itunes)
     → /itunes/Music/Johann Sebastian Bach/COMPLETE CELLO SUITES (TRANSCRIBED FOR VIOLIN) (2020)/02-16 - SUITE NO. 6, IN D MAJOR, BWV 1012 IV. SARABANDE.mp3
  🎵 songrec-rename -i …
    ⚠️  python3: can't open file '/home/paulceline/scripts/plex-scripts/bin/utils/songrec_rename_cli.py': [Errno 2] No such file or directory
  ⚠️  songrec-rename a échoué, tentative de fallback songrec…
  ⚠️  songrec n'a pas identifié de métadonnées utiles
  ❌ songrec-rename a échoué — track ignoré pour beet/clear
[285/1740] ??? — SUITE NO. 3, IN C MAJOR, BWV 1009 (TRANSPOSED TO G MAJOR): IV. SARABANDE
  📄 /mnt/MyBook/itunes/Music/Johann Sebastian Bach/COMPLETE CELLO SUITES (TRANSCRIBED FOR VIOLIN) (2020)/16 - SUITE NO. 3, IN C MAJOR, BWV 1009 (TRANSPOSED TO G MAJOR) IV. SARABANDE.mp3
  🔁 Chemin résolu (mapped:/mnt/MyBook/itunes->/itunes)
     → /itunes/Music/Johann Sebastian Bach/COMPLETE CELLO SUITES (TRANSCRIBED FOR VIOLIN) (2020)/16 - SUITE NO. 3, IN C MAJOR, BWV 1009 (TRANSPOSED TO G MAJOR) IV. SARABANDE.mp3
  🎵 songrec-rename -i …
    ⚠️  python3: can't open file '/home/paulceline/scripts/plex-scripts/bin/utils/songrec_rename_cli.py': [Errno 2] No such file or directory
  ⚠️  songrec-rename a échoué, tentative de fallback songrec…
    ✅ Tags mis à jour (fallback songrec)
    ✅ Renommé: Johnny Gandelsman - Suite No. 3, in C Major, BWV 1009 (transposed to G Major by Johnny Gandelsman)_ IV. Sarabande.mp3
  📦 Fichier traité: /itunes/Music/Johann Sebastian Bach/COMPLETE CELLO SUITES (TRANSCRIBED FOR VIOLIN) (2020)/Johnny Gandelsman - Suite No. 3, in C Major, BWV 1009 (transposed to G Major by Johnny Gandelsman)_ IV. Sarabande.mp3
  📚 beet import -q …
    ⚠️  error: database file /beets-config/library.db cannot not be opened: unable to open database file
  ⚠️  beet import a échoué — rating NON effacé (traitement manuel requis)
[286/1740] ??? — SUITE NO. 6, IN D MAJOR, BWV 1012: V. GAVOTTE I & II
  📄 /mnt/MyBook/itunes/Music/Johann Sebastian Bach/COMPLETE CELLO SUITES (TRANSCRIBED FOR VIOLIN) (2020)/02-17 - SUITE NO. 6, IN D MAJOR, BWV 1012 V. GAVOTTE I & II.mp3
  🔁 Chemin résolu (mapped:/mnt/MyBook/itunes->/itunes)
     → /itunes/Music/Johann Sebastian Bach/COMPLETE CELLO SUITES (TRANSCRIBED FOR VIOLIN) (2020)/02-17 - SUITE NO. 6, IN D MAJOR, BWV 1012 V. GAVOTTE I & II.mp3
  🎵 songrec-rename -i …
    ⚠️  python3: can't open file '/home/paulceline/scripts/plex-scripts/bin/utils/songrec_rename_cli.py': [Errno 2] No such file or directory
  ⚠️  songrec-rename a échoué, tentative de fallback songrec…
  ⚠️  songrec n'a pas identifié de métadonnées utiles
  ❌ songrec-rename a échoué — track ignoré pour beet/clear
[287/1740] ??? — SUITE NO. 3, IN C MAJOR, BWV 1009 (TRANSPOSED TO G MAJOR): V. BOURRÉE I & II
  📄 /mnt/MyBook/itunes/Music/Johann Sebastian Bach/COMPLETE CELLO SUITES (TRANSCRIBED FOR VIOLIN) (2020)/17 - SUITE NO. 3, IN C MAJOR, BWV 1009 (TRANSPOSED TO G MAJOR) V. BOURRÉE I & II.mp3
  🔁 Chemin résolu (mapped:/mnt/MyBook/itunes->/itunes)
     → /itunes/Music/Johann Sebastian Bach/COMPLETE CELLO SUITES (TRANSCRIBED FOR VIOLIN) (2020)/17 - SUITE NO. 3, IN C MAJOR, BWV 1009 (TRANSPOSED TO G MAJOR) V. BOURRÉE I & II.mp3
  🎵 songrec-rename -i …
    ⚠️  python3: can't open file '/home/paulceline/scripts/plex-scripts/bin/utils/songrec_rename_cli.py': [Errno 2] No such file or directory
  ⚠️  songrec-rename a échoué, tentative de fallback songrec…
    ✅ Tags mis à jour (fallback songrec)
    ✅ Renommé: Johnny Gandelsman - Suite No. 3, in C Major, BWV 1009 (transposed to G Major by Johnny Gandelsman)_ V. Bourrée I & II.mp3
  📦 Fichier traité: /itunes/Music/Johann Sebastian Bach/COMPLETE CELLO SUITES (TRANSCRIBED FOR VIOLIN) (2020)/Johnny Gandelsman - Suite No. 3, in C Major, BWV 1009 (transposed to G Major by Johnny Gandelsman)_ V. Bourrée I & II.mp3
  📚 beet import -q …
    ⚠️  error: database file /beets-config/library.db cannot not be opened: unable to open database file
  ⚠️  beet import a échoué — rating NON effacé (traitement manuel requis)
[288/1740] ??? — SUITE NO. 6, IN D MAJOR, BWV 1012: VI. GIGUE
  📄 /mnt/MyBook/itunes/Music/Johann Sebastian Bach/COMPLETE CELLO SUITES (TRANSCRIBED FOR VIOLIN) (2020)/02-18 - SUITE NO. 6, IN D MAJOR, BWV 1012 VI. GIGUE.mp3
  🔁 Chemin résolu (mapped:/mnt/MyBook/itunes->/itunes)
     → /itunes/Music/Johann Sebastian Bach/COMPLETE CELLO SUITES (TRANSCRIBED FOR VIOLIN) (2020)/02-18 - SUITE NO. 6, IN D MAJOR, BWV 1012 VI. GIGUE.mp3
  🎵 songrec-rename -i …
    ⚠️  python3: can't open file '/home/paulceline/scripts/plex-scripts/bin/utils/songrec_rename_cli.py': [Errno 2] No such file or directory
  ⚠️  songrec-rename a échoué, tentative de fallback songrec…
    ✅ Tags mis à jour (fallback songrec)
    ✅ Renommé: Johnny Gandelsman - Suite No. 6, in D Major, BWV 1012_ VI. Gigue.mp3
  📦 Fichier traité: /itunes/Music/Johann Sebastian Bach/COMPLETE CELLO SUITES (TRANSCRIBED FOR VIOLIN) (2020)/Johnny Gandelsman - Suite No. 6, in D Major, BWV 1012_ VI. Gigue.mp3
  📚 beet import -q …
    ⚠️  error: database file /beets-config/library.db cannot not be opened: unable to open database file
  ⚠️  beet import a échoué — rating NON effacé (traitement manuel requis)
[289/1740] ??? — SUITE NO. 3, IN C MAJOR, BWV 1009 (TRANSPOSED TO G MAJOR): VI. GIGUE
  📄 /mnt/MyBook/itunes/Music/Johann Sebastian Bach/COMPLETE CELLO SUITES (TRANSCRIBED FOR VIOLIN) (2020)/18 - SUITE NO. 3, IN C MAJOR, BWV 1009 (TRANSPOSED TO G MAJOR) VI. GIGUE.mp3
  🔁 Chemin résolu (mapped:/mnt/MyBook/itunes->/itunes)
     → /itunes/Music/Johann Sebastian Bach/COMPLETE CELLO SUITES (TRANSCRIBED FOR VIOLIN) (2020)/18 - SUITE NO. 3, IN C MAJOR, BWV 1009 (TRANSPOSED TO G MAJOR) VI. GIGUE.mp3
  🎵 songrec-rename -i …
    ⚠️  python3: can't open file '/home/paulceline/scripts/plex-scripts/bin/utils/songrec_rename_cli.py': [Errno 2] No such file or directory
  ⚠️  songrec-rename a échoué, tentative de fallback songrec…
    ✅ Tags mis à jour (fallback songrec)
    ✅ Renommé: Johnny Gandelsman - Suite No. 3, in C Major, BWV 1009 (transposed to G Major by Johnny Gandelsman)_ VI. Gigue.mp3
  📦 Fichier traité: /itunes/Music/Johann Sebastian Bach/COMPLETE CELLO SUITES (TRANSCRIBED FOR VIOLIN) (2020)/Johnny Gandelsman - Suite No. 3, in C Major, BWV 1009 (transposed to G Major by Johnny Gandelsman)_ VI. Gigue.mp3
  📚 beet import -q …
    ⚠️  error: database file /beets-config/library.db cannot not be opened: unable to open database file
  ⚠️  beet import a échoué — rating NON effacé (traitement manuel requis)
[290/1740] ??? — SUITE NO. 1, IN G MAJOR BWV 1007 (TRANSPOSED TO D MAJOR): III. COURANTE
  📄 /mnt/MyBook/itunes/Music/Johann Sebastian Bach/COMPLETE CELLO SUITES (TRANSCRIBED FOR VIOLIN) (2020)/03 - SUITE NO. 1, IN G MAJOR BWV 1007 (TRANSPOSED TO D MAJOR) III. COURANTE.mp3
  🔁 Chemin résolu (mapped:/mnt/MyBook/itunes->/itunes)
     → /itunes/Music/Johann Sebastian Bach/COMPLETE CELLO SUITES (TRANSCRIBED FOR VIOLIN) (2020)/03 - SUITE NO. 1, IN G MAJOR BWV 1007 (TRANSPOSED TO D MAJOR) III. COURANTE.mp3
  🎵 songrec-rename -i …
    ⚠️  python3: can't open file '/home/paulceline/scripts/plex-scripts/bin/utils/songrec_rename_cli.py': [Errno 2] No such file or directory
  ⚠️  songrec-rename a échoué, tentative de fallback songrec…
    ✅ Tags mis à jour (fallback songrec)
    ✅ Renommé: Johnny Gandelsman - Suite No. 1, in G Major BWV 1007 (transposed to D Major by Johnny Gandelsman)_ III. Courante.mp3
  📦 Fichier traité: /itunes/Music/Johann Sebastian Bach/COMPLETE CELLO SUITES (TRANSCRIBED FOR VIOLIN) (2020)/Johnny Gandelsman - Suite No. 1, in G Major BWV 1007 (transposed to D Major by Johnny Gandelsman)_ III. Courante.mp3
  📚 beet import -q …
    ⚠️  error: database file /beets-config/library.db cannot not be opened: unable to open database file
  ⚠️  beet import a échoué — rating NON effacé (traitement manuel requis)
[291/1740] ??? — SUITE NO. 1, IN G MAJOR, BWV 1007 (TRANSPOSED TO D MAJOR): IV. SARABANDE
  📄 /mnt/MyBook/itunes/Music/Johann Sebastian Bach/COMPLETE CELLO SUITES (TRANSCRIBED FOR VIOLIN) (2020)/04 - SUITE NO. 1, IN G MAJOR, BWV 1007 (TRANSPOSED TO D MAJOR) IV. SARABANDE.mp3
  🔁 Chemin résolu (mapped:/mnt/MyBook/itunes->/itunes)
     → /itunes/Music/Johann Sebastian Bach/COMPLETE CELLO SUITES (TRANSCRIBED FOR VIOLIN) (2020)/04 - SUITE NO. 1, IN G MAJOR, BWV 1007 (TRANSPOSED TO D MAJOR) IV. SARABANDE.mp3
  🎵 songrec-rename -i …
    ⚠️  python3: can't open file '/home/paulceline/scripts/plex-scripts/bin/utils/songrec_rename_cli.py': [Errno 2] No such file or directory
  ⚠️  songrec-rename a échoué, tentative de fallback songrec…
    ✅ Tags mis à jour (fallback songrec)
    ✅ Renommé: Johnny Gandelsman - Suite No. 1, in G Major, BWV 1007 (transposed to D Major by Johnny Gandelsman)_ IV. Sarabande.mp3
  📦 Fichier traité: /itunes/Music/Johann Sebastian Bach/COMPLETE CELLO SUITES (TRANSCRIBED FOR VIOLIN) (2020)/Johnny Gandelsman - Suite No. 1, in G Major, BWV 1007 (transposed to D Major by Johnny Gandelsman)_ IV. Sarabande.mp3
  📚 beet import -q …
    ⚠️  error: database file /beets-config/library.db cannot not be opened: unable to open database file
  ⚠️  beet import a échoué — rating NON effacé (traitement manuel requis)
[292/1740] ??? — SUITE NO. 1, IN G MAJOR, BWV 1007 (TRANSPOSED TO D MAJOR): V. MENUET I & II
  📄 /mnt/MyBook/itunes/Music/Johann Sebastian Bach/COMPLETE CELLO SUITES (TRANSCRIBED FOR VIOLIN) (2020)/05 - SUITE NO. 1, IN G MAJOR, BWV 1007 (TRANSPOSED TO D MAJOR) V. MENUET I & II.mp3
  🔁 Chemin résolu (mapped:/mnt/MyBook/itunes->/itunes)
     → /itunes/Music/Johann Sebastian Bach/COMPLETE CELLO SUITES (TRANSCRIBED FOR VIOLIN) (2020)/05 - SUITE NO. 1, IN G MAJOR, BWV 1007 (TRANSPOSED TO D MAJOR) V. MENUET I & II.mp3
  🎵 songrec-rename -i …
    ⚠️  python3: can't open file '/home/paulceline/scripts/plex-scripts/bin/utils/songrec_rename_cli.py': [Errno 2] No such file or directory
  ⚠️  songrec-rename a échoué, tentative de fallback songrec…
    ✅ Tags mis à jour (fallback songrec)
    ✅ Renommé: Johnny Gandelsman - Suite No. 1, in G Major, BWV 1007 (transposed to D Major by Johnny Gandelsman)_ V. Menuet I & II.mp3
  📦 Fichier traité: /itunes/Music/Johann Sebastian Bach/COMPLETE CELLO SUITES (TRANSCRIBED FOR VIOLIN) (2020)/Johnny Gandelsman - Suite No. 1, in G Major, BWV 1007 (transposed to D Major by Johnny Gandelsman)_ V. Menuet I & II.mp3
  📚 beet import -q …
    ⚠️  error: database file /beets-config/library.db cannot not be opened: unable to open database file
  ⚠️  beet import a échoué — rating NON effacé (traitement manuel requis)
[293/1740] ??? — SUITE NO. 1, IN G MAJOR, BWV 1007 (TRANSPOSED TO D MAJOR): VI. GIGUE
  📄 /mnt/MyBook/itunes/Music/Johann Sebastian Bach/COMPLETE CELLO SUITES (TRANSCRIBED FOR VIOLIN) (2020)/06 - SUITE NO. 1, IN G MAJOR, BWV 1007 (TRANSPOSED TO D MAJOR) VI. GIGUE.mp3
  🔁 Chemin résolu (mapped:/mnt/MyBook/itunes->/itunes)
     → /itunes/Music/Johann Sebastian Bach/COMPLETE CELLO SUITES (TRANSCRIBED FOR VIOLIN) (2020)/06 - SUITE NO. 1, IN G MAJOR, BWV 1007 (TRANSPOSED TO D MAJOR) VI. GIGUE.mp3
  🎵 songrec-rename -i …
    ⚠️  python3: can't open file '/home/paulceline/scripts/plex-scripts/bin/utils/songrec_rename_cli.py': [Errno 2] No such file or directory
  ⚠️  songrec-rename a échoué, tentative de fallback songrec…
    ✅ Tags mis à jour (fallback songrec)
    ✅ Renommé: Johnny Gandelsman - Suite No. 1, in G Major, BWV 1007 (transposed to D Major by Johnny Gandelsman)_ VI. Gigue.mp3
  📦 Fichier traité: /itunes/Music/Johann Sebastian Bach/COMPLETE CELLO SUITES (TRANSCRIBED FOR VIOLIN) (2020)/Johnny Gandelsman - Suite No. 1, in G Major, BWV 1007 (transposed to D Major by Johnny Gandelsman)_ VI. Gigue.mp3
  📚 beet import -q …
    ⚠️  error: database file /beets-config/library.db cannot not be opened: unable to open database file
  ⚠️  beet import a échoué — rating NON effacé (traitement manuel requis)
[294/1740] ??? — Prefiero Perderte
  📄 /mnt/MyBook/itunes/Music/Banda MS de Sergio Lizárraga/Con Todas Las Fuerzas (2018)/10 - Prefiero Perderte.mp3
  🔁 Chemin résolu (mapped:/mnt/MyBook/itunes->/itunes)
     → /itunes/Music/Banda MS de Sergio Lizárraga/Con Todas Las Fuerzas (2018)/10 - Prefiero Perderte.mp3
  🎵 songrec-rename -i …
    ⚠️  python3: can't open file '/home/paulceline/scripts/plex-scripts/bin/utils/songrec_rename_cli.py': [Errno 2] No such file or directory
  ⚠️  songrec-rename a échoué, tentative de fallback songrec…
    ✅ Tags mis à jour (fallback songrec)
    ✅ Renommé: Banda MS de Sergio Lizárraga - Prefiero Perderte.mp3
  📦 Fichier traité: /itunes/Music/Banda MS de Sergio Lizárraga/Con Todas Las Fuerzas (2018)/Banda MS de Sergio Lizárraga - Prefiero Perderte.mp3
  📚 beet import -q …
    ⚠️  error: database file /beets-config/library.db cannot not be opened: unable to open database file
  ⚠️  beet import a échoué — rating NON effacé (traitement manuel requis)
[295/1740] ??? — Resurrection
  📄 /mnt/MyBook/itunes/Music/The Temper Trap/Conditions (2009)/00
00 - Resurrection.mp3
  🔁 Chemin résolu (mapped:/mnt/MyBook/itunes->/itunes)
     → /itunes/Music/The Temper Trap/Conditions (2009)/00
00 - Resurrection.mp3
  🎵 songrec-rename -i …
    ⚠️  python3: can't open file '/home/paulceline/scripts/plex-scripts/bin/utils/songrec_rename_cli.py': [Errno 2] No such file or directory
  ⚠️  songrec-rename a échoué, tentative de fallback songrec…
    ✅ Tags mis à jour (fallback songrec)
    ✅ Renommé: The Temper Trap - Resurrection.mp3
  📦 Fichier traité: /itunes/Music/The Temper Trap/Conditions (2009)/The Temper Trap - Resurrection.mp3
  📚 beet import -q …
    ⚠️  error: database file /beets-config/library.db cannot not be opened: unable to open database file
  ⚠️  beet import a échoué — rating NON effacé (traitement manuel requis)
[296/1740] ??? — Science of Fear
  📄 /mnt/MyBook/itunes/Music/The Temper Trap/Conditions (2009)/00
00 - Science of Fear.mp3
  🔁 Chemin résolu (mapped:/mnt/MyBook/itunes->/itunes)
     → /itunes/Music/The Temper Trap/Conditions (2009)/00
00 - Science of Fear.mp3
  🎵 songrec-rename -i …
    ⚠️  python3: can't open file '/home/paulceline/scripts/plex-scripts/bin/utils/songrec_rename_cli.py': [Errno 2] No such file or directory
  ⚠️  songrec-rename a échoué, tentative de fallback songrec…
    ✅ Tags mis à jour (fallback songrec)
    ✅ Renommé: The Temper Trap - Science of Fear.mp3
  📦 Fichier traité: /itunes/Music/The Temper Trap/Conditions (2009)/The Temper Trap - Science of Fear.mp3
  📚 beet import -q …
    ⚠️  error: database file /beets-config/library.db cannot not be opened: unable to open database file
  ⚠️  beet import a échoué — rating NON effacé (traitement manuel requis)
[297/1740] ??? — Love Lost
  📄 /mnt/MyBook/itunes/Music/The Temper Trap/Conditions (2009)/01 - Love Lost.mp3
  🔁 Chemin résolu (mapped:/mnt/MyBook/itunes->/itunes)
     → /itunes/Music/The Temper Trap/Conditions (2009)/01 - Love Lost.mp3
  🎵 songrec-rename -i …
    ⚠️  python3: can't open file '/home/paulceline/scripts/plex-scripts/bin/utils/songrec_rename_cli.py': [Errno 2] No such file or directory
  ⚠️  songrec-rename a échoué, tentative de fallback songrec…
    ✅ Tags mis à jour (fallback songrec)
    ✅ Renommé: The Temper Trap - Love Lost.mp3
  📦 Fichier traité: /itunes/Music/The Temper Trap/Conditions (2009)/The Temper Trap - Love Lost.mp3
  📚 beet import -q …
    ⚠️  error: database file /beets-config/library.db cannot not be opened: unable to open database file
  ⚠️  beet import a échoué — rating NON effacé (traitement manuel requis)
[298/1740] ??? — Rest
  📄 /mnt/MyBook/itunes/Music/The Temper Trap/Conditions (2009)/02 - Rest.mp3
  🔁 Chemin résolu (mapped:/mnt/MyBook/itunes->/itunes)
     → /itunes/Music/The Temper Trap/Conditions (2009)/02 - Rest.mp3
  🎵 songrec-rename -i …
    ⚠️  python3: can't open file '/home/paulceline/scripts/plex-scripts/bin/utils/songrec_rename_cli.py': [Errno 2] No such file or directory
  ⚠️  songrec-rename a échoué, tentative de fallback songrec…
    ✅ Tags mis à jour (fallback songrec)
    ✅ Renommé: The Temper Trap - Rest.mp3
  📦 Fichier traité: /itunes/Music/The Temper Trap/Conditions (2009)/The Temper Trap - Rest.mp3
  📚 beet import -q …
    ⚠️  error: database file /beets-config/library.db cannot not be opened: unable to open database file
  ⚠️  beet import a échoué — rating NON effacé (traitement manuel requis)
[299/1740] ??? — Sweet Disposition
  📄 /mnt/MyBook/itunes/Music/The Temper Trap/Conditions (2009)/03 - Sweet Disposition.mp3
  🔁 Chemin résolu (mapped:/mnt/MyBook/itunes->/itunes)
     → /itunes/Music/The Temper Trap/Conditions (2009)/03 - Sweet Disposition.mp3
  🎵 songrec-rename -i …
    ⚠️  python3: can't open file '/home/paulceline/scripts/plex-scripts/bin/utils/songrec_rename_cli.py': [Errno 2] No such file or directory
  ⚠️  songrec-rename a échoué, tentative de fallback songrec…
    ✅ Tags mis à jour (fallback songrec)
    ✅ Renommé: The Temper Trap - Sweet Disposition.mp3
  📦 Fichier traité: /itunes/Music/The Temper Trap/Conditions (2009)/The Temper Trap - Sweet Disposition.mp3
  📚 beet import -q …
    ⚠️  error: database file /beets-config/library.db cannot not be opened: unable to open database file
  ⚠️  beet import a échoué — rating NON effacé (traitement manuel requis)
[300/1740] ??? — Down River
  📄 /mnt/MyBook/itunes/Music/The Temper Trap/Conditions (2009)/04 - Down River.mp3
  🔁 Chemin résolu (mapped:/mnt/MyBook/itunes->/itunes)
     → /itunes/Music/The Temper Trap/Conditions (2009)/04 - Down River.mp3
  🎵 songrec-rename -i …
    ⚠️  python3: can't open file '/home/paulceline/scripts/plex-scripts/bin/utils/songrec_rename_cli.py': [Errno 2] No such file or directory
  ⚠️  songrec-rename a échoué, tentative de fallback songrec…
    ✅ Tags mis à jour (fallback songrec)
    ✅ Renommé: The Temper Trap - Down River.mp3
  📦 Fichier traité: /itunes/Music/The Temper Trap/Conditions (2009)/The Temper Trap - Down River.mp3
  📚 beet import -q …
    ⚠️  error: database file /beets-config/library.db cannot not be opened: unable to open database file
  ⚠️  beet import a échoué — rating NON effacé (traitement manuel requis)
[301/1740] ??? — Fools
  📄 /mnt/MyBook/itunes/Music/The Temper Trap/Conditions (2009)/07 - Fools.mp3
  🔁 Chemin résolu (mapped:/mnt/MyBook/itunes->/itunes)
     → /itunes/Music/The Temper Trap/Conditions (2009)/07 - Fools.mp3
  🎵 songrec-rename -i …
    ⚠️  python3: can't open file '/home/paulceline/scripts/plex-scripts/bin/utils/songrec_rename_cli.py': [Errno 2] No such file or directory
  ⚠️  songrec-rename a échoué, tentative de fallback songrec…
    ✅ Tags mis à jour (fallback songrec)
    ✅ Renommé: The Temper Trap - Fools.mp3
  📦 Fichier traité: /itunes/Music/The Temper Trap/Conditions (2009)/The Temper Trap - Fools.mp3
  📚 beet import -q …
    ⚠️  error: database file /beets-config/library.db cannot not be opened: unable to open database file
  ⚠️  beet import a échoué — rating NON effacé (traitement manuel requis)
[302/1740] ??? — Drum Song
  📄 /mnt/MyBook/itunes/Music/The Temper Trap/Conditions (2009)/10 - Drum Song.mp3
  🔁 Chemin résolu (mapped:/mnt/MyBook/itunes->/itunes)
     → /itunes/Music/The Temper Trap/Conditions (2009)/10 - Drum Song.mp3
  🎵 songrec-rename -i …
    ⚠️  python3: can't open file '/home/paulceline/scripts/plex-scripts/bin/utils/songrec_rename_cli.py': [Errno 2] No such file or directory
  ⚠️  songrec-rename a échoué, tentative de fallback songrec…
    ✅ Tags mis à jour (fallback songrec)
    ✅ Renommé: The Temper Trap - Drum Song.mp3
  📦 Fichier traité: /itunes/Music/The Temper Trap/Conditions (2009)/The Temper Trap - Drum Song.mp3
  📚 beet import -q …
    ⚠️  error: database file /beets-config/library.db cannot not be opened: unable to open database file
  ⚠️  beet import a échoué — rating NON effacé (traitement manuel requis)
[303/1740] ??? — Desalento
  📄 /mnt/MyBook/itunes/Music/Chico Buarque/Construção (1988)/03 - Desalento.mp3
  🔁 Chemin résolu (mapped:/mnt/MyBook/itunes->/itunes)
     → /itunes/Music/Chico Buarque/Construção (1988)/03 - Desalento.mp3
  🎵 songrec-rename -i …
    ⚠️  python3: can't open file '/home/paulceline/scripts/plex-scripts/bin/utils/songrec_rename_cli.py': [Errno 2] No such file or directory
  ⚠️  songrec-rename a échoué, tentative de fallback songrec…
    ✅ Tags mis à jour (fallback songrec)
    ✅ Renommé: Chico Buarque - Desalento.mp3
  📦 Fichier traité: /itunes/Music/Chico Buarque/Construção (1988)/Chico Buarque - Desalento.mp3
  📚 beet import -q …
    ⚠️  error: database file /beets-config/library.db cannot not be opened: unable to open database file
  ⚠️  beet import a échoué — rating NON effacé (traitement manuel requis)
[304/1740] ??? — Outside The Box
  📄 /mnt/MyBook/itunes/Music/Boy George/Cool Karaoke Volume 1 (2021)/11 - Butterfly on A Wheel.mp3
  🔁 Chemin résolu (mapped:/mnt/MyBook/itunes->/itunes)
     → /itunes/Music/Boy George/Cool Karaoke Volume 1 (2021)/11 - Butterfly on A Wheel.mp3
  🎵 songrec-rename -i …
    ⚠️  python3: can't open file '/home/paulceline/scripts/plex-scripts/bin/utils/songrec_rename_cli.py': [Errno 2] No such file or directory
  ⚠️  songrec-rename a échoué, tentative de fallback songrec…
    ✅ Tags mis à jour (fallback songrec)
    ✅ Renommé: Boy George - Butterfly On A Wheel.mp3
  📦 Fichier traité: /itunes/Music/Boy George/Cool Karaoke Volume 1 (2021)/Boy George - Butterfly On A Wheel.mp3
  📚 beet import -q …
    ⚠️  error: database file /beets-config/library.db cannot not be opened: unable to open database file
  ⚠️  beet import a échoué — rating NON effacé (traitement manuel requis)
[305/1740] ??? — You Want Them Nervous (skit)
  📄 /mnt/MyBook/itunes/Music/Macy Gray/Covered (2012)/03 - You Want Them Nervous (skit).mp3
  🔁 Chemin résolu (mapped:/mnt/MyBook/itunes->/itunes)
     → /itunes/Music/Macy Gray/Covered (2012)/03 - You Want Them Nervous (skit).mp3
  🎵 songrec-rename -i …
    ⚠️  python3: can't open file '/home/paulceline/scripts/plex-scripts/bin/utils/songrec_rename_cli.py': [Errno 2] No such file or directory
  ⚠️  songrec-rename a échoué, tentative de fallback songrec…
    ✅ Tags mis à jour (fallback songrec)
    ✅ Renommé: Macy Gray - You Want Them Nervous (feat. J.B. Smoove).mp3
  📦 Fichier traité: /itunes/Music/Macy Gray/Covered (2012)/Macy Gray - You Want Them Nervous (feat. J.B. Smoove).mp3
  📚 beet import -q …
    ⚠️  error: database file /beets-config/library.db cannot not be opened: unable to open database file
  ⚠️  beet import a échoué — rating NON effacé (traitement manuel requis)
[306/1740] ??? — Creep
  📄 /mnt/MyBook/itunes/Music/Macy Gray/Covered (2012)/04 - Smoke 2 Joints.mp3
  🔁 Chemin résolu (mapped:/mnt/MyBook/itunes->/itunes)
     → /itunes/Music/Macy Gray/Covered (2012)/04 - Smoke 2 Joints.mp3
  🎵 songrec-rename -i …
    ⚠️  python3: can't open file '/home/paulceline/scripts/plex-scripts/bin/utils/songrec_rename_cli.py': [Errno 2] No such file or directory
  ⚠️  songrec-rename a échoué, tentative de fallback songrec…
    ✅ Tags mis à jour (fallback songrec)
    ✅ Renommé: Macy Gray - Smoke Two Joints.mp3
  📦 Fichier traité: /itunes/Music/Macy Gray/Covered (2012)/Macy Gray - Smoke Two Joints.mp3
  📚 beet import -q …
    ⚠️  error: database file /beets-config/library.db cannot not be opened: unable to open database file
  ⚠️  beet import a échoué — rating NON effacé (traitement manuel requis)
[307/1740] ??? — La La La (Teaching the Kids)
  📄 /mnt/MyBook/itunes/Music/Macy Gray/Covered (2012)/05 - La La La (Teaching the Kids).mp3
  🔁 Chemin résolu (mapped:/mnt/MyBook/itunes->/itunes)
     → /itunes/Music/Macy Gray/Covered (2012)/05 - La La La (Teaching the Kids).mp3
  🎵 songrec-rename -i …
    ⚠️  python3: can't open file '/home/paulceline/scripts/plex-scripts/bin/utils/songrec_rename_cli.py': [Errno 2] No such file or directory
  ⚠️  songrec-rename a échoué, tentative de fallback songrec…
  ⚠️  songrec n'a pas identifié de métadonnées utiles
  ❌ songrec-rename a échoué — track ignoré pour beet/clear
[308/1740] ??? — Teenagers
  📄 /mnt/MyBook/itunes/Music/Macy Gray/Covered (2012)/06 - Teenagers.mp3
  🔁 Chemin résolu (mapped:/mnt/MyBook/itunes->/itunes)
     → /itunes/Music/Macy Gray/Covered (2012)/06 - Teenagers.mp3
  🎵 songrec-rename -i …
    ⚠️  python3: can't open file '/home/paulceline/scripts/plex-scripts/bin/utils/songrec_rename_cli.py': [Errno 2] No such file or directory
  ⚠️  songrec-rename a échoué, tentative de fallback songrec…
    ✅ Tags mis à jour (fallback songrec)
    ✅ Renommé: Macy Gray - Teenagers.mp3
  📦 Fichier traité: /itunes/Music/Macy Gray/Covered (2012)/Macy Gray - Teenagers.mp3
  📚 beet import -q …
    ⚠️  error: database file /beets-config/library.db cannot not be opened: unable to open database file
  ⚠️  beet import a échoué — rating NON effacé (traitement manuel requis)
[309/1740] ??? — The Power of Love
  📄 /mnt/MyBook/itunes/Music/Macy Gray/Covered (2012)/07 - The Power of Love.mp3
  🔁 Chemin résolu (mapped:/mnt/MyBook/itunes->/itunes)
     → /itunes/Music/Macy Gray/Covered (2012)/07 - The Power of Love.mp3
  🎵 songrec-rename -i …
    ⚠️  python3: can't open file '/home/paulceline/scripts/plex-scripts/bin/utils/songrec_rename_cli.py': [Errno 2] No such file or directory
  ⚠️  songrec-rename a échoué, tentative de fallback songrec…
    ✅ Tags mis à jour (fallback songrec)
    ✅ Renommé: Macy Gray - The Power Of Love (feat. Hugh Salk).mp3
  📦 Fichier traité: /itunes/Music/Macy Gray/Covered (2012)/Macy Gray - The Power Of Love (feat. Hugh Salk).mp3
  📚 beet import -q …
    ⚠️  error: database file /beets-config/library.db cannot not be opened: unable to open database file
  ⚠️  beet import a échoué — rating NON effacé (traitement manuel requis)
[310/1740] ??? — I Try Is Cool and All, But… (skit)
  📄 /mnt/MyBook/itunes/Music/Macy Gray/Covered (2012)/10 - I Try Is Cool and All, But… (skit).mp3
  🔁 Chemin résolu (mapped:/mnt/MyBook/itunes->/itunes)
     → /itunes/Music/Macy Gray/Covered (2012)/10 - I Try Is Cool and All, But… (skit).mp3
  🎵 songrec-rename -i …
    ⚠️  python3: can't open file '/home/paulceline/scripts/plex-scripts/bin/utils/songrec_rename_cli.py': [Errno 2] No such file or directory
  ⚠️  songrec-rename a échoué, tentative de fallback songrec…
    ✅ Tags mis à jour (fallback songrec)
    ✅ Renommé: Macy Gray - I Try Is Cool And All, But (feat. Nicole Scherzinger).mp3
  📦 Fichier traité: /itunes/Music/Macy Gray/Covered (2012)/Macy Gray - I Try Is Cool And All, But (feat. Nicole Scherzinger).mp3
  📚 beet import -q …
    ⚠️  error: database file /beets-config/library.db cannot not be opened: unable to open database file
  ⚠️  beet import a échoué — rating NON effacé (traitement manuel requis)
[311/1740] ??? — Maps
  📄 /mnt/MyBook/itunes/Music/Macy Gray/Covered (2012)/11 - Maps.mp3
  🔁 Chemin résolu (mapped:/mnt/MyBook/itunes->/itunes)
     → /itunes/Music/Macy Gray/Covered (2012)/11 - Maps.mp3
  🎵 songrec-rename -i …
    ⚠️  python3: can't open file '/home/paulceline/scripts/plex-scripts/bin/utils/songrec_rename_cli.py': [Errno 2] No such file or directory
  ⚠️  songrec-rename a échoué, tentative de fallback songrec…
    ✅ Tags mis à jour (fallback songrec)
    ✅ Renommé: Macy Gray - Maps.mp3
  📦 Fichier traité: /itunes/Music/Macy Gray/Covered (2012)/Macy Gray - Maps.mp3
  📚 beet import -q …
    ⚠️  error: database file /beets-config/library.db cannot not be opened: unable to open database file
  ⚠️  beet import a échoué — rating NON effacé (traitement manuel requis)
[312/1740] ??? — Love Lockdown / Buck
  📄 /mnt/MyBook/itunes/Music/Macy Gray/Covered (2012)/12 - Love Lockdown Buck.mp3
  🔁 Chemin résolu (mapped:/mnt/MyBook/itunes->/itunes)
     → /itunes/Music/Macy Gray/Covered (2012)/12 - Love Lockdown Buck.mp3
  🎵 songrec-rename -i …
    ⚠️  python3: can't open file '/home/paulceline/scripts/plex-scripts/bin/utils/songrec_rename_cli.py': [Errno 2] No such file or directory
  ⚠️  songrec-rename a échoué, tentative de fallback songrec…
    ✅ Tags mis à jour (fallback songrec)
    ✅ Renommé: Macy Gray - Love Lockdown _ Buck.mp3
  📦 Fichier traité: /itunes/Music/Macy Gray/Covered (2012)/Macy Gray - Love Lockdown _ Buck.mp3
  📚 beet import -q …
    ⚠️  error: database file /beets-config/library.db cannot not be opened: unable to open database file
  ⚠️  beet import a échoué — rating NON effacé (traitement manuel requis)
[313/1740] ??? — Mel Rap
  📄 /mnt/MyBook/itunes/Music/Macy Gray/Covered (2012)/13 - Mel Rap.mp3
  🔁 Chemin résolu (mapped:/mnt/MyBook/itunes->/itunes)
     → /itunes/Music/Macy Gray/Covered (2012)/13 - Mel Rap.mp3
  🎵 songrec-rename -i …
    ⚠️  python3: can't open file '/home/paulceline/scripts/plex-scripts/bin/utils/songrec_rename_cli.py': [Errno 2] No such file or directory
  ⚠️  songrec-rename a échoué, tentative de fallback songrec…
    ✅ Tags mis à jour (fallback songrec)
    ✅ Renommé: Macy Gray - Mel Rap (feat. Mel Hinds).mp3
  📦 Fichier traité: /itunes/Music/Macy Gray/Covered (2012)/Macy Gray - Mel Rap (feat. Mel Hinds).mp3
  📚 beet import -q …
    ⚠️  error: database file /beets-config/library.db cannot not be opened: unable to open database file
  ⚠️  beet import a échoué — rating NON effacé (traitement manuel requis)
[314/1740] ??? — Bubbly
  📄 /mnt/MyBook/itunes/Music/Macy Gray/Covered (2012)/14 - Bubbly.mp3
  🔁 Chemin résolu (mapped:/mnt/MyBook/itunes->/itunes)
     → /itunes/Music/Macy Gray/Covered (2012)/14 - Bubbly.mp3
  🎵 songrec-rename -i …
    ⚠️  python3: can't open file '/home/paulceline/scripts/plex-scripts/bin/utils/songrec_rename_cli.py': [Errno 2] No such file or directory
  ⚠️  songrec-rename a échoué, tentative de fallback songrec…
    ✅ Tags mis à jour (fallback songrec)
    ✅ Renommé: Macy Gray - Bubbly (feat. Idris Elba).mp3
  📦 Fichier traité: /itunes/Music/Macy Gray/Covered (2012)/Macy Gray - Bubbly (feat. Idris Elba).mp3
  📚 beet import -q …
    ⚠️  error: database file /beets-config/library.db cannot not be opened: unable to open database file
  ⚠️  beet import a échoué — rating NON effacé (traitement manuel requis)
[315/1740] ??? — Wake Up
  📄 /mnt/MyBook/itunes/Music/Macy Gray/Covered (2012)/15 - Wake Up.mp3
  🔁 Chemin résolu (mapped:/mnt/MyBook/itunes->/itunes)
     → /itunes/Music/Macy Gray/Covered (2012)/15 - Wake Up.mp3
  🎵 songrec-rename -i …
    ⚠️  python3: can't open file '/home/paulceline/scripts/plex-scripts/bin/utils/songrec_rename_cli.py': [Errno 2] No such file or directory
  ⚠️  songrec-rename a échoué, tentative de fallback songrec…
    ✅ Tags mis à jour (fallback songrec)
    ✅ Renommé: Macy Gray - Wake Up.mp3
  📦 Fichier traité: /itunes/Music/Macy Gray/Covered (2012)/Macy Gray - Wake Up.mp3
  📚 beet import -q …
    ⚠️  error: database file /beets-config/library.db cannot not be opened: unable to open database file
  ⚠️  beet import a échoué — rating NON effacé (traitement manuel requis)
[316/1740] ??? — Many Rivers to Cross
  📄 /mnt/ssd/Musiques/A_corriger/Non_Reconnus/Sans Correspondence/Sans Correspondence/Sans Correspondence/Sans Correspondence/Sans Correspondence/Sans Correspondence/La Zimbabwe - Many Rivers to Cross.mp3
  ⚠️  Fichier absent sur disque : /mnt/ssd/Musiques/A_corriger/Non_Reconnus/Sans Correspondence/Sans Correspondence/Sans Correspondence/Sans Correspondence/Sans Correspondence/Sans Correspondence/La Zimbabwe - Many Rivers to Cross.mp3
[317/1740] ??? — Cosmos (Outer Space) (She Wants Revenge remix)
  📄 /mnt/MyBook/itunes/Music/t.A.T.u/Dangerous and Moving (2025)/02-00
00 - Cosmos (Outer Space) (She Wants Revenge remix).mp3
  🔁 Chemin résolu (mapped:/mnt/MyBook/itunes->/itunes)
     → /itunes/Music/t.A.T.u/Dangerous and Moving (2025)/02-00
00 - Cosmos (Outer Space) (She Wants Revenge remix).mp3
  🎵 songrec-rename -i …
    ⚠️  python3: can't open file '/home/paulceline/scripts/plex-scripts/bin/utils/songrec_rename_cli.py': [Errno 2] No such file or directory
  ⚠️  songrec-rename a échoué, tentative de fallback songrec…
    ✅ Tags mis à jour (fallback songrec)
    ✅ Renommé: t.A.T.u. - Cosmos (Outer Space).mp3
  📦 Fichier traité: /itunes/Music/t.A.T.u/Dangerous and Moving (2025)/t.A.T.u. - Cosmos (Outer Space).mp3
  📚 beet import -q …
    ⚠️  error: database file /beets-config/library.db cannot not be opened: unable to open database file
  ⚠️  beet import a échoué — rating NON effacé (traitement manuel requis)
[318/1740] ??? — Космос
  📄 /mnt/MyBook/itunes/Music/t.A.T.u/Dangerous and Moving (2025)/02-04 - Loves Me Not (Russian album version).mp3
  🔁 Chemin résolu (mapped:/mnt/MyBook/itunes->/itunes)
     → /itunes/Music/t.A.T.u/Dangerous and Moving (2025)/02-04 - Loves Me Not (Russian album version).mp3
  🎵 songrec-rename -i …
    ⚠️  python3: can't open file '/home/paulceline/scripts/plex-scripts/bin/utils/songrec_rename_cli.py': [Errno 2] No such file or directory
  ⚠️  songrec-rename a échoué, tentative de fallback songrec…
    ✅ Tags mis à jour (fallback songrec)
    ✅ Renommé: t.A.T.u. - Loves Me Not.mp3
  📦 Fichier traité: /itunes/Music/t.A.T.u/Dangerous and Moving (2025)/t.A.T.u. - Loves Me Not.mp3
  📚 beet import -q …
    ⚠️  error: database file /beets-config/library.db cannot not be opened: unable to open database file
  ⚠️  beet import a échoué — rating NON effacé (traitement manuel requis)
[319/1740] ??? — Je voudrais la connaître
  📄 /mnt/MyBook/itunes/Music/Patricia Kaas/Dans ma chair (1997)/00
00 - Je voudrais la connaître.mp3
  🔁 Chemin résolu (mapped:/mnt/MyBook/itunes->/itunes)
     → /itunes/Music/Patricia Kaas/Dans ma chair (1997)/00
00 - Je voudrais la connaître.mp3
  🎵 songrec-rename -i …
    ⚠️  python3: can't open file '/home/paulceline/scripts/plex-scripts/bin/utils/songrec_rename_cli.py': [Errno 2] No such file or directory
  ⚠️  songrec-rename a échoué, tentative de fallback songrec…
    ✅ Tags mis à jour (fallback songrec)
    ✅ Renommé: Patricia Kaas - Je voudrais la connaître.mp3
  📦 Fichier traité: /itunes/Music/Patricia Kaas/Dans ma chair (1997)/Patricia Kaas - Je voudrais la connaître.mp3
  📚 beet import -q …
    ⚠️  error: database file /beets-config/library.db cannot not be opened: unable to open database file
  ⚠️  beet import a échoué — rating NON effacé (traitement manuel requis)
[320/1740] ??? — Je sais
  📄 /mnt/MyBook/itunes/Music/Patricia Kaas/Dans ma chair (1997)/07 - Je sais.mp3
  🔁 Chemin résolu (mapped:/mnt/MyBook/itunes->/itunes)
     → /itunes/Music/Patricia Kaas/Dans ma chair (1997)/07 - Je sais.mp3
  🎵 songrec-rename -i …
    ⚠️  python3: can't open file '/home/paulceline/scripts/plex-scripts/bin/utils/songrec_rename_cli.py': [Errno 2] No such file or directory
  ⚠️  songrec-rename a échoué, tentative de fallback songrec…
    ✅ Tags mis à jour (fallback songrec)
    ✅ Renommé: Patricia Kaas - Je sais.mp3
  📦 Fichier traité: /itunes/Music/Patricia Kaas/Dans ma chair (1997)/Patricia Kaas - Je sais.mp3
  📚 beet import -q …
    ⚠️  error: database file /beets-config/library.db cannot not be opened: unable to open database file
  ⚠️  beet import a échoué — rating NON effacé (traitement manuel requis)
[321/1740] ??? — Let's Be
  📄 /mnt/MyBook/itunes/Music/Andy Shauf/Darker Days (2009)/00
00 - Let's Be.mp3
  🔁 Chemin résolu (mapped:/mnt/MyBook/itunes->/itunes)
     → /itunes/Music/Andy Shauf/Darker Days (2009)/00
00 - Let's Be.mp3
  🎵 songrec-rename -i …
    ⚠️  python3: can't open file '/home/paulceline/scripts/plex-scripts/bin/utils/songrec_rename_cli.py': [Errno 2] No such file or directory
  ⚠️  songrec-rename a échoué, tentative de fallback songrec…
    ✅ Tags mis à jour (fallback songrec)
    ✅ Renommé: Andy Shauf - Let's Be.mp3
  📦 Fichier traité: /itunes/Music/Andy Shauf/Darker Days (2009)/Andy Shauf - Let's Be.mp3
  📚 beet import -q …
    ⚠️  error: database file /beets-config/library.db cannot not be opened: unable to open database file
  ⚠️  beet import a échoué — rating NON effacé (traitement manuel requis)
[322/1740] ??? — Were You in Love With Me
  📄 /mnt/MyBook/itunes/Music/Andy Shauf/Darker Days (2009)/00
00 - Were You in Love With Me.mp3
  🔁 Chemin résolu (mapped:/mnt/MyBook/itunes->/itunes)
     → /itunes/Music/Andy Shauf/Darker Days (2009)/00
00 - Were You in Love With Me.mp3
  🎵 songrec-rename -i …
    ⚠️  python3: can't open file '/home/paulceline/scripts/plex-scripts/bin/utils/songrec_rename_cli.py': [Errno 2] No such file or directory
  ⚠️  songrec-rename a échoué, tentative de fallback songrec…
    ✅ Tags mis à jour (fallback songrec)
    ✅ Renommé: Andy Shauf - Were You in Love With Me.mp3
  📦 Fichier traité: /itunes/Music/Andy Shauf/Darker Days (2009)/Andy Shauf - Were You in Love With Me.mp3
  📚 beet import -q …
    ⚠️  error: database file /beets-config/library.db cannot not be opened: unable to open database file
  ⚠️  beet import a échoué — rating NON effacé (traitement manuel requis)
[323/1740] ??? — Your Heart
  📄 /mnt/MyBook/itunes/Music/Andy Shauf/Darker Days (2009)/01 - Your Heart.mp3
  🔁 Chemin résolu (mapped:/mnt/MyBook/itunes->/itunes)
     → /itunes/Music/Andy Shauf/Darker Days (2009)/01 - Your Heart.mp3
  🎵 songrec-rename -i …
    ⚠️  python3: can't open file '/home/paulceline/scripts/plex-scripts/bin/utils/songrec_rename_cli.py': [Errno 2] No such file or directory
  ⚠️  songrec-rename a échoué, tentative de fallback songrec…
    ✅ Tags mis à jour (fallback songrec)
    ✅ Renommé: Paula - Als es passierte (Andreas Dorau Remix).mp3
  📦 Fichier traité: /itunes/Music/Andy Shauf/Darker Days (2009)/Paula - Als es passierte (Andreas Dorau Remix).mp3
  📚 beet import -q …
    ⚠️  error: database file /beets-config/library.db cannot not be opened: unable to open database file
  ⚠️  beet import a échoué — rating NON effacé (traitement manuel requis)
[324/1740] ??? — Crushes
  📄 /mnt/MyBook/itunes/Music/Andy Shauf/Darker Days (2009)/02 - Crushes.mp3
  🔁 Chemin résolu (mapped:/mnt/MyBook/itunes->/itunes)
     → /itunes/Music/Andy Shauf/Darker Days (2009)/02 - Crushes.mp3
  🎵 songrec-rename -i …
    ⚠️  python3: can't open file '/home/paulceline/scripts/plex-scripts/bin/utils/songrec_rename_cli.py': [Errno 2] No such file or directory
  ⚠️  songrec-rename a échoué, tentative de fallback songrec…
    ✅ Tags mis à jour (fallback songrec)
    ✅ Renommé: Andy Shauf - Crushes.mp3
  📦 Fichier traité: /itunes/Music/Andy Shauf/Darker Days (2009)/Andy Shauf - Crushes.mp3
  📚 beet import -q …
    ⚠️  error: database file /beets-config/library.db cannot not be opened: unable to open database file
  ⚠️  beet import a échoué — rating NON effacé (traitement manuel requis)
[325/1740] ??? — You Remind Me
  📄 /mnt/MyBook/itunes/Music/Andy Shauf/Darker Days (2009)/03 - You Remind Me.mp3
  🔁 Chemin résolu (mapped:/mnt/MyBook/itunes->/itunes)
     → /itunes/Music/Andy Shauf/Darker Days (2009)/03 - You Remind Me.mp3
  🎵 songrec-rename -i …
    ⚠️  python3: can't open file '/home/paulceline/scripts/plex-scripts/bin/utils/songrec_rename_cli.py': [Errno 2] No such file or directory
  ⚠️  songrec-rename a échoué, tentative de fallback songrec…
    ✅ Tags mis à jour (fallback songrec)
    ✅ Renommé: Andy Shauf - You Remind Me.mp3
  📦 Fichier traité: /itunes/Music/Andy Shauf/Darker Days (2009)/Andy Shauf - You Remind Me.mp3
  📚 beet import -q …
    ⚠️  error: database file /beets-config/library.db cannot not be opened: unable to open database file
  ⚠️  beet import a échoué — rating NON effacé (traitement manuel requis)
[326/1740] ??? — In Town
  📄 /mnt/MyBook/itunes/Music/Andy Shauf/Darker Days (2009)/04 - In Town.mp3
  🔁 Chemin résolu (mapped:/mnt/MyBook/itunes->/itunes)
     → /itunes/Music/Andy Shauf/Darker Days (2009)/04 - In Town.mp3
  🎵 songrec-rename -i …
    ⚠️  python3: can't open file '/home/paulceline/scripts/plex-scripts/bin/utils/songrec_rename_cli.py': [Errno 2] No such file or directory
  ⚠️  songrec-rename a échoué, tentative de fallback songrec…
    ✅ Tags mis à jour (fallback songrec)
    ✅ Renommé: Andy Shauf - In Town.mp3
  📦 Fichier traité: /itunes/Music/Andy Shauf/Darker Days (2009)/Andy Shauf - In Town.mp3
  📚 beet import -q …
    ⚠️  error: database file /beets-config/library.db cannot not be opened: unable to open database file
  ⚠️  beet import a échoué — rating NON effacé (traitement manuel requis)
[327/1740] ??? — Gone
  📄 /mnt/MyBook/itunes/Music/Andy Shauf/Darker Days (2009)/05 - Gone.mp3
  🔁 Chemin résolu (mapped:/mnt/MyBook/itunes->/itunes)
     → /itunes/Music/Andy Shauf/Darker Days (2009)/05 - Gone.mp3
  🎵 songrec-rename -i …
    ⚠️  python3: can't open file '/home/paulceline/scripts/plex-scripts/bin/utils/songrec_rename_cli.py': [Errno 2] No such file or directory
  ⚠️  songrec-rename a échoué, tentative de fallback songrec…
    ✅ Tags mis à jour (fallback songrec)
    ✅ Renommé: Andy Shauf - Gone.mp3
  📦 Fichier traité: /itunes/Music/Andy Shauf/Darker Days (2009)/Andy Shauf - Gone.mp3
  📚 beet import -q …
    ⚠️  error: database file /beets-config/library.db cannot not be opened: unable to open database file
  ⚠️  beet import a échoué — rating NON effacé (traitement manuel requis)
[328/1740] ??? — The Darker Night
  📄 /mnt/MyBook/itunes/Music/Andy Shauf/Darker Days (2009)/06 - The Darker Night.mp3
  🔁 Chemin résolu (mapped:/mnt/MyBook/itunes->/itunes)
     → /itunes/Music/Andy Shauf/Darker Days (2009)/06 - The Darker Night.mp3
  🎵 songrec-rename -i …
    ⚠️  python3: can't open file '/home/paulceline/scripts/plex-scripts/bin/utils/songrec_rename_cli.py': [Errno 2] No such file or directory
  ⚠️  songrec-rename a échoué, tentative de fallback songrec…
    ✅ Tags mis à jour (fallback songrec)
    ✅ Renommé: Andy Shauf - The Darker Night.mp3
  📦 Fichier traité: /itunes/Music/Andy Shauf/Darker Days (2009)/Andy Shauf - The Darker Night.mp3
  📚 beet import -q …
    ⚠️  error: database file /beets-config/library.db cannot not be opened: unable to open database file
  ⚠️  beet import a échoué — rating NON effacé (traitement manuel requis)
[329/1740] ??? — The Greatest Moments
  📄 /mnt/MyBook/itunes/Music/Andy Shauf/Darker Days (2009)/07 - The Greatest Moments.mp3
  🔁 Chemin résolu (mapped:/mnt/MyBook/itunes->/itunes)
     → /itunes/Music/Andy Shauf/Darker Days (2009)/07 - The Greatest Moments.mp3
  🎵 songrec-rename -i …
    ⚠️  python3: can't open file '/home/paulceline/scripts/plex-scripts/bin/utils/songrec_rename_cli.py': [Errno 2] No such file or directory
  ⚠️  songrec-rename a échoué, tentative de fallback songrec…
    ✅ Tags mis à jour (fallback songrec)
    ✅ Renommé: Andy Shauf - The Greatest Moments.mp3
  📦 Fichier traité: /itunes/Music/Andy Shauf/Darker Days (2009)/Andy Shauf - The Greatest Moments.mp3
  📚 beet import -q …
    ⚠️  error: database file /beets-config/library.db cannot not be opened: unable to open database file
  ⚠️  beet import a échoué — rating NON effacé (traitement manuel requis)
[330/1740] ??? — How Long
  📄 /mnt/MyBook/itunes/Music/Andy Shauf/Darker Days (2009)/10 - How Long.mp3
  🔁 Chemin résolu (mapped:/mnt/MyBook/itunes->/itunes)
     → /itunes/Music/Andy Shauf/Darker Days (2009)/10 - How Long.mp3
  🎵 songrec-rename -i …
    ⚠️  python3: can't open file '/home/paulceline/scripts/plex-scripts/bin/utils/songrec_rename_cli.py': [Errno 2] No such file or directory
  ⚠️  songrec-rename a échoué, tentative de fallback songrec…
    ✅ Tags mis à jour (fallback songrec)
    ✅ Renommé: Andy Shauf - How Long.mp3
  📦 Fichier traité: /itunes/Music/Andy Shauf/Darker Days (2009)/Andy Shauf - How Long.mp3
  📚 beet import -q …
    ⚠️  error: database file /beets-config/library.db cannot not be opened: unable to open database file
  ⚠️  beet import a échoué — rating NON effacé (traitement manuel requis)
[331/1740] ??? — Give Me Words
  📄 /mnt/MyBook/itunes/Music/Andy Shauf/Darker Days (2009)/11 - Give Me Words.mp3
  🔁 Chemin résolu (mapped:/mnt/MyBook/itunes->/itunes)
     → /itunes/Music/Andy Shauf/Darker Days (2009)/11 - Give Me Words.mp3
  🎵 songrec-rename -i …
    ⚠️  python3: can't open file '/home/paulceline/scripts/plex-scripts/bin/utils/songrec_rename_cli.py': [Errno 2] No such file or directory
  ⚠️  songrec-rename a échoué, tentative de fallback songrec…
    ✅ Tags mis à jour (fallback songrec)
    ✅ Renommé: Andy Shauf - Give Me Words.mp3
  📦 Fichier traité: /itunes/Music/Andy Shauf/Darker Days (2009)/Andy Shauf - Give Me Words.mp3
  📚 beet import -q …
    ⚠️  error: database file /beets-config/library.db cannot not be opened: unable to open database file
  ⚠️  beet import a échoué — rating NON effacé (traitement manuel requis)
[332/1740] ??? — Change
  📄 /mnt/MyBook/itunes/Music/Djo/DECIDE (2022)/00
00 - Change.mp3
  🔁 Chemin résolu (mapped:/mnt/MyBook/itunes->/itunes)
     → /itunes/Music/Djo/DECIDE (2022)/00
00 - Change.mp3
  🎵 songrec-rename -i …
    ⚠️  python3: can't open file '/home/paulceline/scripts/plex-scripts/bin/utils/songrec_rename_cli.py': [Errno 2] No such file or directory
  ⚠️  songrec-rename a échoué, tentative de fallback songrec…
    ✅ Tags mis à jour (fallback songrec)
    ✅ Renommé: Djo - Change.mp3
  📦 Fichier traité: /itunes/Music/Djo/DECIDE (2022)/Djo - Change.mp3
  📚 beet import -q …
    ⚠️  error: database file /beets-config/library.db cannot not be opened: unable to open database file
  ⚠️  beet import a échoué — rating NON effacé (traitement manuel requis)
[333/1740] ??? — +Matter
  📄 /mnt/MyBook/itunes/Music/ONE OK ROCK/DETOX (2025)/00
00 - +Matter.mp3
  🔁 Chemin résolu (mapped:/mnt/MyBook/itunes->/itunes)
     → /itunes/Music/ONE OK ROCK/DETOX (2025)/00
00 - +Matter.mp3
  🎵 songrec-rename -i …
    ⚠️  python3: can't open file '/home/paulceline/scripts/plex-scripts/bin/utils/songrec_rename_cli.py': [Errno 2] No such file or directory
  ⚠️  songrec-rename a échoué, tentative de fallback songrec…
    ✅ Tags mis à jour (fallback songrec)
    ✅ Renommé: ONE OK ROCK - +Matter.mp3
  📦 Fichier traité: /itunes/Music/ONE OK ROCK/DETOX (2025)/ONE OK ROCK - +Matter.mp3
  📚 beet import -q …
    ⚠️  error: database file /beets-config/library.db cannot not be opened: unable to open database file
  ⚠️  beet import a échoué — rating NON effacé (traitement manuel requis)
[334/1740] ??? — NASTY
  📄 /mnt/MyBook/itunes/Music/ONE OK ROCK/DETOX (2025)/01 - NASTY.mp3
  🔁 Chemin résolu (mapped:/mnt/MyBook/itunes->/itunes)
     → /itunes/Music/ONE OK ROCK/DETOX (2025)/01 - NASTY.mp3
  🎵 songrec-rename -i …
    ⚠️  python3: can't open file '/home/paulceline/scripts/plex-scripts/bin/utils/songrec_rename_cli.py': [Errno 2] No such file or directory
  ⚠️  songrec-rename a échoué, tentative de fallback songrec…
    ✅ Tags mis à jour (fallback songrec)
    ✅ Renommé: ONE OK ROCK - NASTY.mp3
  📦 Fichier traité: /itunes/Music/ONE OK ROCK/DETOX (2025)/ONE OK ROCK - NASTY.mp3
  📚 beet import -q …
    ⚠️  error: database file /beets-config/library.db cannot not be opened: unable to open database file
  ⚠️  beet import a échoué — rating NON effacé (traitement manuel requis)
[335/1740] ??? — Un Jour Il Viendra
  📄 /mnt/MyBook/itunes/Music/Sarah Brightman/Eden (1998)/00
00 - Un Jour Il Viendra.mp3
  🔁 Chemin résolu (mapped:/mnt/MyBook/itunes->/itunes)
     → /itunes/Music/Sarah Brightman/Eden (1998)/00
00 - Un Jour Il Viendra.mp3
  🎵 songrec-rename -i …
    ⚠️  python3: can't open file '/home/paulceline/scripts/plex-scripts/bin/utils/songrec_rename_cli.py': [Errno 2] No such file or directory
  ⚠️  songrec-rename a échoué, tentative de fallback songrec…
    ✅ Tags mis à jour (fallback songrec)
    ✅ Renommé: Sarah Brightman - Un Jour il Viendra.mp3
  📦 Fichier traité: /itunes/Music/Sarah Brightman/Eden (1998)/Sarah Brightman - Un Jour il Viendra.mp3
  📚 beet import -q …
    ⚠️  error: database file /beets-config/library.db cannot not be opened: unable to open database file
  ⚠️  beet import a échoué — rating NON effacé (traitement manuel requis)
[336/1740] ??? — Deliver Me
  📄 /mnt/MyBook/itunes/Music/Sarah Brightman/Eden (1998)/00
00 - Deliver Me.mp3
  🔁 Chemin résolu (mapped:/mnt/MyBook/itunes->/itunes)
     → /itunes/Music/Sarah Brightman/Eden (1998)/00
00 - Deliver Me.mp3
  🎵 songrec-rename -i …
    ⚠️  python3: can't open file '/home/paulceline/scripts/plex-scripts/bin/utils/songrec_rename_cli.py': [Errno 2] No such file or directory
  ⚠️  songrec-rename a échoué, tentative de fallback songrec…
    ✅ Tags mis à jour (fallback songrec)
    ✅ Renommé: Sarah Brightman - Deliver Me.mp3
  📦 Fichier traité: /itunes/Music/Sarah Brightman/Eden (1998)/Sarah Brightman - Deliver Me.mp3
  📚 beet import -q …
    ⚠️  error: database file /beets-config/library.db cannot not be opened: unable to open database file
  ⚠️  beet import a échoué — rating NON effacé (traitement manuel requis)
[337/1740] ??? — What's My Age Again?
  📄 /mnt/MyBook/itunes/Music/blink‐182/Enema Of The State (2021)/05 - What's My Age Again.mp3
  🔁 Chemin résolu (mapped:/mnt/MyBook/itunes->/itunes)
     → /itunes/Music/blink‐182/Enema Of The State (2021)/05 - What's My Age Again.mp3
  🎵 songrec-rename -i …
    ⚠️  python3: can't open file '/home/paulceline/scripts/plex-scripts/bin/utils/songrec_rename_cli.py': [Errno 2] No such file or directory
  ⚠️  songrec-rename a échoué, tentative de fallback songrec…
    ✅ Tags mis à jour (fallback songrec)
    ✅ Renommé: blink-182 - What's My Age Again_.mp3
  📦 Fichier traité: /itunes/Music/blink‐182/Enema Of The State (2021)/blink-182 - What's My Age Again_.mp3
  📚 beet import -q …
    ⚠️  error: database file /beets-config/library.db cannot not be opened: unable to open database file
  ⚠️  beet import a échoué — rating NON effacé (traitement manuel requis)
[338/1740] ??? — POR UN DÍA
  📄 /mnt/MyBook/itunes/Music/J Balvin/ENERGÍA LADO B (2017)/00
00 - POR UN DÍA.mp3
  🔁 Chemin résolu (mapped:/mnt/MyBook/itunes->/itunes)
     → /itunes/Music/J Balvin/ENERGÍA LADO B (2017)/00
00 - POR UN DÍA.mp3
  🎵 songrec-rename -i …
    ⚠️  python3: can't open file '/home/paulceline/scripts/plex-scripts/bin/utils/songrec_rename_cli.py': [Errno 2] No such file or directory
  ⚠️  songrec-rename a échoué, tentative de fallback songrec…
    ✅ Tags mis à jour (fallback songrec)
    ✅ Renommé: J Balvin - Por Un Día.mp3
  📦 Fichier traité: /itunes/Music/J Balvin/ENERGÍA LADO B (2017)/J Balvin - Por Un Día.mp3
  📚 beet import -q …
    ⚠️  error: database file /beets-config/library.db cannot not be opened: unable to open database file
  ⚠️  beet import a échoué — rating NON effacé (traitement manuel requis)
[339/1740] ??? — Disappearing One
  📄 /mnt/MyBook/itunes/Music/Chris Cornell/Euphoria Mourning (2015)/10 - Disappearing One.mp3
  🔁 Chemin résolu (mapped:/mnt/MyBook/itunes->/itunes)
     → /itunes/Music/Chris Cornell/Euphoria Mourning (2015)/10 - Disappearing One.mp3
  🎵 songrec-rename -i …
    ⚠️  python3: can't open file '/home/paulceline/scripts/plex-scripts/bin/utils/songrec_rename_cli.py': [Errno 2] No such file or directory
  ⚠️  songrec-rename a échoué, tentative de fallback songrec…
    ✅ Tags mis à jour (fallback songrec)
    ✅ Renommé: Chris Cornell - Disappearing One.mp3
  📦 Fichier traité: /itunes/Music/Chris Cornell/Euphoria Mourning (2015)/Chris Cornell - Disappearing One.mp3
  📚 beet import -q …
    ⚠️  error: database file /beets-config/library.db cannot not be opened: unable to open database file
  ⚠️  beet import a échoué — rating NON effacé (traitement manuel requis)
[340/1740] ??? — Every Beat of My Heart
  📄 /mnt/MyBook/itunes/Music/Rod Stewart/Every Beat of My Heart (1986)/00
00 - Every Beat of My Heart.mp3
  🔁 Chemin résolu (mapped:/mnt/MyBook/itunes->/itunes)
     → /itunes/Music/Rod Stewart/Every Beat of My Heart (1986)/00
00 - Every Beat of My Heart.mp3
  🎵 songrec-rename -i …
    ⚠️  python3: can't open file '/home/paulceline/scripts/plex-scripts/bin/utils/songrec_rename_cli.py': [Errno 2] No such file or directory
  ⚠️  songrec-rename a échoué, tentative de fallback songrec…
    ✅ Tags mis à jour (fallback songrec)
    ✅ Renommé: Rod Stewart - Every Beat of My Heart.mp3
  📦 Fichier traité: /itunes/Music/Rod Stewart/Every Beat of My Heart (1986)/Rod Stewart - Every Beat of My Heart.mp3
  📚 beet import -q …
    ⚠️  error: database file /beets-config/library.db cannot not be opened: unable to open database file
  ⚠️  beet import a échoué — rating NON effacé (traitement manuel requis)
[341/1740] ??? — Ten Days of Rain
  📄 /mnt/MyBook/itunes/Music/Rod Stewart/Every Beat of My Heart (1986)/00
00 - Ten Days of Rain.mp3
  🔁 Chemin résolu (mapped:/mnt/MyBook/itunes->/itunes)
     → /itunes/Music/Rod Stewart/Every Beat of My Heart (1986)/00
00 - Ten Days of Rain.mp3
  🎵 songrec-rename -i …
    ⚠️  python3: can't open file '/home/paulceline/scripts/plex-scripts/bin/utils/songrec_rename_cli.py': [Errno 2] No such file or directory
  ⚠️  songrec-rename a échoué, tentative de fallback songrec…
    ✅ Tags mis à jour (fallback songrec)
    ✅ Renommé: Rod Stewart - Ten Days of Rain.mp3
  📦 Fichier traité: /itunes/Music/Rod Stewart/Every Beat of My Heart (1986)/Rod Stewart - Ten Days of Rain.mp3
  📚 beet import -q …
    ⚠️  error: database file /beets-config/library.db cannot not be opened: unable to open database file
  ⚠️  beet import a échoué — rating NON effacé (traitement manuel requis)
[342/1740] ??? — Here to Eternity
  📄 /mnt/MyBook/itunes/Music/Rod Stewart/Every Beat of My Heart (1986)/01 - Here to Eternity.mp3
  🔁 Chemin résolu (mapped:/mnt/MyBook/itunes->/itunes)
     → /itunes/Music/Rod Stewart/Every Beat of My Heart (1986)/01 - Here to Eternity.mp3
  🎵 songrec-rename -i …
    ⚠️  python3: can't open file '/home/paulceline/scripts/plex-scripts/bin/utils/songrec_rename_cli.py': [Errno 2] No such file or directory
  ⚠️  songrec-rename a échoué, tentative de fallback songrec…
    ✅ Tags mis à jour (fallback songrec)
    ✅ Renommé: Rod Stewart - Here to Eternity.mp3
  📦 Fichier traité: /itunes/Music/Rod Stewart/Every Beat of My Heart (1986)/Rod Stewart - Here to Eternity.mp3
  📚 beet import -q …
    ⚠️  error: database file /beets-config/library.db cannot not be opened: unable to open database file
  ⚠️  beet import a échoué — rating NON effacé (traitement manuel requis)
[343/1740] ??? — Another Heartache
  📄 /mnt/MyBook/itunes/Music/Rod Stewart/Every Beat of My Heart (1986)/02 - Another Heartache.mp3
  🔁 Chemin résolu (mapped:/mnt/MyBook/itunes->/itunes)
     → /itunes/Music/Rod Stewart/Every Beat of My Heart (1986)/02 - Another Heartache.mp3
  🎵 songrec-rename -i …
    ⚠️  python3: can't open file '/home/paulceline/scripts/plex-scripts/bin/utils/songrec_rename_cli.py': [Errno 2] No such file or directory
  ⚠️  songrec-rename a échoué, tentative de fallback songrec…
    ✅ Tags mis à jour (fallback songrec)
    ✅ Renommé: Rod Stewart - Another Heartache.mp3
  📦 Fichier traité: /itunes/Music/Rod Stewart/Every Beat of My Heart (1986)/Rod Stewart - Another Heartache.mp3
  📚 beet import -q …
    ⚠️  error: database file /beets-config/library.db cannot not be opened: unable to open database file
  ⚠️  beet import a échoué — rating NON effacé (traitement manuel requis)
[344/1740] ??? — A Night Like This
  📄 /mnt/MyBook/itunes/Music/Rod Stewart/Every Beat of My Heart (1986)/03 - A Night Like This.mp3
  🔁 Chemin résolu (mapped:/mnt/MyBook/itunes->/itunes)
     → /itunes/Music/Rod Stewart/Every Beat of My Heart (1986)/03 - A Night Like This.mp3
  🎵 songrec-rename -i …
    ⚠️  python3: can't open file '/home/paulceline/scripts/plex-scripts/bin/utils/songrec_rename_cli.py': [Errno 2] No such file or directory
  ⚠️  songrec-rename a échoué, tentative de fallback songrec…
    ✅ Tags mis à jour (fallback songrec)
    ✅ Renommé: Rod Stewart - A Night Like This.mp3
  📦 Fichier traité: /itunes/Music/Rod Stewart/Every Beat of My Heart (1986)/Rod Stewart - A Night Like This.mp3
  📚 beet import -q …
    ⚠️  error: database file /beets-config/library.db cannot not be opened: unable to open database file
  ⚠️  beet import a échoué — rating NON effacé (traitement manuel requis)
[345/1740] ??? — Who's Gonna Take Me Home (The Rise and Fall of a Budding Gigolo)
  📄 /mnt/MyBook/itunes/Music/Rod Stewart/Every Beat of My Heart (1986)/04 - Who's Gonna Take Me Home (The Rise and Fall of a Budding Gigolo).mp3
  🔁 Chemin résolu (mapped:/mnt/MyBook/itunes->/itunes)
     → /itunes/Music/Rod Stewart/Every Beat of My Heart (1986)/04 - Who's Gonna Take Me Home (The Rise and Fall of a Budding Gigolo).mp3
  🎵 songrec-rename -i …
    ⚠️  python3: can't open file '/home/paulceline/scripts/plex-scripts/bin/utils/songrec_rename_cli.py': [Errno 2] No such file or directory
  ⚠️  songrec-rename a échoué, tentative de fallback songrec…
    ✅ Tags mis à jour (fallback songrec)
    ✅ Renommé: Rod Stewart - Who's Gonna Take Me Home (The Rise and Fall of a Budding Gigolo).mp3
  📦 Fichier traité: /itunes/Music/Rod Stewart/Every Beat of My Heart (1986)/Rod Stewart - Who's Gonna Take Me Home (The Rise and Fall of a Budding Gigolo).mp3
  📚 beet import -q …
    ⚠️  error: database file /beets-config/library.db cannot not be opened: unable to open database file
  ⚠️  beet import a échoué — rating NON effacé (traitement manuel requis)
[346/1740] ??? — Red Hot in Black
  📄 /mnt/MyBook/itunes/Music/Rod Stewart/Every Beat of My Heart (1986)/05 - Red Hot in Black.mp3
  🔁 Chemin résolu (mapped:/mnt/MyBook/itunes->/itunes)
     → /itunes/Music/Rod Stewart/Every Beat of My Heart (1986)/05 - Red Hot in Black.mp3
  🎵 songrec-rename -i …
    ⚠️  python3: can't open file '/home/paulceline/scripts/plex-scripts/bin/utils/songrec_rename_cli.py': [Errno 2] No such file or directory
  ⚠️  songrec-rename a échoué, tentative de fallback songrec…
    ✅ Tags mis à jour (fallback songrec)
    ✅ Renommé: Rod Stewart - Red Hot In Black.mp3
  📦 Fichier traité: /itunes/Music/Rod Stewart/Every Beat of My Heart (1986)/Rod Stewart - Red Hot In Black.mp3
  📚 beet import -q …
    ⚠️  error: database file /beets-config/library.db cannot not be opened: unable to open database file
  ⚠️  beet import a échoué — rating NON effacé (traitement manuel requis)
[347/1740] ??? — Love Touch (Theme From Legal Eagles)
  📄 /mnt/MyBook/itunes/Music/Rod Stewart/Every Beat of My Heart (1986)/06 - Love Touch (Theme From Legal Eagles).mp3
  🔁 Chemin résolu (mapped:/mnt/MyBook/itunes->/itunes)
     → /itunes/Music/Rod Stewart/Every Beat of My Heart (1986)/06 - Love Touch (Theme From Legal Eagles).mp3
  🎵 songrec-rename -i …
    ⚠️  python3: can't open file '/home/paulceline/scripts/plex-scripts/bin/utils/songrec_rename_cli.py': [Errno 2] No such file or directory
  ⚠️  songrec-rename a échoué, tentative de fallback songrec…
    ✅ Tags mis à jour (fallback songrec)
    ✅ Renommé: Rod Stewart - Love Touch.mp3
  📦 Fichier traité: /itunes/Music/Rod Stewart/Every Beat of My Heart (1986)/Rod Stewart - Love Touch.mp3
  📚 beet import -q …
    ⚠️  error: database file /beets-config/library.db cannot not be opened: unable to open database file
  ⚠️  beet import a échoué — rating NON effacé (traitement manuel requis)
[348/1740] ??? — In My Own Crazy Way
  📄 /mnt/MyBook/itunes/Music/Rod Stewart/Every Beat of My Heart (1986)/07 - In My Own Crazy Way.mp3
  🔁 Chemin résolu (mapped:/mnt/MyBook/itunes->/itunes)
     → /itunes/Music/Rod Stewart/Every Beat of My Heart (1986)/07 - In My Own Crazy Way.mp3
  🎵 songrec-rename -i …
    ⚠️  python3: can't open file '/home/paulceline/scripts/plex-scripts/bin/utils/songrec_rename_cli.py': [Errno 2] No such file or directory
  ⚠️  songrec-rename a échoué, tentative de fallback songrec…
    ✅ Tags mis à jour (fallback songrec)
    ✅ Renommé: Rod Stewart - In My Own Crazy Way.mp3
  📦 Fichier traité: /itunes/Music/Rod Stewart/Every Beat of My Heart (1986)/Rod Stewart - In My Own Crazy Way.mp3
  📚 beet import -q …
    ⚠️  error: database file /beets-config/library.db cannot not be opened: unable to open database file
  ⚠️  beet import a échoué — rating NON effacé (traitement manuel requis)
[349/1740] ??? — In My Life
  📄 /mnt/MyBook/itunes/Music/Rod Stewart/Every Beat of My Heart (1986)/10 - In My Life.mp3
  🔁 Chemin résolu (mapped:/mnt/MyBook/itunes->/itunes)
     → /itunes/Music/Rod Stewart/Every Beat of My Heart (1986)/10 - In My Life.mp3
  🎵 songrec-rename -i …
    ⚠️  python3: can't open file '/home/paulceline/scripts/plex-scripts/bin/utils/songrec_rename_cli.py': [Errno 2] No such file or directory
  ⚠️  songrec-rename a échoué, tentative de fallback songrec…
    ✅ Tags mis à jour (fallback songrec)
    ✅ Renommé: Rod Stewart - In My Life.mp3
  📦 Fichier traité: /itunes/Music/Rod Stewart/Every Beat of My Heart (1986)/Rod Stewart - In My Life.mp3
  📚 beet import -q …
    ⚠️  error: database file /beets-config/library.db cannot not be opened: unable to open database file
  ⚠️  beet import a échoué — rating NON effacé (traitement manuel requis)
[350/1740] ??? — All the Way Down
  📄 /mnt/MyBook/itunes/Music/Iggy Pop/Every Loser (2023)/00
00 - All the Way Down.mp3
  🔁 Chemin résolu (mapped:/mnt/MyBook/itunes->/itunes)
     → /itunes/Music/Iggy Pop/Every Loser (2023)/00
00 - All the Way Down.mp3
  🎵 songrec-rename -i …
    ⚠️  python3: can't open file '/home/paulceline/scripts/plex-scripts/bin/utils/songrec_rename_cli.py': [Errno 2] No such file or directory
  ⚠️  songrec-rename a échoué, tentative de fallback songrec…
    ✅ Tags mis à jour (fallback songrec)
    ✅ Renommé: Iggy Pop - All The Way Down.mp3
  📦 Fichier traité: /itunes/Music/Iggy Pop/Every Loser (2023)/Iggy Pop - All The Way Down.mp3
  📚 beet import -q …
    ⚠️  error: database file /beets-config/library.db cannot not be opened: unable to open database file
  ⚠️  beet import a échoué — rating NON effacé (traitement manuel requis)
[351/1740] ??? — Comments
  📄 /mnt/MyBook/itunes/Music/Iggy Pop/Every Loser (2023)/00
00 - Comments.mp3
  🔁 Chemin résolu (mapped:/mnt/MyBook/itunes->/itunes)
     → /itunes/Music/Iggy Pop/Every Loser (2023)/00
00 - Comments.mp3
  🎵 songrec-rename -i …
    ⚠️  python3: can't open file '/home/paulceline/scripts/plex-scripts/bin/utils/songrec_rename_cli.py': [Errno 2] No such file or directory
  ⚠️  songrec-rename a échoué, tentative de fallback songrec…
    ✅ Tags mis à jour (fallback songrec)
    ✅ Renommé: Iggy Pop - Comments.mp3
  📦 Fichier traité: /itunes/Music/Iggy Pop/Every Loser (2023)/Iggy Pop - Comments.mp3
  📚 beet import -q …
    ⚠️  error: database file /beets-config/library.db cannot not be opened: unable to open database file
  ⚠️  beet import a échoué — rating NON effacé (traitement manuel requis)
[352/1740] ??? — Frenzy
  📄 /mnt/MyBook/itunes/Music/Iggy Pop/Every Loser (2023)/01 - Frenzy.mp3
  🔁 Chemin résolu (mapped:/mnt/MyBook/itunes->/itunes)
     → /itunes/Music/Iggy Pop/Every Loser (2023)/01 - Frenzy.mp3
  🎵 songrec-rename -i …
    ⚠️  python3: can't open file '/home/paulceline/scripts/plex-scripts/bin/utils/songrec_rename_cli.py': [Errno 2] No such file or directory
  ⚠️  songrec-rename a échoué, tentative de fallback songrec…
    ✅ Tags mis à jour (fallback songrec)
    ✅ Renommé: Iggy Pop - Frenzy.mp3
  📦 Fichier traité: /itunes/Music/Iggy Pop/Every Loser (2023)/Iggy Pop - Frenzy.mp3
  📚 beet import -q …
    ⚠️  error: database file /beets-config/library.db cannot not be opened: unable to open database file
  ⚠️  beet import a échoué — rating NON effacé (traitement manuel requis)
[353/1740] ??? — Strung Out Johnny
  📄 /mnt/MyBook/itunes/Music/Iggy Pop/Every Loser (2023)/02 - Strung Out Johnny.mp3
  🔁 Chemin résolu (mapped:/mnt/MyBook/itunes->/itunes)
     → /itunes/Music/Iggy Pop/Every Loser (2023)/02 - Strung Out Johnny.mp3
  🎵 songrec-rename -i …
    ⚠️  python3: can't open file '/home/paulceline/scripts/plex-scripts/bin/utils/songrec_rename_cli.py': [Errno 2] No such file or directory
  ⚠️  songrec-rename a échoué, tentative de fallback songrec…
    ✅ Tags mis à jour (fallback songrec)
    ✅ Renommé: Iggy Pop - Strung Out Johnny.mp3
  📦 Fichier traité: /itunes/Music/Iggy Pop/Every Loser (2023)/Iggy Pop - Strung Out Johnny.mp3
  📚 beet import -q …
    ⚠️  error: database file /beets-config/library.db cannot not be opened: unable to open database file
  ⚠️  beet import a échoué — rating NON effacé (traitement manuel requis)
[354/1740] ??? — New Atlantis
  📄 /mnt/MyBook/itunes/Music/Iggy Pop/Every Loser (2023)/03 - New Atlantis.mp3
  🔁 Chemin résolu (mapped:/mnt/MyBook/itunes->/itunes)
     → /itunes/Music/Iggy Pop/Every Loser (2023)/03 - New Atlantis.mp3
  🎵 songrec-rename -i …
    ⚠️  python3: can't open file '/home/paulceline/scripts/plex-scripts/bin/utils/songrec_rename_cli.py': [Errno 2] No such file or directory
  ⚠️  songrec-rename a échoué, tentative de fallback songrec…
    ✅ Tags mis à jour (fallback songrec)
    ✅ Renommé: Iggy Pop - New Atlantis.mp3
  📦 Fichier traité: /itunes/Music/Iggy Pop/Every Loser (2023)/Iggy Pop - New Atlantis.mp3
  📚 beet import -q …
    ⚠️  error: database file /beets-config/library.db cannot not be opened: unable to open database file
  ⚠️  beet import a échoué — rating NON effacé (traitement manuel requis)
[355/1740] ??? — Modern Day Rip Off
  📄 /mnt/MyBook/itunes/Music/Iggy Pop/Every Loser (2023)/04 - Modern Day Rip Off.mp3
  🔁 Chemin résolu (mapped:/mnt/MyBook/itunes->/itunes)
     → /itunes/Music/Iggy Pop/Every Loser (2023)/04 - Modern Day Rip Off.mp3
  🎵 songrec-rename -i …
    ⚠️  python3: can't open file '/home/paulceline/scripts/plex-scripts/bin/utils/songrec_rename_cli.py': [Errno 2] No such file or directory
  ⚠️  songrec-rename a échoué, tentative de fallback songrec…
    ✅ Tags mis à jour (fallback songrec)
    ✅ Renommé: Iggy Pop - Modern Day Ripoff.mp3
  📦 Fichier traité: /itunes/Music/Iggy Pop/Every Loser (2023)/Iggy Pop - Modern Day Ripoff.mp3
  📚 beet import -q …
    ⚠️  error: database file /beets-config/library.db cannot not be opened: unable to open database file
  ⚠️  beet import a échoué — rating NON effacé (traitement manuel requis)
[356/1740] ??? — Morning Show
  📄 /mnt/MyBook/itunes/Music/Iggy Pop/Every Loser (2023)/05 - Morning Show.mp3
  🔁 Chemin résolu (mapped:/mnt/MyBook/itunes->/itunes)
     → /itunes/Music/Iggy Pop/Every Loser (2023)/05 - Morning Show.mp3
  🎵 songrec-rename -i …
    ⚠️  python3: can't open file '/home/paulceline/scripts/plex-scripts/bin/utils/songrec_rename_cli.py': [Errno 2] No such file or directory
  ⚠️  songrec-rename a échoué, tentative de fallback songrec…
    ✅ Tags mis à jour (fallback songrec)
    ✅ Renommé: Iggy Pop - Morning Show.mp3
  📦 Fichier traité: /itunes/Music/Iggy Pop/Every Loser (2023)/Iggy Pop - Morning Show.mp3
  📚 beet import -q …
    ⚠️  error: database file /beets-config/library.db cannot not be opened: unable to open database file
  ⚠️  beet import a échoué — rating NON effacé (traitement manuel requis)
[357/1740] ??? — The News for Andy
  📄 /mnt/MyBook/itunes/Music/Iggy Pop/Every Loser (2023)/06 - The News for Andy.mp3
  🔁 Chemin résolu (mapped:/mnt/MyBook/itunes->/itunes)
     → /itunes/Music/Iggy Pop/Every Loser (2023)/06 - The News for Andy.mp3
  🎵 songrec-rename -i …
    ⚠️  python3: can't open file '/home/paulceline/scripts/plex-scripts/bin/utils/songrec_rename_cli.py': [Errno 2] No such file or directory
  ⚠️  songrec-rename a échoué, tentative de fallback songrec…
    ✅ Tags mis à jour (fallback songrec)
    ✅ Renommé: Iggy Pop - The News For Andy (Interlude).mp3
  📦 Fichier traité: /itunes/Music/Iggy Pop/Every Loser (2023)/Iggy Pop - The News For Andy (Interlude).mp3
  📚 beet import -q …
    ⚠️  error: database file /beets-config/library.db cannot not be opened: unable to open database file
  ⚠️  beet import a échoué — rating NON effacé (traitement manuel requis)
[358/1740] ??? — Neo Punk
  📄 /mnt/MyBook/itunes/Music/Iggy Pop/Every Loser (2023)/07 - Neo Punk.mp3
  🔁 Chemin résolu (mapped:/mnt/MyBook/itunes->/itunes)
     → /itunes/Music/Iggy Pop/Every Loser (2023)/07 - Neo Punk.mp3
  🎵 songrec-rename -i …
    ⚠️  python3: can't open file '/home/paulceline/scripts/plex-scripts/bin/utils/songrec_rename_cli.py': [Errno 2] No such file or directory
  ⚠️  songrec-rename a échoué, tentative de fallback songrec…
    ✅ Tags mis à jour (fallback songrec)
    ✅ Renommé: Iggy Pop - Neo Punk.mp3
  📦 Fichier traité: /itunes/Music/Iggy Pop/Every Loser (2023)/Iggy Pop - Neo Punk.mp3
  📚 beet import -q …
    ⚠️  error: database file /beets-config/library.db cannot not be opened: unable to open database file
  ⚠️  beet import a échoué — rating NON effacé (traitement manuel requis)
[359/1740] ??? — My Animus Interlude
  📄 /mnt/MyBook/itunes/Music/Iggy Pop/Every Loser (2023)/10 - My Animus Interlude.mp3
  🔁 Chemin résolu (mapped:/mnt/MyBook/itunes->/itunes)
     → /itunes/Music/Iggy Pop/Every Loser (2023)/10 - My Animus Interlude.mp3
  🎵 songrec-rename -i …
    ⚠️  python3: can't open file '/home/paulceline/scripts/plex-scripts/bin/utils/songrec_rename_cli.py': [Errno 2] No such file or directory
  ⚠️  songrec-rename a échoué, tentative de fallback songrec…
    ✅ Tags mis à jour (fallback songrec)
    ✅ Renommé: Iggy Pop - My Animus (Interlude).mp3
  📦 Fichier traité: /itunes/Music/Iggy Pop/Every Loser (2023)/Iggy Pop - My Animus (Interlude).mp3
  📚 beet import -q …
    ⚠️  error: database file /beets-config/library.db cannot not be opened: unable to open database file
  ⚠️  beet import a échoué — rating NON effacé (traitement manuel requis)
[360/1740] ??? — The Regency
  📄 /mnt/MyBook/itunes/Music/Iggy Pop/Every Loser (2023)/11 - The Regency.mp3
  🔁 Chemin résolu (mapped:/mnt/MyBook/itunes->/itunes)
     → /itunes/Music/Iggy Pop/Every Loser (2023)/11 - The Regency.mp3
  🎵 songrec-rename -i …
    ⚠️  python3: can't open file '/home/paulceline/scripts/plex-scripts/bin/utils/songrec_rename_cli.py': [Errno 2] No such file or directory
  ⚠️  songrec-rename a échoué, tentative de fallback songrec…
    ✅ Tags mis à jour (fallback songrec)
    ✅ Renommé: Iggy Pop - The Regency.mp3
  📦 Fichier traité: /itunes/Music/Iggy Pop/Every Loser (2023)/Iggy Pop - The Regency.mp3
  📚 beet import -q …
    ⚠️  error: database file /beets-config/library.db cannot not be opened: unable to open database file
  ⚠️  beet import a échoué — rating NON effacé (traitement manuel requis)
[361/1740] ??? — Moving Forward
  📄 /mnt/MyBook/itunes/Music/Hoobastank/Every Man For Himself (2006)/03 - Moving Forward.mp3
  🔁 Chemin résolu (mapped:/mnt/MyBook/itunes->/itunes)
     → /itunes/Music/Hoobastank/Every Man For Himself (2006)/03 - Moving Forward.mp3
  🎵 songrec-rename -i …
    ⚠️  python3: can't open file '/home/paulceline/scripts/plex-scripts/bin/utils/songrec_rename_cli.py': [Errno 2] No such file or directory
  ⚠️  songrec-rename a échoué, tentative de fallback songrec…
    ✅ Tags mis à jour (fallback songrec)
    ✅ Renommé: Hoobastank - Moving Forward.mp3
  📦 Fichier traité: /itunes/Music/Hoobastank/Every Man For Himself (2006)/Hoobastank - Moving Forward.mp3
  📚 beet import -q …
    ⚠️  error: database file /beets-config/library.db cannot not be opened: unable to open database file
  ⚠️  beet import a échoué — rating NON effacé (traitement manuel requis)
[362/1740] ??? — Everyday Is Christmas
  📄 /mnt/MyBook/itunes/Music/Sia/Everyday Is Christmas (2017)/00
00 - Everyday Is Christmas.mp3
  🔁 Chemin résolu (mapped:/mnt/MyBook/itunes->/itunes)
     → /itunes/Music/Sia/Everyday Is Christmas (2017)/00
00 - Everyday Is Christmas.mp3
  🎵 songrec-rename -i …
    ⚠️  python3: can't open file '/home/paulceline/scripts/plex-scripts/bin/utils/songrec_rename_cli.py': [Errno 2] No such file or directory
  ⚠️  songrec-rename a échoué, tentative de fallback songrec…
    ✅ Tags mis à jour (fallback songrec)
    ✅ Renommé: Sia - Everyday Is Christmas.mp3
  📦 Fichier traité: /itunes/Music/Sia/Everyday Is Christmas (2017)/Sia - Everyday Is Christmas.mp3
  📚 beet import -q …
    ⚠️  error: database file /beets-config/library.db cannot not be opened: unable to open database file
  ⚠️  beet import a échoué — rating NON effacé (traitement manuel requis)
[363/1740] ??? — Candy Cane Lane
  📄 /mnt/MyBook/itunes/Music/Sia/Everyday Is Christmas (2017)/02 - Candy Cane Lane.mp3
  🔁 Chemin résolu (mapped:/mnt/MyBook/itunes->/itunes)
     → /itunes/Music/Sia/Everyday Is Christmas (2017)/02 - Candy Cane Lane.mp3
  🎵 songrec-rename -i …
    ⚠️  python3: can't open file '/home/paulceline/scripts/plex-scripts/bin/utils/songrec_rename_cli.py': [Errno 2] No such file or directory
  ⚠️  songrec-rename a échoué, tentative de fallback songrec…
    ✅ Tags mis à jour (fallback songrec)
    ✅ Renommé: Sia - Candy Cane Lane.mp3
  📦 Fichier traité: /itunes/Music/Sia/Everyday Is Christmas (2017)/Sia - Candy Cane Lane.mp3
  📚 beet import -q …
    ⚠️  error: database file /beets-config/library.db cannot not be opened: unable to open database file
  ⚠️  beet import a échoué — rating NON effacé (traitement manuel requis)
[364/1740] ??? — WALL TO WALL
  📄 /mnt/MyBook/itunes/Music/Chris Brown/EXCLUSIVE (2008)/00
00 - WALL TO WALL.mp3
  🔁 Chemin résolu (mapped:/mnt/MyBook/itunes->/itunes)
     → /itunes/Music/Chris Brown/EXCLUSIVE (2008)/00
00 - WALL TO WALL.mp3
  🎵 songrec-rename -i …
    ⚠️  python3: can't open file '/home/paulceline/scripts/plex-scripts/bin/utils/songrec_rename_cli.py': [Errno 2] No such file or directory
  ⚠️  songrec-rename a échoué, tentative de fallback songrec…
    ✅ Tags mis à jour (fallback songrec)
    ✅ Renommé: Chris Brown - Wall To Wall.mp3
  📦 Fichier traité: /itunes/Music/Chris Brown/EXCLUSIVE (2008)/Chris Brown - Wall To Wall.mp3
  📚 beet import -q …
    ⚠️  error: database file /beets-config/library.db cannot not be opened: unable to open database file
  ⚠️  beet import a échoué — rating NON effacé (traitement manuel requis)
[365/1740] ??? — FOREVER
  📄 /mnt/MyBook/itunes/Music/Chris Brown/EXCLUSIVE (2008)/17 - FOREVER.mp3
  🔁 Chemin résolu (mapped:/mnt/MyBook/itunes->/itunes)
     → /itunes/Music/Chris Brown/EXCLUSIVE (2008)/17 - FOREVER.mp3
  🎵 songrec-rename -i …
    ⚠️  python3: can't open file '/home/paulceline/scripts/plex-scripts/bin/utils/songrec_rename_cli.py': [Errno 2] No such file or directory
  ⚠️  songrec-rename a échoué, tentative de fallback songrec…
