Pipeline tagging — Mode: RÉEL

━━━━━━━━━━━━━━━━━━━━━━━━━━━━━━━━━━━━━━━━━━━━━━━━━━━━━━━━━━━━
📁 /music
━━━━━━━━━━━━━━━━━━━━━━━━━━━━━━━━━━━━━━━━━━━━━━━━━━━━━━━━━━━━

[1/2] songrec-rename — identification Shazam
$ /usr/local/bin/songrec-rename -i /music
1381 fichier(s) audio trouvé(s).  [tags ID3]

[1/1381] - LIGHTHOUSE FAMILY - Question of Faith (Idjut Boys Mix).aif
  ✗ non reconnu (ni SongRec ni tags)
[2/1381] ...And You Will Know Us By the Trail of Dead - Taken by the Hand.mp3
  ♪ ...And You Will Know Us By the Trail of Dead — Taken by the Hand (XI: BLEED HERE NOW) [2022]  [SongRec]
  = nom déjà correct
  ♬ ...And You Will Know Us By the Trail of Dead — Taken by the Hand, album : XI: BLEED HERE NOW, année : 2022, genre : Rock
[3/1381] 01  Rough Out Here_639159098796934048.mp3
  ♪ The Modulations — Rough Out Here (It's Rough Out Here (Expanded Edition)) [1994]  [SongRec]
  ⚠ conflit : The Modulations - Rough Out Here.mp3 existe déjà, ignoré
  ♬ The Modulations — Rough Out Here, album : It's Rough Out Here (Expanded Edition), année : 1994, genre : R&B/Soul
[4/1381] 01  Rough Out Here_639159159920151409.mp3
  ♪ The Modulations — Rough Out Here (It's Rough Out Here (Expanded Edition)) [1994]  [SongRec]
  ⚠ conflit : The Modulations - Rough Out Here.mp3 existe déjà, ignoré
  ♬ The Modulations — Rough Out Here, album : It's Rough Out Here (Expanded Edition), année : 1994, genre : R&B/Soul
[5/1381] 01  Rough Out Here_639159176830836977.mp3
  ♪ The Modulations — Rough Out Here (It's Rough Out Here (Expanded Edition)) [1994]  [SongRec]
  ⚠ conflit : The Modulations - Rough Out Here.mp3 existe déjà, ignoré
  ♬ The Modulations — Rough Out Here, album : It's Rough Out Here (Expanded Edition), année : 1994, genre : R&B/Soul
[6/1381] 01 - GOLDFRAPP - Ooh La La.dsf
  ✗ non reconnu (ni SongRec ni tags)
[7/1381] 01 - JAMES GANG - Funk #49.dsf
  ✗ non reconnu (ni SongRec ni tags)
[8/1381] 01 - Kenny Loggins - Footloose.dsf
  ✗ non reconnu (ni SongRec ni tags)
[9/1381] 01 - Maneater.dsf
  ✗ non reconnu (ni SongRec ni tags)
[10/1381] 01 - Mumtaz Mahal - Coming Of The Mandinka.dsf
  ✗ non reconnu (ni SongRec ni tags)
[11/1381] 01 - Seven Nation Army.dsf
  ✗ non reconnu (ni SongRec ni tags)
[12/1381] 01 - jean-paul pognon - koumbit - krysti_639158164896734515.mp3
  ♪ Jean-Paul Pognon — Krysti (L'Année Du Zouk, Vol. 3) [2007]  [SongRec]
  ⚠ conflit : Jean-Paul Pognon - Krysti.mp3 existe déjà, ignoré
  ♬ Jean-Paul Pognon — Krysti, album : L'Année Du Zouk, Vol. 3, année : 2007, genre : World
[13/1381] 01 What Can I Do (Tin Tin Out Remix).wav
  ✗ non reconnu (ni SongRec ni tags)
[14/1381] 01-07. Bob Dylan - Lily, Rosemary And The Jack Of Hearts.dsf
  ✗ non reconnu (ni SongRec ni tags)
[15/1381] 01-Daft Punk-Give Life Back to Music.dsf
  ✗ non reconnu (ni SongRec ni tags)
[16/1381] 01. Bohemian Rhapsody.dsf
  ✗ non reconnu (ni SongRec ni tags)
[17/1381] 01. Highway Star [5.14.0].dsf
  ✗ non reconnu (ni SongRec ni tags)
[18/1381] 02 - Be Cool (UK Radio Edit).flac
  ✗ non reconnu (ni SongRec ni tags)
[19/1381] 02 - Harold Melvin & Blue Notes - The Love I Lost.dsf
  ✗ non reconnu (ni SongRec ni tags)
[20/1381] 02 How Deep Is Your Love.aif
  ✗ non reconnu (ni SongRec ni tags)
[21/1381] 02 Never Ever.aif
  ✗ non reconnu (ni SongRec ni tags)
[22/1381] 02 Tori- RAINN Info - Story About The beginnings Of RAINN - Horses - Leather - Cornflake Girl - PSA from Bjork - Commercials.mp3
  ✗ non reconnu (ni SongRec ni tags)
[23/1381] 03 - Baby Boy.dsf
  ✗ non reconnu (ni SongRec ni tags)
[24/1381] 03 - Chris de Burgh - The Lady In Red.dsf
  ✗ non reconnu (ni SongRec ni tags)
[25/1381] 03 - I Won't Hold You Back.dsf
  ✗ non reconnu (ni SongRec ni tags)
[26/1381] 03 - Just The Way You Are.dsf
  ✗ non reconnu (ni SongRec ni tags)
[27/1381] 03 - Morrissey - Everyday Is Like Sunday (2011 Remaster).mp3
  ♪ Morrissey — Everyday Is Like Sunday (Everyday Is Like Sunday / Disappointed [Digital 45]) [1987]  [SongRec]
  ⚠ conflit : Morrissey - Everyday Is Like Sunday.mp3 existe déjà, ignoré
  ♬ Morrissey — Everyday Is Like Sunday, album : Everyday Is Like Sunday / Disappointed [Digital 45], année : 1987, genre : College Rock
[28/1381] 03 Going Home - Black Magic Woman-Gypsy Queen - Oye Como Va - Incident At Neshabur_639160627964249139.mp3
  ♪ Santana — Santana Segment 1 (1974 Kbfh Show) [1974]  [tags existants]
  ⚠ conflit : Santana - Santana Segment 1.mp3 existe déjà, ignoré
  ♬ Santana — Santana Segment 1, album : 1974 Kbfh Show, année : 1974
[29/1381] 04 - Amnesia (Zion Train 359 Amhurst Road Mix)_639159317721547767.mp3
  ♪ Chumbawamba — Amnesia (Zion Train 359 Amhurst Road mix) (Amnesia - Cd1) [1997]  [tags existants]
  ⚠ conflit : Chumbawamba - Amnesia (Zion Train 359 Amhurst Road mix).mp3 existe déjà, ignoré
  ♬ Chumbawamba — Amnesia (Zion Train 359 Amhurst Road mix), album : Amnesia - Cd1, année : 1997
[30/1381] 04 - In a Perfect World_639158326346294298.mp3
  ♪ Jjos — In a Perfect World (Come into My Space) [2011]  [SongRec]
  ⚠ conflit : Jjos - In a Perfect World.mp3 existe déjà, ignoré
  ♬ Jjos — In a Perfect World, album : Come into My Space, année : 2011, genre : Electronic
[31/1381] 04 - Nothing At All.dsf
  ✗ non reconnu (ni SongRec ni tags)
[32/1381] 04 - Pink Floyd - Time.dsf
  ✗ non reconnu (ni SongRec ni tags)
[33/1381] 04 - Rent.dsf
  ✗ non reconnu (ni SongRec ni tags)
[34/1381] 04 - Why Did I Choose You.dsf
  ✗ non reconnu (ni SongRec ni tags)
[35/1381] 04 - Within.dsf
  ✗ non reconnu (ni SongRec ni tags)
[36/1381] 04 Break the Man.dsf
  ✗ non reconnu (ni SongRec ni tags)
[37/1381] 04 Break the Man_639159696736720242.dsf
  ✗ non reconnu (ni SongRec ni tags)
[38/1381] 04 Chelsea Dagger.aif
  ✗ non reconnu (ni SongRec ni tags)
[39/1381] 04 Fix You.aif
  ✗ non reconnu (ni SongRec ni tags)
[40/1381] 04. Hungry Like The Wolf.dsf
  ✗ non reconnu (ni SongRec ni tags)
[41/1381] 04. Medley- Mode D -Trio And Group Dancers - Mode E- Single Solos And Group Dance - Mode F - Group And Solo Dance.dsf
  ✗ non reconnu (ni SongRec ni tags)
[42/1381] 05 (B1) - Cool Down The Pace_639158484260569613.mp3
  ♪ Gregory Isaacs — Cool Down the Pace (Night Nurse (Bonus Tracks Edition)) [1982]  [SongRec]
  ⚠ conflit : Gregory Isaacs - Cool Down the Pace.mp3 existe déjà, ignoré
  ♬ Gregory Isaacs — Cool Down the Pace, album : Night Nurse (Bonus Tracks Edition), année : 1982, genre : Reggae
[43/1381] 05 - Laisse-moi Vivre Ma Vie.dsf
  ✗ non reconnu (ni SongRec ni tags)
[44/1381] 05 - Michal Kanka,Jaromir Klepac - REVERIE,transcribed for Cello and Piano.dsf
  ✗ non reconnu (ni SongRec ni tags)
[45/1381] 05. 20. Florent Pagny - Ca fait des nuits_639157530149064380.mp3
  ♪ Florent Pagny — Ça fait des nuits (Merci) [1990]  [SongRec]
  ⚠ conflit : Florent Pagny - Ça fait des nuits.mp3 existe déjà, ignoré
  ♬ Florent Pagny — Ça fait des nuits, album : Merci, année : 1990, genre : Pop
[46/1381] 06 - Obsesion.dsf
  ✗ non reconnu (ni SongRec ni tags)
[47/1381] 06 And Through the Wire.dsf
  ✗ non reconnu (ni SongRec ni tags)
[48/1381] 06 Delilah.aif
  ✗ non reconnu (ni SongRec ni tags)
[49/1381] 06 Sing My Song.aif
  ✗ non reconnu (ni SongRec ni tags)
[50/1381] 06. Bordo - So Hot Wit Me (UNDEUX Remix)_639158005670826737.mp3
  ♪ Kid Fonque & Jonny Miller — Tshinela  (feat. Khensy & Fernando Damon) [Fka Mash Re-Glitch] (Tshinela   (feat. Khensy & Fernando Damon) - Single) [2021]  [SongRec]
  ⚠ conflit : Kid Fonque & Jonny Miller - Tshinela (feat. Khensy & Fernando Damon) [Fka Mash Re-Glitch].mp3 existe déjà, ignoré
  ♬ Kid Fonque & Jonny Miller — Tshinela  (feat. Khensy & Fernando Damon) [Fka Mash Re-Glitch], album : Tshinela   (feat. Khensy & Fernando Damon) - Single, année : 2021, genre : Dance
[51/1381] 06. Michel Camilo - Hurry Up And Wait.dsf
  ✗ non reconnu (ni SongRec ni tags)
[52/1381] 07 - Return To Innocence.dsf
  ✗ non reconnu (ni SongRec ni tags)
[53/1381] 07 - Runaway Boys_639160714829188502.dsf
  ✗ non reconnu (ni SongRec ni tags)
[54/1381] 07 Lovefool (Radio Edit) - The Cardigans.dsf
  ✗ non reconnu (ni SongRec ni tags)
[55/1381] 07 Speed of Sound.aif
  ✗ non reconnu (ni SongRec ni tags)
[56/1381] 075 tous les cris les sos_639158754829398529.mp3
  ♪ ZAZ — Tous les cris les SOS (Sur la route) [2016]  [SongRec]
  ⚠ conflit : ZAZ - Tous les cris les SOS.mp3 existe déjà, ignoré
  ♬ ZAZ — Tous les cris les SOS, album : Sur la route, année : 2016, genre : French Pop
[57/1381] 08 - David Bowie - Hang On To Yourself.dsf
  ✗ non reconnu (ni SongRec ni tags)
[58/1381] 08 - Stang_s Swang.dsf
  ✗ non reconnu (ni SongRec ni tags)
[59/1381] 08 Bootie Call (Single Version).aif
  ✗ non reconnu (ni SongRec ni tags)
[60/1381] 09 - Frankie goes to Hollywood - Relax.dsf
  ✗ non reconnu (ni SongRec ni tags)
[61/1381] 09 - Kaas Patricia - Mademoiselle chante le blues.dsf
  ✗ non reconnu (ni SongRec ni tags)
[62/1381] 09. Joy Enriquez - Tell Me How You Feel (Radio Mix).mp3
  ♪ Joy Enriquez — Tell Me How You Feel (Joy Enriquez) [2001]  [SongRec]
  ⚠ conflit : Joy Enriquez - Tell Me How You Feel.mp3 existe déjà, ignoré
  ♬ Joy Enriquez — Tell Me How You Feel, album : Joy Enriquez, année : 2001, genre : Pop
[63/1381] 09. Joy Enriquez - Tell Me How You Feel (Radio Mix)_639159001066663000.mp3
  ♪ Joy Enriquez — Tell Me How You Feel (Joy Enriquez) [2001]  [SongRec]
  ⚠ conflit : Joy Enriquez - Tell Me How You Feel.mp3 existe déjà, ignoré
  ♬ Joy Enriquez — Tell Me How You Feel, album : Joy Enriquez, année : 2001, genre : Pop
[64/1381] 1-01 Matthäus-Passion_ Chori_ Kommt, Ihr Töchter, Helft Mir Klagen.dsf
  ✗ non reconnu (ni SongRec ni tags)
[65/1381] 1-02. The Game Of Love.dsf
  ✗ non reconnu (ni SongRec ni tags)
[66/1381] 1. The Look - Roxette.dsf
  ✗ non reconnu (ni SongRec ni tags)
[67/1381] 11.I Know Him So Well.dsf
  ✗ non reconnu (ni SongRec ni tags)
[68/1381] 112-mase-what_you_want-0mni_639158621442951331.mp3
  ♪ Mase — What You Want (feat. Total) (Harlem World) [1997]  [SongRec]
  ⚠ conflit : Mase - What You Want (feat. Total).mp3 existe déjà, ignoré
  ♬ Mase — What You Want (feat. Total), album : Harlem World, année : 1997, genre : Hip-Hop/Rap
[69/1381] 113 - Au summum.mp3
  ♪ 113 — Au summum (113 dans l'urgence) [2003]  [SongRec]
  = nom déjà correct
  ♬ 113 — Au summum, album : 113 dans l'urgence, année : 2003, genre : Hip-Hop/Rap
[70/1381] 113 - Vitry nocturne (feat. Vitry All Star).mp3
  ♪ 113 — Vitry nocturne (feat. Vitry All Star) (113 Degrés) [2005]  [SongRec]
  = nom déjà correct
  ♬ 113 — Vitry nocturne (feat. Vitry All Star), album : 113 Degrés, année : 2005, genre : Hip-Hop/Rap
[71/1381] 11B - 127 - Christian Löffler - Pop Ambient 2018 - 01 Pigment (Fresco & Pfeiffer Remix)_639158143745804077.mp3
  ♪ Christian Löffler — Pigment (Fresco & Pfeiffer Remix) (Pop Ambient 2018) [2017]  [SongRec]
  ⚠ conflit : Christian Löffler - Pigment (Fresco & Pfeiffer Remix).mp3 existe déjà, ignoré
  ♬ Christian Löffler — Pigment (Fresco & Pfeiffer Remix), album : Pop Ambient 2018, année : 2017, genre : Electronic
[72/1381] 12 - Love Walked In.dsf
  ✗ non reconnu (ni SongRec ni tags)
[73/1381] 12 Hard To Get.aif
  ✗ non reconnu (ni SongRec ni tags)
[74/1381] 13 - FRANKIE GOES TO HOLLYWOOD - The Power Of Love.dsf
  ✗ non reconnu (ni SongRec ni tags)
[75/1381] 13 - PINBALL WIZARD.dsf
  ✗ non reconnu (ni SongRec ni tags)
[76/1381] 13 Gérard Blanc - Une Autre Histoire (Spécial Remix Club)_639159897629084737.mp3
  ♪ Gérard Blanc — Une autre histoire (Ailleurs pour un ailleurs ...) [2003]  [SongRec]
  ⚠ conflit : Gérard Blanc - Une autre histoire.mp3 existe déjà, ignoré
  ♬ Gérard Blanc — Une autre histoire, album : Ailleurs pour un ailleurs ..., année : 2003, genre : French Pop
[77/1381] 13 You And I (Stripped).aif
  ✗ non reconnu (ni SongRec ni tags)
[78/1381] 13.  Turning Japanese.mp3
  ♪ The Vapors — Turning Japanese (1980-09-11 - 15 Lansdowne, Boston, Ma (24-96 - Wbcn Fm Broadcast Reel Master))  [tags existants]
  ⚠ conflit : The Vapors - Turning Japanese.mp3 existe déjà, ignoré
  ♬ The Vapors — Turning Japanese, album : 1980-09-11 - 15 Lansdowne, Boston, Ma (24-96 - Wbcn Fm Broadcast Reel Master)
[79/1381] 14 - Haircut 100 - Fantastic Day_639160548708315345.dsf
  ✗ non reconnu (ni SongRec ni tags)
[80/1381] 14 Mmm Mmm Mmm Mmm.mp3
  ✗ non reconnu (ni SongRec ni tags)
[81/1381] 14. Agrume & Lounes - Back To Me (Feat. The Clever Move)_639158154556831694.mp3
  ♪ Agrume & Lounes — Back to Me (feat. The Clever Move) (We Go Deep, Saison 3 (Mixed by the Avener)) [2016]  [SongRec]
  ⚠ conflit : Agrume & Lounes - Back to Me (feat. The Clever Move).mp3 existe déjà, ignoré
  ♬ Agrume & Lounes — Back to Me (feat. The Clever Move), album : We Go Deep, Saison 3 (Mixed by the Avener), année : 2016, genre : Electronic
[82/1381] 15 - Kool & The Gang - Cherish.dsf
  ✗ non reconnu (ni SongRec ni tags)
[83/1381] 15 - Oliver Cheatham -Get Down Saturday Night_639157756471919363.mp3
  ♪ Oliver Cheatham — Get Down Saturday Night (Saturday Night (Expanded Edition)) [1983]  [SongRec]
  ⚠ conflit : Oliver Cheatham - Get Down Saturday Night.mp3 existe déjà, ignoré
  ♬ Oliver Cheatham — Get Down Saturday Night, album : Saturday Night (Expanded Edition), année : 1983, genre : R&B/Soul
[84/1381] 15 - Oliver Cheatham -Get Down Saturday Night_639158120226722034.mp3
  ♪ Oliver Cheatham — Get Down Saturday Night (Saturday Night (Expanded Edition)) [1983]  [SongRec]
  ⚠ conflit : Oliver Cheatham - Get Down Saturday Night.mp3 existe déjà, ignoré
  ♬ Oliver Cheatham — Get Down Saturday Night, album : Saturday Night (Expanded Edition), année : 1983, genre : R&B/Soul
[85/1381] 16 Alicia Keys feat. Mos Def & Common _ Alicia Keys with Damian Marley, Mos Def, Common & Friends - Love It or Leave It Alone _ Welcome to Jamrock.dsf
  ✗ non reconnu (ni SongRec ni tags)
[86/1381] 16 Love Song for a Vampire (as used in the film Bram Stroker_s Dracula.aif
  ✗ non reconnu (ni SongRec ni tags)
[87/1381] 17. We Are the Champions.dsf
  ✗ non reconnu (ni SongRec ni tags)
[88/1381] 182. Next - Be My Wifey (2000).mp3
  ♪ Next — Wifey (Platinum & Gold Collection: Next) [2004]  [SongRec]
  ⚠ conflit : Next - Wifey.mp3 existe déjà, ignoré
  ♬ Next — Wifey, album : Platinum & Gold Collection: Next, année : 2004, genre : R&B/Soul
[89/1381] 1993-Captain Hollywood Project - More And More (Single Version)-32bit-192Khz.wv
  ✗ non reconnu (ni SongRec ni tags)
[90/1381] 2 Unlimited - Get Ready (Orchestral Mix).mp3
  ♪ 2 Unlimited — Get Ready (Orchestral Mix) (Get Ready) [1992]  [SongRec]
  = nom déjà correct
  ♬ 2 Unlimited — Get Ready (Orchestral Mix), album : Get Ready, année : 1992, genre : Pop
[91/1381] 2-02 I Don_t Believe You (She Acts Like We Never Have Met).aif
  ✗ non reconnu (ni SongRec ni tags)
[92/1381] 2013-Avicii - Hey Brother-DSD128.dsf
  ✗ non reconnu (ni SongRec ni tags)
[93/1381] 2013-Avicii - Wake Me Up-DSD128.dsf
  ✗ non reconnu (ni SongRec ni tags)
[94/1381] 22 - Massivan - Daydream (Original Mix).mp3
  ♪ Massivan — Daydream (Wide (Special Digital Edition)) [2007]  [SongRec]
  ⚠ conflit : Massivan - Daydream.mp3 existe déjà, ignoré
  ♬ Massivan — Daydream, album : Wide (Special Digital Edition), année : 2007, genre : Downtempo
[95/1381] 23. La Yegros - Viene de Mi  (El Búho Weird Flute Edit).mp3
  ✗ non reconnu (ni SongRec ni tags)
[96/1381] 2Pac & Outlawz - U Can Be Touched.mp3
  ♪ 2Pac & Outlawz — U Can Be Touched (Still I Rise) [1999]  [SongRec]
  = nom déjà correct
  ♬ 2Pac & Outlawz — U Can Be Touched, album : Still I Rise, année : 1999, genre : Hardcore Rap
[97/1381] 3-08 Try and Love Again (5.1 mix).dsf
  ✗ non reconnu (ni SongRec ni tags)
[98/1381] 3-12 One Day at a Time (5.1 mix).dsf
  ✗ non reconnu (ni SongRec ni tags)
[99/1381] 3. Solo.dsf
  ✗ non reconnu (ni SongRec ni tags)
[100/1381] 4. Magic System Feat. Akil, Cheb Bilal & Big Ali - C Chô, Ça Brûle.mp3
  ♪ Magic System — C Chô, Ça Brûle !!! (feat. Akil, شاب بلال & Big Ali) (Raï'n'B Fever 2) [2006]  [SongRec]
  ⚠ conflit : Magic System - C Chô, Ça Brûle !!! (feat. Akil, شاب بلال & Big Ali).mp3 existe déjà, ignoré
  ♬ Magic System — C Chô, Ça Brûle !!! (feat. Akil, شاب بلال & Big Ali), album : Raï'n'B Fever 2, année : 2006, genre : Hip-Hop/Rap
[101/1381] 5 Seconds of Summer - Take My Hand (Joshua Tree Version).mp3
  ♪ 5 Seconds of Summer — Take My Hand (Joshua Tree Version) (5SOS5) [2022]  [SongRec]
  = nom déjà correct
  ♬ 5 Seconds of Summer — Take My Hand (Joshua Tree Version), album : 5SOS5, année : 2022, genre : Pop
[102/1381] 65 - storm - Time To Burn (Radio Edit)_639160415739915657.mp3
  ♪ Storm — Time To Burn (Stormjunkie) [2000]  [SongRec]
  ⚠ conflit : Storm - Time To Burn.mp3 existe déjà, ignoré
  ♬ Storm — Time To Burn, album : Stormjunkie, année : 2000, genre : Dance
[103/1381] 9. Blinding Lights.dsf
  ✗ non reconnu (ni SongRec ni tags)
[104/1381] 911 - Hold On.mp3
  ♪ 911 — Hold On (Moving On) [1998]  [SongRec]
  = nom déjà correct
  ♬ 911 — Hold On, album : Moving On, année : 1998, genre : Pop
[105/1381] 911 - The Day We Find Love.mp3
  ♪ 911 — The Day We Find Love (The Journey) [1997]  [SongRec]
  = nom déjà correct
  ♬ 911 — The Day We Find Love, album : The Journey, année : 1997, genre : Pop
[106/1381] 99 Souls - The Girl Is Mine (Extended Remix)_639159722600315076.mp3
  ♪ 99 Souls — The Girl Is Mine (feat. Destiny's Child & Brandy) (The Girl Is Mine (feat. Destiny's Child & Brandy) [Remixes] - EP) [2016]  [SongRec]
  ⚠ conflit : 99 Souls - The Girl Is Mine (feat. Destiny's Child & Brandy).mp3 existe déjà, ignoré
  ♬ 99 Souls — The Girl Is Mine (feat. Destiny's Child & Brandy), album : The Girl Is Mine (feat. Destiny's Child & Brandy) [Remixes] - EP, année : 2016, genre : Dance
[107/1381] 99 Souls - The Girl Is Mine (feat. Destiny's Child & Brandy).mp3
  ♪ 99 Souls — The Girl Is Mine (feat. Destiny's Child & Brandy) (The Girl Is Mine (feat. Destiny's Child & Brandy) [Remixes] - EP) [2016]  [SongRec]
  = nom déjà correct
  ♬ 99 Souls — The Girl Is Mine (feat. Destiny's Child & Brandy), album : The Girl Is Mine (feat. Destiny's Child & Brandy) [Remixes] - EP, année : 2016, genre : Dance
[108/1381] A Day to Remember - Since U Been Gone.mp3
  ♪ A Day to Remember — Since U Been Gone (For Those Who Have Heart (Deluxe Edition)) [2007]  [SongRec]
  = nom déjà correct
  ♬ A Day to Remember — Since U Been Gone, album : For Those Who Have Heart (Deluxe Edition), année : 2007, genre : Rock
[109/1381] A1  What Is Love (12 Mix).dsf
  ✗ non reconnu (ni SongRec ni tags)
[110/1381] A2-Rock That Body.dsf
  ✗ non reconnu (ni SongRec ni tags)
[111/1381] A3 Everywhere.dsf
  ✗ non reconnu (ni SongRec ni tags)
[112/1381] A3 Hymn For The Weekend.dsf
  ✗ non reconnu (ni SongRec ni tags)
[113/1381] A4 Drive.dsf
  ✗ non reconnu (ni SongRec ni tags)
[114/1381] A4.Exposition_We Can Work It Out.dsf
  ✗ non reconnu (ni SongRec ni tags)
[115/1381] ANNA - From The Air (Original Mix)_639158330304600517.mp3
  ♪ DeepFlow — Arabica Deep House 2026 This Sound Is Addictive | Desert Flow (Arabica Deep House 2026 This Sound Is Addictive | Desert Flow) [2026]  [SongRec]
  ⚠ conflit : DeepFlow - Arabica Deep House 2026 This Sound Is Addictive Desert Flow.mp3 existe déjà, ignoré
  ♬ DeepFlow — Arabica Deep House 2026 This Sound Is Addictive | Desert Flow, album : Arabica Deep House 2026 This Sound Is Addictive | Desert Flow, année : 2026, genre : House
[116/1381] ANNA - From The Air (Original Mix)_639158389605897226.mp3
  ♪ DeepFlow — Arabica Deep House 2026 This Sound Is Addictive | Desert Flow (Arabica Deep House 2026 This Sound Is Addictive | Desert Flow) [2026]  [SongRec]
  ⚠ conflit : DeepFlow - Arabica Deep House 2026 This Sound Is Addictive Desert Flow.mp3 existe déjà, ignoré
  ♬ DeepFlow — Arabica Deep House 2026 This Sound Is Addictive | Desert Flow, album : Arabica Deep House 2026 This Sound Is Addictive | Desert Flow, année : 2026, genre : House
[117/1381] ANNA - From The Air (Original Mix)_639158451375794444.mp3
  ♪ DeepFlow — Arabica Deep House 2026 This Sound Is Addictive | Desert Flow (Arabica Deep House 2026 This Sound Is Addictive | Desert Flow) [2026]  [SongRec]
  ⚠ conflit : DeepFlow - Arabica Deep House 2026 This Sound Is Addictive Desert Flow.mp3 existe déjà, ignoré
  ♬ DeepFlow — Arabica Deep House 2026 This Sound Is Addictive | Desert Flow, album : Arabica Deep House 2026 This Sound Is Addictive | Desert Flow, année : 2026, genre : House
[118/1381] ANNA - From The Air (Original Mix)_639159193202804308.mp3
  ♪ DeepFlow — Arabica Deep House 2026 This Sound Is Addictive | Desert Flow (Arabica Deep House 2026 This Sound Is Addictive | Desert Flow) [2026]  [SongRec]
  ⚠ conflit : DeepFlow - Arabica Deep House 2026 This Sound Is Addictive Desert Flow.mp3 existe déjà, ignoré
  ♬ DeepFlow — Arabica Deep House 2026 This Sound Is Addictive | Desert Flow, album : Arabica Deep House 2026 This Sound Is Addictive | Desert Flow, année : 2026, genre : House
[119/1381] ARTMO'S - Ride it.mp3
  ♪ ARTMO'S — Ride it  [SongRec]
  = nom déjà correct
  ♬ ARTMO'S — Ride it, genre : House
[120/1381] Abhijeet & Udit Narayan - Chori Chori Hum Gori Se (From Mela).mp3
  ♪ Abhijeet & Udit Narayan — Chori Chori Hum Gori Se (From "Mela") (My Best Collection) [2000]  [SongRec]
  = nom déjà correct
  ♬ Abhijeet & Udit Narayan — Chori Chori Hum Gori Se (From "Mela"), album : My Best Collection, année : 2000, genre : Bollywood
[121/1381] Ace of Base - Wheel of Fortune (2009).mp3
  ♪ Ace of Base — Wheel of Fortune (2009) (Wheel of Fortune (The Remixes) - EP) [1992]  [SongRec]
  = nom déjà correct
  ♬ Ace of Base — Wheel of Fortune (2009), album : Wheel of Fortune (The Remixes) - EP, année : 1992, genre : Pop
[122/1381] Adam Ten & Mita Gami - Night Shift.mp3
  ♪ Adam Ten & Mita Gami — Night Shift (High On - Single) [2022]  [SongRec]
  = nom déjà correct
  ♬ Adam Ten & Mita Gami — Night Shift, album : High On - Single, année : 2022, genre : Techno
[123/1381] Adeva - I Thank You.mp3
  ♪ Adeva — I Thank You (Adeva) [1989]  [SongRec]
  = nom déjà correct
  ♬ Adeva — I Thank You, album : Adeva, année : 1989, genre : Dance
[124/1381] Adina Howard - Freak Like Me (Joshwa Remix)_639158163233478576.mp3
  ♪ MCAVOY — GOOD 4 ME (GOOD 4 ME - Single) [2022]  [SongRec]
  ⚠ conflit : MCAVOY - GOOD 4 ME.mp3 existe déjà, ignoré
  ♬ MCAVOY — GOOD 4 ME, album : GOOD 4 ME - Single, année : 2022, genre : Electronic
[125/1381] Afrobombass - Do Sal E Sol Eu Sou.mp3
  ♪ Afrobombass — Do Sal E Sol Eu Sou  [SongRec]
  = nom déjà correct
  ♬ Afrobombass — Do Sal E Sol Eu Sou, genre : Indie Pop
[126/1381] Agarrate Catalina - La Violencia (En Vivo).mp3
  ♪ Agarrate Catalina — La Violencia (En Vivo) (El Fin del Mundo (En Vivo)) [2014]  [SongRec]
  = nom déjà correct
  ♬ Agarrate Catalina — La Violencia (En Vivo), album : El Fin del Mundo (En Vivo), année : 2014, genre : South America
[127/1381] Agrume & KnR - Seine.mp3
  ♪ Agrume & KnR — Seine (Seine - EP) [2016]  [SongRec]
  = nom déjà correct
  ♬ Agrume & KnR — Seine, album : Seine - EP, année : 2016, genre : House
[128/1381] Agrume & Lounes - Back to Me (feat. The Clever Move).mp3
  ♪ Agrume & Lounes — Back to Me (feat. The Clever Move) (We Go Deep, Saison 3 (Mixed by the Avener)) [2016]  [SongRec]
  = nom déjà correct
  ♬ Agrume & Lounes — Back to Me (feat. The Clever Move), album : We Go Deep, Saison 3 (Mixed by the Avener), année : 2016, genre : Electronic
[129/1381] Agrume & Lounes - Music & Waves (feat. The Clever Move).mp3
  ♪ Agrume & Lounes — Music & Waves (feat. The Clever Move) (Music & Waves (feat. The Clever Move) - Single) [2015]  [SongRec]
  = nom déjà correct
  ♬ Agrume & Lounes — Music & Waves (feat. The Clever Move), album : Music & Waves (feat. The Clever Move) - Single, année : 2015, genre : House
[130/1381] Agustín Galiana - Por Que Te Vas.mp3
  ♪ Agustín Galiana — Por Que Te Vas (Plein soleil) [2020]  [SongRec]
  = nom déjà correct
  ♬ Agustín Galiana — Por Que Te Vas, album : Plein soleil, année : 2020, genre : French Pop
[131/1381] Air - Playground Love (Vibraphone Version).mp3
  ♪ Air — Playground Love (Vibraphone Version) (The Virgin Suicides Demos & Rarities) [2000]  [SongRec]
  = nom déjà correct
  ♬ Air — Playground Love (Vibraphone Version), album : The Virgin Suicides Demos & Rarities, année : 2000, genre : Electronic
[132/1381] Albert King - Night Stomp.mp3
  ♪ Albert King — Night Stomp (Live Wire / Blues Power (Remastered)) [1968]  [SongRec]
  = nom déjà correct
  ♬ Albert King — Night Stomp, album : Live Wire / Blues Power (Remastered), année : 1968, genre : Blues
[133/1381] Alborosie - Play Fool (To Catch Wise).mp3
  ♪ Alborosie — Play Fool (To Catch Wise) (Sound the System) [2013]  [SongRec]
  = nom déjà correct
  ♬ Alborosie — Play Fool (To Catch Wise), album : Sound the System, année : 2013, genre : Reggae
[134/1381] Aldo Romano - Caruso.mp3
  ♪ Aldo Romano — Caruso  [SongRec]
  = nom déjà correct
  ♬ Aldo Romano — Caruso, genre : Latino
[135/1381] Alena - Turn It Around (Another Mix).mp3
  ♪ Alena — Turn It Around (Another Mix) (Turn It Around) [1999]  [SongRec]
  = nom déjà correct
  ♬ Alena — Turn It Around (Another Mix), album : Turn It Around, année : 1999, genre : Dance
[136/1381] Alex Campos - Estoy Harto.mp3
  ♪ Alex Campos — Estoy Harto (Como un Niño) [2005]  [SongRec]
  = nom déjà correct
  ♬ Alex Campos — Estoy Harto, album : Como un Niño, année : 2005, genre : Latino
[137/1381] Alex Party - Wrap Me Up.mp3
  ♪ Alex Party — Wrap Me Up (Alex Party) [1994]  [SongRec]
  = nom déjà correct
  ♬ Alex Party — Wrap Me Up, album : Alex Party, année : 1994, genre : House
[138/1381] Alicia Keys - Empire State of Mind, Pt. 2.mp3
  ♪ Alicia Keys — Empire State of Mind, Pt. 2 (The Element of Freedom) [2009]  [SongRec]
  = nom déjà correct
  ♬ Alicia Keys — Empire State of Mind, Pt. 2, album : The Element of Freedom, année : 2009, genre : R&B/Soul
[139/1381] Alio Die ~ Arianna Tondo - Landing on Earth.mp3
  ♪ Alio Die ~ Arianna Tondo — Landing on Earth (Landing on Earth) [2021]  [tags existants]
  = nom déjà correct
  ♬ Alio Die ~ Arianna Tondo — Landing on Earth, album : Landing on Earth, année : 2021
[140/1381] Alison Moyet - Love Resurrection.mp3
  ♪ Alison Moyet — Love Resurrection (Alf) [1984]  [SongRec]
  = nom déjà correct
  ♬ Alison Moyet — Love Resurrection, album : Alf, année : 1984, genre : Pop
[141/1381] Alison Moyet - This House (Key Version).mp3
  ♪ Alison Moyet — This House (Key Version) (Key (Moyet Moments Edition)) [2024]  [SongRec]
  = nom déjà correct
  ♬ Alison Moyet — This House (Key Version), album : Key (Moyet Moments Edition), année : 2024, genre : Pop
[142/1381] Alkilados - Una Cita (feat. J Alvarez, El Roockie & Nicky Jam) [Remix].mp3
  ♪ Alkilados — Una Cita (feat. J Alvarez, El Roockie & Nicky Jam) [Remix] (Una Cita (Remix) [feat. J Alvarez, El Roockie & Nicky Jam] - Single) [2014]  [SongRec]
  = nom déjà correct
  ♬ Alkilados — Una Cita (feat. J Alvarez, El Roockie & Nicky Jam) [Remix], album : Una Cita (Remix) [feat. J Alvarez, El Roockie & Nicky Jam] - Single, année : 2014, genre : Latin Rap
[143/1381] All Saints - Under the Bridge.mp3
  ♪ All Saints — Under the Bridge (All Saints) [1997]  [SongRec]
  = nom déjà correct
  ♬ All Saints — Under the Bridge, album : All Saints, année : 1997, genre : Dance
[144/1381] Allan Rayman - Much Too Much.mp3
  ♪ Allan Rayman — Much Too Much (Much Too Much - Single) [2016]  [SongRec]
  = nom déjà correct
  ♬ Allan Rayman — Much Too Much, album : Much Too Much - Single, année : 2016, genre : Alternative
[145/1381] Amazulu - Too Good To Be Forgotten.mp3
  ♪ Amazulu — Too Good To Be Forgotten (Amazulu) [1986]  [SongRec]
  = nom déjà correct
  ♬ Amazulu — Too Good To Be Forgotten, album : Amazulu, année : 1986, genre : Pop
[146/1381] Ambrose Akinmusire - Richard (Conduit).mp3
  ♪ Ambrose Akinmusire — Richard (Conduit) (the imagined savior is far easier to paint) [2014]  [SongRec]
  = nom déjà correct
  ♬ Ambrose Akinmusire — Richard (Conduit), album : the imagined savior is far easier to paint, année : 2014, genre : Jazz
[147/1381] American Aquarium - All I Needed.mp3
  ♪ American Aquarium — All I Needed (Chicamacomico) [2022]  [SongRec]
  = nom déjà correct
  ♬ American Aquarium — All I Needed, album : Chicamacomico, année : 2022, genre : Country
[148/1381] Amerie - 1 Thing.mp3
  ♪ Amerie — 1 Thing (Touch) [2005]  [SongRec]
  = nom déjà correct
  ♬ Amerie — 1 Thing, album : Touch, année : 2005, genre : R&B/Soul
[149/1381] Amerie - Crunk Didi (Losing U) [feat. Willy Denzey & Six Coups MC].mp3
  ♪ Amerie — Crunk Didi (Losing U) [feat. Willy Denzey & Six Coups MC] (Raï'n'B Fever 2) [2006]  [SongRec]
  = nom déjà correct
  ♬ Amerie — Crunk Didi (Losing U) [feat. Willy Denzey & Six Coups MC], album : Raï'n'B Fever 2, année : 2006, genre : Pop
[150/1381] Amy Macdonald - Let's Start a Band.mp3
  ♪ Amy Macdonald — Let's Start a Band (This Is the Life) [2007]  [SongRec]
  = nom déjà correct
  ♬ Amy Macdonald — Let's Start a Band, album : This Is the Life, année : 2007, genre : Pop
[151/1381] Amy Studt - Misfit.mp3
  ♪ Amy Studt — Misfit (False Smiles (New Version)) [2002]  [SongRec]
  = nom déjà correct
  ♬ Amy Studt — Misfit, album : False Smiles (New Version), année : 2002, genre : Pop
[152/1381] Anaklein - Emotion (Radio Edit 2).mp3
  ♪ Anaklein — Emotion (Radio Edit 2) (I've Got the Music - EP) [2003]  [SongRec]
  = nom déjà correct
  ♬ Anaklein — Emotion (Radio Edit 2), album : I've Got the Music - EP, année : 2003, genre : Electronic
[153/1381] Andrew Liles - Right Round (Narration by M S Waldron).mp3
  ♪ Andrew Liles — Right Round (Narration by M S Waldron) (Colossus (Part Two: 1994 - 2018)) [2019]  [tags existants]
  = nom déjà correct
  ♬ Andrew Liles — Right Round (Narration by M S Waldron), album : Colossus (Part Two: 1994 - 2018), année : 2019
[154/1381] Ane Brun - One Last Try.mp3
  ♪ Ane Brun — One Last Try (Do You Remember - EP) [2011]  [SongRec]
  = nom déjà correct
  ♬ Ane Brun — One Last Try, album : Do You Remember - EP, année : 2011, genre : Pop
[155/1381] Ane Brun - To Let Myself Go (Dennis Ferrer Remix).mp3
  ♪ Ane Brun — To Let Myself Go (Dennis Ferrer Remix) (To Let Myself Go (Remixes) - Single) [2014]  [SongRec]
  = nom déjà correct
  ♬ Ane Brun — To Let Myself Go (Dennis Ferrer Remix), album : To Let Myself Go (Remixes) - Single, année : 2014, genre : Dance
[156/1381] Anggun - La rose des vents.mp3
  ♪ Anggun — La rose des vents (Au nom de la lune) [1997]  [SongRec]
  = nom déjà correct
  ♬ Anggun — La rose des vents, album : Au nom de la lune, année : 1997, genre : French Pop
[157/1381] Angine de Poitrine - ANGINE DE POITRINE - VOL.1 - 04 Ababa Hotel.mp3
  ♪ Angine de Poitrine — Ababa hôtel (Vol.1) [2024]  [SongRec]
  ⚠ conflit : Angine de Poitrine - Ababa hôtel.mp3 existe déjà, ignoré
  ♬ Angine de Poitrine — Ababa hôtel, album : Vol.1, année : 2024, genre : Rock
[158/1381] Angine de Poitrine - Ababa hôtel.mp3
  ♪ Angine de Poitrine — Ababa hôtel (Vol.1) [2024]  [SongRec]
  = nom déjà correct
  ♬ Angine de Poitrine — Ababa hôtel, album : Vol.1, année : 2024, genre : Rock
[159/1381] Annie Nightingale, Jagwar Ma, Infinity Ink - Annie Nightingale on Bbc Radio1 - 2016-10-05.mp3
  ♪ Annie Nightingale, Jagwar Ma, Infinity Ink — Annie Nightingale on Bbc Radio1 - 2016-10-05 [2016]  [tags existants]
  = nom déjà correct
  ♬ Annie Nightingale, Jagwar Ma, Infinity Ink — Annie Nightingale on Bbc Radio1 - 2016-10-05, année : 2016
[160/1381] Annie2016-39 - 05-10-2016 - Annie Nightingale - Jagwar Ma Quest Mix, Infinity Ink Ignition Mix_639158535606538911.mp3
  ♪ Annie Nightingale, Jagwar Ma, Infinity Ink — Annie Nightingale on Bbc Radio1 - 2016-10-05 [2016]  [tags existants]
  ⚠ conflit : Annie Nightingale, Jagwar Ma, Infinity Ink - Annie Nightingale on Bbc Radio1 - 2016-10-05.mp3 existe déjà, ignoré
  ♬ Annie Nightingale, Jagwar Ma, Infinity Ink — Annie Nightingale on Bbc Radio1 - 2016-10-05, année : 2016
[161/1381] Annie2016-39 - 05-10-2016 - Annie Nightingale - Jagwar Ma Quest Mix, Infinity Ink Ignition Mix_639158671145824938.mp3
  ♪ Annie Nightingale, Jagwar Ma, Infinity Ink — Annie Nightingale on Bbc Radio1 - 2016-10-05 [2016]  [tags existants]
  ⚠ conflit : Annie Nightingale, Jagwar Ma, Infinity Ink - Annie Nightingale on Bbc Radio1 - 2016-10-05.mp3 existe déjà, ignoré
  ♬ Annie Nightingale, Jagwar Ma, Infinity Ink — Annie Nightingale on Bbc Radio1 - 2016-10-05, année : 2016
[162/1381] Annie2016-39 - 05-10-2016 - Annie Nightingale - Jagwar Ma Quest Mix, Infinity Ink Ignition Mix_639158734158872382.mp3
  ♪ Annie Nightingale, Jagwar Ma, Infinity Ink — Annie Nightingale on Bbc Radio1 - 2016-10-05 [2016]  [tags existants]
  ⚠ conflit : Annie Nightingale, Jagwar Ma, Infinity Ink - Annie Nightingale on Bbc Radio1 - 2016-10-05.mp3 existe déjà, ignoré
  ♬ Annie Nightingale, Jagwar Ma, Infinity Ink — Annie Nightingale on Bbc Radio1 - 2016-10-05, année : 2016
[163/1381] Annie2016-39 - 05-10-2016 - Annie Nightingale - Jagwar Ma Quest Mix, Infinity Ink Ignition Mix_639158759562621090.mp3
  ♪ Annie Nightingale, Jagwar Ma, Infinity Ink — Annie Nightingale on Bbc Radio1 - 2016-10-05 [2016]  [tags existants]
  ⚠ conflit : Annie Nightingale, Jagwar Ma, Infinity Ink - Annie Nightingale on Bbc Radio1 - 2016-10-05.mp3 existe déjà, ignoré
  ♬ Annie Nightingale, Jagwar Ma, Infinity Ink — Annie Nightingale on Bbc Radio1 - 2016-10-05, année : 2016
[164/1381] Annie2016-39 - 05-10-2016 - Annie Nightingale - Jagwar Ma Quest Mix, Infinity Ink Ignition Mix_639158864467789937.mp3
  ♪ Annie Nightingale, Jagwar Ma, Infinity Ink — Annie Nightingale on Bbc Radio1 - 2016-10-05 [2016]  [tags existants]
  ⚠ conflit : Annie Nightingale, Jagwar Ma, Infinity Ink - Annie Nightingale on Bbc Radio1 - 2016-10-05.mp3 existe déjà, ignoré
  ♬ Annie Nightingale, Jagwar Ma, Infinity Ink — Annie Nightingale on Bbc Radio1 - 2016-10-05, année : 2016
[165/1381] Anthony Lo Re - Ultra Instinct Theme (From Dragon Ball Super) [Epic Version].mp3
  ♪ Anthony Lo Re — Ultra Instinct Theme (From "Dragon Ball Super") [Epic Version] (Ultra Instinct Theme (From "Dragon Ball Super") [Epic Version] - Single) [2023]  [SongRec]
  = nom déjà correct
  ♬ Anthony Lo Re — Ultra Instinct Theme (From "Dragon Ball Super") [Epic Version], album : Ultra Instinct Theme (From "Dragon Ball Super") [Epic Version] - Single, année : 2023, genre : New Age
[166/1381] Arcade Fire - Here Comes the Night Time.mp3
  ♪ Arcade Fire — Here Comes the Night Time (Reflektor) [2013]  [SongRec]
  = nom déjà correct
  ♬ Arcade Fire — Here Comes the Night Time, album : Reflektor, année : 2013, genre : Alternative
[167/1381] Arrested Development - People Everyday (Speech Metamorphosis Mix)_639157567068374392.mp3
  ♪ Arrested Development — People Everyday (3 Years, 5 Months and 2 Days In the Life Of...) [1992]  [SongRec]
  ⚠ conflit : Arrested Development - People Everyday.mp3 existe déjà, ignoré
  ♬ Arrested Development — People Everyday, album : 3 Years, 5 Months and 2 Days In the Life Of..., année : 1992, genre : Hip-Hop/Rap
[168/1381] Arrested Development - People Everyday.mp3
  ♪ Arrested Development — People Everyday (3 Years, 5 Months and 2 Days In the Life Of...) [1992]  [SongRec]
  = nom déjà correct
  ♬ Arrested Development — People Everyday, album : 3 Years, 5 Months and 2 Days In the Life Of..., année : 1992, genre : Hip-Hop/Rap
[169/1381] Arsevty - Element.mp3
  ♪ Arsevty — Element (Thinkers - EP) [2014]  [SongRec]
  = nom déjà correct
  ♬ Arsevty — Element, album : Thinkers - EP, année : 2014, genre : Dance
[170/1381] Art of Noise - Paranoimia (feat. Max Headroom).mp3
  ♪ Art of Noise — Paranoimia (feat. Max Headroom) (The Best of the Art of Noise) [1986]  [SongRec]
  = nom déjà correct
  ♬ Art of Noise — Paranoimia (feat. Max Headroom), album : The Best of the Art of Noise, année : 1986, genre : Pop/Rock
[171/1381] Arthur H & Nicolas Repac - Sanguine.mp3
  ♪ Arthur H & Nicolas Repac — Sanguine (L'Or d'Eros) [2014]  [SongRec]
  = nom déjà correct
  ♬ Arthur H & Nicolas Repac — Sanguine, album : L'Or d'Eros, année : 2014, genre : French Pop
[172/1381] Arthur Moreira Lima - Quebradinha.mp3
  ♪ Arthur Moreira Lima — Quebradinha (Grandes Compositores: Ernesto Nazareth) [1979]  [SongRec]
  = nom déjà correct
  ♬ Arthur Moreira Lima — Quebradinha, album : Grandes Compositores: Ernesto Nazareth, année : 1979, genre : Choro
[173/1381] Ashanti - Rock Wit U (Awww Baby) [Pound Boys Club Mix].mp3
  ♪ Ashanti — Rock Wit U (Awww Baby) [Pound Boys Club Mix] (Rock Wit U (Awww Baby) [Pound Boys Club Mix] - Single) [2003]  [SongRec]
  = nom déjà correct
  ♬ Ashanti — Rock Wit U (Awww Baby) [Pound Boys Club Mix], album : Rock Wit U (Awww Baby) [Pound Boys Club Mix] - Single, année : 2003, genre : Dance
[174/1381] Assia - Elle est à toi.mp3
  ♪ Assia — Elle est à toi (Chercheuse d'or) [2000]  [SongRec]
  = nom déjà correct
  ♬ Assia — Elle est à toi, album : Chercheuse d'or, année : 2000, genre : Pop
[175/1381] Atomic Kitten - Eternal Flame.mp3
  ♪ Atomic Kitten — Eternal Flame (Right Now) [1999]  [SongRec]
  = nom déjà correct
  ♬ Atomic Kitten — Eternal Flame, album : Right Now, année : 1999, genre : Rock
[176/1381] Average White Band - Pick Up the Pieces.mp3
  ♪ Average White Band — Pick Up the Pieces (AWB) [1974]  [SongRec]
  = nom déjà correct
  ♬ Average White Band — Pick Up the Pieces, album : AWB, année : 1974, genre : R&B/Soul
[177/1381] Avicii & Conrad Sewell - Taste the Feeling (Avicii vs. Conrad Sewell).mp3
  ♪ Avicii & Conrad Sewell — Taste the Feeling (Avicii vs. Conrad Sewell) (Taste the Feeling (Avicii vs. Conrad Sewell) - Single) [2016]  [SongRec]
  = nom déjà correct
  ♬ Avicii & Conrad Sewell — Taste the Feeling (Avicii vs. Conrad Sewell), album : Taste the Feeling (Avicii vs. Conrad Sewell) - Single, année : 2016, genre : Dance
[178/1381] Aviv Geffen - אור הירח (Live).mp3
  ♪ Aviv Geffen — אור הירח (Live) (Live) [2008]  [SongRec]
  = nom déjà correct
  ♬ Aviv Geffen — אור הירח (Live), album : Live, année : 2008, genre : Pop
[179/1381] Avon Stringer & Jesse Rose - Pressure.mp3
  ♪ Avon Stringer & Jesse Rose — Pressure (Alright Mate) [2017]  [SongRec]
  = nom déjà correct
  ♬ Avon Stringer & Jesse Rose — Pressure, album : Alright Mate, année : 2017, genre : House
[180/1381] Axel Johansson - Adagio For Strings.mp3
  ♪ Axel Johansson — Adagio For Strings (Adagio For Strings - Single) [2024]  [SongRec]
  = nom déjà correct
  ♬ Axel Johansson — Adagio For Strings, album : Adagio For Strings - Single, année : 2024, genre : Dance
[181/1381] Ayup Dub - Handle Your Business.mp3
  ♪ Ayup Dub — Handle Your Business (Handle Your Business - Single) [2023]  [SongRec]
  = nom déjà correct
  ♬ Ayup Dub — Handle Your Business, album : Handle Your Business - Single, année : 2023, genre : Garage
[182/1381] Azana - Your Love.mp3
  ♪ Azana — Your Love (Ingoma) [2020]  [SongRec]
  = nom déjà correct
  ♬ Azana — Your Love, album : Ingoma, année : 2020
[183/1381] B1 - Diesel Power.dsf
  ✗ non reconnu (ni SongRec ni tags)
[184/1381] B1 - Diesel Power_639157922225974010.dsf
  ✗ non reconnu (ni SongRec ni tags)
[185/1381] B1 Friends.dsf
  ✗ non reconnu (ni SongRec ni tags)
[186/1381] B1 Gonna Fly Now.dsf
  ✗ non reconnu (ni SongRec ni tags)
[187/1381] B5. Lullaby.dsf
  ✗ non reconnu (ni SongRec ni tags)
[188/1381] BALEARIC CHILL OUT VIBES SESSION Jjos (Balearic Cafe Chillout Island Lounge) Chill Out chillstep_639159147324489062.mp3
  ♪ Jjos — Around Control (feat. Manu López) [Lounge Mix] (Around Control (feat. Manu López) [Lounge Mix] - Single) [2013]  [SongRec]
  ⚠ conflit : Jjos - Around Control (feat. Manu López) [Lounge Mix].mp3 existe déjà, ignoré
  ♬ Jjos — Around Control (feat. Manu López) [Lounge Mix], album : Around Control (feat. Manu López) [Lounge Mix] - Single, année : 2013, genre : Electronic
[189/1381] BBY KODIE - Pain Passion Fortune.mp3
  ♪ BBY KODIE — Pain Passion Fortune (Emotions Running High) [2021]  [SongRec]
  = nom déjà correct
  ♬ BBY KODIE — Pain Passion Fortune, album : Emotions Running High, année : 2021, genre : Hip-Hop/Rap
[190/1381] BEAUZ & JKRS - My Humps.mp3
  ♪ BEAUZ & JKRS — My Humps (My Humps - Single) [2024]  [SongRec]
  = nom déjà correct
  ♬ BEAUZ & JKRS — My Humps, album : My Humps - Single, année : 2024, genre : Techno
[191/1381] Baby D - Let Me Be Your Fantasy.mp3
  ♪ Baby D — Let Me Be Your Fantasy (Deliverance - EP) [1992]  [SongRec]
  = nom déjà correct
  ♬ Baby D — Let Me Be Your Fantasy, album : Deliverance - EP, année : 1992, genre : Pop
[192/1381] Baby Queen - Colours Of You.mp3
  ♪ Baby Queen — Colours Of You (Quarter Life Crisis (Deluxe)) [2023]  [SongRec]
  = nom déjà correct
  ♬ Baby Queen — Colours Of You, album : Quarter Life Crisis (Deluxe), année : 2023, genre : Pop
[193/1381] Backstreet Boys - Everybody (Backstreet's Back) [Extended Version].mp3
  ♪ Backstreet Boys — Everybody (Backstreet's Back) [Extended Version] (Backstreet Boys) [1997]  [SongRec]
  = nom déjà correct
  ♬ Backstreet Boys — Everybody (Backstreet's Back) [Extended Version], album : Backstreet Boys, année : 1997, genre : Pop
[194/1381] Backstreet Boys - Larger Than Life (Keith Litman Dub mix).mp3
  ♪ Backstreet Boys — Larger Than Life (Keith Litman Dub mix) (Larger Than Life) [1999]  [tags existants]
  = nom déjà correct
  ♬ Backstreet Boys — Larger Than Life (Keith Litman Dub mix), album : Larger Than Life, année : 1999
[195/1381] Backstreet Boys - Show Me the Meaning of Being Lonely.mp3
  ♪ Backstreet Boys — Show Me the Meaning of Being Lonely (Millennium) [1999]  [SongRec]
  = nom déjà correct
  ♬ Backstreet Boys — Show Me the Meaning of Being Lonely, album : Millennium, année : 1999, genre : Pop
[196/1381] Balla et ses Balladins - Paulette.mp3
  ♪ Balla et ses Balladins — Paulette (Objectif perfection) [1980]  [SongRec]
  = nom déjà correct
  ♬ Balla et ses Balladins — Paulette, album : Objectif perfection, année : 1980, genre : African
[197/1381] Bananarama - Cruel Summer ('89 Swing Beat Dub).mp3
  ♪ Bananarama — Cruel Summer ('89 Swing Beat Dub) (The Greatest Hits Collection (Collector Edition)) [1988]  [SongRec]
  = nom déjà correct
  ♬ Bananarama — Cruel Summer ('89 Swing Beat Dub), album : The Greatest Hits Collection (Collector Edition), année : 1988, genre : Pop
[198/1381] Bananarama - Venus.mp3
  ♪ Bananarama — Venus (Venus (Boys Noize Rework) - Single) [1986]  [SongRec]
  = nom déjà correct
  ♬ Bananarama — Venus, album : Venus (Boys Noize Rework) - Single, année : 1986, genre : Pop
[199/1381] Barry White - Let Me Live My Life Lovin' You Babe.mp3
  ♪ Barry White — Let Me Live My Life Lovin' You Babe (Just Another Way To Say I Love You) [1975]  [SongRec]
  = nom déjà correct
  ♬ Barry White — Let Me Live My Life Lovin' You Babe, album : Just Another Way To Say I Love You, année : 1975, genre : R&B/Soul
[200/1381] Barry White - You See The Trouble With Me.mp3
  ♪ Barry White — You See The Trouble With Me (Let The Music Play) [1976]  [SongRec]
  = nom déjà correct
  ♬ Barry White — You See The Trouble With Me, album : Let The Music Play, année : 1976, genre : R&B/Soul
[201/1381] Bassjackers, Jaxx & Vega & Futuristic Polar Bears - Run Away.mp3
  ♪ Bassjackers, Jaxx & Vega & Futuristic Polar Bears — Run Away (Run Away - Single) [2020]  [SongRec]
  = nom déjà correct
  ♬ Bassjackers, Jaxx & Vega & Futuristic Polar Bears — Run Away, album : Run Away - Single, année : 2020, genre : Electronic
[202/1381] Beenie Man - Street Life.mp3
  ♪ Beenie Man — Street Life (Tropical Storm) [2002]  [SongRec]
  = nom déjà correct
  ♬ Beenie Man — Street Life, album : Tropical Storm, année : 2002, genre : World
[203/1381] Belinda Carlisle - In Too Deep.mp3
  ♪ Belinda Carlisle — In Too Deep (A Woman and a Man) [1996]  [SongRec]
  = nom déjà correct
  ♬ Belinda Carlisle — In Too Deep, album : A Woman and a Man, année : 1996, genre : Pop
[204/1381] Bellini - Samba de Janeiro.mp3
  ♪ Bellini — Samba de Janeiro (Samba de Janeiro) [1997]  [SongRec]
  = nom déjà correct
  ♬ Bellini — Samba de Janeiro, album : Samba de Janeiro, année : 1997, genre : Dance
[205/1381] Ben Haenow - Something I Need.mp3
  ♪ Ben Haenow — Something I Need (Ben Haenow (Deluxe Album)) [2014]  [SongRec]
  = nom déjà correct
  ♬ Ben Haenow — Something I Need, album : Ben Haenow (Deluxe Album), année : 2014, genre : Pop
[206/1381] Ben Pearce - What I Might Do (Club Mix).mp3
  ♪ Ben Pearce — What I Might Do (Club Mix)  [SongRec]
  = nom déjà correct
  ♬ Ben Pearce — What I Might Do (Club Mix), genre : Electronic
[207/1381] Benjamin Theves - Texas (Patrick Alavi ReroX).mp3
  ♪ Benjamin Theves — Texas (Patrick Alavi ReroX) (Texas (Patrick Alavi ReroX) - Single) [2005]  [SongRec]
  = nom déjà correct
  ♬ Benjamin Theves — Texas (Patrick Alavi ReroX), album : Texas (Patrick Alavi ReroX) - Single, année : 2005, genre : Dance
[208/1381] Benjamin Theves - Texas (SebastiAn Remix).mp3
  ♪ Benjamin Theves — Texas (SebastiAn Remix) (Kitsuné: Texas - Single) [2005]  [SongRec]
  = nom déjà correct
  ♬ Benjamin Theves — Texas (SebastiAn Remix), album : Kitsuné: Texas - Single, année : 2005, genre : Electronic
[209/1381] Benny Benassi - Cinema (feat. Gary Go) [Skrillex Remix].mp3
  ♪ Benny Benassi — Cinema (feat. Gary Go) [Skrillex Remix] (Electroman) [2011]  [SongRec]
  = nom déjà correct
  ♬ Benny Benassi — Cinema (feat. Gary Go) [Skrillex Remix], album : Electroman, année : 2011, genre : Dance
[210/1381] Berlin - Take My Breath Away (Love Theme From Top Gun).dsf
  ✗ non reconnu (ni SongRec ni tags)
[211/1381] Betty Boo - Let Me Take You There (Take U There Mix).mp3
  ♪ Betty Boo — Let Me Take You There (Take U There Mix) (Grrr! It's Betty Boo (Expanded)) [1992]  [SongRec]
  = nom déjà correct
  ♬ Betty Boo — Let Me Take You There (Take U There Mix), album : Grrr! It's Betty Boo (Expanded), année : 1992, genre : Pop
[212/1381] Beverley Knight - Weekend Thing.mp3
  ♪ Beverley Knight — Weekend Thing (Greatest Day - Single) [1999]  [SongRec]
  = nom déjà correct
  ♬ Beverley Knight — Weekend Thing, album : Greatest Day - Single, année : 1999, genre : R&B/Soul
[213/1381] Big Country - East of Eden.mp3
  ♪ Big Country — East of Eden (Steeltown (Remastered)) [1984]  [SongRec]
  = nom déjà correct
  ♬ Big Country — East of Eden, album : Steeltown (Remastered), année : 1984, genre : Pop
[214/1381] Big Mountain - Baby, I Love Your Way.mp3
  ♪ Big Mountain — Baby, I Love Your Way (Unity) [1994]  [SongRec]
  = nom déjà correct
  ♬ Big Mountain — Baby, I Love Your Way, album : Unity, année : 1994, genre : Rock
[215/1381] Billie Eilish - No Time To Die.mp3
  ♪ Billie Eilish — No Time To Die (No Time To Die - Single) [2020]  [SongRec]
  = nom déjà correct
  ♬ Billie Eilish — No Time To Die, album : No Time To Die - Single, année : 2020, genre : Alternative
[216/1381] Billy Idol - Mony Mony.mp3
  ♪ Billy Idol — Mony Mony (Don't Stop - EP) [1981]  [SongRec]
  = nom déjà correct
  ♬ Billy Idol — Mony Mony, album : Don't Stop - EP, année : 1981, genre : Pop
[217/1381] Billy Joel - Temptation.mp3
  ♪ Billy Joel — Temptation (The Bridge) [1986]  [SongRec]
  = nom déjà correct
  ♬ Billy Joel — Temptation, album : The Bridge, année : 1986, genre : Pop
[218/1381] Billy Ocean - Love Really Hurts Without You (Cupid Mix).mp3
  ♪ Billy Ocean — Love Really Hurts Without You (Cupid Mix)  [SongRec]
  = nom déjà correct
  ♬ Billy Ocean — Love Really Hurts Without You (Cupid Mix), genre : R&B/Soul
[219/1381] Billy Ocean - When the Going Gets Tough, The Tough Get Going.mp3
  ♪ Billy Ocean — When the Going Gets Tough, The Tough Get Going (Love Zone (Expanded Edition)) [1986]  [SongRec]
  = nom déjà correct
  ♬ Billy Ocean — When the Going Gets Tough, The Tough Get Going, album : Love Zone (Expanded Edition), année : 1986, genre : Pop
[220/1381] Biosphere - Altostratus.mp3
  ♪ Biosphere — Altostratus (Dropsonde) [2006]  [SongRec]
  = nom déjà correct
  ♬ Biosphere — Altostratus, album : Dropsonde, année : 2006, genre : Electronic
[221/1381] Birdman or the Unexpected Virtue of A Tony Hawk Pro Skater Cover Band - Heaven Is A Halfpipe.mp3
  ♪ Birdman: or the Unexpected Virtue of A Tony Hawk Pro Skater Cover Band — Heaven Is A Halfpipe (27.01.2024 - Thps25 @ the Fortitude Music Hall) [2024]  [tags existants]
  = nom déjà correct
  ♬ Birdman: or the Unexpected Virtue of A Tony Hawk Pro Skater Cover Band — Heaven Is A Halfpipe, album : 27.01.2024 - Thps25 @ the Fortitude Music Hall, année : 2024
[222/1381] Birdy - Skinny Love.mp3
  ♪ Birdy — Skinny Love (Fire Within) [2011]  [SongRec]
  = nom déjà correct
  ♬ Birdy — Skinny Love, album : Fire Within, année : 2011, genre : Alternative
[223/1381] Bisso Na Bisso - Bisso Na Bisso.mp3
  ♪ Bisso Na Bisso — Bisso Na Bisso (Racines) [1999]  [SongRec]
  = nom déjà correct
  ♬ Bisso Na Bisso — Bisso Na Bisso, album : Racines, année : 1999, genre : Hip-Hop/Rap
[224/1381] Bisso Na Bisso - Même combat (feat. Sizzla).mp3
  ♪ Bisso Na Bisso — Même combat (feat. Sizzla) (Africa) [2009]  [SongRec]
  = nom déjà correct
  ♬ Bisso Na Bisso — Même combat (feat. Sizzla), album : Africa, année : 2009, genre : African
[225/1381] Black Eyed Peas - Pump It.mp3
  ♪ Black Eyed Peas — Pump It (Monkey Business) [2005]  [SongRec]
  = nom déjà correct
  ♬ Black Eyed Peas — Pump It, album : Monkey Business, année : 2005, genre : Hip-Hop/Rap
[226/1381] Blackstrobe - Italian Firefiles (Original Mix).mp3
  ♪ Blackstrobe — Italian Firefiles (Original Mix)  [SongRec]
  = nom déjà correct
  ♬ Blackstrobe — Italian Firefiles (Original Mix)
[227/1381] Blaikz, Marc Kiss & Robin White - abcdefu.mp3
  ♪ Robin White, Blaikz & Marc Kiss — abcdefu (Running Sounds 2023: The Best Workout Music) [2022]  [SongRec]
  Blaikz, Marc Kiss & Robin White - abcdefu.mp3
  → Robin White, Blaikz & Marc Kiss - abcdefu.mp3
  ♬ Robin White, Blaikz & Marc Kiss — abcdefu, album : Running Sounds 2023: The Best Workout Music, année : 2022, genre : House
[228/1381] Bloc Party - Banquet (Cornelius Remix).mp3
  ♪ Bloc Party — Banquet (Cornelius Remix) (Silent Alarm) [2005]  [tags existants]
  = nom déjà correct
  ♬ Bloc Party — Banquet (Cornelius Remix), album : Silent Alarm, année : 2005
[229/1381] Blonde - I Loved You (feat. Melissa Steel).mp3
  ♪ Blonde — I Loved You (feat. Melissa Steel) (I Loved You (feat. Melissa Steel) - Single) [2014]  [SongRec]
  = nom déjà correct
  ♬ Blonde — I Loved You (feat. Melissa Steel), album : I Loved You (feat. Melissa Steel) - Single, année : 2014, genre : Dance
[230/1381] Blondie - One Way or Another.mp3
  ♪ Blondie — One Way or Another (Parallel Lines) [1978]  [SongRec]
  = nom déjà correct
  ♬ Blondie — One Way or Another, album : Parallel Lines, année : 1978, genre : Rock
[231/1381] Blur - Beetlebum.mp3
  ♪ Blur — Beetlebum (Blur (2012 Remaster)) [1997]  [SongRec]
  = nom déjà correct
  ♬ Blur — Beetlebum, album : Blur (2012 Remaster), année : 1997, genre : Alternative
[232/1381] Blur - Bugman.mp3
  ♪ Blur — Bugman (13) [1999]  [SongRec]
  = nom déjà correct
  ♬ Blur — Bugman, album : 13, année : 1999, genre : Rock
[233/1381] Bob Harrison - Singing In Her Car.mp3
  ♪ Bob Harrison — Singing In Her Car (Yellow Moon) [2025]  [SongRec]
  = nom déjà correct
  ♬ Bob Harrison — Singing In Her Car, album : Yellow Moon, année : 2025, genre : Rock
[234/1381] Bob Marley & The Wailers - Could You Be Loved.mp3
  ♪ Bob Marley & The Wailers — Could You Be Loved (Uprising) [1980]  [SongRec]
  = nom déjà correct
  ♬ Bob Marley & The Wailers — Could You Be Loved, album : Uprising, année : 1980, genre : Reggae
[235/1381] Bob Marley & the Wailers - One Love People Get Ready.mp3
  ♪ Bob Marley & the Wailers — One Love / People Get Ready (The Complete Collection: the Island Years) [2020]  [tags existants]
  = nom déjà correct
  ♬ Bob Marley & the Wailers — One Love / People Get Ready, album : The Complete Collection: the Island Years, année : 2020
[236/1381] Bobby Brown - Every Little Step (Roy McLeod Funkymix Remix).mp3
  ♪ Bobby Brown — Every Little Step (Don't Be Cruel) [1988]  [SongRec]
  ⚠ conflit : Bobby Brown - Every Little Step.mp3 existe déjà, ignoré
  ♬ Bobby Brown — Every Little Step, album : Don't Be Cruel, année : 1988, genre : Pop
[237/1381] Bobby Brown - Every Little Step.mp3
  ♪ Bobby Brown — Every Little Step (Don't Be Cruel) [1988]  [SongRec]
  = nom déjà correct
  ♬ Bobby Brown — Every Little Step, album : Don't Be Cruel, année : 1988, genre : Pop
[238/1381] Bobby Brown - On Our Own.mp3
  ♪ Bobby Brown — On Our Own (Gold) [1989]  [SongRec]
  = nom déjà correct
  ♬ Bobby Brown — On Our Own, album : Gold, année : 1989, genre : R&B/Soul
[239/1381] Bobby Brown-1988-Don't Be Cruel - 06 - Every Little Step-32bit-384Khz.mp3
  ♪ Bobby Brown — Every Little Step (Don't Be Cruel) [1988]  [SongRec]
  ⚠ conflit : Bobby Brown - Every Little Step.mp3 existe déjà, ignoré
  ♬ Bobby Brown — Every Little Step, album : Don't Be Cruel, année : 1988, genre : Pop
[240/1381] Bobby Brown-1989-Dance!...ya Know It! - 06 - On Our Own-32bit-384Khz.mp3
  ♪ Bobby Brown — On Our Own (Gold) [1989]  [SongRec]
  ⚠ conflit : Bobby Brown - On Our Own.mp3 existe déjà, ignoré
  ♬ Bobby Brown — On Our Own, album : Gold, année : 1989, genre : R&B/Soul
[241/1381] Bon Jovi - Without Love.mp3
  ♪ Bon Jovi — Without Love (Slippery When Wet) [1986]  [SongRec]
  = nom déjà correct
  ♬ Bon Jovi — Without Love, album : Slippery When Wet, année : 1986, genre : Hard Rock
[242/1381] Bonobo - Bambro Koyo Ganda (feat. Innov Gnawa).mp3
  ♪ Bonobo — Bambro Koyo Ganda (feat. Innov Gnawa) (Migration) [2017]  [SongRec]
  = nom déjà correct
  ♬ Bonobo — Bambro Koyo Ganda (feat. Innov Gnawa), album : Migration, année : 2017, genre : Electronic
[243/1381] Booba - Boulbi.mp3
  ♪ Booba — Boulbi (Ouest Side) [2006]  [SongRec]
  = nom déjà correct
  ♬ Booba — Boulbi, album : Ouest Side, année : 2006, genre : Hip-Hop/Rap
[244/1381] Booba - Petite fille.mp3
  ♪ Booba — Petite fille (Trône (Deluxe)) [2017]  [SongRec]
  = nom déjà correct
  ♬ Booba — Petite fille, album : Trône (Deluxe), année : 2017, genre : Hip-Hop/Rap
[245/1381] Boogie Pimps - Somebody To Love.mp3
  ♪ Boogie Pimps — Somebody To Love  [SongRec]
  = nom déjà correct
  ♬ Boogie Pimps — Somebody To Love, genre : Dance
[246/1381] Booty Luv - Boogie 2Nite (Seamus Haji Big Love Edit).mp3
  ♪ Booty Luv — Boogie 2Nite (Seamus Haji Big Love Edit) (Boogie 2Nite) [2006]  [SongRec]
  = nom déjà correct
  ♬ Booty Luv — Boogie 2Nite (Seamus Haji Big Love Edit), album : Boogie 2Nite, année : 2006, genre : Dance
[247/1381] Booty Luv - Some Kinda Rush (Radio Edit).mp3
  ♪ Booty Luv — Some Kinda Rush (Radio Edit) (Boogie 2Nite) [2007]  [SongRec]
  = nom déjà correct
  ♬ Booty Luv — Some Kinda Rush (Radio Edit), album : Boogie 2Nite, année : 2007, genre : Dance
[248/1381] Boris Gardiner - I Want To Wake Up With You.mp3
  ♪ Boris Gardiner — I Want To Wake Up With You (This Is Boris Gardiner) [1986]  [SongRec]
  = nom déjà correct
  ♬ Boris Gardiner — I Want To Wake Up With You, album : This Is Boris Gardiner, année : 1986, genre : Reggae
[249/1381] Boulevard Des Airs - Je Me Dis Que Toi Aussi_639158382207494350.mp3
  ♪ Boulevard des Airs — Je me dis que toi aussi (Je me dis que toi aussi) [2018]  [SongRec]
  ⚠ conflit : Boulevard des Airs - Je me dis que toi aussi.mp3 existe déjà, ignoré
  ♬ Boulevard des Airs — Je me dis que toi aussi, album : Je me dis que toi aussi, année : 2018, genre : French Pop
[250/1381] Boulevard des Airs - Je me dis que toi aussi.mp3
  ♪ Boulevard des Airs — Je me dis que toi aussi (Je me dis que toi aussi) [2018]  [SongRec]
  = nom déjà correct
  ♬ Boulevard des Airs — Je me dis que toi aussi, album : Je me dis que toi aussi, année : 2018, genre : French Pop
[251/1381] Boy George - Bow Down Mister.mp3
  ♪ Boy George — Bow Down Mister (The Martyr Mantras) [1990]  [SongRec]
  = nom déjà correct
  ♬ Boy George — Bow Down Mister, album : The Martyr Mantras, année : 1990, genre : Rock
[252/1381] Boyzone - Father and Son.mp3
  ♪ Boyzone — Father and Son (Said and Done) [1995]  [SongRec]
  = nom déjà correct
  ♬ Boyzone — Father and Son, album : Said and Done, année : 1995, genre : Pop
[253/1381] Boz Scaggs - Still Falling for You.mp3
  ♪ Boz Scaggs — Still Falling for You (Down Two Then Left) [1977]  [SongRec]
  = nom déjà correct
  ♬ Boz Scaggs — Still Falling for You, album : Down Two Then Left, année : 1977, genre : Rock
[254/1381] Brenda Lee - Bill Bailey, Won't You Please Come Home.mp3
  ♪ Brenda Lee — Bill Bailey, Won't You Please Come Home (Love You!) [1963]  [SongRec]
  = nom déjà correct
  ♬ Brenda Lee — Bill Bailey, Won't You Please Come Home, album : Love You!, année : 1963, genre : Pop
[255/1381] Brian May - Driven By You.mp3
  ♪ Brian May — Driven By You (Too Much Love Will Kill You - Single) [1991]  [SongRec]
  = nom déjà correct
  ♬ Brian May — Driven By You, album : Too Much Love Will Kill You - Single, année : 1991, genre : Rock
[256/1381] Brian May - Too Much Love Will Kill You.mp3
  ♪ Brian May — Too Much Love Will Kill You (Too Much Love Will Kill You - Single) [1992]  [SongRec]
  = nom déjà correct
  ♬ Brian May — Too Much Love Will Kill You, album : Too Much Love Will Kill You - Single, année : 1992, genre : Rock
[257/1381] Brian Owens - A Change Is Gonna Come (feat. Thomas Owens).mp3
  ♪ Brian Owens — A Change Is Gonna Come (feat. Thomas Owens) (A Change Is Gonna Come (feat. Thomas Owens) - Single) [2017]  [SongRec]
  = nom déjà correct
  ♬ Brian Owens — A Change Is Gonna Come (feat. Thomas Owens), album : A Change Is Gonna Come (feat. Thomas Owens) - Single, année : 2017, genre : R&B/Soul
[258/1381] Brian OwensThomas Owens - A Change Is Gonna Come feat - Thomas Owens_639158719990405542.mp3
  ♪ Brian Owens — A Change Is Gonna Come (feat. Thomas Owens) (A Change Is Gonna Come (feat. Thomas Owens) - Single) [2017]  [SongRec]
  ⚠ conflit : Brian Owens - A Change Is Gonna Come (feat. Thomas Owens).mp3 existe déjà, ignoré
  ♬ Brian Owens — A Change Is Gonna Come (feat. Thomas Owens), album : A Change Is Gonna Come (feat. Thomas Owens) - Single, année : 2017, genre : R&B/Soul
[259/1381] Brian OwensThomas Owens - A Change Is Gonna Come feat - Thomas Owens_639158905574365752.mp3
  ♪ Brian Owens — A Change Is Gonna Come (feat. Thomas Owens) (A Change Is Gonna Come (feat. Thomas Owens) - Single) [2017]  [SongRec]
  ⚠ conflit : Brian Owens - A Change Is Gonna Come (feat. Thomas Owens).mp3 existe déjà, ignoré
  ♬ Brian Owens — A Change Is Gonna Come (feat. Thomas Owens), album : A Change Is Gonna Come (feat. Thomas Owens) - Single, année : 2017, genre : R&B/Soul
[260/1381] Britney Spears - Overprotected.mp3
  ♪ Britney Spears — Overprotected (Britney (Deluxe Version)) [2001]  [SongRec]
  = nom déjà correct
  ♬ Britney Spears — Overprotected, album : Britney (Deluxe Version), année : 2001, genre : Pop
[261/1381] Bronski Beat - Why.mp3
  ♪ Bronski Beat — Why? (The Age of Consent (Expanded Edition) [2018 Remaster]) [1984]  [SongRec]
  = nom déjà correct
  ♬ Bronski Beat — Why?, album : The Age of Consent (Expanded Edition) [2018 Remaster], année : 1984, genre : Pop
[262/1381] Brother Beyond - Remember Me (Extended).mp3
  ♪ Brother Beyond — Remember Me (Extended) (The Harder I Try) [1988]  [tags existants]
  = nom déjà correct
  ♬ Brother Beyond — Remember Me (Extended), album : The Harder I Try, année : 1988
[263/1381] Bruno Mars - Treasure.mp3
  ♪ Bruno Mars — Treasure (Unorthodox Jukebox) [2012]  [SongRec]
  = nom déjà correct
  ♬ Bruno Mars — Treasure, album : Unorthodox Jukebox, année : 2012, genre : Pop
[264/1381] Bryson Tiller - Exchange.mp3
  ♪ Bryson Tiller — Exchange (T R A P S O U L) [2015]  [SongRec]
  = nom déjà correct
  ♬ Bryson Tiller — Exchange, album : T R A P S O U L, année : 2015, genre : R&B/Soul
[265/1381] Bthelick & Jamie McCool - You My Friend (BtheLick vs. Jamie McCool).mp3
  ♪ Bthelick & Jamie McCool — You My Friend (BtheLick vs. Jamie McCool)  [SongRec]
  = nom déjà correct
  ♬ Bthelick & Jamie McCool — You My Friend (BtheLick vs. Jamie McCool), genre : Dance
[266/1381] Bucks Fizz - New Beginning (Mamba Seyra) [Ian Levine Club Mix].mp3
  ♪ Bucks Fizz — New Beginning (Mamba Seyra) [Ian Levine Club Mix] (Bucks Fizz / Writing on the Wall) [2004]  [SongRec]
  = nom déjà correct
  ♬ Bucks Fizz — New Beginning (Mamba Seyra) [Ian Levine Club Mix], album : Bucks Fizz / Writing on the Wall, année : 2004, genre : Pop
[267/1381] Bud Powell - Cherokee.mp3
  ♪ Bud Powell — Cherokee (Jazz Giant ((Original Recording Remastered))) [1951]  [SongRec]
  = nom déjà correct
  ♬ Bud Powell — Cherokee, album : Jazz Giant ((Original Recording Remastered)), année : 1951, genre : Jazz
[268/1381] Buray - İstersen (Mahmut Orhan Remix).mp3
  ♪ Buray — İstersen (Mahmut Orhan Remix) (Istersen (Remixes)) [2015]  [tags existants]
  = nom déjà correct
  ♬ Buray — İstersen (Mahmut Orhan Remix), album : Istersen (Remixes), année : 2015
[269/1381] C Sol - The Taken.mp3
  ♪ C Sol — The Taken (Iicmp Compilation Vol. Ii) [1997]  [tags existants]
  = nom déjà correct
  ♬ C Sol — The Taken, album : Iicmp Compilation Vol. Ii, année : 1997
[270/1381] C. Jérôme - Et tu danses avec lui.mp3
  ♪ C. Jérôme — Et tu danses avec lui (L'album Souvenir, Vol. 1) [1985]  [SongRec]
  = nom déjà correct
  ♬ C. Jérôme — Et tu danses avec lui, album : L'album Souvenir, Vol. 1, année : 1985, genre : French Pop
[271/1381] C1 Summer Girl.dsf
  ✗ non reconnu (ni SongRec ni tags)
[272/1381] C1 You Could Be Mine.dsf
  ✗ non reconnu (ni SongRec ni tags)
[273/1381] CDImage.ape
  ✗ non reconnu (ni SongRec ni tags)
[274/1381] CDImage.flac
  ✗ non reconnu (ni SongRec ni tags)
[275/1381] Calmani & Grey & Picco - La Cumbia (Extended).mp3
  ♪ Calmani & Grey & Picco — La Cumbia (Extended) (La Cumbia - EP) [2021]  [SongRec]
  = nom déjà correct
  ♬ Calmani & Grey & Picco — La Cumbia (Extended), album : La Cumbia - EP, année : 2021, genre : House
[276/1381] Calvin Harris & Alesso - Under Control (feat. Hurts).mp3
  ♪ Calvin Harris & Alesso — Under Control (feat. Hurts) (Motion) [2013]  [SongRec]
  = nom déjà correct
  ♬ Calvin Harris & Alesso — Under Control (feat. Hurts), album : Motion, année : 2013, genre : Dance
[277/1381] Calvin Harris - Feel So Close (Radio Edit).mp3
  ♪ Calvin Harris — Feel So Close (Radio Edit) (18 Months) [2011]  [SongRec]
  = nom déjà correct
  ♬ Calvin Harris — Feel So Close (Radio Edit), album : 18 Months, année : 2011, genre : Dance
[278/1381] Calypso Rose - Calypso Queen (Mo Laudi Remix).mp3
  ♪ Calypso Rose — Calypso Queen (Mo Laudi Remix) (Soundsystem Remixes - EP) [2016]  [SongRec]
  = nom déjà correct
  ♬ Calypso Rose — Calypso Queen (Mo Laudi Remix), album : Soundsystem Remixes - EP, année : 2016, genre : Electronic
[279/1381] Camille Lellouche - Je remercie mon ex.mp3
  ♪ Camille Lellouche — Je remercie mon ex (Je remercie mon ex - Single) [2020]  [SongRec]
  = nom déjà correct
  ♬ Camille Lellouche — Je remercie mon ex, album : Je remercie mon ex - Single, année : 2020, genre : French Pop
[280/1381] Candi Staton - Young Hearts Run Free (Mike Maurro 1976 12 Disco Remix).mp3
  ♪ Candi Staton — Young Hearts Run Free (Mike Maurro 1976 12" Disco Remix) (Feel Good Club Classics) [2005]  [SongRec]
  = nom déjà correct
  ♬ Candi Staton — Young Hearts Run Free (Mike Maurro 1976 12" Disco Remix), album : Feel Good Club Classics, année : 2005, genre : Dance
[281/1381] Cappella - Move On Baby (Mars Plastic Mix).mp3
  ♪ Cappella — Move On Baby (Mars Plastic Mix) (Move On Baby - EP) [2026]  [SongRec]
  = nom déjà correct
  ♬ Cappella — Move On Baby (Mars Plastic Mix), album : Move On Baby - EP, année : 2026, genre : House
[282/1381] Cappella Mediterranea - Leonardo Garcia Alarcon - Virtuossima Compositrice.ape
  ✗ non reconnu (ni SongRec ni tags)
[283/1381] Captain Hollywood Project - More and More (Single Version).mp3
  ♪ Captain Hollywood Project — More and More (Single Version) (More and More) [1991]  [SongRec]
  = nom déjà correct
  ♬ Captain Hollywood Project — More and More (Single Version), album : More and More, année : 1991, genre : Dance
[284/1381] Carl Petter Opsahl - This Is Also You.flac
  ♪ Carl Petter Opsahl — This Is Also You (Mystery of Listening) [2023]  [tags existants]
  = nom déjà correct
  ♬ Carl Petter Opsahl — This Is Also You, album : Mystery of Listening, année : 2023
[285/1381] Carl Petter Opsahl - This Is Also You.mp3
  ♪ Carl Petter Opsahl — This Is Also You (Mystery of Listening) [2023]  [tags existants]
  = nom déjà correct
  ♬ Carl Petter Opsahl — This Is Also You, album : Mystery of Listening, année : 2023
[286/1381] Carole Fredericks - Personne Ne Saurait.mp3
  ♪ Carole Fredericks — Personne Ne Saurait (Couleurs Et Parfums (Bonus Track Version)) [1999]  [SongRec]
  = nom déjà correct
  ♬ Carole Fredericks — Personne Ne Saurait, album : Couleurs Et Parfums (Bonus Track Version), année : 1999, genre : R&B/Soul
[287/1381] Carole Fredericks, Jean-Jacques Goldman & Michael Jones - Des vôtres.mp3
  ♪ Carole Fredericks, Jean-Jacques Goldman & Michael Jones — Des vôtres (Fredericks, Goldman, Jones : Rouge) [1991]  [SongRec]
  = nom déjà correct
  ♬ Carole Fredericks, Jean-Jacques Goldman & Michael Jones — Des vôtres, album : Fredericks, Goldman, Jones : Rouge, année : 1991, genre : French Pop
[288/1381] Catatonia - Road Rage.mp3
  ♪ Catatonia — Road Rage (International Velvet) [1998]  [SongRec]
  = nom déjà correct
  ♬ Catatonia — Road Rage, album : International Velvet, année : 1998, genre : Rock
[289/1381] Cathy Dennis - Too Many Walls.mp3
  ♪ Cathy Dennis — Too Many Walls (Move To This (Polydor Expanded Edition)) [1990]  [SongRec]
  = nom déjà correct
  ♬ Cathy Dennis — Too Many Walls, album : Move To This (Polydor Expanded Edition), année : 1990, genre : Pop
[290/1381] CeeLo Green - Fk You.mp3
  ♪ CeeLo Green — F**k You (The Lady Killer) [2010]  [SongRec]
  = nom déjà correct
  ♬ CeeLo Green — F**k You, album : The Lady Killer, année : 2010, genre : R&B/Soul
[291/1381] Celeste & MK - Stop This Flame (Celeste x MK).mp3
  ♪ Celeste & MK — Stop This Flame (Celeste x MK) (Stop This Flame (Celeste x MK) - Single) [2021]  [SongRec]
  = nom déjà correct
  ♬ Celeste & MK — Stop This Flame (Celeste x MK), album : Stop This Flame (Celeste x MK) - Single, année : 2021, genre : Dance
[292/1381] Celine Fleriag - Biguine lélé.mp3
  ♪ Celine Fleriag — Biguine lélé (Karamel) [1994]  [SongRec]
  = nom déjà correct
  ♬ Celine Fleriag — Biguine lélé, album : Karamel, année : 1994, genre : Caribbean
[293/1381] Chanteurs Pour Enfants - Un Petit Cochon Pendu Au Plafond.mp3
  ♪ Chanteurs Pour Enfants — Un Petit Cochon Pendu Au Plafond (Mes Plus Belles Chanson D'Enfant 5) [2006]  [SongRec]
  = nom déjà correct
  ♬ Chanteurs Pour Enfants — Un Petit Cochon Pendu Au Plafond, album : Mes Plus Belles Chanson D'Enfant 5, année : 2006, genre : Children's Music
[294/1381] Charades - Gimme The Funk.mp3
  ♪ Charades — Gimme The Funk (Gimme The Funk - Single) [1983]  [SongRec]
  = nom déjà correct
  ♬ Charades — Gimme The Funk, album : Gimme The Funk - Single, année : 1983, genre : Dance
[295/1381] Charli xcx - Track 10.mp3
  ♪ Charli xcx — Track 10 (Pop 2) [2017]  [SongRec]
  = nom déjà correct
  ♬ Charli xcx — Track 10, album : Pop 2, année : 2017, genre : Pop
[296/1381] Charlie Chaplin - Overture Unveiling the Monument.mp3
  ♪ Charlie Chaplin — Overture / Unveiling the Monument (Luces de la Ciudad (Banda Sonora Original)) [2015]  [SongRec]
  = nom déjà correct
  ♬ Charlie Chaplin — Overture / Unveiling the Monument, album : Luces de la Ciudad (Banda Sonora Original), année : 2015, genre : Soundtrack
[297/1381] Charlotte Gainsbourg - Trick Pony.mp3
  ♪ Charlotte Gainsbourg — Trick Pony (Irm) [2009]  [SongRec]
  = nom déjà correct
  ♬ Charlotte Gainsbourg — Trick Pony, album : Irm, année : 2009, genre : Pop
[298/1381] Chase & Status - End Credits (feat. Plan B).mp3
  ♪ Chase & Status — End Credits (feat. Plan B) (No More Idols) [2009]  [SongRec]
  = nom déjà correct
  ♬ Chase & Status — End Credits (feat. Plan B), album : No More Idols, année : 2009, genre : Alternative
[299/1381] Chase & Status - Lost & Not Found (feat. Louis M^ttrs).mp3
  ♪ Chase & Status — Lost & Not Found (feat. Louis M^ttrs) (Brand New Machine) [2013]  [SongRec]
  = nom déjà correct
  ♬ Chase & Status — Lost & Not Found (feat. Louis M^ttrs), album : Brand New Machine, année : 2013, genre : Electronic
[300/1381] Chen Aharoni - ים כחול עמוק.mp3
  ♪ Chen Aharoni — ים כחול עמוק (אני בחוץ) [2022]  [SongRec]
  = nom déjà correct
  ♬ Chen Aharoni — ים כחול עמוק, album : אני בחוץ, année : 2022, genre : Pop
[301/1381] Cher - One By One (Junior Vasquez Vocal Edit) [Remix].mp3
  ♪ Cher — One By One (Junior Vasquez Vocal Edit) [Remix] (Divas Dance) [2004]  [SongRec]
  = nom déjà correct
  ♬ Cher — One By One (Junior Vasquez Vocal Edit) [Remix], album : Divas Dance, année : 2004, genre : Pop
[302/1381] Cherokee - Teenage Fantasy (Glen Check Remix) [feat. Gibbz].mp3
  ♪ Cherokee — Teenage Fantasy (Glen Check Remix) [feat. Gibbz] (Teenage Fantasy - EP) [2015]  [SongRec]
  = nom déjà correct
  ♬ Cherokee — Teenage Fantasy (Glen Check Remix) [feat. Gibbz], album : Teenage Fantasy - EP, année : 2015, genre : Dance
[303/1381] Chic - Dance, Dance, Dance (Yowsah, Yowsah, Yowsah).mp3
  ♪ Chic — Dance, Dance, Dance (Yowsah, Yowsah, Yowsah) (Chic (Remastered)) [1977]  [SongRec]
  = nom déjà correct
  ♬ Chic — Dance, Dance, Dance (Yowsah, Yowsah, Yowsah), album : Chic (Remastered), année : 1977, genre : Disco
[304/1381] Chic - Good Times.mp3
  ♪ Chic — Good Times (Definitive Groove: Chic) [1979]  [SongRec]
  = nom déjà correct
  ♬ Chic — Good Times, album : Definitive Groove: Chic, année : 1979, genre : R&B/Soul
[305/1381] Chic - I Want Your Love.mp3
  ♪ Chic — I Want Your Love (Good Times: The Very Best of Chic & Sister Sledge) [1978]  [SongRec]
  = nom déjà correct
  ♬ Chic — I Want Your Love, album : Good Times: The Very Best of Chic & Sister Sledge, année : 1978, genre : Pop
[306/1381] China Black - Searching.mp3
  ♪ China Black — Searching (Reggae Lovers Rock) [1999]  [SongRec]
  = nom déjà correct
  ♬ China Black — Searching, album : Reggae Lovers Rock, année : 1999, genre : Reggae
[307/1381] Chipmunk - Oopsy Daisy (feat. Dayo Olatunji).mp3
  ♪ Chipmunk — Oopsy Daisy (feat. Dayo Olatunji) (I Am Chipmunk) [2009]  [SongRec]
  = nom déjà correct
  ♬ Chipmunk — Oopsy Daisy (feat. Dayo Olatunji), album : I Am Chipmunk, année : 2009, genre : Hip-Hop/Rap
[308/1381] Chris Fortier & Neil Kolo - All I Got (Chris Fortier 20yr Dub).mp3
  ♪ Chris Fortier & Neil Kolo — All I Got (Chris Fortier 20yr Dub) (All I Got (Chris Fortier Remixes) - EP) [2015]  [SongRec]
  = nom déjà correct
  ♬ Chris Fortier & Neil Kolo — All I Got (Chris Fortier 20yr Dub), album : All I Got (Chris Fortier Remixes) - EP, année : 2015, genre : Techno
[309/1381] Chris Isaak - Blue Hotel.mp3
  ♪ Chris Isaak — Blue Hotel (Chris Isaak) [1986]  [SongRec]
  = nom déjà correct
  ♬ Chris Isaak — Blue Hotel, album : Chris Isaak, année : 1986, genre : Rock
[310/1381] Chris Rea - Working On It (Live at NEC Birmingham 1991) [2019 Remaster].mp3
  ♪ Chris Rea — Working On It (Live at NEC Birmingham 1991) [2019 Remaster] (Auberge (Deluxe Edition) [2019 Remaster]) [1991]  [SongRec]
  = nom déjà correct
  ♬ Chris Rea — Working On It (Live at NEC Birmingham 1991) [2019 Remaster], album : Auberge (Deluxe Edition) [2019 Remaster], année : 1991, genre : Pop
[311/1381] Chris Zippel & Michael Ritter - Shut Off The Lights (Jeremiah McKnight Extended Remix).aif
  ✗ non reconnu (ni SongRec ni tags)
[312/1381] Christian Löffler - Lid.mp3
  ♪ Christian Löffler — Lid (Mare) [2016]  [SongRec]
  = nom déjà correct
  ♬ Christian Löffler — Lid, album : Mare, année : 2016, genre : Alternative
[313/1381] Christian Löffler - Pigment (Fresco & Pfeiffer Remix).mp3
  ♪ Christian Löffler — Pigment (Fresco & Pfeiffer Remix) (Pop Ambient 2018) [2017]  [SongRec]
  = nom déjà correct
  ♬ Christian Löffler — Pigment (Fresco & Pfeiffer Remix), album : Pop Ambient 2018, année : 2017, genre : Electronic
[314/1381] Christina Milian Feat. Joe Budden - Whatever You Want (Radio Version With Rap).mp3
  ♪ Christina Milian Feat. Joe Budden — Whatever You Want (Radio Version With Rap) (Whatever You Want Cd Single 1 2004) [2004]  [tags existants]
  = nom déjà correct
  ♬ Christina Milian Feat. Joe Budden — Whatever You Want (Radio Version With Rap), album : Whatever You Want Cd Single 1 2004, année : 2004
[315/1381] Christophe Willem - Jacques a dit (remix).mp3
  ♪ Christophe Willem — Jacques a dit (remix) (Inventaire) [2007]  [SongRec]
  = nom déjà correct
  ♬ Christophe Willem — Jacques a dit (remix), album : Inventaire, année : 2007, genre : French Pop
[316/1381] Chuck Jackson - Loving You Is Sweeter Than Ever.mp3
  ♪ Chuck Jackson — Loving You Is Sweeter Than Ever (Goin' Back To Chuck Jackson) [1969]  [SongRec]
  = nom déjà correct
  ♬ Chuck Jackson — Loving You Is Sweeter Than Ever, album : Goin' Back To Chuck Jackson, année : 1969, genre : R&B/Soul
[317/1381] Chumbawamba - Amnesia (Zion Train 359 Amhurst Road mix).mp3
  ♪ Chumbawamba — Amnesia (Zion Train 359 Amhurst Road mix) (Amnesia) [1997]  [tags existants]
  = nom déjà correct
  ♬ Chumbawamba — Amnesia (Zion Train 359 Amhurst Road mix), album : Amnesia, année : 1997
[318/1381] Cinematic Background Instrumental Station - Technology Background Music.mp3
  ♪ Cinematic Background Instrumental Station — Technology Background Music (Cinematic Background Music) [2025]  [SongRec]
  = nom déjà correct
  ♬ Cinematic Background Instrumental Station — Technology Background Music, album : Cinematic Background Music, année : 2025, genre : Classical
[319/1381] Claude Lombard - Arlequin dans sa boutique.mp3
  ♪ Claude Lombard — Arlequin dans sa boutique (Le top des enfants, vol. 1) [1993]  [SongRec]
  = nom déjà correct
  ♬ Claude Lombard — Arlequin dans sa boutique, album : Le top des enfants, vol. 1, année : 1993, genre : Children's Music
[320/1381] Claudy Siar - Vérité falsifiée.mp3
  ♪ Claudy Siar — Vérité falsifiée (Génération consciente) [1992]  [SongRec]
  = nom déjà correct
  ♬ Claudy Siar — Vérité falsifiée, album : Génération consciente, année : 1992, genre : African
[321/1381] Clementine - Les Champs-Elysees (Stehane Pompougnac Remix).mp3
  ♪ Clementine — Les Champs-Elysees (Stehane Pompougnac Remix) (30 Degrees) [2002]  [SongRec]
  = nom déjà correct
  ♬ Clementine — Les Champs-Elysees (Stehane Pompougnac Remix), album : 30 Degrees, année : 2002, genre : Pop
[322/1381] Climie Fisher - Love Like a River.mp3
  ♪ Climie Fisher — Love Like a River (Love Changes Everything) [1988]  [SongRec]
  = nom déjà correct
  ♬ Climie Fisher — Love Like a River, album : Love Changes Everything, année : 1988, genre : Pop
[323/1381] Club 77 Sydney - Close Counters B2b Golden Vessel 5 Hour Set Live From Club 77.mp3
  ♪ Club 77 Sydney — Close Counters B2b Golden Vessel 5 Hour Set Live From Club 77 (Unknown Album) [2022]  [tags existants]
  = nom déjà correct
  ♬ Club 77 Sydney — Close Counters B2b Golden Vessel 5 Hour Set Live From Club 77, album : Unknown Album, année : 2022
[324/1381] Club House - Light My Fire Remixes (Km.1972 mix).mp3
  ♪ Club House — Light My Fire Remixes (Km.1972 mix) (Demo Cd 2 (Dance)) [2010]  [tags existants]
  = nom déjà correct
  ♬ Club House — Light My Fire Remixes (Km.1972 mix), album : Demo Cd 2 (Dance), année : 2010
[325/1381] Club des Belugas - Hiphip Chinchin (Maxim Illion Mix).mp3
  ♪ Club des Belugas — Hiphip Chinchin (Maxim Illion Mix) (Minority Tunes) [2003]  [SongRec]
  = nom déjà correct
  ♬ Club des Belugas — Hiphip Chinchin (Maxim Illion Mix), album : Minority Tunes, année : 2003, genre : Electronic
[326/1381] Clubbers Guide Summer 2006, Part 1_.ogg
  ✗ non reconnu (ni SongRec ni tags)
[327/1381] Coldplay - Clocks.mp3
  ♪ Coldplay — Clocks (A Rush of Blood to the Head) [2002]  [SongRec]
  = nom déjà correct
  ♬ Coldplay — Clocks, album : A Rush of Blood to the Head, année : 2002, genre : Alternative
[328/1381] Coldplay - Paradise.mp3
  ♪ Coldplay — Paradise (Mylo Xyloto) [2011]  [SongRec]
  = nom déjà correct
  ♬ Coldplay — Paradise, album : Mylo Xyloto, année : 2011, genre : Alternative
[329/1381] Coldplay - Trouble In Town.mp3
  ♪ Coldplay — Trouble In Town (Everyday Life) [2019]  [SongRec]
  = nom déjà correct
  ♬ Coldplay — Trouble In Town, album : Everyday Life, année : 2019, genre : Alternative
[330/1381] Colleen Green - Close to You.mp3
  ♪ Colleen Green — Close to You (Sock It to Me) [2013]  [SongRec]
  = nom déjà correct
  ♬ Colleen Green — Close to You, album : Sock It to Me, année : 2013, genre : Alternative
[331/1381] Color Me Badd - I Wanna Sex You Up.mp3
  ♪ Color Me Badd — I Wanna Sex You Up (I Wanna Sex You Up) [1991]  [SongRec]
  = nom déjà correct
  ♬ Color Me Badd — I Wanna Sex You Up, album : I Wanna Sex You Up, année : 1991, genre : R&B/Soul
[332/1381] Connie - Funky Little Beat.mp3
  ♪ Connie — Funky Little Beat (Thump Pick Six Connie - EP) [2002]  [SongRec]
  = nom déjà correct
  ♬ Connie — Funky Little Beat, album : Thump Pick Six Connie - EP, année : 2002, genre : Dance
[333/1381] Cookie Dingler - Femme libérée.mp3
  ♪ Cookie Dingler — Femme libérée (Femme libérée - Single) [1984]  [SongRec]
  = nom déjà correct
  ♬ Cookie Dingler — Femme libérée, album : Femme libérée - Single, année : 1984, genre : Hip-Hop/Rap
[334/1381] Corona - Rhythm of the Night (Lee Marrow Space Mix).mp3
  ♪ Corona — Rhythm of the Night (Lee Marrow Space Mix) (The Rhythm of the Night) [1995]  [SongRec]
  = nom déjà correct
  ♬ Corona — Rhythm of the Night (Lee Marrow Space Mix), album : The Rhythm of the Night, année : 1995, genre : Dance
[335/1381] Costuleta - Tchiriri.mp3
  ♪ Costuleta — Tchiriri (Kuduro, a Dança Tchiriri !!!) [2008]  [SongRec]
  = nom déjà correct
  ♬ Costuleta — Tchiriri, album : Kuduro, a Dança Tchiriri !!!, année : 2008, genre : MPB
[336/1381] Counterstrike - Let It Roll Drum & Bass Vol. 2 (Continuous mix 2 (Mixed by Suki)).mp3
  ♪ L 33 — Clublife (Karate Lp) [2016]  [SongRec]
  Counterstrike - Let It Roll Drum & Bass Vol. 2 (Continuous mix 2 (Mixed by Suki)).mp3
  → L 33 - Clublife.mp3
  ♬ L 33 — Clublife, album : Karate Lp, année : 2016, genre : Electronic
[337/1381] Crazy Frog - Axel F.mp3
  ♪ Crazy Frog — Axel F (Best of Crazy Hits) [2000]  [SongRec]
  = nom déjà correct
  ♬ Crazy Frog — Axel F, album : Best of Crazy Hits, année : 2000, genre : Pop
[338/1381] Cream - As You Said.mp3
  ♪ Cream — As You Said (Wheels of Fire) [1968]  [SongRec]
  = nom déjà correct
  ♬ Cream — As You Said, album : Wheels of Fire, année : 1968, genre : Rock
[339/1381] Cromia - Prism Shore.mp3
  ♪ Cromia — Prism Shore (Velvet Skies) [2025]  [SongRec]
  = nom déjà correct
  ♬ Cromia — Prism Shore, album : Velvet Skies, année : 2025, genre : Electronic
[340/1381] Crosby, Stills, Nash & Young - Country Girl A. Whiskey Boot Hill B. Down, Down, Down C. Country Girl (I Think You're Pretty).mp3
  ♪ Crosby, Stills, Nash & Young — Country Girl: A. Whiskey Boot Hill / B. Down, Down, Down / C. "Country Girl" (I Think You're Pretty) (Déjà Vu) [1970]  [SongRec]
  = nom déjà correct
  ♬ Crosby, Stills, Nash & Young — Country Girl: A. Whiskey Boot Hill / B. Down, Down, Down / C. "Country Girl" (I Think You're Pretty), album : Déjà Vu, année : 1970, genre : Rock
[341/1381] Crying in the Club - It's So Over ~[Promo mix Please Hire Me to Dj Your Event].mp3
  ♪ Crying in the Club ? — It's So Over ~[Promo mix Please Hire Me to Dj Your Event] (It's So Over ~[Promo mix Please Hire Me to Dj Your Event]) [2024]  [tags existants]
  = nom déjà correct
  ♬ Crying in the Club ? — It's So Over ~[Promo mix Please Hire Me to Dj Your Event], album : It's So Over ~[Promo mix Please Hire Me to Dj Your Event], année : 2024
[342/1381] Culture Beat - World in Your Hands (Original Radio Edit).mp3
  ♪ Culture Beat — World in Your Hands (Original Radio Edit) (World in Your Hands) [1994]  [SongRec]
  = nom déjà correct
  ♬ Culture Beat — World in Your Hands (Original Radio Edit), album : World in Your Hands, année : 1994, genre : Dance
[343/1381] Culture Club - Karma Chameleon.mp3
  ♪ Culture Club — Karma Chameleon (Colour By Numbers) [1983]  [SongRec]
  = nom déjà correct
  ♬ Culture Club — Karma Chameleon, album : Colour By Numbers, année : 1983, genre : Rock
[344/1381] Culture Club - Your Kisses Are Charity (Blouse and Skirt Mix).mp3
  ♪ Culture Club — Your Kisses Are Charity (Blouse and Skirt Mix) (Don't Mind If I Do) [1999]  [SongRec]
  = nom déjà correct
  ♬ Culture Club — Your Kisses Are Charity (Blouse and Skirt Mix), album : Don't Mind If I Do, année : 1999, genre : Pop/Rock
[345/1381] Curiosity Killed the Cat - Down to Earth.mp3
  ♪ Curiosity Killed the Cat — Down to Earth (Very Best) [1986]  [SongRec]
  = nom déjà correct
  ♬ Curiosity Killed the Cat — Down to Earth, album : Very Best, année : 1986, genre : Rock
[346/1381] Curtis Stigers - I Wonder Why.mp3
  ♪ Curtis Stigers — I Wonder Why (Curtis Stigers) [1991]  [SongRec]
  = nom déjà correct
  ♬ Curtis Stigers — I Wonder Why, album : Curtis Stigers, année : 1991, genre : Pop
[347/1381] D Mob - We Call It Acieeed (feat. Gary Haisman) [12 Version Remastered].mp3
  ♪ D Mob — We Call It Acieeed (feat. Gary Haisman) [12" Version Remastered] (We Call It Acieeed (feat. Gary Haisman)) [2019]  [SongRec]
  = nom déjà correct
  ♬ D Mob — We Call It Acieeed (feat. Gary Haisman) [12" Version Remastered], album : We Call It Acieeed (feat. Gary Haisman), année : 2019, genre : Electronic
[348/1381] DJ Abdel - Get Down Samedi Soir (feat. Rohff & Oliver Cheatam).mp3
  ♪ DJ Abdel — Get Down Samedi Soir (feat. Rohff & Oliver Cheatam)  [SongRec]
  = nom déjà correct
  ♬ DJ Abdel — Get Down Samedi Soir (feat. Rohff & Oliver Cheatam), genre : Funk
[349/1381] DJ Abdel - Pas de nouvelle bonne nouvelle (feat. Maître Gims & Black M).mp3
  ♪ DJ Abdel — Pas de nouvelle bonne nouvelle (feat. Maître Gims & Black M)  [SongRec]
  = nom déjà correct
  ♬ DJ Abdel — Pas de nouvelle bonne nouvelle (feat. Maître Gims & Black M), genre : Hip-Hop/Rap
[350/1381] DJ Assad - Li Tourner (feat. Alain Ramanisum & Willy William) [Radio Edit].mp3
  ♪ DJ Assad — Li Tourner (feat. Alain Ramanisum & Willy William) [Radio Edit] (Li Tourner 2013 (feat. Alain Ramanisum & Willy William) [Radio Edit] - Single) [2013]  [SongRec]
  = nom déjà correct
  ♬ DJ Assad — Li Tourner (feat. Alain Ramanisum & Willy William) [Radio Edit], album : Li Tourner 2013 (feat. Alain Ramanisum & Willy William) [Radio Edit] - Single, année : 2013, genre : Dance
[351/1381] DJ Baddmixx - Vanessa's 6Min Give It Work WarmUp 133Bpm.mp3
  ♪ DJ Baddmixx — Vanessa's 6Min Give It Work WarmUp 133Bpm  [SongRec]
  = nom déjà correct
  ♬ DJ Baddmixx — Vanessa's 6Min Give It Work WarmUp 133Bpm, genre : Fitness & Workout
[352/1381] DJ FRED & ARNOLD T - DELIRIUM.mp3
  ♪ DJ FRED & ARNOLD T — DELIRIUM (DELIRIUM) [2025]  [SongRec]
  = nom déjà correct
  ♬ DJ FRED & ARNOLD T — DELIRIUM, album : DELIRIUM, année : 2025, genre : Dance
[353/1381] DJ Fere - Weekend 1.mp3
  ♪ DJ Fere — Weekend 1 (Weekend 1) [2016]  [SongRec]
  = nom déjà correct
  ♬ DJ Fere — Weekend 1, album : Weekend 1, année : 2016, genre : Pop
[354/1381] DJ Fresh - Louder (feat. Sian Evans) [7th Heaven Club Mix].mp3
  ♪ DJ Fresh — Louder (feat. Sian Evans) [7th Heaven Club Mix]  [SongRec]
  = nom déjà correct
  ♬ DJ Fresh — Louder (feat. Sian Evans) [7th Heaven Club Mix], genre : Dance
[355/1381] DJ Maestro - He Needs Me (Gramophonedzie Remix).mp3
  ♪ DJ Maestro — He Needs Me (Gramophonedzie Remix) (Mykonos Summer Guide 2016) [2015]  [SongRec]
  = nom déjà correct
  ♬ DJ Maestro — He Needs Me (Gramophonedzie Remix), album : Mykonos Summer Guide 2016, année : 2015, genre : House
[356/1381] DJ Revolution - No Letting Go Everything A Go (feat. Wayne Wonder, Memphis Bleek).mp3
  ♪ DJ Revolution — No Letting Go / Everything A Go (feat. Wayne Wonder, Memphis Bleek)  [SongRec]
  = nom déjà correct
  ♬ DJ Revolution — No Letting Go / Everything A Go (feat. Wayne Wonder, Memphis Bleek), genre : Hip-Hop/Rap
[357/1381] DVBBS, Borgeous, Quilinez & South West Beats - Tsunami (Jump) [Lookas & Hltr$Kltr Remix] Noise It's Love [Trippin'] [Acapella] [feat. Tinie Tempah].mp3
  ♪ DVBBS, Borgeous, Quilinez & South West Beats — Tsunami (Jump) / [Lookas & Hltr$Kltr Remix] / Noise / It's Love [Trippin'] [Acapella] [feat. Tinie Tempah]  [SongRec]
  = nom déjà correct
  ♬ DVBBS, Borgeous, Quilinez & South West Beats — Tsunami (Jump) / [Lookas & Hltr$Kltr Remix] / Noise / It's Love [Trippin'] [Acapella] [feat. Tinie Tempah], genre : Dance
[358/1381] DVRT & Camilia - Señorita.mp3
  ♪ DVRT & Camilia — Señorita (Señorita - Single) [2021]  [SongRec]
  = nom déjà correct
  ♬ DVRT & Camilia — Señorita, album : Señorita - Single, année : 2021, genre : Dance
[359/1381] Daft Punk - One More Time.mp3
  ♪ Daft Punk — One More Time (Discovery) [2000]  [SongRec]
  = nom déjà correct
  ♬ Daft Punk — One More Time, album : Discovery, année : 2000, genre : Dance
[360/1381] Daft Punk - Technologic.mp3
  ♪ Daft Punk — Technologic (Human After All) [2005]  [SongRec]
  = nom déjà correct
  ♬ Daft Punk — Technologic, album : Human After All, année : 2005, genre : Dance
[361/1381] Daft Punk - Touch It Technologic (Live).mp3
  ♪ Daft Punk — Touch It / Technologic (Live) (Alive 2007) [2007]  [SongRec]
  = nom déjà correct
  ♬ Daft Punk — Touch It / Technologic (Live), album : Alive 2007, année : 2007, genre : Dance
[362/1381] Damien Rice - Cannonball.mp3
  ♪ Damien Rice — Cannonball (O) [2002]  [SongRec]
  = nom déjà correct
  ♬ Damien Rice — Cannonball, album : O, année : 2002, genre : Singer/Songwriter
[363/1381] Dan Zanes - Skip To My Lou.mp3
  ♪ Dan Zanes — Skip To My Lou  [SongRec]
  = nom déjà correct
  ♬ Dan Zanes — Skip To My Lou
[364/1381] Daniel Balavoine - Mon Fils Ma Bataille (Live).mp3
  ♪ Daniel Balavoine — Mon Fils Ma Bataille (Live)  [SongRec]
  = nom déjà correct
  ♬ Daniel Balavoine — Mon Fils Ma Bataille (Live), genre : Pop
[365/1381] Daniel Balavoine - Tu Me Plais Beaucoup.mp3
  ♪ Daniel Balavoine — Tu Me Plais Beaucoup (Les 100 plus belles chansons de Daniel Balavoine) [1979]  [SongRec]
  = nom déjà correct
  ♬ Daniel Balavoine — Tu Me Plais Beaucoup, album : Les 100 plus belles chansons de Daniel Balavoine, année : 1979, genre : French Pop
[366/1381] Daniel Rozenhall - Den Förföljdes Gryning.mp3
  ♪ Daniel Rozenhall — Den Förföljdes Gryning (Presents the Unfathomable Delights of Sex, Drugs and Electroacoustic Music) [2025]  [tags existants]
  = nom déjà correct
  ♬ Daniel Rozenhall — Den Förföljdes Gryning, album : Presents the Unfathomable Delights of Sex, Drugs and Electroacoustic Music, année : 2025
[367/1381] Danny Darko - Stand Up (KarlK Remix) [feat. Jamie Bailey].mp3
  ♪ Danny Darko — Stand Up (KarlK Remix) [feat. Jamie Bailey] (Stand Up (KarlK Remix) [feat. Jamie Bailey] - Single) [2015]  [SongRec]
  = nom déjà correct
  ♬ Danny Darko — Stand Up (KarlK Remix) [feat. Jamie Bailey], album : Stand Up (KarlK Remix) [feat. Jamie Bailey] - Single, année : 2015, genre : Electronic
[368/1381] Dave Lee - Must Be the Music (The Original Disco).mp3
  ♪ Dave Lee — Must Be the Music (The Original Disco) (Joey Negro Presents 30 Years of Z Records) [2017]  [SongRec]
  = nom déjà correct
  ♬ Dave Lee — Must Be the Music (The Original Disco), album : Joey Negro Presents 30 Years of Z Records, année : 2017, genre : Dance
[369/1381] Dave Liebman, Richie Beirach - Knowinglee (Live).mp3
  ♪ Dave Liebman, Richie Beirach — Knowinglee (Live) (Beyond Words) [2016]  [tags existants]
  = nom déjà correct
  ♬ Dave Liebman, Richie Beirach — Knowinglee (Live), album : Beyond Words, année : 2016
[370/1381] David Bowie - Love Is Lost (Hello Steve Reich Mix by James Murphy for the DFA).mp3
  ♪ David Bowie — Love Is Lost (Hello Steve Reich Mix by James Murphy for the DFA) (The Next Day Extra EP) [2013]  [SongRec]
  = nom déjà correct
  ♬ David Bowie — Love Is Lost (Hello Steve Reich Mix by James Murphy for the DFA), album : The Next Day Extra EP, année : 2013, genre : Pop
[371/1381] David Forbes - Harpoon (Original Mix;Asot 367).mp3
  ♪ David Forbes — Harpoon (Original Mix;Asot 367)  [SongRec]
  = nom déjà correct
  ♬ David Forbes — Harpoon (Original Mix;Asot 367)
[372/1381] David Goggins - Never Finished Unshackle Your Mind and Win the War Within.mp3
  ♪ David Goggins — Never Finished: Unshackle Your Mind and Win the War Within (Never Finished: Unshackle Your Mind and Win the War Within) [2022]  [tags existants]
  = nom déjà correct
  ♬ David Goggins — Never Finished: Unshackle Your Mind and Win the War Within, album : Never Finished: Unshackle Your Mind and Win the War Within, année : 2022
[373/1381] David Guetta & MORTEN - Kill Me Slow.mp3
  ♪ David Guetta & MORTEN — Kill Me Slow (New Rave - EP) [2020]  [SongRec]
  = nom déjà correct
  ♬ David Guetta & MORTEN — Kill Me Slow, album : New Rave - EP, année : 2020, genre : Dance
[374/1381] David Guetta - Sexy Bitch (feat. Akon).mp3
  ♪ David Guetta — Sexy Bitch (feat. Akon) (Memories of Summer - EP) [2009]  [SongRec]
  = nom déjà correct
  ♬ David Guetta — Sexy Bitch (feat. Akon), album : Memories of Summer - EP, année : 2009, genre : Electronica
[375/1381] David Guetta - When Love Takes Over (feat. Kelly Rowland).mp3
  ♪ David Guetta — When Love Takes Over (feat. Kelly Rowland) (Sunset - EP) [2009]  [SongRec]
  = nom déjà correct
  ♬ David Guetta — When Love Takes Over (feat. Kelly Rowland), album : Sunset - EP, année : 2009, genre : House
[376/1381] David Matthews - Gotta Be Where You Are.mp3
  ♪ David Matthews — Gotta Be Where You Are  [SongRec]
  = nom déjà correct
  ♬ David Matthews — Gotta Be Where You Are, genre : Jazz
[377/1381] David Russell - Granada.mp3
  ♪ David Russell — Granada (Albéniz: Spanish Music for Classical Guitar) [2011]  [SongRec]
  = nom déjà correct
  ♬ David Russell — Granada, album : Albéniz: Spanish Music for Classical Guitar, année : 2011, genre : Classical
[378/1381] Dax Riders - People (Radio Edit).mp3
  ♪ Dax Riders — People (Radio Edit) (People Remixes - EP) [2003]  [SongRec]
  = nom déjà correct
  ♬ Dax Riders — People (Radio Edit), album : People Remixes - EP, année : 2003, genre : Disco
[379/1381] Dead Sexy - Ça Plane Pour Moi (Logan Mader mix).mp3
  ♪ Dead Sexy — Ça Plane Pour Moi (Logan Mader mix) (In Nomine Corpus) [2006]  [SongRec]
  = nom déjà correct
  ♬ Dead Sexy — Ça Plane Pour Moi (Logan Mader mix), album : In Nomine Corpus, année : 2006, genre : Rock
[380/1381] Debbie Harry - I Want That Man (Almighty Definitive Mix).mp3
  ♪ Debbie Harry — I Want That Man (Almighty Definitive Mix) (I Want That Man - Single) [1989]  [SongRec]
  = nom déjà correct
  ♬ Debbie Harry — I Want That Man (Almighty Definitive Mix), album : I Want That Man - Single, année : 1989, genre : Rock
[381/1381] DeepFlow - Arabica Deep House 2026 This Sound Is Addictive Desert Flow.mp3
  ♪ DeepFlow — Arabica Deep House 2026 This Sound Is Addictive | Desert Flow (Arabica Deep House 2026 This Sound Is Addictive | Desert Flow) [2026]  [SongRec]
  = nom déjà correct
  ♬ DeepFlow — Arabica Deep House 2026 This Sound Is Addictive | Desert Flow, album : Arabica Deep House 2026 This Sound Is Addictive | Desert Flow, année : 2026, genre : House
[382/1381] Deetah - Relax (Blacksmith Club mix).mp3
  ♪ Deetah — Relax (Blacksmith Club mix) ([Unknown Album])  [tags existants]
  = nom déjà correct
  ♬ Deetah — Relax (Blacksmith Club mix), album : [Unknown Album]
[383/1381] Defeatist - Bloodless.mp3
  ♪ Defeatist — Bloodless (Sharp Blade Sinks Deep Into Dull Minds) [2009]  [SongRec]
  = nom déjà correct
  ♬ Defeatist — Bloodless, album : Sharp Blade Sinks Deep Into Dull Minds, année : 2009, genre : Rock
[384/1381] Demarkus Lewis - Body Tonic.mp3
  ♪ Demarkus Lewis — Body Tonic (The Topshelf - Single) [2005]  [SongRec]
  = nom déjà correct
  ♬ Demarkus Lewis — Body Tonic, album : The Topshelf - Single, année : 2005, genre : House
[385/1381] Demis Roussos - On Ecrit Sur Les Murs.mp3
  ♪ Demis Roussos — On Ecrit Sur Les Murs (Collected) [2015]  [SongRec]
  = nom déjà correct
  ♬ Demis Roussos — On Ecrit Sur Les Murs, album : Collected, année : 2015, genre : Pop
[386/1381] Dennis Lloyd - Nevermind (Gruwski Remix EXT).mp3
  ✗ non reconnu (ni SongRec ni tags)
[387/1381] Der Dritte Raum - Hale Bopp (Bsb's Stella Polaris Remix).mp3
  ♪ Der Dritte Raum — Hale Bopp (Bsb's Stella Polaris Remix) (Hale Bopp (Bsb's Stella Polaris Remix) - Single) [2021]  [SongRec]
  = nom déjà correct
  ♬ Der Dritte Raum — Hale Bopp (Bsb's Stella Polaris Remix), album : Hale Bopp (Bsb's Stella Polaris Remix) - Single, année : 2021, genre : Electronic
[388/1381] Dermot Kennedy & MEDUZA - Power Over Me (MEDUZA Remix).mp3
  ♪ Dermot Kennedy & MEDUZA — Power Over Me (MEDUZA Remix) (Power Over Me EP) [2020]  [SongRec]
  = nom déjà correct
  ♬ Dermot Kennedy & MEDUZA — Power Over Me (MEDUZA Remix), album : Power Over Me EP, année : 2020, genre : Pop
[389/1381] Dido-2001-No Angel - 12 - Take My Hand-DSD256.dsf
  ✗ non reconnu (ni SongRec ni tags)
[390/1381] Dimitri Vegas, Steve Aoki & Ann Lee - 2 Times (feat. Sound Of Legend).mp3
  ♪ Dimitri Vegas, Steve Aoki & Ann Lee — 2 Times (feat. Sound Of Legend) (2 Times (feat. Sound Of Legend) - Single) [2024]  [SongRec]
  = nom déjà correct
  ♬ Dimitri Vegas, Steve Aoki & Ann Lee — 2 Times (feat. Sound Of Legend), album : 2 Times (feat. Sound Of Legend) - Single, année : 2024, genre : Dance
[391/1381] Dina Carroll - Escaping.mp3
  ♪ Dina Carroll — Escaping (Only Human) [1996]  [SongRec]
  = nom déjà correct
  ♬ Dina Carroll — Escaping, album : Only Human, année : 1996, genre : Pop
[392/1381] Diplo & SIDEPIECE - On My Mind.mp3
  ♪ Diplo & SIDEPIECE — On My Mind (Diplo) [2019]  [SongRec]
  = nom déjà correct
  ♬ Diplo & SIDEPIECE — On My Mind, album : Diplo, année : 2019, genre : Dance
[393/1381] Dire Straits - Tunnel of Love.mp3
  ♪ Dire Straits — Tunnel of Love (Making Movies) [1980]  [SongRec]
  = nom déjà correct
  ♬ Dire Straits — Tunnel of Love, album : Making Movies, année : 1980, genre : Rock
[394/1381] Disclosure - Omen (Zim Flip V2.9) FINAL.mp3
  ✗ non reconnu (ni SongRec ni tags)
[395/1381] Disclosure - Where Angels Fear To Tread.mp3
  ♪ Disclosure — Where Angels Fear To Tread (Moonlight - EP) [2018]  [SongRec]
  = nom déjà correct
  ♬ Disclosure — Where Angels Fear To Tread, album : Moonlight - EP, année : 2018, genre : Electronic
[396/1381] Disco Tech - Lovin' Daddy.mp3
  ♪ Disco Tech — Lovin' Daddy  [SongRec]
  = nom déjà correct
  ♬ Disco Tech — Lovin' Daddy, genre : Electronic
[397/1381] DiscoRocks - Waiting.mp3
  ♪ DiscoRocks — Waiting (Waiting - Single) [2015]  [SongRec]
  = nom déjà correct
  ♬ DiscoRocks — Waiting, album : Waiting - Single, année : 2015, genre : House
[398/1381] Dizzee Rascal - Something Really Bad (feat. will.i.am).mp3
  ♪ Dizzee Rascal — Something Really Bad (feat. will.i.am) (The Fifth) [2013]  [SongRec]
  = nom déjà correct
  ♬ Dizzee Rascal — Something Really Bad (feat. will.i.am), album : The Fifth, année : 2013, genre : Dance
[399/1381] Dj Lexx - Moombaton.mp3
  ♪ Dj Lexx — Moombaton  [SongRec]
  = nom déjà correct
  ♬ Dj Lexx — Moombaton, genre : Latino
[400/1381] Djane My Canaria - Music Is My Life (Think About Party Special Mix).mp3
  ♪ Djane My Canaria — Music Is My Life (Think About Party Special Mix) (Think About Party (I Need More) - EP) [2018]  [SongRec]
  = nom déjà correct
  ♬ Djane My Canaria — Music Is My Life (Think About Party Special Mix), album : Think About Party (I Need More) - EP, année : 2018, genre : Techno
[401/1381] Dolly Parton - I Will Always Love You.mp3
  ♪ Dolly Parton — I Will Always Love You (Jolene) [1974]  [SongRec]
  = nom déjà correct
  ♬ Dolly Parton — I Will Always Love You, album : Jolene, année : 1974, genre : Country
[402/1381] Don Omar & Gilberto Santa Rosa - Los Hombres Tienen La Culpa.mp3
  ♪ Don Omar & Gilberto Santa Rosa — Los Hombres Tienen La Culpa (Los Cocorocos) [2006]  [SongRec]
  = nom déjà correct
  ♬ Don Omar & Gilberto Santa Rosa — Los Hombres Tienen La Culpa, album : Los Cocorocos, année : 2006, genre : Latino
[403/1381] Don't Stop EP - 04 - Dancing With Myself - EP Version - Generation X.aif
  ✗ non reconnu (ni SongRec ni tags)
[404/1381] Donald Byrd - (Fallin' Like) Dominoes.mp3
  ♪ Donald Byrd — (Fallin' Like) Dominoes (Places & Spaces) [1975]  [SongRec]
  = nom déjà correct
  ♬ Donald Byrd — (Fallin' Like) Dominoes, album : Places & Spaces, année : 1975, genre : Jazz
[405/1381] Done Again - Il Tape Sur Des Bambous.mp3
  ♪ Done Again — Il Tape Sur Des Bambous (Il Tape Sur Des Bambous - Single) [2013]  [SongRec]
  = nom déjà correct
  ♬ Done Again — Il Tape Sur Des Bambous, album : Il Tape Sur Des Bambous - Single, année : 2013, genre : Tribute
[406/1381] Donna Summer - Hot Stuff.mp3
  ♪ Donna Summer — Hot Stuff (Bad Girls) [1979]  [SongRec]
  = nom déjà correct
  ♬ Donna Summer — Hot Stuff, album : Bad Girls, année : 1979, genre : Disco
[407/1381] Doop - Jean Lejeux Et Son Orchestre.mp3
  ♪ Doop — Jean Lejeux Et Son Orchestre (Circus Doop) [1994]  [SongRec]
  = nom déjà correct
  ♬ Doop — Jean Lejeux Et Son Orchestre, album : Circus Doop, année : 1994, genre : Dance
[408/1381] Dorothée - Le collège des coeurs brisés.mp3
  ♪ Dorothée — Le collège des coeurs brisés (Les neiges de l'Himalaya) [1991]  [SongRec]
  = nom déjà correct
  ♬ Dorothée — Le collège des coeurs brisés, album : Les neiges de l'Himalaya, année : 1991, genre : French Pop
[409/1381] Dousk - Blender (Jakiro Remix).mp3
  ♪ Dousk — Blender (Jakiro Remix) (Blender / Donut Drama - Single) [2004]  [SongRec]
  = nom déjà correct
  ♬ Dousk — Blender (Jakiro Remix), album : Blender / Donut Drama - Single, année : 2004, genre : Dance
[410/1381] Down Low - Moonlight (Light Mix).mp3
  ♪ Down Low — Moonlight (Light Mix) (Moonlight - EP) [1997]  [SongRec]
  = nom déjà correct
  ♬ Down Low — Moonlight (Light Mix), album : Moonlight - EP, année : 1997, genre : R&B/Soul
[411/1381] Download 8 2.m4a
  ✗ non reconnu (ni SongRec ni tags)
[412/1381] Dr. Alban - Let The Beat Go On.mp3
  ♪ Dr. Alban — Let The Beat Go On (Let The Beat Go On - Single) [1994]  [SongRec]
  = nom déjà correct
  ♬ Dr. Alban — Let The Beat Go On, album : Let The Beat Go On - Single, année : 1994, genre : Dance
[413/1381] Drake - Passionfruit (Rude Jude Remix).mp3
  ✗ non reconnu (ni SongRec ni tags)
[414/1381] Dreadzone - Little Britain (Black Star Liner Mix).mp3
  ♪ Dreadzone — Little Britain (Black Star Liner Mix) (Dreadzone: The Remixes) [2007]  [SongRec]
  = nom déjà correct
  ♬ Dreadzone — Little Britain (Black Star Liner Mix), album : Dreadzone: The Remixes, année : 2007, genre : Dance
[415/1381] Dreamer Isioma - Sensitive.mp3
  ♪ Dreamer Isioma — Sensitive (Sensitive - EP) [2020]  [SongRec]
  = nom déjà correct
  ♬ Dreamer Isioma — Sensitive, album : Sensitive - EP, année : 2020, genre : Pop
[416/1381] Dru Hill - These Are the Times.mp3
  ♪ Dru Hill — These Are the Times (Enter the Dru) [1996]  [SongRec]
  = nom déjà correct
  ♬ Dru Hill — These Are the Times, album : Enter the Dru, année : 1996, genre : Hip-Hop/Rap
[417/1381] Dudu Tassa - אני גיטרה.mp3
  ♪ Dudu Tassa — אני גיטרה (בדיוק בזמן) [2004]  [SongRec]
  = nom déjà correct
  ♬ Dudu Tassa — אני גיטרה, album : בדיוק בזמן, année : 2004, genre : Rock
[418/1381] Duran Duran - A View to a Kill.mp3
  ♪ Duran Duran — A View to a Kill (Decade) [1985]  [SongRec]
  = nom déjà correct
  ♬ Duran Duran — A View to a Kill, album : Decade, année : 1985, genre : Pop
[419/1381] Duran Duran - All She Wants Is (Euro Dub Mix).mp3
  ♪ Duran Duran — All She Wants Is (Euro Dub Mix) (All She Wants Is) [1988]  [SongRec]
  = nom déjà correct
  ♬ Duran Duran — All She Wants Is (Euro Dub Mix), album : All She Wants Is, année : 1988, genre : Pop
[420/1381] Duran Duran - Hold Me.mp3
  ♪ Duran Duran — Hold Me (Notorious) [1986]  [SongRec]
  = nom déjà correct
  ♬ Duran Duran — Hold Me, album : Notorious, année : 1986, genre : Pop
[421/1381] Duran Duran - The Reflex.mp3
  ♪ Duran Duran — The Reflex (Seven and the Ragged Tiger) [1983]  [SongRec]
  = nom déjà correct
  ♬ Duran Duran — The Reflex, album : Seven and the Ragged Tiger, année : 1983, genre : New Wave
[422/1381] Dye O - Vibrant Presence.mp3
  ♪ Dye O — Vibrant Presence (Vibrant Presence - Single) [2022]  [SongRec]
  = nom déjà correct
  ♬ Dye O — Vibrant Presence, album : Vibrant Presence - Single, année : 2022, genre : Dance
[423/1381] EDSC - On & On.mp3
  ♪ ED:SC — On & On (This Is Me, Ismael) [2024]  [SongRec]
  = nom déjà correct
  ♬ ED:SC — On & On, album : This Is Me, Ismael, année : 2024, genre : Electronica
[424/1381] EP 254 Claudia O'Doherty, Cory Hanson, Eric Wareheim, ''Weird'' Al Pacino (6-15-23).mp3
  ✗ non reconnu (ni SongRec ni tags)
[425/1381] ERA - Ameno.mp3
  ♪ ERA — Ameno (Era I) [1996]  [SongRec]
  = nom déjà correct
  ♬ ERA — Ameno, album : Era I, année : 1996, genre : Electronic
[426/1381] ERA - Enae Volare Mezzo (Remix).mp3
  ♪ ERA — Enae Volare Mezzo (Remix) (Era I) [1996]  [SongRec]
  = nom déjà correct
  ♬ ERA — Enae Volare Mezzo (Remix), album : Era I, année : 1996, genre : Electronic
[427/1381] East 17 - Hey Child.mp3
  ♪ East 17 — Hey Child (The Very Best of East 17) [1996]  [SongRec]
  = nom déjà correct
  ♬ East 17 — Hey Child, album : The Very Best of East 17, année : 1996, genre : Pop
[428/1381] East 17 - West End Girls (Faces on Posters Mix).mp3
  ♪ East 17 — West End Girls (Faces on Posters Mix) (Walthamstow) [1992]  [SongRec]
  = nom déjà correct
  ♬ East 17 — West End Girls (Faces on Posters Mix), album : Walthamstow, année : 1992, genre : Pop
[429/1381] Ed Sheeran - Bad Habits (feat. Bring Me The Horizon).mp3
  ♪ Ed Sheeran — Bad Habits (feat. Bring Me The Horizon) (Bad Habits (feat. Bring Me The Horizon) - Single) [2022]  [SongRec]
  = nom déjà correct
  ♬ Ed Sheeran — Bad Habits (feat. Bring Me The Horizon), album : Bad Habits (feat. Bring Me The Horizon) - Single, année : 2022, genre : Pop
[430/1381] Ed Sheeran - Happier.mp3
  ♪ Ed Sheeran — Happier (÷) [2017]  [SongRec]
  = nom déjà correct
  ♬ Ed Sheeran — Happier, album : ÷, année : 2017, genre : Pop
[431/1381] Ed Sheeran - Sing.mp3
  ♪ Ed Sheeran — Sing (x) [2014]  [SongRec]
  = nom déjà correct
  ♬ Ed Sheeran — Sing, album : x, année : 2014, genre : Pop
[432/1381] Ed Sheeran - Sing_639159976251284817.mp3
  ♪ Ed Sheeran — Sing (x) [2014]  [SongRec]
  ⚠ conflit : Ed Sheeran - Sing.mp3 existe déjà, ignoré
  ♬ Ed Sheeran — Sing, album : x, année : 2014, genre : Pop
[433/1381] Eddie Baytos & the Nervis Bros - Do Dumpin' ( Extended Zig mix).mp3
  ♪ Eddie Baytos & the Nervis Bros — Do Dumpin' ( Extended Zig mix) (Take Some Mambo Time) [1991]  [tags existants]
  = nom déjà correct
  ♬ Eddie Baytos & the Nervis Bros — Do Dumpin' ( Extended Zig mix), album : Take Some Mambo Time, année : 1991
[434/1381] Editors - Smokers Outside The Hospital Doors.mp3
  ♪ Editors — Smokers Outside The Hospital Doors (An End Has a Start) [2007]  [SongRec]
  = nom déjà correct
  ♬ Editors — Smokers Outside The Hospital Doors, album : An End Has a Start, année : 2007, genre : Alternative
[435/1381] El Alfa, CJ & Chael Produciendo - La Mamá de la Mamá (feat. El Cherry Scom) [GORDO & REDTAPE Remix] [Mixed].mp3
  ♪ El Alfa, CJ & Chael Produciendo — La Mamá de la Mamá (feat. El Cherry Scom) [GORDO & REDTAPE Remix] [Mixed] (Benny Benassi at EDC Las Vegas 2021: Circuit Grounds Stage (DJ Mix)) [2021]  [SongRec]
  = nom déjà correct
  ♬ El Alfa, CJ & Chael Produciendo — La Mamá de la Mamá (feat. El Cherry Scom) [GORDO & REDTAPE Remix] [Mixed], album : Benny Benassi at EDC Las Vegas 2021: Circuit Grounds Stage (DJ Mix), année : 2021, genre : Dance
[436/1381] El Chombo - Chacarron (Mijangos Tribal mix).mp3
  ♪ El Chombo — Chacarron (Mijangos Tribal mix) (Va - Xtd Latin Undeground 06)  [tags existants]
  = nom déjà correct
  ♬ El Chombo — Chacarron (Mijangos Tribal mix), album : Va - Xtd Latin Undeground 06
[437/1381] El-B & J Da Flex - When I Fall In Love (Vocal Mix).mp3
  ♪ El-B & J Da Flex — When I Fall In Love (Vocal Mix)  [SongRec]
  = nom déjà correct
  ♬ El-B & J Da Flex — When I Fall In Love (Vocal Mix)
[438/1381] Ella Fitzgerald & Joe Pass - Nature Boy.mp3
  ♪ Ella Fitzgerald & Joe Pass — Nature Boy (Fitzgerald & Pass...Again) [1976]  [SongRec]
  = nom déjà correct
  ♬ Ella Fitzgerald & Joe Pass — Nature Boy, album : Fitzgerald & Pass...Again, année : 1976, genre : Jazz
[439/1381] Ellie Goulding-2023-Halcyon Nights Bonus Edition - 02 - Burn-DSD128.dsf
  ✗ non reconnu (ni SongRec ni tags)
[440/1381] Embrace - All You Good Good People.mp3
  ♪ Embrace — All You Good Good People (The Good Will Out) [1998]  [SongRec]
  = nom déjà correct
  ♬ Embrace — All You Good Good People, album : The Good Will Out, année : 1998, genre : Rock
[441/1381] Embrace - Come Back to What You Know.mp3
  ♪ Embrace — Come Back to What You Know (Alexandra Palace Theatre, London - 06 Dec 2019) [2019]  [tags existants]
  = nom déjà correct
  ♬ Embrace — Come Back to What You Know, album : Alexandra Palace Theatre, London - 06 Dec 2019, année : 2019
[442/1381] Eminem - Stay Wide Awake (Produced by D.mp3
  ♪ Eminem — Stay Wide Awake (Produced by D  [tags existants]
  = nom déjà correct
  ♬ Eminem — Stay Wide Awake (Produced by D
[443/1381] Eminem - Venom (Music From The Motion Picture).mp3
  ♪ Eminem — Venom (Music From The Motion Picture) (Kamikaze) [2018]  [SongRec]
  = nom déjà correct
  ♬ Eminem — Venom (Music From The Motion Picture), album : Kamikaze, année : 2018, genre : Hip-Hop/Rap
[444/1381] Emmanuel Moire & Amandine Bourgeois - Au bout de mes rêves.mp3
  ♪ Emmanuel Moire & Amandine Bourgeois — Au bout de mes rêves (Génération Goldman) [2012]  [SongRec]
  = nom déjà correct
  ♬ Emmanuel Moire & Amandine Bourgeois — Au bout de mes rêves, album : Génération Goldman, année : 2012, genre : French Pop
[445/1381] Emmanuel Moire - Le Sourire.mp3
  ♪ Emmanuel Moire — Le Sourire (Là Où Je Pars) [2006]  [SongRec]
  = nom déjà correct
  ♬ Emmanuel Moire — Le Sourire, album : Là Où Je Pars, année : 2006, genre : Pop
[446/1381] Emmanuelle Seigner - Femme fatale.mp3
  ♪ Emmanuelle Seigner — Femme fatale (Dingue) [2010]  [SongRec]
  = nom déjà correct
  ♬ Emmanuelle Seigner — Femme fatale, album : Dingue, année : 2010, genre : French Pop
[447/1381] Enrique Iglesias - One Night Stand.mp3
  ♪ Enrique Iglesias — One Night Stand (Escape) [2001]  [SongRec]
  = nom déjà correct
  ♬ Enrique Iglesias — One Night Stand, album : Escape, année : 2001, genre : Latino
[448/1381] Enya - Book of Days.mp3
  ♪ Enya — Book of Days (Shepherd Moons) [1991]  [SongRec]
  = nom déjà correct
  ♬ Enya — Book of Days, album : Shepherd Moons, année : 1991, genre : Pop
[449/1381] Enzo Leep - Slip.mp3
  ♪ Enzo Leep — Slip  [tags existants]
  = nom déjà correct
  ♬ Enzo Leep — Slip
[450/1381] Ep 223 - Crying in the Club.mp3
  ✗ non reconnu (ni SongRec ni tags)
[451/1381] Era - Enae Volare Mezzo (Dj Gregoryan Edit).mp3
  ♪ Era — Enae Volare Mezzo (Dj Gregoryan Edit) (*Carpaccio*Summer*Hits*2022 V/A [CC008]) [2022]  [tags existants]
  = nom déjà correct
  ♬ Era — Enae Volare Mezzo (Dj Gregoryan Edit), album : *Carpaccio*Summer*Hits*2022 V/A [CC008], année : 2022
[452/1381] Erasure - Chorus.mp3
  ♪ Erasure — Chorus (Chorus) [1991]  [SongRec]
  = nom déjà correct
  ♬ Erasure — Chorus, album : Chorus, année : 1991, genre : Pop
[453/1381] Erasure - The Circus.mp3
  ♪ Erasure — The Circus (The Circus) [1987]  [SongRec]
  = nom déjà correct
  ♬ Erasure — The Circus, album : The Circus, année : 1987, genre : Pop
[454/1381] Erb - The Weekend (Vocal Mix).mp3
  ♪ Erb — The Weekend (Vocal Mix)  [SongRec]
  = nom déjà correct
  ♬ Erb — The Weekend (Vocal Mix), genre : House
[455/1381] Eric Carmen - Hungry Eyes.mp3
  ♪ Eric Carmen — Hungry Eyes (The Definitive Collection) [1997]  [SongRec]
  = nom déjà correct
  ♬ Eric Carmen — Hungry Eyes, album : The Definitive Collection, année : 1997, genre : Pop
[456/1381] Eric Serra - Let Them Try (Dialog Version).mp3
  ♪ Eric Serra — Let Them Try (Dialog Version) (Le Grand Bleu (Version Longue)) [1988]  [SongRec]
  = nom déjà correct
  ♬ Eric Serra — Let Them Try (Dialog Version), album : Le Grand Bleu (Version Longue), année : 1988, genre : Soundtrack
[457/1381] Eric Serra - The Big Blue (Overture).mp3
  ♪ Eric Serra — The Big Blue (Overture) (Le Grand Bleu (Version Longue)) [1988]  [SongRec]
  = nom déjà correct
  ♬ Eric Serra — The Big Blue (Overture), album : Le Grand Bleu (Version Longue), année : 1988, genre : Pop
[458/1381] Eric Virgal - Coupable.mp3
  ♪ Eric Virgal — Coupable (Best of (Jusqu'à la Fin Des Temps)) [1996]  [SongRec]
  = nom déjà correct
  ♬ Eric Virgal — Coupable, album : Best of (Jusqu'à la Fin Des Temps), année : 1996, genre : French Pop
[459/1381] Estelle - 1980.mp3
  ♪ Estelle — 1980 (The 18th Day...) [2004]  [SongRec]
  = nom déjà correct
  ♬ Estelle — 1980, album : The 18th Day..., année : 2004, genre : Pop
[460/1381] Eternal - Angel of Mine.mp3
  ♪ Eternal — Angel of Mine (Angel of Mine - EP) [1997]  [SongRec]
  = nom déjà correct
  ♬ Eternal — Angel of Mine, album : Angel of Mine - EP, année : 1997, genre : Pop
[461/1381] Eternal - Power of a Woman (Fathers of Sound Vocal Mix).mp3
  ♪ Eternal — Power of a Woman (Fathers of Sound Vocal Mix) (Power of a Woman / Club #1) [1995]  [SongRec]
  = nom déjà correct
  ♬ Eternal — Power of a Woman (Fathers of Sound Vocal Mix), album : Power of a Woman / Club #1, année : 1995, genre : Pop
[462/1381] Ethnix - כתם הפרי.mp3
  ♪ Ethnix — כתם הפרי (מסאלה) [1991]  [SongRec]
  = nom déjà correct
  ♬ Ethnix — כתם הפרי, album : מסאלה, année : 1991, genre : Pop
[463/1381] Eugene Wilde - Gotta Get You Home Tonight.mp3
  ♪ Eugene Wilde — Gotta Get You Home Tonight (Eugene Wilde (Remastered)) [2004]  [SongRec]
  = nom déjà correct
  ♬ Eugene Wilde — Gotta Get You Home Tonight, album : Eugene Wilde (Remastered), année : 2004, genre : R&B/Soul
[464/1381] Evelyn Champagne King - Stop That.mp3
  ♪ Evelyn "Champagne" King — Stop That (Get Loose) [1982]  [SongRec]
  = nom déjà correct
  ♬ Evelyn "Champagne" King — Stop That, album : Get Loose, année : 1982, genre : Pop
[465/1381] Everything But the Girl - Missing.mp3
  ♪ Everything But the Girl — Missing (Amplified Heart) [1994]  [SongRec]
  = nom déjà correct
  ♬ Everything But the Girl — Missing, album : Amplified Heart, année : 1994, genre : Pop
[466/1381] Example - Kickstarts.mp3
  ♪ Example — Kickstarts (Won't Go Quietly) [2009]  [SongRec]
  = nom déjà correct
  ♬ Example — Kickstarts, album : Won't Go Quietly, année : 2009, genre : Dance
[467/1381] Faith Hill - You Give Me Love.mp3
  ♪ Faith Hill — You Give Me Love (Faith) [1998]  [SongRec]
  = nom déjà correct
  ♬ Faith Hill — You Give Me Love, album : Faith, année : 1998, genre : Country
[468/1381] Faith No More - Ugly In the Morning.mp3
  ♪ Faith No More — Ugly In the Morning (King for a Day, Fool for a Lifetime) [1995]  [tags existants]
  = nom déjà correct
  ♬ Faith No More — Ugly In the Morning, album : King for a Day, Fool for a Lifetime, année : 1995
[469/1381] Faithless - Insomnia 2.0 (Avicii Remix) [Radio Edit].mp3
  ♪ Faithless — Insomnia 2.0 (Avicii Remix) [Radio Edit] (Insomnia 2.0 (Avicii Remix) [Radio Edit] - Single) [2015]  [SongRec]
  = nom déjà correct
  ♬ Faithless — Insomnia 2.0 (Avicii Remix) [Radio Edit], album : Insomnia 2.0 (Avicii Remix) [Radio Edit] - Single, année : 2015, genre : Electronic
[470/1381] Fannypack - Hey Mami.mp3
  ♪ Fannypack — Hey Mami (So Stylistic) [2003]  [SongRec]
  = nom déjà correct
  ♬ Fannypack — Hey Mami, album : So Stylistic, année : 2003, genre : Hip-Hop/Rap
[471/1381] Fantastic Plastic Machine - S'il vous plait.mp3
  ♪ Fantastic Plastic Machine — S'il vous plait (Sushi 4004) [1998]  [SongRec]
  = nom déjà correct
  ♬ Fantastic Plastic Machine — S'il vous plait, album : Sushi 4004, année : 1998, genre : Electronic
[472/1381] Farley & Heller - Cast - Beat Mama (Fire Island Classic Boys Own Dub).mp3
  ♪ Farley & Heller — Cast - Beat Mama (Fire Island Classic Boys Own Dub) (The Remix Collection) [2014]  [tags existants]
  = nom déjà correct
  ♬ Farley & Heller — Cast - Beat Mama (Fire Island Classic Boys Own Dub), album : The Remix Collection, année : 2014
[473/1381] Fat Les - Vindaloo.mp3
  ♪ Fat Les — Vindaloo (Vindaloo) [1998]  [SongRec]
  = nom déjà correct
  ♬ Fat Les — Vindaloo, album : Vindaloo, année : 1998, genre : Pop
[474/1381] Fatboy Slim - Build It Up - Tear It Down.mp3
  ♪ Fatboy Slim — Build It Up - Tear It Down (You've Come a Long Way Baby) [1998]  [SongRec]
  = nom déjà correct
  ♬ Fatboy Slim — Build It Up - Tear It Down, album : You've Come a Long Way Baby, année : 1998, genre : Dance
[475/1381] Fine Young Cannibals - Blue.mp3
  ♪ Fine Young Cannibals — Blue (Fine Young Cannibals) [1985]  [SongRec]
  = nom déjà correct
  ♬ Fine Young Cannibals — Blue, album : Fine Young Cannibals, année : 1985, genre : Pop
[476/1381] Fine Young Cannibals - She Drives Me Crazy (Louil Silas Jr. Extended Version) [feat. Monie Love].mp3
  ♪ Fine Young Cannibals — She Drives Me Crazy (Louil Silas Jr. Extended Version) [feat. Monie Love] (FYC40) [2025]  [SongRec]
  = nom déjà correct
  ♬ Fine Young Cannibals — She Drives Me Crazy (Louil Silas Jr. Extended Version) [feat. Monie Love], album : FYC40, année : 2025, genre : Pop
[477/1381] Fine Young Cannibals - She Drives Me Crazy.mp3
  ♪ Fine Young Cannibals — She Drives Me Crazy (The Raw & the Cooked) [1989]  [SongRec]
  = nom déjà correct
  ♬ Fine Young Cannibals — She Drives Me Crazy, album : The Raw & the Cooked, année : 1989, genre : Pop
[478/1381] First Choice - Love and Happiness.mp3
  ♪ First Choice — Love and Happiness (Philly Golden Classics) [1973]  [SongRec]
  = nom déjà correct
  ♬ First Choice — Love and Happiness, album : Philly Golden Classics, année : 1973, genre : R&B/Soul
[479/1381] Florence + the Machine - Dog Days Are Over (Anton Khabbaz Remix) [Mixed].mp3
  ♪ Florence + the Machine — Dog Days Are Over (Anton Khabbaz Remix) [Mixed] (Party In The Jungle: DJ Khend, Jan 2025 (DJ Mix)) [2025]  [SongRec]
  = nom déjà correct
  ♬ Florence + the Machine — Dog Days Are Over (Anton Khabbaz Remix) [Mixed], album : Party In The Jungle: DJ Khend, Jan 2025 (DJ Mix), année : 2025
[480/1381] Florence + the Machine - Ship To Wreck.mp3
  ♪ Florence + the Machine — Ship To Wreck (How Big, How Blue, How Beautiful) [2015]  [SongRec]
  = nom déjà correct
  ♬ Florence + the Machine — Ship To Wreck, album : How Big, How Blue, How Beautiful, année : 2015, genre : Alternative
[481/1381] Florence and The Machine - Dog Days Are Over (Anton Khabbaz Extended Mix) MASTER_639160467450062484.mp3
  ♪ Florence + the Machine — Dog Days Are Over (Anton Khabbaz Remix) [Mixed] (Party In The Jungle: DJ Khend, Jan 2025 (DJ Mix)) [2025]  [SongRec]
  ⚠ conflit : Florence + the Machine - Dog Days Are Over (Anton Khabbaz Remix) [Mixed].mp3 existe déjà, ignoré
  ♬ Florence + the Machine — Dog Days Are Over (Anton Khabbaz Remix) [Mixed], album : Party In The Jungle: DJ Khend, Jan 2025 (DJ Mix), année : 2025
[482/1381] Florent Marchet - Courchevel.mp3
  ♪ Florent Marchet — Courchevel (Courchevel) [2010]  [SongRec]
  = nom déjà correct
  ♬ Florent Marchet — Courchevel, album : Courchevel, année : 2010, genre : French Pop
[483/1381] Florent Marchet - La famille kinder (Live).mp3
  ♪ Florent Marchet — La famille kinder (Live) (Courchevel (Édition deluxe)) [2011]  [SongRec]
  = nom déjà correct
  ♬ Florent Marchet — La famille kinder (Live), album : Courchevel (Édition deluxe), année : 2011, genre : French Pop
[484/1381] Florent Pagny & Carole Fredericks - Oh Happy Day.mp3
  ♪ Florent Pagny & Carole Fredericks — Oh Happy Day  [SongRec]
  = nom déjà correct
  ♬ Florent Pagny & Carole Fredericks — Oh Happy Day, genre : Pop
[485/1381] Florent Pagny & Christophe Maé - Et un jour une femme.mp3
  ♪ Florent Pagny & Christophe Maé — Et un jour une femme (2bis) [2023]  [SongRec]
  = nom déjà correct
  ♬ Florent Pagny & Christophe Maé — Et un jour une femme, album : 2bis, année : 2023, genre : French Pop
[486/1381] Florent Pagny & Pascal Obispo - Savoir aimer.mp3
  ♪ Florent Pagny & Pascal Obispo — Savoir aimer (2bis) [2023]  [SongRec]
  = nom déjà correct
  ♬ Florent Pagny & Pascal Obispo — Savoir aimer, album : 2bis, année : 2023, genre : French Pop
[487/1381] Florent Pagny - Combien ça va.mp3
  ♪ Florent Pagny — Combien ça va (Savoir aimer) [1997]  [SongRec]
  = nom déjà correct
  ♬ Florent Pagny — Combien ça va, album : Savoir aimer, année : 1997, genre : Pop
[488/1381] Florent Pagny - Savoir aimer.mp3
  ♪ Florent Pagny — Savoir aimer (Savoir aimer) [1997]  [SongRec]
  = nom déjà correct
  ♬ Florent Pagny — Savoir aimer, album : Savoir aimer, année : 1997, genre : Pop
[489/1381] Florent Pagny - Ça fait des nuits.mp3
  ♪ Florent Pagny — Ça fait des nuits (Merci) [1990]  [SongRec]
  = nom déjà correct
  ♬ Florent Pagny — Ça fait des nuits, album : Merci, année : 1990, genre : Pop
[490/1381] Fonky Family - Le retour du shit squad (feat. Le 3ème Oeil, Faf Larage, K Rhyme Le Roi, Freeman & Akhenaton).mp3
  ♪ Fonky Family — Le retour du shit squad (feat. Le 3ème Oeil, Faf Larage, K Rhyme Le Roi, Freeman & Akhenaton) (Best Of) [2024]  [SongRec]
  = nom déjà correct
  ♬ Fonky Family — Le retour du shit squad (feat. Le 3ème Oeil, Faf Larage, K Rhyme Le Roi, Freeman & Akhenaton), album : Best Of, année : 2024, genre : Hip-Hop/Rap
[491/1381] Fraction - Ne jamais reculer.mp3
  ♪ Fraction — Ne jamais reculer  [SongRec]
  = nom déjà correct
  ♬ Fraction — Ne jamais reculer, genre : Rock
[492/1381] Francis - Viens Faire Un Tour Dans Ma Tente Iglou.mp3
  ♪ Francis — Viens Faire Un Tour Dans Ma Tente Iglou [2003]  [tags existants]
  = nom déjà correct
  ♬ Francis — Viens Faire Un Tour Dans Ma Tente Iglou, année : 2003
[493/1381] Francis Lalanne - On se retrouvera.mp3
  ♪ Francis Lalanne — On se retrouvera (Francis Lalanne au Casino de Paris (live)) [2006]  [SongRec]
  = nom déjà correct
  ♬ Francis Lalanne — On se retrouvera, album : Francis Lalanne au Casino de Paris (live), année : 2006, genre : French Pop
[494/1381] Francky Vincent - Ton confort.mp3
  ♪ Francky Vincent — Ton confort (Mon fest' of) [1998]  [SongRec]
  = nom déjà correct
  ♬ Francky Vincent — Ton confort, album : Mon fest' of, année : 1998, genre : France
[495/1381] Francois Couture - Le jardinier (feat. Steve Normandin).mp3
  ♪ Francois Couture — Le jardinier (feat. Steve Normandin) (My Little Book - Tome 3) [2022]  [SongRec]
  = nom déjà correct
  ♬ Francois Couture — Le jardinier (feat. Steve Normandin), album : My Little Book - Tome 3, année : 2022, genre : Jazz
[496/1381] Franglish & Aya Nakamura - Sans moi.mp3
  ♪ Franglish & Aya Nakamura — Sans moi (Vibe) [2021]  [SongRec]
  = nom déjà correct
  ♬ Franglish & Aya Nakamura — Sans moi, album : Vibe, année : 2021, genre : Hip-Hop/Rap
[497/1381] Frankie Goes to Hollywood - Two Tribes (Annihilation).mp3
  ♪ Frankie Goes to Hollywood — Two Tribes (Annihilation)  [SongRec]
  = nom déjà correct
  ♬ Frankie Goes to Hollywood — Two Tribes (Annihilation), genre : Pop
[498/1381] François Feldman - Petit Franck.mp3
  ♪ François Feldman — Petit Franck (Une présence) [1989]  [SongRec]
  = nom déjà correct
  ♬ François Feldman — Petit Franck, album : Une présence, année : 1989, genre : French Pop
[499/1381] Freddie Mercury-1992-The Freddie Mercury Album - 01 - Barcelona (Feat. Montserrat Caballé)-DSD128.dsf
  ✗ non reconnu (ni SongRec ni tags)
[500/1381] Fresh Four - Wishing On a Star.mp3
  ♪ Fresh Four — Wishing On a Star (Wishing On a Star - Single) [1989]  [SongRec]
  = nom déjà correct
  ♬ Fresh Four — Wishing On a Star, album : Wishing On a Star - Single, année : 1989, genre : Dance
[501/1381] Freya Skye - Lose My Head.mp3
  ♪ Freya Skye — Lose My Head (Lose My Head - Single) [2022]  [SongRec]
  = nom déjà correct
  ♬ Freya Skye — Lose My Head, album : Lose My Head - Single, année : 2022, genre : Pop
[502/1381] Funk Tribu - I Got It For You (Extended Version).aif
  ✗ non reconnu (ni SongRec ni tags)
[503/1381] Funkerman - Speed Up.mp3
  ♪ Funkerman — Speed Up (Speed Up) [2007]  [SongRec]
  = nom déjà correct
  ♬ Funkerman — Speed Up, album : Speed Up, année : 2007, genre : House
[504/1381] Fuse ODG - Antenna (UK Radio Edit).mp3
  ♪ Fuse ODG — Antenna (UK Radio Edit) (Antenna - EP) [2013]  [SongRec]
  = nom déjà correct
  ♬ Fuse ODG — Antenna (UK Radio Edit), album : Antenna - EP, année : 2013, genre : Afro-Beat
[505/1381] Fushitsusha - A Seldom-Seen Means of Displacing Information A Trembling Time Surely Glimpsed Far Ahead Give Me Back All That Was Me Here Where I Left My Soul Awhile Angō (1996 Version) Entering Into Depths Where Meaning Cannot Exist.mp3
  ♪ Fushitsusha — A Seldom-Seen Means of Displacing Information A Trembling Time Surely Glimpsed Far Ahead / Give Me Back All That Was Me Here Where I Left My Soul Awhile / Angō (1996 Version): Entering Into Depths Where Meaning Cannot Exist (Nothing Changes No One Can Change Anything, I Am Ever-Changing Only You Can Change Yourself) [2014]  [tags existants]
  = nom déjà correct
  ♬ Fushitsusha — A Seldom-Seen Means of Displacing Information A Trembling Time Surely Glimpsed Far Ahead / Give Me Back All That Was Me Here Where I Left My Soul Awhile / Angō (1996 Version): Entering Into Depths Where Meaning Cannot Exist, album : Nothing Changes No One Can Change Anything, I Am Ever-Changing Only You Can Change Yourself, année : 2014
[506/1381] GAMPER & DADONI & Emily Roberts - Bittersweet Symphony.mp3
  ♪ GAMPER & DADONI & Emily Roberts — Bittersweet Symphony (REVIVE) [2019]  [SongRec]
  = nom déjà correct
  ♬ GAMPER & DADONI & Emily Roberts — Bittersweet Symphony, album : REVIVE, année : 2019, genre : Dance
[507/1381] GENER8ION - REQUIEM FOR A PRINCE (Les princes de la ville).mp3
  ♪ GENER8ION — REQUIEM FOR A PRINCE (Les princes de la ville) (ATHENA (Soundtrack from the Netflix Film)) [2022]  [SongRec]
  = nom déjà correct
  ♬ GENER8ION — REQUIEM FOR A PRINCE (Les princes de la ville), album : ATHENA (Soundtrack from the Netflix Film), année : 2022, genre : Soundtrack
[508/1381] GIMS - Tu vas me manquer (Pilule Bleue).mp3
  ♪ GIMS — Tu vas me manquer (Pilule Bleue) (Mon cœur avait raison) [2015]  [SongRec]
  = nom déjà correct
  ♬ GIMS — Tu vas me manquer (Pilule Bleue), album : Mon cœur avait raison, année : 2015, genre : Hip-Hop/Rap
[509/1381] Gabrielle - Because of You.mp3
  ♪ Gabrielle — Because of You (Gabrielle - Dreams the Best Of) [1993]  [SongRec]
  = nom déjà correct
  ♬ Gabrielle — Because of You, album : Gabrielle - Dreams the Best Of, année : 1993, genre : Electronic
[510/1381] Gabrielle - Going Nowhere (Mark Roberts Ultimix Remix).mp3
  ✗ non reconnu (ni SongRec ni tags)
[511/1381] Gabrielle - Out Of Reach.mp3
  ♪ Gabrielle — Out Of Reach  [SongRec]
  = nom déjà correct
  ♬ Gabrielle — Out Of Reach
[512/1381] Gabrielle - Should I Stay (Junior Vasquez Class mix).mp3
  ♪ Gabrielle — Should I Stay (Junior Vasquez Class mix) (Vault 07 - Clubbed Popstars / Clubbed Batch One)  [tags existants]
  = nom déjà correct
  ♬ Gabrielle — Should I Stay (Junior Vasquez Class mix), album : Vault 07 - Clubbed Popstars / Clubbed Batch One
[513/1381] Gage - Pense à moi.mp3
  ♪ Gage — Pense à moi (Soul Rebel) [2005]  [SongRec]
  = nom déjà correct
  ♬ Gage — Pense à moi, album : Soul Rebel, année : 2005, genre : Soul
[514/1381] Garou - Lis dans mes yeux.mp3
  ♪ Garou — Lis dans mes yeux (Seul) [2000]  [SongRec]
  = nom déjà correct
  ♬ Garou — Lis dans mes yeux, album : Seul, année : 2000, genre : French Pop
[515/1381] Garou - Stand Up.mp3
  ♪ Garou — Stand Up  [SongRec]
  = nom déjà correct
  ♬ Garou — Stand Up, genre : Pop
[516/1381] Gary Glitter - Dance Me Up.mp3
  ♪ Gary Glitter — Dance Me Up (The Hey Song (Rock & Roll part 2): The Greatest Hits) [1984]  [SongRec]
  = nom déjà correct
  ♬ Gary Glitter — Dance Me Up, album : The Hey Song (Rock & Roll part 2): The Greatest Hits, année : 1984, genre : Rock
[517/1381] Gaullin - Moonlight.mp3
  ♪ Gaullin — Moonlight (Moonlight - Single) [2018]  [SongRec]
  = nom déjà correct
  ♬ Gaullin — Moonlight, album : Moonlight - Single, année : 2018, genre : Dance
[518/1381] Gavin James - The Book of Love.mp3
  ♪ Gavin James — The Book of Love (Bitter Pill) [2014]  [SongRec]
  = nom déjà correct
  ♬ Gavin James — The Book of Love, album : Bitter Pill, année : 2014, genre : Singer/Songwriter
[519/1381] George Clinton - Last Dance.mp3
  ♪ George Clinton — Last Dance (You Shouldn't-Nuf Bit Fish) [1983]  [SongRec]
  = nom déjà correct
  ♬ George Clinton — Last Dance, album : You Shouldn't-Nuf Bit Fish, année : 1983, genre : R&B/Soul
[520/1381] George Clinton - Nubian Nut.mp3
  ♪ George Clinton — Nubian Nut (You Shouldn't-Nuf Bit Fish) [1983]  [SongRec]
  = nom déjà correct
  ♬ George Clinton — Nubian Nut, album : You Shouldn't-Nuf Bit Fish, année : 1983, genre : R&B/Soul
[521/1381] George Clinton - Quickie.mp3
  ♪ George Clinton — Quickie (You Shouldn't-Nuf Bit Fish) [1983]  [SongRec]
  = nom déjà correct
  ♬ George Clinton — Quickie, album : You Shouldn't-Nuf Bit Fish, année : 1983, genre : R&B/Soul
[522/1381] George Duke - Reach Out.mp3
  ♪ George Duke — Reach Out (Guardian of the Light (Bonus Track Version)) [1983]  [SongRec]
  = nom déjà correct
  ♬ George Duke — Reach Out, album : Guardian of the Light (Bonus Track Version), année : 1983, genre : Pop
[523/1381] George Ezra - Paradise.mp3
  ♪ George Ezra — Paradise (Staying at Tamara's) [2018]  [SongRec]
  = nom déjà correct
  ♬ George Ezra — Paradise, album : Staying at Tamara's, année : 2018, genre : Singer/Songwriter
[524/1381] George Ezra - Pretty Shining People.mp3
  ♪ George Ezra — Pretty Shining People (Staying at Tamara's) [2018]  [SongRec]
  = nom déjà correct
  ♬ George Ezra — Pretty Shining People, album : Staying at Tamara's, année : 2018, genre : Singer/Songwriter
[525/1381] George Kranz - Din Daa Daa.mp3
  ♪ George Kranz — Din Daa Daa (Din Daa Daa (Remixes)) [1984]  [SongRec]
  = nom déjà correct
  ♬ George Kranz — Din Daa Daa, album : Din Daa Daa (Remixes), année : 1984, genre : Dance
[526/1381] Geri Halliwell - Lift Me Up (Almighty Edit).mp3
  ♪ Geri Halliwell — Lift Me Up (Almighty Edit) (Lift Me Up - EP) [1999]  [SongRec]
  = nom déjà correct
  ♬ Geri Halliwell — Lift Me Up (Almighty Edit), album : Lift Me Up - EP, année : 1999, genre : Pop
[527/1381] Get A Room! - Ecuador v3 [24 BIT MAST]-1_639158472570181312.mp3
  ♪ Get A Room! — Ecuador (Ecuador / The Reef - Single) [2018]  [SongRec]
  ⚠ conflit : Get A Room! - Ecuador.mp3 existe déjà, ignoré
  ♬ Get A Room! — Ecuador, album : Ecuador / The Reef - Single, année : 2018, genre : Electronica
[528/1381] Get A Room! - Ecuador v3 [24 BIT MAST]-1_639158540480185799.mp3
  ♪ Get A Room! — Ecuador (Ecuador / The Reef - Single) [2018]  [SongRec]
  ⚠ conflit : Get A Room! - Ecuador.mp3 existe déjà, ignoré
  ♬ Get A Room! — Ecuador, album : Ecuador / The Reef - Single, année : 2018, genre : Electronica
[529/1381] Get A Room! - Ecuador v3 [24 BIT MAST]-1_639159108719439043.mp3
  ♪ Get A Room! — Ecuador (Ecuador / The Reef - Single) [2018]  [SongRec]
  ⚠ conflit : Get A Room! - Ecuador.mp3 existe déjà, ignoré
  ♬ Get A Room! — Ecuador, album : Ecuador / The Reef - Single, année : 2018, genre : Electronica
[530/1381] Get A Room! - Ecuador.mp3
  ♪ Get A Room! — Ecuador (Ecuador / The Reef - Single) [2018]  [SongRec]
  = nom déjà correct
  ♬ Get A Room! — Ecuador, album : Ecuador / The Reef - Single, année : 2018, genre : Electronica
[531/1381] Gianni Polizzi - Le Coup De Soleil.mp3
  ♪ Gianni Polizzi — Le Coup De Soleil (Le Coup De Soleil - Single) [2011]  [SongRec]
  = nom déjà correct
  ♬ Gianni Polizzi — Le Coup De Soleil, album : Le Coup De Soleil - Single, année : 2011, genre : Adult Contemporary
[532/1381] Gigi D'Agostino - Elisir.mp3
  ♪ Gigi D'Agostino — Elisir (L'amour Toujours) [1998]  [SongRec]
  = nom déjà correct
  ♬ Gigi D'Agostino — Elisir, album : L'amour Toujours, année : 1998, genre : Dance
[533/1381] Gigi D'Agostino - L'amour Toujours.mp3
  ♪ Gigi D'Agostino — L'amour Toujours (L'amour Toujours) [2000]  [SongRec]
  = nom déjà correct
  ♬ Gigi D'Agostino — L'amour Toujours, album : L'amour Toujours, année : 2000, genre : Dance
[534/1381] Gilbert Montagné - Les Sunlights Des Tropiques.mp3
  ♪ Gilbert Montagné — Les Sunlights Des Tropiques (Gilbert Montagné : Gold) [2001]  [SongRec]
  = nom déjà correct
  ♬ Gilbert Montagné — Les Sunlights Des Tropiques, album : Gilbert Montagné : Gold, année : 2001, genre : Karaoke
[535/1381] Gilles Floro - Karamel.mp3
  ♪ Gilles Floro — Karamel (Les Trésors du Zouk) [1996]  [SongRec]
  = nom déjà correct
  ♬ Gilles Floro — Karamel, album : Les Trésors du Zouk, année : 1996, genre : World
[536/1381] Giorgio Moroder - Paul's Theme (Jogging Chase).mp3
  ♪ Giorgio Moroder — Paul's Theme (Jogging Chase) (Cat People (Original Motion Picture Soundtrack)) [1982]  [SongRec]
  = nom déjà correct
  ♬ Giorgio Moroder — Paul's Theme (Jogging Chase), album : Cat People (Original Motion Picture Soundtrack), année : 1982, genre : Soundtrack
[537/1381] Girls Aloud - The Whole Damn Show Megamix 131.mp3
  ♪ Girls Aloud — Can't Speak French (Tangled Up (Bonus Track Edition)) [2007]  [SongRec]
  Girls Aloud - The Whole Damn Show Megamix 131.mp3
  → Girls Aloud - Can't Speak French.mp3
  ♬ Girls Aloud — Can't Speak French, album : Tangled Up (Bonus Track Edition), année : 2007, genre : Pop
[538/1381] Gladys Knight & The Pips - I Will Survive.mp3
  ♪ Gladys Knight & The Pips — I Will Survive (Touch) [1981]  [SongRec]
  = nom déjà correct
  ♬ Gladys Knight & The Pips — I Will Survive, album : Touch, année : 1981, genre : R&B/Soul
[539/1381] Glam & Pete Burns & Various Artists - Sex Drive (Direct Hit Remix).mp3
  ♪ Glam & Pete Burns & Various Artists — Sex Drive (Direct Hit Remix)  [SongRec]
  = nom déjà correct
  ♬ Glam & Pete Burns & Various Artists — Sex Drive (Direct Hit Remix), genre : Dance
[540/1381] Goldsound & Danny Groove - Love Like This.mp3
  ♪ Goldsound & Danny Groove — Love Like This (Love Like This - Single) [2025]  [SongRec]
  = nom déjà correct
  ♬ Goldsound & Danny Groove — Love Like This, album : Love Like This - Single, année : 2025, genre : House
[541/1381] Grand Corps Malade & Anna Kova - Espoir adapté.mp3
  ♪ Grand Corps Malade & Anna Kova — Espoir adapté (Plan B (Deluxe)) [2017]  [SongRec]
  = nom déjà correct
  ♬ Grand Corps Malade & Anna Kova — Espoir adapté, album : Plan B (Deluxe), année : 2017, genre : Pop
[542/1381] Grand Corps Malade & Laura Smet - Un verre à la main.mp3
  ♪ Grand Corps Malade & Laura Smet — Un verre à la main (Mesdames) [2020]  [SongRec]
  = nom déjà correct
  ♬ Grand Corps Malade & Laura Smet — Un verre à la main, album : Mesdames, année : 2020, genre : French Pop
[543/1381] Grand Corps Malade & Richard Bohringer - Course contre la honte.mp3
  ♪ Grand Corps Malade & Richard Bohringer — Course contre la honte (Funambule) [2013]  [SongRec]
  = nom déjà correct
  ♬ Grand Corps Malade & Richard Bohringer — Course contre la honte, album : Funambule, année : 2013, genre : French Pop
[544/1381] Grand Garden - Celebration of the Soul (feat. Ladybird).mp3
  ♪ Grand Garden — Celebration of the Soul (feat. Ladybird) (Celebration of the Soul (feat. Ladybird) - Single) [2016]  [SongRec]
  = nom déjà correct
  ♬ Grand Garden — Celebration of the Soul (feat. Ladybird), album : Celebration of the Soul (feat. Ladybird) - Single, année : 2016, genre : Electronic
[545/1381] Gregory Isaacs - Cool Down the Pace.mp3
  ♪ Gregory Isaacs — Cool Down the Pace (Night Nurse (Bonus Tracks Edition)) [1982]  [SongRec]
  = nom déjà correct
  ♬ Gregory Isaacs — Cool Down the Pace, album : Night Nurse (Bonus Tracks Edition), année : 1982, genre : Reggae
[546/1381] Gregory Porter - Liquid Spirit (Claptone Remix).mp3
  ♪ Gregory Porter — Liquid Spirit (Claptone Remix) (Liquid Spirit (Claptone Remix) - Single) [2015]  [SongRec]
  = nom déjà correct
  ♬ Gregory Porter — Liquid Spirit (Claptone Remix), album : Liquid Spirit (Claptone Remix) - Single, année : 2015, genre : Dance
[547/1381] Grizzly Bear - Cheerleader.mp3
  ♪ Grizzly Bear — Cheerleader (Veckatimest) [2009]  [SongRec]
  = nom déjà correct
  ♬ Grizzly Bear — Cheerleader, album : Veckatimest, année : 2009, genre : Alternative
[548/1381] Grégoire - Mon enfant.mp3
  ♪ Grégoire — Mon enfant (Le même soleil) [2010]  [SongRec]
  = nom déjà correct
  ♬ Grégoire — Mon enfant, album : Le même soleil, année : 2010, genre : French Pop
[549/1381] Guns N' Roses - Knockin' on Heaven's Door.mp3
  ♪ Guns N' Roses — Knockin' on Heaven's Door  [tags existants]
  = nom déjà correct
  ♬ Guns N' Roses — Knockin' on Heaven's Door
[550/1381] Guns N' Roses - Paradise City.mp3
  ♪ Guns N' Roses — Paradise City (Appetite For Destruction) [1987]  [SongRec]
  = nom déjà correct
  ♬ Guns N' Roses — Paradise City, album : Appetite For Destruction, année : 1987, genre : Rock
[551/1381] Gusto - Disco's Revenge (Mole Hole Dirty Mix).mp3
  ♪ Gusto — Disco's Revenge (Mole Hole Dirty Mix) (Disco's Revenge) [1995]  [SongRec]
  = nom déjà correct
  ♬ Gusto — Disco's Revenge (Mole Hole Dirty Mix), album : Disco's Revenge, année : 1995, genre : House
[552/1381] Gérard Blanc - Une autre histoire.mp3
  ♪ Gérard Blanc — Une autre histoire (Ailleurs pour un ailleurs ...) [2003]  [SongRec]
  = nom déjà correct
  ♬ Gérard Blanc — Une autre histoire, album : Ailleurs pour un ailleurs ..., année : 2003, genre : French Pop
[553/1381] HERIKANT - Jesus.mp3
  ♪ HERIKANT — Jesus (Jesus - EP) [2025]  [SongRec]
  = nom déjà correct
  ♬ HERIKANT — Jesus, album : Jesus - EP, année : 2025, genre : Christian & Gospel
[554/1381] HUGEL, Merk & Kremont & Lirico En La Casa - Marianela (Qué Pasa).mp3
  ♪ HUGEL, Merk & Kremont & Lirico En La Casa — Marianela (Qué Pasa) (Marianela (Qué Pasa) - Single) [2022]  [SongRec]
  = nom déjà correct
  ♬ HUGEL, Merk & Kremont & Lirico En La Casa — Marianela (Qué Pasa), album : Marianela (Qué Pasa) - Single, année : 2022, genre : House
[555/1381] Haddaway - What Is Love (7 Mix).mp3
  ♪ Haddaway — What Is Love (7" Mix) (What Is Love (The Mixes)) [1992]  [SongRec]
  = nom déjà correct
  ♬ Haddaway — What Is Love (7" Mix), album : What Is Love (The Mixes), année : 1992, genre : Pop
[556/1381] Haley Joelle - Memory Lane.mp3
  ♪ Haley Joelle — Memory Lane (Memory Lane - Single) [2022]  [SongRec]
  = nom déjà correct
  ♬ Haley Joelle — Memory Lane, album : Memory Lane - Single, année : 2022, genre : Pop
[557/1381] Hallux & Marcus - Ai Se Eu Te Pego.mp3
  ♪ Hallux & Marcus — Ai Se Eu Te Pego (Só Sucesso 22) [2012]  [SongRec]
  = nom déjà correct
  ♬ Hallux & Marcus — Ai Se Eu Te Pego, album : Só Sucesso 22, année : 2012, genre : World
[558/1381] Harry Styles - Adore You.mp3
  ♪ Harry Styles — Adore You (Fine Line) [2019]  [SongRec]
  = nom déjà correct
  ♬ Harry Styles — Adore You, album : Fine Line, année : 2019, genre : Pop
[559/1381] Heart - Crazy On You.mp3
  ♪ Heart — Crazy On You (Dreamboat Annie) [1976]  [SongRec]
  = nom déjà correct
  ♬ Heart — Crazy On You, album : Dreamboat Annie, année : 1976, genre : Rock
[560/1381] Helder Rei do Kuduro - Afrobasket.mp3
  ♪ Helder Rei do Kuduro — Afrobasket (The Best Of (Mix)) [2015]  [SongRec]
  = nom déjà correct
  ♬ Helder Rei do Kuduro — Afrobasket, album : The Best Of (Mix), année : 2015, genre : African
[561/1381] Helly Larson - Come Into My Space.mp3
  ♪ Helly Larson — Come Into My Space (My Mind - Single) [2016]  [SongRec]
  = nom déjà correct
  ♬ Helly Larson — Come Into My Space, album : My Mind - Single, année : 2016, genre : Dance
[562/1381] Hervé - Si bien du mal.mp3
  ♪ Hervé — Si bien du mal (Hyper) [2020]  [SongRec]
  = nom déjà correct
  ♬ Hervé — Si bien du mal, album : Hyper, année : 2020, genre : French Pop
[563/1381] Hot Chip - Ready For The Floor.mp3
  ♪ Hot Chip — Ready For The Floor (Joy In Repetition) [2025]  [SongRec]
  = nom déjà correct
  ♬ Hot Chip — Ready For The Floor, album : Joy In Repetition, année : 2025, genre : Alternative
[564/1381] Hot Chocolate - You Sexy Thing (Extended Replay Mix).mp3
  ♪ Hot Chocolate — You Sexy Thing (Extended Replay Mix) (You Sexy Thing) [1975]  [SongRec]
  = nom déjà correct
  ♬ Hot Chocolate — You Sexy Thing (Extended Replay Mix), album : You Sexy Thing, année : 1975, genre : Pop
[565/1381] Hot'n'Juicy & Mousse T. - Horny ('98 Radio Edit).mp3
  ♪ Hot'n'Juicy & Mousse T. — Horny ('98 Radio Edit) (Horny (Radio Edit's) - Single) [1998]  [SongRec]
  = nom déjà correct
  ♬ Hot'n'Juicy & Mousse T. — Horny ('98 Radio Edit), album : Horny (Radio Edit's) - Single, année : 1998, genre : Electronic
[566/1381] Hotel Costes & Freedom Dub - Emotional Rescue (2 Many Beats Mix).mp3
  ♪ Hotel Costes & Freedom Dub — Emotional Rescue (2 Many Beats Mix) (Hôtel Costes A Decade) [2005]  [SongRec]
  = nom déjà correct
  ♬ Hotel Costes & Freedom Dub — Emotional Rescue (2 Many Beats Mix), album : Hôtel Costes A Decade, année : 2005, genre : Electronic
[567/1381] Howard Johnson - Stand Up (Remastered).mp3
  ♪ Howard Johnson — Stand Up (Remastered) (The Vision (Expanded Edition)) [1985]  [SongRec]
  = nom déjà correct
  ♬ Howard Johnson — Stand Up (Remastered), album : The Vision (Expanded Edition), année : 1985, genre : R&B/Soul
[568/1381] Howard Jones - What Is Love.mp3
  ♪ Howard Jones — What Is Love? (Human's Lib) [1983]  [SongRec]
  = nom déjà correct
  ♬ Howard Jones — What Is Love?, album : Human's Lib, année : 1983, genre : Pop
[569/1381] Howie B - Duet.mp3
  ♪ Howie B — Duet  [SongRec]
  = nom déjà correct
  ♬ Howie B — Duet, genre : Electronic
[570/1381] Hue & Cry - Violently (Your Words Hit Me).mp3
  ♪ Hue & Cry — Violently (Your Words Hit Me) (Remote) [1988]  [SongRec]
  = nom déjà correct
  ♬ Hue & Cry — Violently (Your Words Hit Me), album : Remote, année : 1988, genre : Pop
[571/1381] Hue And Cry - Labour of Love (7 Urban Edit).mp3
  ♪ Hue And Cry — Labour of Love (7" Urban Edit) (Labours of Love - The Best of Hue and Cry) [1993]  [SongRec]
  = nom déjà correct
  ♬ Hue And Cry — Labour of Love (7" Urban Edit), album : Labours of Love - The Best of Hue and Cry, année : 1993, genre : Pop
[572/1381] Huey Lewis & The News - Finally Found a Home.mp3
  ♪ Huey Lewis & The News — Finally Found a Home (Sports (2013 Remaster)) [1983]  [SongRec]
  = nom déjà correct
  ♬ Huey Lewis & The News — Finally Found a Home, album : Sports (2013 Remaster), année : 1983, genre : Rock
[573/1381] Hugh Jackman, Keala Settle, Zac Efron, Zendaya & The Greatest Showman Ensemble - The Greatest Show.mp3
  ♪ Hugh Jackman, Keala Settle, Zac Efron, Zendaya & The Greatest Showman Ensemble — The Greatest Show (The Greatest Showman (Original Motion Picture Soundtrack)) [2017]  [SongRec]
  = nom déjà correct
  ♬ Hugh Jackman, Keala Settle, Zac Efron, Zendaya & The Greatest Showman Ensemble — The Greatest Show, album : The Greatest Showman (Original Motion Picture Soundtrack), année : 2017, genre : Soundtrack
[574/1381] Hyperlogic - Only Me (Red Jerry Mix).mp3
  ♪ Hyperlogic — Only Me (Red Jerry Mix) (Only Me - EP) [1995]  [SongRec]
  = nom déjà correct
  ♬ Hyperlogic — Only Me (Red Jerry Mix), album : Only Me - EP, année : 1995, genre : Dance
[575/1381] Hélène Bohy & Agnès Chaumié - Bonjour ma cousine (feat. Éric Perche).mp3
  ♪ Hélène Bohy & Agnès Chaumié — Bonjour ma cousine (feat. Éric Perche) (75 chansons comptines et jeux de doigts - Enfance et Musique (feat. Éric Perche)) [1987]  [SongRec]
  = nom déjà correct
  ♬ Hélène Bohy & Agnès Chaumié — Bonjour ma cousine (feat. Éric Perche), album : 75 chansons comptines et jeux de doigts - Enfance et Musique (feat. Éric Perche), année : 1987, genre : French Pop
[576/1381] Höstsonaten - Entering the Halls of Winter.mp3
  ♪ Hostsonaten — Entering the Halls of Winter (Winterthrough) [2008]  [SongRec]
  Höstsonaten - Entering the Halls of Winter.mp3
  → Hostsonaten - Entering the Halls of Winter.mp3
  ♬ Hostsonaten — Entering the Halls of Winter, album : Winterthrough, année : 2008, genre : Rock
[577/1381] IAM - Chez le mac.mp3
  ♪ IAM — Chez le mac (L'école du micro d'argent (Edition Collector)) [1997]  [SongRec]
  = nom déjà correct
  ♬ IAM — Chez le mac, album : L'école du micro d'argent (Edition Collector), année : 1997, genre : Hip-Hop/Rap
[578/1381] IAM - Noble Art (feat. Method Man & Redman).mp3
  ♪ IAM — Noble Art (feat. Method Man & Redman) (revoir un printemps) [2003]  [SongRec]
  = nom déjà correct
  ♬ IAM — Noble Art (feat. Method Man & Redman), album : revoir un printemps, année : 2003, genre : Hip-Hop/Rap
[579/1381] IAM - Petit Frère.mp3
  ♪ IAM — Petit Frère (Platinum) [1997]  [SongRec]
  = nom déjà correct
  ♬ IAM — Petit Frère, album : Platinum, année : 1997, genre : World
[580/1381] Ian Pooley - Coração Tambor (Swag Remix).mp3
  ♪ Ian Pooley — Coração Tambor (Swag Remix) (Since Then. 2017) [2017]  [SongRec]
  = nom déjà correct
  ♬ Ian Pooley — Coração Tambor (Swag Remix), album : Since Then. 2017, année : 2017, genre : House
[581/1381] Ici Paris - Le Centre Du Monde.mp3
  ♪ Ici Paris — Le Centre Du Monde (My Girlfriend Was A Punk! (Rare Early Female Punkrockers)) [2000]  [tags existants]
  = nom déjà correct
  ♬ Ici Paris — Le Centre Du Monde, album : My Girlfriend Was A Punk! (Rare Early Female Punkrockers), année : 2000
[582/1381] Idan Amedi - תסתכלי לי בעיניים.mp3
  ♪ Idan Amedi — תסתכלי לי בעיניים (זוכר כמעט הכל) [2021]  [SongRec]
  = nom déjà correct
  ♬ Idan Amedi — תסתכלי לי בעיניים, album : זוכר כמעט הכל, année : 2021, genre : Pop
[583/1381] Idir - Marche sur Jérusalem (feat. Akhenaton).mp3
  ♪ Idir — Marche sur Jérusalem (feat. Akhenaton) (La France des couleurs) [2007]  [SongRec]
  = nom déjà correct
  ♬ Idir — Marche sur Jérusalem (feat. Akhenaton), album : La France des couleurs, année : 2007, genre : Hip-Hop/Rap
[584/1381] Iggy & The Stooges - Search and Destroy.mp3
  ♪ Iggy & The Stooges — Search and Destroy (Back to the Noise (Studio Tracks & Live at the Whiskey A Go-Go 1973)) [2003]  [SongRec]
  = nom déjà correct
  ♬ Iggy & The Stooges — Search and Destroy, album : Back to the Noise (Studio Tracks & Live at the Whiskey A Go-Go 1973), année : 2003, genre : Punk
[585/1381] Iggy Pop - The Passenger.mp3
  ♪ Iggy Pop — The Passenger (Lust For Life) [1977]  [SongRec]
  = nom déjà correct
  ♬ Iggy Pop — The Passenger, album : Lust For Life, année : 1977, genre : Rock
[586/1381] Iio - Rapture (Kenan Savrun Rework).mp3
  ♪ Iio — Rapture  [SongRec]
  ⚠ conflit : Iio - Rapture.mp3 existe déjà, ignoré
  ♬ Iio — Rapture, genre : Dance
[587/1381] Iio - Rapture.mp3
  ♪ Iio — Rapture  [SongRec]
  = nom déjà correct
  ♬ Iio — Rapture, genre : Dance
[588/1381] Ike & Tina Turner - I Idolize You.mp3
  ♪ Ike & Tina Turner — I Idolize You (Dynamite!) [1962]  [SongRec]
  = nom déjà correct
  ♬ Ike & Tina Turner — I Idolize You, album : Dynamite!, année : 1962, genre : R&B/Soul
[589/1381] Imagination - State Of Love (Live).mp3
  ♪ Imagination — State Of Love (Live) (The Very Best Of Imagination - Just An Illusion (Live)) [2009]  [SongRec]
  = nom déjà correct
  ♬ Imagination — State Of Love (Live), album : The Very Best Of Imagination - Just An Illusion (Live), année : 2009, genre : R&B/Soul
[590/1381] Imagine Dragons - Evolve - 09 - Thunder.dsf
  ✗ non reconnu (ni SongRec ni tags)
[591/1381] Imagine Dragons - Sharks (Live in Vegas).mp3
  ♪ Imagine Dragons — Sharks (Live in Vegas) (Imagine Dragons Live in Vegas) [2023]  [SongRec]
  = nom déjà correct
  ♬ Imagine Dragons — Sharks (Live in Vegas), album : Imagine Dragons Live in Vegas, année : 2023, genre : Alternative
[592/1381] Imanbek & BYOR - Belly Dancer (LUM!X Remix).mp3
  ♪ Imanbek & BYOR — Belly Dancer (LUM!X Remix) (Belly Dancer (LUM!X Remix) - Single) [2022]  [SongRec]
  = nom déjà correct
  ♬ Imanbek & BYOR — Belly Dancer (LUM!X Remix), album : Belly Dancer (LUM!X Remix) - Single, année : 2022, genre : Dance
[593/1381] Indeep - Last Night a D.J. Saved My Life (Smeddles More Ass Edit).mp3
  ♪ Indeep — Last Night a D.J. Saved My Life (Smeddles More Ass Edit) (Last Night a D.J. Saved My Life (Smeddles More Ass Mix) - Single) [2022]  [SongRec]
  = nom déjà correct
  ♬ Indeep — Last Night a D.J. Saved My Life (Smeddles More Ass Edit), album : Last Night a D.J. Saved My Life (Smeddles More Ass Mix) - Single, année : 2022, genre : Dance
[594/1381] Inner City - Do You Love What You Feel (Duane Bradley Mix).mp3
  ♪ Inner City — Do You Love What You Feel (Duane Bradley Mix) (Good Life - The Best of Inner City) [1989]  [SongRec]
  = nom déjà correct
  ♬ Inner City — Do You Love What You Feel (Duane Bradley Mix), album : Good Life - The Best of Inner City, année : 1989, genre : Dance
[595/1381] Ironik - Stay with Me (Everybody's Free) [Mysparks Edit].mp3
  ♪ Ironik — Stay with Me (Everybody's Free) [Mysparks Edit] (Hip Hop & R'N'B Anthems) [2008]  [SongRec]
  = nom déjà correct
  ♬ Ironik — Stay with Me (Everybody's Free) [Mysparks Edit], album : Hip Hop & R'N'B Anthems, année : 2008, genre : Hip-Hop/Rap
[596/1381] Izzy Bizu - White Tiger.mp3
  ♪ Izzy Bizu — White Tiger (White Tiger - Single) [2015]  [SongRec]
  = nom déjà correct
  ♬ Izzy Bizu — White Tiger, album : White Tiger - Single, année : 2015, genre : R&B/Soul
[597/1381] J7 Strawberry Fields Forever.dsf
  ✗ non reconnu (ni SongRec ni tags)
[598/1381] JAŸ-Z & Kanye West - Welcome to the Jungle.mp3
  ♪ JAŸ-Z & Kanye West — Welcome to the Jungle (Watch the Throne) [2011]  [SongRec]
  = nom déjà correct
  ♬ JAŸ-Z & Kanye West — Welcome to the Jungle, album : Watch the Throne, année : 2011, genre : Hip-Hop/Rap
[599/1381] JJ Learns The Colors Song  CoComelon Nursery Rhymes and Kids Songs _ 3 HOURS _ After School Club.mp3
  ✗ non reconnu (ni SongRec ni tags)
[600/1381] JT Donaldson & Lance Desardi - Jus' Everybody.mp3
  ♪ JT Donaldson & Lance Desardi — Jus' Everybody  [SongRec]
  = nom déjà correct
  ♬ JT Donaldson & Lance Desardi — Jus' Everybody, genre : Dance
[601/1381] Jacana People - Era (Edit).mp3
  ♪ Jacana People — Era (Edit) (Era - Single) [2021]  [SongRec]
  = nom déjà correct
  ♬ Jacana People — Era (Edit), album : Era - Single, année : 2021, genre : Electronica
[602/1381] Jackie Mekaiten - גינה לי.mp3
  ♪ Jackie Mekaiten — גינה לי (27 שירי ילדים מכל הזמנים) [1998]  [SongRec]
  = nom déjà correct
  ♬ Jackie Mekaiten — גינה לי, album : 27 שירי ילדים מכל הזמנים, année : 1998, genre : Pop
[603/1381] Jackie Wilson - Reet Petite.mp3
  ♪ Jackie Wilson — Reet Petite (He's So Fine) [1958]  [SongRec]
  = nom déjà correct
  ♬ Jackie Wilson — Reet Petite, album : He's So Fine, année : 1958, genre : R&B/Soul
[604/1381] Jacky Core - Megamix by Lady Darkside.mp3
  ♪ Jacky Core — Megamix by Lady Darkside  [SongRec]
  = nom déjà correct
  ♬ Jacky Core — Megamix by Lady Darkside, genre : Dance
[605/1381] Jaki Graham - Set Me Free.mp3
  ♪ Jaki Graham — Set Me Free (Breaking Away) [1986]  [SongRec]
  = nom déjà correct
  ♬ Jaki Graham — Set Me Free, album : Breaking Away, année : 1986, genre : R&B/Soul
[606/1381] Jamelia - Money (feat. Beenie Man).mp3
  ♪ Jamelia — Money (feat. Beenie Man) (Drama) [2000]  [SongRec]
  = nom déjà correct
  ♬ Jamelia — Money (feat. Beenie Man), album : Drama, année : 2000, genre : Pop
[607/1381] James Arthur - Falling like the Stars.mp3
  ♪ James Arthur — Falling like the Stars (YOU) [2019]  [SongRec]
  = nom déjà correct
  ♬ James Arthur — Falling like the Stars, album : YOU, année : 2019, genre : Pop
[608/1381] James Arthur - Train Wreck.mp3
  ♪ James Arthur — Train Wreck (Back from the Edge) [2016]  [SongRec]
  = nom déjà correct
  ♬ James Arthur — Train Wreck, album : Back from the Edge, année : 2016, genre : Pop
[609/1381] James Bay - Hold Back the River (Live At Hammersmith Apollo 2016).mp3
  ♪ James Bay — Hold Back the River (Live At Hammersmith Apollo / 2016)  [SongRec]
  = nom déjà correct
  ♬ James Bay — Hold Back the River (Live At Hammersmith Apollo / 2016), genre : Singer/Songwriter
[610/1381] James Blake - Life Round Here (feat. Chance The Rapper).mp3
  ♪ James Blake — Life Round Here (feat. Chance The Rapper) (Life Round Here (feat. Chance The Rapper) - Single) [2013]  [SongRec]
  = nom déjà correct
  ♬ James Blake — Life Round Here (feat. Chance The Rapper), album : Life Round Here (feat. Chance The Rapper) - Single, année : 2013, genre : Electronic
[611/1381] James Brown - Mind Power (Regrooved By Basement Freaks).mp3
  ♪ James Brown — Mind Power (Regrooved By Basement Freaks)  [SongRec]
  = nom déjà correct
  ♬ James Brown — Mind Power (Regrooved By Basement Freaks)
[612/1381] James Hunter - Strange But True.mp3
  ♪ James Hunter — Strange But True (The Hard Way) [2008]  [SongRec]
  = nom déjà correct
  ♬ James Hunter — Strange But True, album : The Hard Way, année : 2008, genre : Rock
[613/1381] Jamie T - Calm Down Dearest.mp3
  ♪ Jamie T — Calm Down Dearest (Panic Prevention) [2007]  [SongRec]
  = nom déjà correct
  ♬ Jamie T — Calm Down Dearest, album : Panic Prevention, année : 2007, genre : Pop
[614/1381] Jamiroquai - Virtual Insanity.mp3
  ♪ Jamiroquai — Virtual Insanity (Travelling Without Moving (20th Anniversary Edition) [2016 Remaster]) [1996]  [SongRec]
  = nom déjà correct
  ♬ Jamiroquai — Virtual Insanity, album : Travelling Without Moving (20th Anniversary Edition) [2016 Remaster], année : 1996, genre : Pop
[615/1381] Jan Hammer - Miami Vice Theme (Extended Version).mp3
  ♪ Jan Hammer — Miami Vice Theme (Extended Version)  [SongRec]
  = nom déjà correct
  ♬ Jan Hammer — Miami Vice Theme (Extended Version), genre : Soundtrack
[616/1381] Janet Jackson - Escapade.mp3
  ♪ Janet Jackson — Escapade (Rhythm Nation 1814) [1989]  [SongRec]
  = nom déjà correct
  ♬ Janet Jackson — Escapade, album : Rhythm Nation 1814, année : 1989, genre : Pop
[617/1381] Janet Jackson - I Get Lonely (Janet vs. Jason The Club Remix).mp3
  ♪ Janet Jackson — I Get Lonely (Janet vs. Jason The Club Remix) (The Velvet Rope (Deluxe Edition)) [1997]  [SongRec]
  = nom déjà correct
  ♬ Janet Jackson — I Get Lonely (Janet vs. Jason The Club Remix), album : The Velvet Rope (Deluxe Edition), année : 1997, genre : Dance
[618/1381] Janie - Discothèque.mp3
  ♪ Janie — Discothèque (Toujours des fleurs) [2019]  [SongRec]
  = nom déjà correct
  ♬ Janie — Discothèque, album : Toujours des fleurs, année : 2019, genre : French Pop
[619/1381] Jason Derulo - In My Head.mp3
  ♪ Jason Derulo — In My Head (Jason Derulo) [2009]  [SongRec]
  = nom déjà correct
  ♬ Jason Derulo — In My Head, album : Jason Derulo, année : 2009, genre : Pop
[620/1381] Jean Jacques Sage & Jean Philippe Bernaux - Enfants De La Balle.mp3
  ♪ Jean Jacques Sage & Jean Philippe Bernaux — Enfants De La Balle  [SongRec]
  = nom déjà correct
  ♬ Jean Jacques Sage & Jean Philippe Bernaux — Enfants De La Balle, genre : Classical
[621/1381] Jean-Jacques Goldman - Petite Fille.mp3
  ♪ Jean-Jacques Goldman — Petite Fille (Jean-Jacques Goldman : La collection 81-89) [1984]  [SongRec]
  = nom déjà correct
  ♬ Jean-Jacques Goldman — Petite Fille, album : Jean-Jacques Goldman : La collection 81-89, année : 1984, genre : French Pop
[622/1381] Jean-Paul Pognon - Krysti.mp3
  ♪ Jean-Paul Pognon — Krysti (L'Année Du Zouk, Vol. 3) [2007]  [SongRec]
  = nom déjà correct
  ♬ Jean-Paul Pognon — Krysti, album : L'Année Du Zouk, Vol. 3, année : 2007, genre : World
[623/1381] Jeff Beck - Hi Ho Silver Lining.mp3
  ♪ Jeff Beck — Hi Ho Silver Lining (Beckology) [1991]  [SongRec]
  = nom déjà correct
  ♬ Jeff Beck — Hi Ho Silver Lining, album : Beckology, année : 1991, genre : Pop
[624/1381] Jehro - All I Want.mp3
  ♪ Jehro — All I Want (Hôtel Costes 9) [2006]  [SongRec]
  = nom déjà correct
  ♬ Jehro — All I Want, album : Hôtel Costes 9, année : 2006, genre : Electronic
[625/1381] Jellybean - The Real Thing.mp3
  ♪ Jellybean — The Real Thing (Just Visiting This Planet) [1987]  [SongRec]
  = nom déjà correct
  ♬ Jellybean — The Real Thing, album : Just Visiting This Planet, année : 1987, genre : Dance
[626/1381] Jenifer - Je danse (2024).mp3
  ♪ Jenifer — Je danse (2024) (JUKEBOX) [2024]  [SongRec]
  = nom déjà correct
  ♬ Jenifer — Je danse (2024), album : JUKEBOX, année : 2024, genre : French Pop
[627/1381] Jennifer Cihi, Patricia Tollett, Ronald Aaron Wasserman & Sandy Howell - I Want Someone To Love (RAW RE-MIX).mp3
  ♪ Jennifer Cihi, Patricia Tollett, Ronald Aaron Wasserman & Sandy Howell — I Want Someone To Love (RAW RE-MIX)  [SongRec]
  = nom déjà correct
  ♬ Jennifer Cihi, Patricia Tollett, Ronald Aaron Wasserman & Sandy Howell — I Want Someone To Love (RAW RE-MIX)
[628/1381] Jeremy Healy & Amos - Stamp! (Radio Edit).mp3
  ♪ Jeremy Healy & Amos — Stamp! (Radio Edit) (Stamp! (Radio Edit) - Single) [2005]  [SongRec]
  = nom déjà correct
  ♬ Jeremy Healy & Amos — Stamp! (Radio Edit), album : Stamp! (Radio Edit) - Single, année : 2005, genre : Pop
[629/1381] Jeremy Steig - LIVING INSIDE YOUR LOVE.mp3
  ♪ Jeremy Steig — LIVING INSIDE YOUR LOVE  [SongRec]
  = nom déjà correct
  ♬ Jeremy Steig — LIVING INSIDE YOUR LOVE, genre : Jazz
[630/1381] Jermaine Jackson - You Need To Be Loved.mp3
  ♪ Jermaine Jackson — You Need To Be Loved (Greatest Hits and Rare Classics) [1991]  [SongRec]
  = nom déjà correct
  ♬ Jermaine Jackson — You Need To Be Loved, album : Greatest Hits and Rare Classics, année : 1991, genre : R&B/Soul
[631/1381] Jerry Harrison & Casual Gods - Sleep Angel.mp3
  ♪ Jerry Harrison & Casual Gods — Sleep Angel (Walk On Water) [1990]  [SongRec]
  = nom déjà correct
  ♬ Jerry Harrison & Casual Gods — Sleep Angel, album : Walk On Water, année : 1990, genre : Pop
[632/1381] Jimmy Cliff - You Can Get It If You Really Want.mp3
  ♪ Jimmy Cliff — You Can Get It If You Really Want (The Harder They Come (Original Motion Picture Soundtrack)) [1972]  [SongRec]
  = nom déjà correct
  ♬ Jimmy Cliff — You Can Get It If You Really Want, album : The Harder They Come (Original Motion Picture Soundtrack), année : 1972, genre : World
[633/1381] Jimmy Nail - Big River.mp3
  ♪ Jimmy Nail — Big River (Big River) [1992]  [SongRec]
  = nom déjà correct
  ♬ Jimmy Nail — Big River, album : Big River, année : 1992, genre : Pop
[634/1381] Jimmy Ross - First True Love Affair (Larry Levan Remix).mp3
  ♪ Jimmy Ross — First True Love Affair (Larry Levan Remix) (First True Love Affair) [1981]  [SongRec]
  = nom déjà correct
  ♬ Jimmy Ross — First True Love Affair (Larry Levan Remix), album : First True Love Affair, année : 1981, genre : Dance
[635/1381] Jinny - Keep Warm (Extended Mix).mp3
  ♪ Jinny — Keep Warm (Extended Mix) (Keep Warm - EP) [1991]  [SongRec]
  = nom déjà correct
  ♬ Jinny — Keep Warm (Extended Mix), album : Keep Warm - EP, année : 1991, genre : Dance
[636/1381] Jjos - Around Control (feat. Manu López) [Lounge Mix].mp3
  ♪ Jjos — Around Control (feat. Manu López) [Lounge Mix] (Around Control (feat. Manu López) [Lounge Mix] - Single) [2013]  [SongRec]
  = nom déjà correct
  ♬ Jjos — Around Control (feat. Manu López) [Lounge Mix], album : Around Control (feat. Manu López) [Lounge Mix] - Single, année : 2013, genre : Electronic
[637/1381] Jjos - In a Perfect World.mp3
  ♪ Jjos — In a Perfect World (Come into My Space) [2011]  [SongRec]
  = nom déjà correct
  ♬ Jjos — In a Perfect World, album : Come into My Space, année : 2011, genre : Electronic
[638/1381] Jo Bisso - I Wanna Love (Al Kent Edit).mp3
  ♪ Jo Bisso — I Wanna Love (Al Kent Edit) (Disco Demands, Pt. 6) [2020]  [SongRec]
  = nom déjà correct
  ♬ Jo Bisso — I Wanna Love (Al Kent Edit), album : Disco Demands, Pt. 6, année : 2020, genre : Funk
[639/1381] Joe Budden - Pump It Up.mp3
  ♪ Joe Budden — Pump It Up (Joe Budden) [2003]  [SongRec]
  = nom déjà correct
  ♬ Joe Budden — Pump It Up, album : Joe Budden, année : 2003, genre : Hip-Hop/Rap
[640/1381] Joe Burns - Let Go (feat. Skinner) [Vocal Mix].mp3
  ♪ Joe Burns — Let Go (feat. Skinner) [Vocal Mix] (We Go Deep (Remix Edition - Mixed by the Avener)) [2015]  [SongRec]
  = nom déjà correct
  ♬ Joe Burns — Let Go (feat. Skinner) [Vocal Mix], album : We Go Deep (Remix Edition - Mixed by the Avener), année : 2015, genre : Electronic
[641/1381] Joe Cocker - Little Bit of Love.mp3
  ♪ Joe Cocker — Little Bit of Love  [SongRec]
  = nom déjà correct
  ♬ Joe Cocker — Little Bit of Love, genre : Rock
[642/1381] Joe Cocker - Night Calls (10 - Little Bit Of Love).mp3
  ♪ Joe Cocker — Little Bit of Love  [SongRec]
  ⚠ conflit : Joe Cocker - Little Bit of Love.mp3 existe déjà, ignoré
  ♬ Joe Cocker — Little Bit of Love, genre : Rock
[643/1381] Joe Goddard & Mara Carlyle - She Burns.mp3
  ♪ Joe Goddard & Mara Carlyle — She Burns (Taking Over - EP) [2013]  [SongRec]
  = nom déjà correct
  ♬ Joe Goddard & Mara Carlyle — She Burns, album : Taking Over - EP, année : 2013, genre : Electronic
[644/1381] Joe Lewandowski - I Wanna Know (Mala Ika Remix).mp3
  ♪ Goom Gum & DONT BLINK — HARD DECISION (Extended Mix)  [SongRec]
  Joe Lewandowski - I Wanna Know (Mala Ika Remix).mp3
  → Goom Gum & DONT BLINK - HARD DECISION (Extended Mix).mp3
  ♬ Goom Gum & DONT BLINK — HARD DECISION (Extended Mix), genre : House
[645/1381] Joe Montana - Electric Dreams.mp3
  ♪ Joe Montana — Electric Dreams (Car Wash EP) [2006]  [SongRec]
  = nom déjà correct
  ♬ Joe Montana — Electric Dreams, album : Car Wash EP, année : 2006, genre : Dance
[646/1381] Joel Corry - Sorry.mp3
  ♪ Joel Corry — Sorry (Another Friday Night) [2019]  [SongRec]
  = nom déjà correct
  ♬ Joel Corry — Sorry, album : Another Friday Night, année : 2019, genre : Dance
[647/1381] John Coghlan - Overdose.mp3
  ♪ John Coghlan — Overdose (John Coghlan Performs Status Quo (Greatest Hits)) [2014]  [SongRec]
  = nom déjà correct
  ♬ John Coghlan — Overdose, album : John Coghlan Performs Status Quo (Greatest Hits), année : 2014, genre : Electronic
[648/1381] John Dahlbäck - Blink (DIM Chris Remix).mp3
  ♪ John Dahlbäck — Blink (DIM Chris Remix) (Blink Remixes) [2007]  [SongRec]
  = nom déjà correct
  ♬ John Dahlbäck — Blink (DIM Chris Remix), album : Blink Remixes, année : 2007, genre : Electronic
[649/1381] John Dahlbäck - Everywhere.mp3
  ♪ John Dahlbäck — Everywhere (Everywhere - Single) [2007]  [SongRec]
  = nom déjà correct
  ♬ John Dahlbäck — Everywhere, album : Everywhere - Single, année : 2007, genre : Dance
[650/1381] John Lennon - How Do You Sleep (Take 1 Raw Studio Mix).mp3
  ♪ John Lennon — How Do You Sleep? (Take 1 / Raw Studio Mix) (Imagine (The Raw Studio Mixes)) [1971]  [SongRec]
  = nom déjà correct
  ♬ John Lennon — How Do You Sleep? (Take 1 / Raw Studio Mix), album : Imagine (The Raw Studio Mixes), année : 1971, genre : Rock
[651/1381] John Mayer - I Don't Need No Doctor (Live at the Nokia Theatre, Los Angeles, CA - December 2007).mp3
  ♪ John Mayer — I Don't Need No Doctor (Live at the Nokia Theatre, Los Angeles, CA - December 2007) (Where the Light Is: John Mayer Live In Los Angeles) [2008]  [SongRec]
  = nom déjà correct
  ♬ John Mayer — I Don't Need No Doctor (Live at the Nokia Theatre, Los Angeles, CA - December 2007), album : Where the Light Is: John Mayer Live In Los Angeles, année : 2008, genre : Pop
[652/1381] Johnny Hallyday - La Ville Des Ames En Peine (Live Vegas 96 Version 2003).mp3
  ♪ Johnny Hallyday — La Ville Des Ames En Peine (Live Vegas 96 / Version 2003) (Le concert de sa vie) [2018]  [SongRec]
  = nom déjà correct
  ♬ Johnny Hallyday — La Ville Des Ames En Peine (Live Vegas 96 / Version 2003), album : Le concert de sa vie, année : 2018, genre : Pop
[653/1381] Johnny Hallyday - Requiem Pour Un Fou.mp3
  ♪ Johnny Hallyday — Requiem Pour Un Fou (Best Of 70) [1976]  [SongRec]
  = nom déjà correct
  ♬ Johnny Hallyday — Requiem Pour Un Fou, album : Best Of 70, année : 1976, genre : Rock
[654/1381] Johnny Hallyday - Requiem pour un fou (Live).mp3
  ♪ Johnny Hallyday — Requiem pour un fou (Live) (Johnny Hallyday : Pavillon de Paris (1979) [Live]) [1979]  [SongRec]
  = nom déjà correct
  ♬ Johnny Hallyday — Requiem pour un fou (Live), album : Johnny Hallyday : Pavillon de Paris (1979) [Live], année : 1979, genre : Rock
[655/1381] Johnny Hallyday - Vivre pour le meilleur.mp3
  ♪ Johnny Hallyday — Vivre pour le meilleur (Sang pour sang) [1999]  [SongRec]
  = nom déjà correct
  ♬ Johnny Hallyday — Vivre pour le meilleur, album : Sang pour sang, année : 1999, genre : Rock
[656/1381] Joshua Robbie - I Surrender (feat. Lange Frans) [Remix].mp3
  ♪ Joshua Robbie — I Surrender (feat. Lange Frans) [Remix] (I Surrender (Remix) [feat. Lange Frans] - Single) [2024]  [SongRec]
  = nom déjà correct
  ♬ Joshua Robbie — I Surrender (feat. Lange Frans) [Remix], album : I Surrender (Remix) [feat. Lange Frans] - Single, année : 2024, genre : Dance
[657/1381] Joy Enriquez - Tell Me How You Feel.mp3
  ♪ Joy Enriquez — Tell Me How You Feel (Joy Enriquez) [2001]  [SongRec]
  = nom déjà correct
  ♬ Joy Enriquez — Tell Me How You Feel, album : Joy Enriquez, année : 2001, genre : Pop
[658/1381] Joyhauser - Pigment.mp3
  ♪ Joyhauser — Pigment (Pigment - Single) [2021]  [SongRec]
  = nom déjà correct
  ♬ Joyhauser — Pigment, album : Pigment - Single, année : 2021, genre : Electronic
[659/1381] Joëlle Ursull - White and Black Blues.mp3
  ♪ Joëlle Ursull — White and Black Blues (Black French) [1990]  [SongRec]
  = nom déjà correct
  ♬ Joëlle Ursull — White and Black Blues, album : Black French, année : 1990, genre : World
[660/1381] Julia Michaels - Issues.mp3
  ♪ Julia Michaels — Issues (Nervous System) [2017]  [SongRec]
  = nom déjà correct
  ♬ Julia Michaels — Issues, album : Nervous System, année : 2017, genre : Pop
[661/1381] Julian Lennon - Too Late for Goodbyes.mp3
  ♪ Julian Lennon — Too Late for Goodbyes (Valotte) [1984]  [SongRec]
  = nom déjà correct
  ♬ Julian Lennon — Too Late for Goodbyes, album : Valotte, année : 1984, genre : Pop
[662/1381] Julian Perretta - Miracle.mp3
  ♪ Julian Perretta — Miracle (Miracle - Single) [2015]  [SongRec]
  = nom déjà correct
  ♬ Julian Perretta — Miracle, album : Miracle - Single, année : 2015, genre : Dance
[663/1381] Julien Dyne - Glisten Up.mp3
  ♪ Julien Dyne — Glisten Up (Glimpse) [1969]  [SongRec]
  = nom déjà correct
  ♬ Julien Dyne — Glisten Up, album : Glimpse, année : 1969, genre : Electronic
[664/1381] Julio X - Reggaeton Royalty Iv (feat. El Nene La Amenaza, Shadow Blow, Anuel AA, Jory Boy, Farruko, Ozuna, Daddy Yankee, Nicky Jam & De La Ghetto).mp3
  ♪ Julio X — Reggaeton Royalty Iv (feat. El Nene La Amenaza, Shadow Blow, Anuel AA, Jory Boy, Farruko, Ozuna, Daddy Yankee, Nicky Jam & De La Ghetto)  [SongRec]
  = nom déjà correct
  ♬ Julio X — Reggaeton Royalty Iv (feat. El Nene La Amenaza, Shadow Blow, Anuel AA, Jory Boy, Farruko, Ozuna, Daddy Yankee, Nicky Jam & De La Ghetto), genre : Latin Urban
[665/1381] Justin Bieber - Peaches (feat. Daniel Caesar & GIVĒON).mp3
  ♪ Justin Bieber — Peaches (feat. Daniel Caesar & GIVĒON) (Justice) [2021]  [SongRec]
  = nom déjà correct
  ♬ Justin Bieber — Peaches (feat. Daniel Caesar & GIVĒON), album : Justice, année : 2021, genre : Pop
[666/1381] Justin Timberlake - (Oh No) What You Got.mp3
  ♪ Justin Timberlake — (Oh No) What You Got (Justified) [2002]  [SongRec]
  = nom déjà correct
  ♬ Justin Timberlake — (Oh No) What You Got, album : Justified, année : 2002, genre : Pop
[667/1381] Justin Timberlake - Breeze Off the Pond.mp3
  ♪ Justin Timberlake — Breeze Off the Pond (Man of the Woods) [2018]  [SongRec]
  = nom déjà correct
  ♬ Justin Timberlake — Breeze Off the Pond, album : Man of the Woods, année : 2018, genre : Pop
[668/1381] Justin Timberlake - FutureSex LoveSound.mp3
  ♪ Justin Timberlake — FutureSex / LoveSound (FutureSex/LoveSounds) [2006]  [SongRec]
  = nom déjà correct
  ♬ Justin Timberlake — FutureSex / LoveSound, album : FutureSex/LoveSounds, année : 2006, genre : Pop
[669/1381] Jérôme - Je Te Donne Mon cœur.mp3
  ♪ Jérôme — Je Te Donne Mon cœur (Infiniment Zouk, Vol. 2) [2002]  [SongRec]
  = nom déjà correct
  ♬ Jérôme — Je Te Donne Mon cœur, album : Infiniment Zouk, Vol. 2, année : 2002, genre : World
[670/1381] KEANE - SOMEWHERE ONLY WE KNOW.dsf
  ✗ non reconnu (ni SongRec ni tags)
[671/1381] KT Tunstall - Other Side Of The World.mp3
  ♪ KT Tunstall — Other Side Of The World (Eye to the Telescope: Stargazer Edition) [2004]  [SongRec]
  = nom déjà correct
  ♬ KT Tunstall — Other Side Of The World, album : Eye to the Telescope: Stargazer Edition, année : 2004, genre : Pop
[672/1381] KT Tunstall - Suddenly I See.mp3
  ♪ KT Tunstall — Suddenly I See (Eye To the Telescope) [2004]  [SongRec]
  = nom déjà correct
  ♬ KT Tunstall — Suddenly I See, album : Eye To the Telescope, année : 2004, genre : Rock
[673/1381] KUSMEE - Natural Something.mp3
  ♪ KUSMEE — Natural Something (Natural Something - EP) [2016]  [SongRec]
  = nom déjà correct
  ♬ KUSMEE — Natural Something, album : Natural Something - EP, année : 2016, genre : Electronic
[674/1381] Kaci Battaglia - Paradise.mp3
  ♪ Kaci Battaglia — Paradise (I'm Not Anybody's Girl) [2002]  [SongRec]
  = nom déjà correct
  ♬ Kaci Battaglia — Paradise, album : I'm Not Anybody's Girl, année : 2002, genre : Dance
[675/1381] Kadan's - Varyasyon.mp3
  ♪ Kadan's — Varyasyon (Metew Ka Danse) [1995]  [SongRec]
  = nom déjà correct
  ♬ Kadan's — Varyasyon, album : Metew Ka Danse, année : 1995, genre : World
[676/1381] Kaiser Chiefs - Everyday I Love You Less and Less.mp3
  ♪ Kaiser Chiefs — Everyday I Love You Less and Less (Employment) [2005]  [SongRec]
  = nom déjà correct
  ♬ Kaiser Chiefs — Everyday I Love You Less and Less, album : Employment, année : 2005, genre : Alternative
[677/1381] Kajagoogoo - The Power To Forgive.mp3
  ♪ Kajagoogoo — The Power To Forgive (Islands) [1984]  [SongRec]
  = nom déjà correct
  ♬ Kajagoogoo — The Power To Forgive, album : Islands, année : 1984, genre : Rock
[678/1381] Karla Bonoff - Anderson Paak, Kaytranada - Glowed Up (Chris Grooves X Mijos Edit).[Hood Politics Records].mp3
  ♪ Karla Bonoff — Anderson Paak, Kaytranada - Glowed Up (Chris Grooves X Mijos Edit).[Hood Politics Records] (Unknown Album)  [tags existants]
  = nom déjà correct
  ♬ Karla Bonoff — Anderson Paak, Kaytranada - Glowed Up (Chris Grooves X Mijos Edit).[Hood Politics Records], album : Unknown Album
[679/1381] Karla Bonoff - Barac @ Club Eden, Bucharest Romania 15.04.2015 10 Hours Set.mp3
  ♪ Karla Bonoff — Barac @ Club Eden, Bucharest : Romania 15.04.2015  10 Hours Set (Unknown Album)  [tags existants]
  = nom déjà correct
  ♬ Karla Bonoff — Barac @ Club Eden, Bucharest : Romania 15.04.2015  10 Hours Set, album : Unknown Album
[680/1381] Karla Bonoff - Best of 2022 Electro Swing! Year End Review ◈ New 3 Hour Swingin' Hot mix! ◈ Vol. 2!.mp3
  ♪ Karla Bonoff — Best of 2022 | Electro Swing!| Year End Review ◈ New 3 Hour Swingin' Hot mix! ◈ Vol. 2! (Unknown Album)  [tags existants]
  = nom déjà correct
  ♬ Karla Bonoff — Best of 2022 | Electro Swing!| Year End Review ◈ New 3 Hour Swingin' Hot mix! ◈ Vol. 2!, album : Unknown Album
[681/1381] Karla Bonoff - Cece Peniston - Finally (Sweet Mercy Dmc Remix).mp3
  ♪ Karla Bonoff — Cece Peniston - Finally (Sweet Mercy Dmc Remix) ([Unknown Album])  [tags existants]
  = nom déjà correct
  ♬ Karla Bonoff — Cece Peniston - Finally (Sweet Mercy Dmc Remix), album : [Unknown Album]
[682/1381] Kasabian - Fire.mp3
  ♪ Kasabian — Fire (Live!) [2012]  [tags existants]
  = nom déjà correct
  ♬ Kasabian — Fire, album : Live!, année : 2012
[683/1381] Kasabian - L.S.F. (Live From XFM).mp3
  ♪ Kasabian — L.S.F. (Live From XFM) (Empire (Bonus Track Version)) [2006]  [SongRec]
  = nom déjà correct
  ♬ Kasabian — L.S.F. (Live From XFM), album : Empire (Bonus Track Version), année : 2006, genre : Alternative
[684/1381] Katie Melua - Market Day in Guernica.mp3
  ♪ Katie Melua — Market Day in Guernica (Piece by Piece (Deluxe Edition) [2025 Remaster]) [2005]  [SongRec]
  = nom déjà correct
  ♬ Katie Melua — Market Day in Guernica, album : Piece by Piece (Deluxe Edition) [2025 Remaster], année : 2005, genre : Pop
[685/1381] Katy Perry - Firework.mp3
  ♪ Katy Perry — Firework (Teenage Dream) [2010]  [SongRec]
  = nom déjà correct
  ♬ Katy Perry — Firework, album : Teenage Dream, année : 2010, genre : Teen Pop
[686/1381] Katy Perry - the Making of _Chained to the Rhythm_ Music Video (Part 1).mp3
  ✗ non reconnu (ni SongRec ni tags)
[687/1381] Kavana - Crazy Chance.mp3
  ♪ Kavana — Crazy Chance (Crazy Chance 97’) [1997]  [SongRec]
  = nom déjà correct
  ♬ Kavana — Crazy Chance, album : Crazy Chance 97’, année : 1997, genre : Pop
[688/1381] Kayliah - Pegguy Tabu - Belly Dance (Radio Version).mp3
  ♪ Kayliah - Pegguy Tabu — Belly Dance (Radio Version) (Belly Dance (Radio Version) - Single) [2004]  [SongRec]
  = nom déjà correct
  ♬ Kayliah - Pegguy Tabu — Belly Dance (Radio Version), album : Belly Dance (Radio Version) - Single, année : 2004, genre : R&B/Soul
[689/1381] Keane - This Is the Last Time.mp3
  ♪ Keane — This Is the Last Time (Hopes and Fears) [2004]  [SongRec]
  = nom déjà correct
  ♬ Keane — This Is the Last Time, album : Hopes and Fears, année : 2004, genre : Rock
[690/1381] Keen'V - Je veux y retourner.mp3
  ♪ Keen'V — Je veux y retourner  [SongRec]
  = nom déjà correct
  ♬ Keen'V — Je veux y retourner, genre : French Pop
[691/1381] Kelis - Acapella.mp3
  ♪ Kelis — Acapella (Flesh Tone) [2009]  [SongRec]
  = nom déjà correct
  ♬ Kelis — Acapella, album : Flesh Tone, année : 2009, genre : Electronic
[692/1381] Kelis - Caught Out There (The Neptunes Extended Mix).mp3
  ♪ Kelis — Caught Out There (The Neptunes Extended Mix) (Caught Out There - EP) [1999]  [SongRec]
  = nom déjà correct
  ♬ Kelis — Caught Out There (The Neptunes Extended Mix), album : Caught Out There - EP, année : 1999, genre : Hip-Hop/Rap
[693/1381] Kendji Girac & GIMS - Dernier métro.mp3
  ♪ Kendji Girac & GIMS — Dernier métro (Mi vida : Vos favoris - EP) [2020]  [SongRec]
  = nom déjà correct
  ♬ Kendji Girac & GIMS — Dernier métro, album : Mi vida : Vos favoris - EP, année : 2020, genre : French Pop
[694/1381] Kenny Loggins - Footloose (1984 ''15th Anniversary Collector's Edition'').dsf
  ✗ non reconnu (ni SongRec ni tags)
[695/1381] Kenza Farah - Au cœur de la rue.mp3
  ♪ Kenza Farah — Au cœur de la rue (Avec le cœur) [2008]  [SongRec]
  = nom déjà correct
  ♬ Kenza Farah — Au cœur de la rue, album : Avec le cœur, année : 2008, genre : R&B/Soul
[696/1381] Keri Hilson - Knock You Down (feat. Kanye West & Ne-Yo) [Bimbo Jones Club Remix].mp3
  ♪ Keri Hilson — Knock You Down (feat. Kanye West & Ne-Yo) [Moto Blanco Club Remix Extended]  [SongRec]
  Keri Hilson - Knock You Down (feat. Kanye West & Ne-Yo) [Bimbo Jones Club Remix].mp3
  → Keri Hilson - Knock You Down (feat. Kanye West & Ne-Yo) [Moto Blanco Club Remix Extended].mp3
  ♬ Keri Hilson — Knock You Down (feat. Kanye West & Ne-Yo) [Moto Blanco Club Remix Extended], genre : R&B/Soul
[697/1381] Key Glock - FYTB.mp3
  ♪ Key Glock — FYTB (Son of a Gun) [2020]  [SongRec]
  = nom déjà correct
  ♬ Key Glock — FYTB, album : Son of a Gun, année : 2020, genre : Hip-Hop/Rap
[698/1381] Khalid - Faded.mp3
  ♪ Khalid — Faded (Sincere (Deluxe)) [2024]  [SongRec]
  = nom déjà correct
  ♬ Khalid — Faded, album : Sincere (Deluxe), année : 2024, genre : R&B/Soul
[699/1381] Kid Fonque & Jonny Miller - Tshinela (feat. Khensy & Fernando Damon) [Fka Mash Re-Glitch].mp3
  ♪ Kid Fonque & Jonny Miller — Tshinela  (feat. Khensy & Fernando Damon) [Fka Mash Re-Glitch] (Tshinela   (feat. Khensy & Fernando Damon) - Single) [2021]  [SongRec]
  = nom déjà correct
  ♬ Kid Fonque & Jonny Miller — Tshinela  (feat. Khensy & Fernando Damon) [Fka Mash Re-Glitch], album : Tshinela   (feat. Khensy & Fernando Damon) - Single, année : 2021, genre : Dance
[700/1381] Kideko, George Kwali & Sweetie Irie - Crank It (Woah!) [feat. Nadia Rose] [Apres Remix].mp3
  ♪ Kideko, George Kwali & Sweetie Irie — Crank It (Woah!) [feat. Nadia Rose] [Apres Remix] (Crank It (Woah!) [feat. Nadia Rose] [Remixes] - Single) [2016]  [SongRec]
  = nom déjà correct
  ♬ Kideko, George Kwali & Sweetie Irie — Crank It (Woah!) [feat. Nadia Rose] [Apres Remix], album : Crank It (Woah!) [feat. Nadia Rose] [Remixes] - Single, année : 2016, genre : Dance
[701/1381] Kiko Bun - Sticky Situation.mp3
  ♪ Kiko Bun — Sticky Situation (Sticky Situation - Single) [2016]  [SongRec]
  = nom déjà correct
  ♬ Kiko Bun — Sticky Situation, album : Sticky Situation - Single, année : 2016, genre : Reggae
[702/1381] Kim Wilde - You Came (12 Version).mp3
  ♪ Kim Wilde — You Came (12" Version) (Close (Remastered Expanded Edition)) [2013]  [SongRec]
  = nom déjà correct
  ♬ Kim Wilde — You Came (12" Version), album : Close (Remastered Expanded Edition), année : 2013, genre : Pop
[703/1381] Klr - You're Finally Found the Secret Safe Room....mp3
  ♪ Klr — You're Finally Found the Secret Safe Room... (Klrdreams) [2025]  [tags existants]
  = nom déjà correct
  ♬ Klr — You're Finally Found the Secret Safe Room..., album : Klrdreams, année : 2025
[704/1381] Kobi Cantillo & Jerry Di - Hechizo.mp3
  ♪ Kobi Cantillo & Jerry Di — Hechizo (Hechizo - Single) [2020]  [SongRec]
  = nom déjà correct
  ♬ Kobi Cantillo & Jerry Di — Hechizo, album : Hechizo - Single, année : 2020, genre : Latin Urban
[705/1381] Kool & The Gang - Ladies Night.mp3
  ♪ Kool & The Gang — Ladies Night (20th Century Masters - The Millennium Collection: The Best of Kool & The Gang) [1979]  [SongRec]
  = nom déjà correct
  ♬ Kool & The Gang — Ladies Night, album : 20th Century Masters - The Millennium Collection: The Best of Kool & The Gang, année : 1979, genre : R&B/Soul
[706/1381] Kool & The Gang - Misled.mp3
  ♪ Kool & The Gang — Misled (Emergency) [1984]  [SongRec]
  = nom déjà correct
  ♬ Kool & The Gang — Misled, album : Emergency, année : 1984, genre : R&B/Soul
[707/1381] Kool & The Gang - Think It Over.mp3
  ♪ Kool & The Gang — Think It Over (As One) [1982]  [SongRec]
  = nom déjà correct
  ♬ Kool & The Gang — Think It Over, album : As One, année : 1982, genre : R&B/Soul
[708/1381] Kostya Outta - Chasing Highs (Original Mix) - www.electronicfresh.com.aif
  ✗ non reconnu (ni SongRec ni tags)
[709/1381] Kranium - Section.mp3
  ♪ Kranium — Section (Section - Single) [2022]  [SongRec]
  = nom déjà correct
  ♬ Kranium — Section, album : Section - Single, année : 2022
[710/1381] Kuami Eugene - Monica.mp3
  ♪ Kuami Eugene — Monica (LOVE AND CHAOS) [2023]  [SongRec]
  = nom déjà correct
  ♬ Kuami Eugene — Monica, album : LOVE AND CHAOS, année : 2023, genre : African
[711/1381] Kygo - Here for You (feat. Ella Henderson).mp3
  ♪ Kygo — Here for You (feat. Ella Henderson) (Here for You (feat. Ella Henderson) - Single) [2015]  [SongRec]
  = nom déjà correct
  ♬ Kygo — Here for You (feat. Ella Henderson), album : Here for You (feat. Ella Henderson) - Single, année : 2015, genre : Dance
[712/1381] La Clinique - La playa.mp3
  ♪ La Clinique — La playa (Tout saigne) [2000]  [SongRec]
  = nom déjà correct
  ♬ La Clinique — La playa, album : Tout saigne, année : 2000, genre : Hip-Hop/Rap
[713/1381] La Musique des films (1996) - 03 - Le Grand Bleu - Let Them Try_639157756864514291.mp3
  ♪ Eric Serra — Let Them Try (Dialog Version) (Le Grand Bleu (Version Longue)) [1988]  [SongRec]
  ⚠ conflit : Eric Serra - Let Them Try (Dialog Version).mp3 existe déjà, ignoré
  ♬ Eric Serra — Let Them Try (Dialog Version), album : Le Grand Bleu (Version Longue), année : 1988, genre : Soundtrack
[714/1381] La Zarra - Sans moi.mp3
  ♪ La Zarra — Sans moi (Traîtrise) [2022]  [SongRec]
  = nom déjà correct
  ♬ La Zarra — Sans moi, album : Traîtrise, année : 2022, genre : French Pop
[715/1381] Labrinth - Jealous.mp3
  ♪ Labrinth — Jealous (Jealous - EP) [2014]  [SongRec]
  = nom déjà correct
  ♬ Labrinth — Jealous, album : Jealous - EP, année : 2014, genre : Pop
[716/1381] Ladysmith Black Mambazo - Swing Low Sweet Chariot (feat. China Black).mp3
  ♪ Ladysmith Black Mambazo — Swing Low Sweet Chariot (feat. China Black) (Ladysmith Black Mambazo & Friends) [1994]  [SongRec]
  = nom déjà correct
  ♬ Ladysmith Black Mambazo — Swing Low Sweet Chariot (feat. China Black), album : Ladysmith Black Mambazo & Friends, année : 1994
[717/1381] Lana Del Rey - Let Me Love You Like a Woman.mp3
  ♪ Lana Del Rey — Let Me Love You Like a Woman (Chemtrails Over the Country Club) [2020]  [SongRec]
  = nom déjà correct
  ♬ Lana Del Rey — Let Me Love You Like a Woman, album : Chemtrails Over the Country Club, année : 2020, genre : Alternative
[718/1381] Lana Del Rey - Summertime Sadness (Asadinho Vocal Mix) [Mixed].mp3
  ♪ Lana Del Rey — Summertime Sadness (Asadinho Vocal Mix) [Mixed] (Future Talent 2023: CL (DJ Mix)) [2023]  [SongRec]
  = nom déjà correct
  ♬ Lana Del Rey — Summertime Sadness (Asadinho Vocal Mix) [Mixed], album : Future Talent 2023: CL (DJ Mix), année : 2023, genre : House
[719/1381] Lana Del Rey - Summertime Sadness.mp3
  ♪ Lana Del Rey — Summertime Sadness (Born to Die) [2012]  [SongRec]
  = nom déjà correct
  ♬ Lana Del Rey — Summertime Sadness, album : Born to Die, année : 2012, genre : Alternative
[720/1381] Lana Del Rey-2023-Born To Die - 01 - Born To Die-DSD128.dsf
  ✗ non reconnu (ni SongRec ni tags)
[721/1381] Lanu & Meg Washington - Beautiful Trash.mp3
  ♪ Lanu & Meg Washington — Beautiful Trash (Her 12 Faces) [2010]  [SongRec]
  = nom déjà correct
  ♬ Lanu & Meg Washington — Beautiful Trash, album : Her 12 Faces, année : 2010, genre : Indie Pop
[722/1381] Lara Fabian - Adagio.mp3
  ♪ Lara Fabian — Adagio (Lara Fabian) [1999]  [SongRec]
  = nom déjà correct
  ♬ Lara Fabian — Adagio, album : Lara Fabian, année : 1999, genre : Pop
[723/1381] Lara Fabian - Tu es mon autre (Live) [feat. Maurane].mp3
  ♪ Lara Fabian — Tu es mon autre (Live) [feat. Maurane] (En toute intimité) [2003]  [SongRec]
  = nom déjà correct
  ♬ Lara Fabian — Tu es mon autre (Live) [feat. Maurane], album : En toute intimité, année : 2003, genre : French Pop
[724/1381] Large Professor - I Juswanna Chill.mp3
  ♪ Large Professor — I Juswanna Chill (The LP) [2002]  [SongRec]
  = nom déjà correct
  ♬ Large Professor — I Juswanna Chill, album : The LP, année : 2002, genre : Hip-Hop/Rap
[725/1381] Lars Roos - Wonderful Copenhagen.mp3
  ♪ Lars Roos — Wonderful Copenhagen (Örongodis jorden runt) [1990]  [SongRec]
  = nom déjà correct
  ♬ Lars Roos — Wonderful Copenhagen, album : Örongodis jorden runt, année : 1990, genre : Easy Listening
[726/1381] Las Trillizas de Oro - (I'll Do Anything to Keep Me) Close to You.mp3
  ♪ Las Trillizas de Oro — (I'll Do Anything to Keep Me) Close to You (In This Universe) [1982]  [SongRec]
  = nom déjà correct
  ♬ Las Trillizas de Oro — (I'll Do Anything to Keep Me) Close to You, album : In This Universe, année : 1982, genre : Pop
[727/1381] Laura Branigan-1984-Self Control - A1 - Self Control Self Control (Extended)-DSD128.dsf
  ✗ non reconnu (ni SongRec ni tags)
[728/1381] Lauren Ville - Mixtape - Acr One Shot15 Avril 2022 Radio Edit Cut.mp3
  ♪ Lauren Ville — Mixtape - Acr One Shot15 Avril 2022 Radio Edit Cut [2022]  [tags existants]
  = nom déjà correct
  ♬ Lauren Ville — Mixtape - Acr One Shot15 Avril 2022 Radio Edit Cut, année : 2022
[729/1381] Lavern - Let Go.mp3
  ♪ Lavern — Let Go (Let Go - Single) [2024]  [SongRec]
  = nom déjà correct
  ♬ Lavern — Let Go, album : Let Go - Single, année : 2024, genre : Pop
[730/1381] Le Dormeur - Le Dormeur Doit Se Réveiller.mp3
  ♪ Le Dormeur — Le Dormeur Doit Se Réveiller  [SongRec]
  = nom déjà correct
  ♬ Le Dormeur — Le Dormeur Doit Se Réveiller, genre : Dance
[731/1381] LeMarquis - Waves.mp3
  ♪ LeMarquis — Waves (Waves - Single) [2020]  [SongRec]
  = nom déjà correct
  ♬ LeMarquis — Waves, album : Waves - Single, année : 2020, genre : Electronic
[732/1381] Leftfield - Open Up (Full Vocal Mix).mp3
  ♪ Leftfield — Open Up (Full Vocal Mix) (Open Up - EP) [1993]  [SongRec]
  = nom déjà correct
  ♬ Leftfield — Open Up (Full Vocal Mix), album : Open Up - EP, année : 1993, genre : Dance
[733/1381] Lena Fiagbe - Gotta Get It Right (Unity DMC Remix).mp3
  ✗ non reconnu (ni SongRec ni tags)
[734/1381] Lena Fiagbe - You Come from Earth.mp3
  ♪ Lena Fiagbe — You Come from Earth (Visions) [1994]  [SongRec]
  = nom déjà correct
  ♬ Lena Fiagbe — You Come from Earth, album : Visions, année : 1994, genre : Pop
[735/1381] Les Enfoirés - Ici les Enfoirés (Radio Edit).mp3
  ♪ Les Enfoirés — Ici les Enfoirés (Radio Edit)  [SongRec]
  = nom déjà correct
  ♬ Les Enfoirés — Ici les Enfoirés (Radio Edit), genre : French Pop
[736/1381] Liam Payne - Sunshine (From the Motion Picture “Ron’s Gone Wrong”).mp3
  ♪ Liam Payne — Sunshine (From the Motion Picture “Ron’s Gone Wrong”) (Sunshine (From the Motion Picture “Ron’s Gone Wrong” / Acoustic) - Single) [2021]  [SongRec]
  = nom déjà correct
  ♬ Liam Payne — Sunshine (From the Motion Picture “Ron’s Gone Wrong”), album : Sunshine (From the Motion Picture “Ron’s Gone Wrong” / Acoustic) - Single, année : 2021, genre : Pop
[737/1381] Lighthouse Family - Ocean Drive (Blue Amazon Dub).mp3
  ♪ Lighthouse Family — Ocean Drive (Blue Amazon Dub) (Ocean Drive) [1995]  [SongRec]
  = nom déjà correct
  ♬ Lighthouse Family — Ocean Drive (Blue Amazon Dub), album : Ocean Drive, année : 1995, genre : Pop
[738/1381] Limahl - Never Ending Story.mp3
  ♪ Limahl — Never Ending Story (Never Ending Story - EP) [1984]  [SongRec]
  = nom déjà correct
  ♬ Limahl — Never Ending Story, album : Never Ending Story - EP, année : 1984, genre : Pop
[739/1381] Lipps, Inc. - Funkytown (Long Version).mp3
  ♪ Lipps, Inc. — Funkytown (Long Version) (Funkyworld - The Best of Lipps, Inc.) [1979]  [SongRec]
  = nom déjà correct
  ♬ Lipps, Inc. — Funkytown (Long Version), album : Funkyworld - The Best of Lipps, Inc., année : 1979, genre : R&B/Soul
[740/1381] Liquid Child - Diving Faces (Mixed).mp3
  ♪ Liquid Child — Diving Faces (Mixed) (Tomorrowland 2022: DJ BORING at CORE, Weekend 3 (DJ Mix)) [2022]  [SongRec]
  = nom déjà correct
  ♬ Liquid Child — Diving Faces (Mixed), album : Tomorrowland 2022: DJ BORING at CORE, Weekend 3 (DJ Mix), année : 2022, genre : Dance
[741/1381] Liquid Gold - Dance Yourself Dizzy.mp3
  ♪ Liquid Gold — Dance Yourself Dizzy (Liquid Gold) [1979]  [SongRec]
  = nom déjà correct
  ♬ Liquid Gold — Dance Yourself Dizzy, album : Liquid Gold, année : 1979, genre : Electronica
[742/1381] Lisa Maffia - All Over.mp3
  ♪ Lisa Maffia — All Over (First Lady) [2003]  [SongRec]
  = nom déjà correct
  ♬ Lisa Maffia — All Over, album : First Lady, année : 2003, genre : Pop
[743/1381] Lisa Stansfield - Change.mp3
  ♪ Lisa Stansfield — Change (Real Love) [1991]  [SongRec]
  = nom déjà correct
  ♬ Lisa Stansfield — Change, album : Real Love, année : 1991, genre : R&B/Soul
[744/1381] Little Angels - Too Much Too Young.mp3
  ♪ Little Angels — Too Much Too Young (Jam) [1992]  [SongRec]
  = nom déjà correct
  ♬ Little Angels — Too Much Too Young, album : Jam, année : 1992, genre : Rock
[745/1381] Living In a Box - Blow The House Down.mp3
  ♪ Living In a Box — Blow The House Down (Living In A Box) [1989]  [SongRec]
  = nom déjà correct
  ♬ Living In a Box — Blow The House Down, album : Living In A Box, année : 1989, genre : Pop
[746/1381] Liz Braswell - Chapter 1.mp3
  ♪ Liz Braswell — Chapter 1 (Part of Your World) [2018]  [tags existants]
  = nom déjà correct
  ♬ Liz Braswell — Chapter 1, album : Part of Your World, année : 2018
[747/1381] Lizzo - About Damn Time (Pride Groove 2022 Mix).mp3
  ✗ non reconnu (ni SongRec ni tags)
[748/1381] Lobsters _ Jonathan Bird S Blue World.mp3
  ✗ non reconnu (ni SongRec ni tags)
[749/1381] Logan Paul - Santa Diss Track.mp3
  ♪ Logan Paul — Santa Diss Track (Santa Diss Track - Single) [2017]  [SongRec]
  = nom déjà correct
  ♬ Logan Paul — Santa Diss Track, album : Santa Diss Track - Single, année : 2017, genre : Pop
[750/1381] Lonnie Gordon - Gonna Catch You.mp3
  ♪ Lonnie Gordon — Gonna Catch You (Bad Mood) [1993]  [SongRec]
  = nom déjà correct
  ♬ Lonnie Gordon — Gonna Catch You, album : Bad Mood, année : 1993, genre : Dance
[751/1381] Los Pibes Chorros - Mabel.mp3
  ♪ Los Pibes Chorros — Mabel (Pibes Chorros:Discografía Completa, Vol. 1) [2003]  [SongRec]
  = nom déjà correct
  ♬ Los Pibes Chorros — Mabel, album : Pibes Chorros:Discografía Completa, Vol. 1, année : 2003, genre : Latino
[752/1381] Los del Mar - Macarena.mp3
  ♪ Los del Mar — Macarena (Los del Mar (feat. Josè Garcia)) [2010]  [SongRec]
  = nom déjà correct
  ♬ Los del Mar — Macarena, album : Los del Mar (feat. Josè Garcia), année : 2010, genre : Pop in Spanish
[753/1381] Louisy Joseph - On croit rêver.mp3
  ♪ Louisy Joseph — On croit rêver (La saison des amours) [2008]  [SongRec]
  = nom déjà correct
  ♬ Louisy Joseph — On croit rêver, album : La saison des amours, année : 2008, genre : French Pop
[754/1381] Lucenzo - Vem Dancar Kuduro (feat. Big Ali).mp3
  ♪ Lucenzo — Vem Dancar Kuduro (feat. Big Ali) (Emigrante Del Mundo (Remastered)) [2011]  [SongRec]
  = nom déjà correct
  ♬ Lucenzo — Vem Dancar Kuduro (feat. Big Ali), album : Emigrante Del Mundo (Remastered), année : 2011, genre : Dance
[755/1381] Lucid - Stay with Me Till Dawn (Translucid Remix).mp3
  ♪ Lucid — Stay with Me Till Dawn (Translucid Remix)  [SongRec]
  = nom déjà correct
  ♬ Lucid — Stay with Me Till Dawn (Translucid Remix), genre : Dance
[756/1381] Lucio Battisti - E penso a te.mp3
  ♪ Lucio Battisti — E penso a te (Umanamente uomo: il sogno) [1972]  [SongRec]
  = nom déjà correct
  ♬ Lucio Battisti — E penso a te, album : Umanamente uomo: il sogno, année : 1972, genre : Pop
[757/1381] Lucio Battisti - Gente per bene e gente per male.mp3
  ♪ Lucio Battisti — Gente per bene e gente per male (Il mio canto libero) [1972]  [SongRec]
  = nom déjà correct
  ♬ Lucio Battisti — Gente per bene e gente per male, album : Il mio canto libero, année : 1972, genre : Singer/Songwriter
[758/1381] Luis Fonsi & Manuel Turizo - Vacaciones.mp3
  ♪ Luis Fonsi & Manuel Turizo — Vacaciones (Vacaciones - Single) [2022]  [SongRec]
  = nom déjà correct
  ♬ Luis Fonsi & Manuel Turizo — Vacaciones, album : Vacaciones - Single, année : 2022, genre : Latin Urban
[759/1381] Luniz - 5 On It (Remix).mp3
  ♪ Luniz — 5 On It (Remix) (B Sides and Bootlegs) [1995]  [SongRec]
  = nom déjà correct
  ♬ Luniz — 5 On It (Remix), album : B Sides and Bootlegs, année : 1995, genre : Hip-Hop/Rap
[760/1381] Luniz - I Got 5 On It (feat. Michael Marshall).mp3
  ♪ Luniz — I Got 5 On It (feat. Michael Marshall) (Operation Stackola) [1995]  [SongRec]
  = nom déjà correct
  ♬ Luniz — I Got 5 On It (feat. Michael Marshall), album : Operation Stackola, année : 1995, genre : Hip-Hop/Rap
[761/1381] Luniz - I Got 5 on It (instrumental) [FL upsample]_639159284748394236.mp3
  ♪ Luniz — I Got 5 On It (feat. Michael Marshall) (Operation Stackola) [1995]  [SongRec]
  ⚠ conflit : Luniz - I Got 5 On It (feat. Michael Marshall).mp3 existe déjà, ignoré
  ♬ Luniz — I Got 5 On It (feat. Michael Marshall), album : Operation Stackola, année : 1995, genre : Hip-Hop/Rap
[762/1381] Lykan - Bright Rise.mp3
  ♪ Lykan — Bright Rise (Bright Rise - Single) [2018]  [SongRec]
  = nom déjà correct
  ♬ Lykan — Bright Rise, album : Bright Rise - Single, année : 2018, genre : Electronic
[763/1381] Lykke Li - I Follow Rivers (The Magician Remix).mp3
  ♪ Lykke Li — I Follow Rivers (The Magician Remix) (I Follow Rivers (The Magician Remix) - Single) [2011]  [SongRec]
  = nom déjà correct
  ♬ Lykke Li — I Follow Rivers (The Magician Remix), album : I Follow Rivers (The Magician Remix) - Single, année : 2011, genre : Alternative
[764/1381] Lynnsha - Je Veux Que Tu Me Mentes.mp3
  ♪ Lynnsha — Je Veux Que Tu Me Mentes (Je veux que tu me mentes - Single) [2007]  [SongRec]
  = nom déjà correct
  ♬ Lynnsha — Je Veux Que Tu Me Mentes, album : Je veux que tu me mentes - Single, année : 2007, genre : R&B/Soul
[765/1381] M1. Midnight Star - Headlines_639154893639052587.mp3
  ♪ Midnight Star — Headlines (Headlines) [1986]  [SongRec]
  ⚠ conflit : Midnight Star - Headlines.mp3 existe déjà, ignoré
  ♬ Midnight Star — Headlines, album : Headlines, année : 1986, genre : R&B/Soul
[766/1381] MAKJ & JYYE - Promises.mp3
  ♪ MAKJ & JYYE — Promises (Promises - Single) [2020]  [SongRec]
  = nom déjà correct
  ♬ MAKJ & JYYE — Promises, album : Promises - Single, année : 2020, genre : Dance
[767/1381] MCAVOY - GOOD 4 ME.mp3
  ♪ MCAVOY — GOOD 4 ME (GOOD 4 ME - Single) [2022]  [SongRec]
  = nom déjà correct
  ♬ MCAVOY — GOOD 4 ME, album : GOOD 4 ME - Single, année : 2022, genre : Electronic
[768/1381] MOUNT & Nicolas Haelg - Something Good (Radio Edit).mp3
  ♪ MOUNT & Nicolas Haelg — Something Good (Radio Edit) (Armada Deep - Amsterdam Dance Event 2015) [2015]  [SongRec]
  = nom déjà correct
  ♬ MOUNT & Nicolas Haelg — Something Good (Radio Edit), album : Armada Deep - Amsterdam Dance Event 2015, année : 2015, genre : Dance
[769/1381] MOVEMENT - Ivory.mp3
  ♪ MOVEMENT — Ivory (MOVEMENT - EP) [2014]  [SongRec]
  = nom déjà correct
  ♬ MOVEMENT — Ivory, album : MOVEMENT - EP, année : 2014, genre : Electronic
[770/1381] MR TOUT LE MONDE & Nounours - Now You Know.mp3
  ♪ MR TOUT LE MONDE & Nounours — Now You Know (Now You Know - Single) [2021]  [SongRec]
  = nom déjà correct
  ♬ MR TOUT LE MONDE & Nounours — Now You Know, album : Now You Know - Single, année : 2021, genre : House
[771/1381] Mabel - Boyfriend.mp3
  ♪ Mabel — Boyfriend (High Expectations) [2019]  [SongRec]
  = nom déjà correct
  ♬ Mabel — Boyfriend, album : High Expectations, année : 2019, genre : Pop
[772/1381] Mabel - One Shot.mp3
  ♪ Mabel — One Shot (One Shot - Single) [2018]  [SongRec]
  = nom déjà correct
  ♬ Mabel — One Shot, album : One Shot - Single, année : 2018, genre : Pop
[773/1381] Machine Head - Bloodstone and Diamonds.mp3
  ♪ Machine Head — Eyes of the Dead (Bloodstone & Diamonds) [2014]  [SongRec]
  Machine Head - Bloodstone and Diamonds.mp3
  → Machine Head - Eyes of the Dead.mp3
  ♬ Machine Head — Eyes of the Dead, album : Bloodstone & Diamonds, année : 2014, genre : Metal
[774/1381] Madness - It Must be Love.mp3
  ♪ Madness — It Must be Love (Glastonbury Festival.) [2016]  [tags existants]
  = nom déjà correct
  ♬ Madness — It Must be Love, album : Glastonbury Festival., année : 2016
[775/1381] Madness - Michael Caine.mp3
  ♪ Madness — Michael Caine (Keep Moving) [1984]  [SongRec]
  = nom déjà correct
  ♬ Madness — Michael Caine, album : Keep Moving, année : 1984, genre : Pop
[776/1381] Madness - Night Boat to Cairo.mp3
  ♪ Madness — Night Boat to Cairo (Glastonbury Festival.) [2016]  [tags existants]
  = nom déjà correct
  ♬ Madness — Night Boat to Cairo, album : Glastonbury Festival., année : 2016
[777/1381] Madness - One Better Day.mp3
  ♪ Madness — One Better Day (Keep Moving) [1984]  [SongRec]
  = nom déjà correct
  ♬ Madness — One Better Day, album : Keep Moving, année : 1984, genre : Pop
[778/1381] Madness - Round And Round (2010 Remaster).mp3
  ♪ Madness — Round And Round (2010 Remaster) (Lovestruck (2010 Remaster) - EP) [1999]  [SongRec]
  = nom déjà correct
  ♬ Madness — Round And Round (2010 Remaster), album : Lovestruck (2010 Remaster) - EP, année : 1999, genre : Pop
[779/1381] Madness - The Sun and the Rain.mp3
  ♪ Madness — The Sun and the Rain (Keep Moving) [1984]  [SongRec]
  = nom déjà correct
  ♬ Madness — The Sun and the Rain, album : Keep Moving, année : 1984, genre : Pop
[780/1381] Madness-2017-Full House (The Very Best Of Madness) - C5 - Our House-DSD128.dsf
  ✗ non reconnu (ni SongRec ni tags)
[781/1381] Maesic, Leli Hernandez & Rio Santana - Rica.mp3
  ♪ Maesic, Leli Hernandez & Rio Santana — Rica (Rica - Single) [2021]  [SongRec]
  = nom déjà correct
  ♬ Maesic, Leli Hernandez & Rio Santana — Rica, album : Rica - Single, année : 2021, genre : Latin Urban
[782/1381] Magic System - C Chô, Ça Brûle !!! (feat. Akil, شاب بلال & Big Ali).mp3
  ♪ Magic System — C Chô, Ça Brûle !!! (feat. Akil, شاب بلال & Big Ali) (Raï'n'B Fever 2) [2006]  [SongRec]
  = nom déjà correct
  ♬ Magic System — C Chô, Ça Brûle !!! (feat. Akil, شاب بلال & Big Ali), album : Raï'n'B Fever 2, année : 2006, genre : Hip-Hop/Rap
[783/1381] Magic System, 20 Ans de Tubes.mp3
  ✗ non reconnu (ni SongRec ni tags)
[784/1381] Maisie Peters - Want You Back.mp3
  ♪ Maisie Peters — Want You Back (The Good Witch) [2023]  [SongRec]
  = nom déjà correct
  ♬ Maisie Peters — Want You Back, album : The Good Witch, année : 2023, genre : Alternative
[785/1381] Malavoi - An Maniman.mp3
  ♪ Malavoi — An Maniman (Le meilleur de Malavoi) [2003]  [SongRec]
  = nom déjà correct
  ♬ Malavoi — An Maniman, album : Le meilleur de Malavoi, année : 2003, genre : World
[786/1381] Maldini De Avila - NightClub.mp3
  ♪ Maldini De Avila — NightClub (NightClub - Single) [2025]  [SongRec]
  = nom déjà correct
  ♬ Maldini De Avila — NightClub, album : NightClub - Single, année : 2025, genre : House
[787/1381] Manau - Mais Qui Est La Belette.mp3
  ♪ Manau — Mais Qui Est La Belette (Panique celtique) [1998]  [SongRec]
  = nom déjà correct
  ♬ Manau — Mais Qui Est La Belette, album : Panique celtique, année : 1998, genre : Hip-Hop/Rap
[788/1381] Mansun - Legacy.mp3
  ♪ Mansun — Legacy (Six) [1998]  [SongRec]
  = nom déjà correct
  ♬ Mansun — Legacy, album : Six, année : 1998, genre : Alternative
[789/1381] Manuel de Falla - La Vida Breve (Intermedio) [Remastered].mp3
  ♪ Manuel de Falla — La Vida Breve (Intermedio) [Remastered] (Obras Completas (Remastered)) [2000]  [SongRec]
  = nom déjà correct
  ♬ Manuel de Falla — La Vida Breve (Intermedio) [Remastered], album : Obras Completas (Remastered), année : 2000, genre : Classical
[790/1381] Marc Lavoine - Elle a les yeux révolver.mp3
  ♪ Marc Lavoine — Elle a les yeux révolver (Marc Lavoine : Best of 85-95) [1985]  [SongRec]
  = nom déjà correct
  ♬ Marc Lavoine — Elle a les yeux révolver, album : Marc Lavoine : Best of 85-95, année : 1985, genre : French Pop
[791/1381] Marc Lavoine - Je n'ai plus rien à te donner.mp3
  ♪ Marc Lavoine — Je n'ai plus rien à te donner (Best of Marc Lavoine) [1989]  [SongRec]
  = nom déjà correct
  ♬ Marc Lavoine — Je n'ai plus rien à te donner, album : Best of Marc Lavoine, année : 1989, genre : French Pop
[792/1381] Marc Lavoine - Le parking des anges (Live Olympia 2003).mp3
  ♪ Marc Lavoine — Le parking des anges (Live Olympia 2003) (Olympia Deuxmilletrois (Live)) [2003]  [SongRec]
  = nom déjà correct
  ♬ Marc Lavoine — Le parking des anges (Live Olympia 2003), album : Olympia Deuxmilletrois (Live), année : 2003, genre : French Pop
[793/1381] Marcus Maison & Will Dragen - Road To Euphoria (Original Mix).mp3
  ♪ Marcus Maison & Will Dragen — Road To Euphoria (Original Mix) (Armada Weekly 2011 - 08 (This Week's New Single Releases)) [2011]  [SongRec]
  = nom déjà correct
  ♬ Marcus Maison & Will Dragen — Road To Euphoria (Original Mix), album : Armada Weekly 2011 - 08 (This Week's New Single Releases), année : 2011, genre : Dance
[794/1381] Mariah Carey-2015-#1 To Infinity - 09 - Fantasy (Bad Boy Fantasy)-DSD128.dsf
  ✗ non reconnu (ni SongRec ni tags)
[795/1381] Mariah Carey-2015-#1 To Infinity - 10 - One Sweet Day (Feat. Boys II Men)-DSD128.dsf
  ✗ non reconnu (ni SongRec ni tags)
[796/1381] Marie-Pierre Arthur - Rien à faire (Version live).mp3
  ♪ Marie-Pierre Arthur — Rien à faire (Version live) (Dans tes rêves (Version live) - EP) [2022]  [SongRec]
  = nom déjà correct
  ♬ Marie-Pierre Arthur — Rien à faire (Version live), album : Dans tes rêves (Version live) - EP, année : 2022, genre : French Pop
[797/1381] Marillion - Sugar Mice.mp3
  ♪ Marillion — Sugar Mice (Marillion.Cl / En.El.Marquee) [2019]  [SongRec]
  = nom déjà correct
  ♬ Marillion — Sugar Mice, album : Marillion.Cl / En.El.Marquee, année : 2019, genre : Rock
[798/1381] Mark Ronson & Amy Winehouse - Valerie (Version Revisited).mp3
  ♪ Mark Ronson & Amy Winehouse — Valerie (Version Revisited) (Version) [2007]  [SongRec]
  = nom déjà correct
  ♬ Mark Ronson & Amy Winehouse — Valerie (Version Revisited), album : Version, année : 2007, genre : Pop
[799/1381] Marseille C Est... - Feat. Jul - Sop.mp3
  ✗ non reconnu (ni SongRec ni tags)
[800/1381] Martha And The Muffins - Echo Beach.mp3
  ♪ Martha And The Muffins — Echo Beach (Fun Kids Beach Day) [2017]  [SongRec]
  = nom déjà correct
  ♬ Martha And The Muffins — Echo Beach, album : Fun Kids Beach Day, année : 2017, genre : Rock
[801/1381] Marvin Gaye - Nature Boy.mp3
  ♪ Marvin Gaye — Nature Boy (A Tribute to the Great Nat King Cole) [1965]  [SongRec]
  = nom déjà correct
  ♬ Marvin Gaye — Nature Boy, album : A Tribute to the Great Nat King Cole, année : 1965, genre : R&B/Soul
[802/1381] Mary Mary - Shackles (Praise You) [Maurice's Carnival 2000 Mix].mp3
  ♪ Mary Mary — Shackles (Praise You) [Maurice's Carnival 2000 Mix] (Shackles (Praise You) [Remixes] - EP) [1999]  [SongRec]
  = nom déjà correct
  ♬ Mary Mary — Shackles (Praise You) [Maurice's Carnival 2000 Mix], album : Shackles (Praise You) [Remixes] - EP, année : 1999, genre : Pop
[803/1381] Masayoshi Takanaka - Mambo No. 5 (Disco Dango).mp3
  ♪ Masayoshi Takanaka — Mambo No. 5 (Disco Dango) (All of Me) [1977]  [SongRec]
  = nom déjà correct
  ♬ Masayoshi Takanaka — Mambo No. 5 (Disco Dango), album : All of Me, année : 1977, genre : J-Pop
[804/1381] Mase - Tell Me What You Want (Florian Meffert remix).mp3
  ✗ non reconnu (ni SongRec ni tags)
[805/1381] Mase - Tell Me What You Want (Florian Meffert remix)_639159022377753673.mp3
  ✗ non reconnu (ni SongRec ni tags)
[806/1381] Mase - Tell Me What You Want (Florian Meffert remix)_639159064848040032.mp3
  ✗ non reconnu (ni SongRec ni tags)
[807/1381] Mase - What You Want (feat. Total).mp3
  ♪ Mase — What You Want (feat. Total) (Harlem World) [1997]  [SongRec]
  = nom déjà correct
  ♬ Mase — What You Want (feat. Total), album : Harlem World, année : 1997, genre : Hip-Hop/Rap
[808/1381] Mashina - Rikud Hamechona (ריקוד המכונה).mp3
  ♪ Mashina — Rikud Hamechona (ריקוד המכונה) (Yiskey HaRock'nroll (עסקי הרוקנרול)) [1989]  [SongRec]
  = nom déjà correct
  ♬ Mashina — Rikud Hamechona (ריקוד המכונה), album : Yiskey HaRock'nroll (עסקי הרוקנרול), année : 1989, genre : Rock
[809/1381] Maska - Mama.mp3
  ♪ Maska — Mama (Espace-temps) [2014]  [SongRec]
  = nom déjà correct
  ♬ Maska — Mama, album : Espace-temps, année : 2014, genre : Hip-Hop/Rap
[810/1381] Mass Digital - Billie Eilish - Everything I Wanted (Mass Digital Remix).aif
  ♪ Mass Digital — Billie Eilish - Everything I Wanted (Mass Digital Remix) (Billie Eilish - Everything I Wanted (Mass Digital Remix))  [tags existants]
  = nom déjà correct
  ⚠ erreur tags : 'Billie Eilish - Everything I Wanted (Mass Digital Remix)' not a Frame instance
[811/1381] Mass Digital - Deadmau5, Kaskade - I Remember (Mass Digital Remix).mp3
  ♪ Mass Digital — Deadmau5, Kaskade - I Remember (Mass Digital Remix) ([Unknown Album]) [2025]  [tags existants]
  = nom déjà correct
  ♬ Mass Digital — Deadmau5, Kaskade - I Remember (Mass Digital Remix), album : [Unknown Album], année : 2025
[812/1381] Massivan - Daydream.mp3
  ♪ Massivan — Daydream (Wide (Special Digital Edition)) [2007]  [SongRec]
  = nom déjà correct
  ♬ Massivan — Daydream, album : Wide (Special Digital Edition), année : 2007, genre : Downtempo
[813/1381] Mastermixers - Rave to the Rhythm.mp3
  ♪ Mastermixers — Rave to the Rhythm (Mega Bass Vol 2 (The Ultimate Megamix)) [2021]  [SongRec]
  = nom déjà correct
  ♬ Mastermixers — Rave to the Rhythm, album : Mega Bass Vol 2 (The Ultimate Megamix), année : 2021, genre : Disco
[814/1381] Mathieu Edward - Entre Toi Et Moi.mp3
  ♪ Mathieu Edward — Entre Toi Et Moi (Entre Toi Et Moi) [2007]  [SongRec]
  = nom déjà correct
  ♬ Mathieu Edward — Entre Toi Et Moi, album : Entre Toi Et Moi, année : 2007, genre : Hip-Hop/Rap
[815/1381] Matt - Dans la peau d'un dealer.mp3
  ♪ Matt — Dans la peau d'un dealer (R&B 2 Rue) [2001]  [SongRec]
  = nom déjà correct
  ♬ Matt — Dans la peau d'un dealer, album : R&B 2 Rue, année : 2001, genre : Hip-Hop/Rap
[816/1381] Max Boublil - Ce soir tu vas prendre.mp3
  ♪ Max Boublil — Ce soir tu vas prendre (L'album) [2007]  [SongRec]
  = nom déjà correct
  ♬ Max Boublil — Ce soir tu vas prendre, album : L'album, année : 2007, genre : Pop
[817/1381] Max Cooper - The Sun In A Box (Original Mix).aif
  ✗ non reconnu (ni SongRec ni tags)
[818/1381] MaxGaming - Future (feat. MaxSbMusic).mp3
  ♪ MaxGaming — Future (feat. MaxSbMusic) (Future (feat. MaxSbMusic) - Single) [2014]  [SongRec]
  = nom déjà correct
  ♬ MaxGaming — Future (feat. MaxSbMusic), album : Future (feat. MaxSbMusic) - Single, année : 2014, genre : House
[819/1381] Mc Poze do Rodo, Bielzin, MC Cabelinho, PL Quest & Neo Beats - A Cara do Crime (Nós Incomoda).mp3
  ♪ Mc Poze do Rodo, Bielzin, MC Cabelinho, PL Quest & Neo Beats — A Cara do Crime (Nós Incomoda) (A Cara do Crime (Nós Incomoda) - Single) [2021]  [SongRec]
  = nom déjà correct
  ♬ Mc Poze do Rodo, Bielzin, MC Cabelinho, PL Quest & Neo Beats — A Cara do Crime (Nós Incomoda), album : A Cara do Crime (Nós Incomoda) - Single, année : 2021, genre : Hip-Hop/Rap
[820/1381] Meat Beat Manifesto - Radio Babylon (Beach Blanket Bimboland Mix).mp3
  ♪ Meat Beat Manifesto — Radio Babylon (Beach Blanket Bimboland Mix)  [SongRec]
  = nom déjà correct
  ♬ Meat Beat Manifesto — Radio Babylon (Beach Blanket Bimboland Mix), genre : Electronic
[821/1381] Meat Loaf - Not a Dry Eye In the House.mp3
  ♪ Meat Loaf — Not a Dry Eye In the House (Welcome to the Neighborhood) [1995]  [SongRec]
  = nom déjà correct
  ♬ Meat Loaf — Not a Dry Eye In the House, album : Welcome to the Neighborhood, année : 1995, genre : Rock
[822/1381] Mel Tormé - Lullaby of Birdland.mp3
  ♪ Mel Tormé — Lullaby of Birdland (Mel Tormé and the Marty Paich Dek-Tette (Remastered 2013)) [1956]  [SongRec]
  = nom déjà correct
  ♬ Mel Tormé — Lullaby of Birdland, album : Mel Tormé and the Marty Paich Dek-Tette (Remastered 2013), année : 1956, genre : Pop
[823/1381] Melanie C - Northern Star.mp3
  ♪ Melanie C — Northern Star (Northern Star) [1999]  [SongRec]
  = nom déjà correct
  ♬ Melanie C — Northern Star, album : Northern Star, année : 1999, genre : Pop
[824/1381] Menace & Adam - Missile Test (Extended Mix).mp3
  ♪ Menace & Adam — Missile Test (Extended Mix) (Missile Test - Single) [2005]  [SongRec]
  = nom déjà correct
  ♬ Menace & Adam — Missile Test (Extended Mix), album : Missile Test - Single, année : 2005, genre : Electronic
[825/1381] Michael Jackson - Farewell My Summer Love.mp3
  ♪ Michael Jackson — Farewell My Summer Love (Anthology: The Best of Michael Jackson) [1984]  [SongRec]
  = nom déjà correct
  ♬ Michael Jackson — Farewell My Summer Love, album : Anthology: The Best of Michael Jackson, année : 1984, genre : R&B/Soul
[826/1381] Michel Polnareff - La Poupée Qui Fait Non.mp3
  ♪ Michel Polnareff — La Poupée Qui Fait Non (Nos maux mots d'amour) [1966]  [SongRec]
  = nom déjà correct
  ♬ Michel Polnareff — La Poupée Qui Fait Non, album : Nos maux mots d'amour, année : 1966, genre : Pop
[827/1381] Michel Sardou - Chanteur De Jazz.mp3
  ♪ Michel Sardou — Chanteur De Jazz (L'essentiel des albums studio) [1985]  [SongRec]
  = nom déjà correct
  ♬ Michel Sardou — Chanteur De Jazz, album : L'essentiel des albums studio, année : 1985, genre : Pop
[828/1381] Michel Teló - Ai Se Eu Te Pego (Ao Vivo).mp3
  ♪ Michel Teló — Ai Se Eu Te Pego (Ao Vivo) (Na Balada (Ao Vivo)) [2011]  [SongRec]
  = nom déjà correct
  ♬ Michel Teló — Ai Se Eu Te Pego (Ao Vivo), album : Na Balada (Ao Vivo), année : 2011, genre : Sertanejo
[829/1381] Midge Ure - Call of the Wild.mp3
  ♪ Midge Ure — Call of the Wild (No Regrets) [1986]  [SongRec]
  = nom déjà correct
  ♬ Midge Ure — Call of the Wild, album : No Regrets, année : 1986, genre : Pop
[830/1381] Midnight Star - Headlines.mp3
  ♪ Midnight Star — Headlines (Headlines) [1986]  [SongRec]
  = nom déjà correct
  ♬ Midnight Star — Headlines, album : Headlines, année : 1986, genre : R&B/Soul
[831/1381] Midnight Star - Night Rider.mp3
  ♪ Midnight Star — Night Rider (No Parking On the Dance Floor) [1983]  [SongRec]
  = nom déjà correct
  ♬ Midnight Star — Night Rider, album : No Parking On the Dance Floor, année : 1983, genre : R&B/Soul
[832/1381] Miguel Campbell - Something Special.mp3
  ♪ Miguel Campbell — Something Special (Back in Flight School) [2011]  [SongRec]
  = nom déjà correct
  ♬ Miguel Campbell — Something Special, album : Back in Flight School, année : 2011, genre : Dance
[833/1381] Mijail - Rotten Nights (Remaster).mp3
  ♪ Mijail — Rotten Nights (Remaster) (Rotten Nights Remix 2K22 - Single) [2010]  [SongRec]
  = nom déjà correct
  ♬ Mijail — Rotten Nights (Remaster), album : Rotten Nights Remix 2K22 - Single, année : 2010, genre : Techno
[834/1381] Mike G - Me Quedé Con las Ganas.mp3
  ♪ Mike G — Me Quedé Con las Ganas (Long Tall Chuco) [2010]  [SongRec]
  = nom déjà correct
  ♬ Mike G — Me Quedé Con las Ganas, album : Long Tall Chuco, année : 2010, genre : Regional Mexican
[835/1381] Mike Gudmann, Nippandab & Medon - All Night Long (All Night).mp3
  ♪ Mike Gudmann, Nippandab & Medon — All Night Long (All Night) (All Night Long (All Night) - Single) [2022]  [SongRec]
  = nom déjà correct
  ♬ Mike Gudmann, Nippandab & Medon — All Night Long (All Night), album : All Night Long (All Night) - Single, année : 2022, genre : Dance
[836/1381] Mike Morato - Desesperados.mp3
  ♪ Mike Morato — Desesperados (Desesperados - Single) [2022]  [SongRec]
  = nom déjà correct
  ♬ Mike Morato — Desesperados, album : Desesperados - Single, année : 2022, genre : Latin Urban
[837/1381] Mike Oldfield - Moonlight Shadow.mp3
  ♪ Mike Oldfield — Moonlight Shadow (The Mike Oldfield Collection) [1983]  [SongRec]
  = nom déjà correct
  ♬ Mike Oldfield — Moonlight Shadow, album : The Mike Oldfield Collection, année : 1983, genre : Rock
[838/1381] Mike Oldfield - Taurus II (Live In Cologne 6th December 1982 Five Miles Out Tour).mp3
  ♪ Mike Oldfield — Taurus II (Live In Cologne/ 6th December 1982/ Five Miles Out Tour) (Five Miles Out (Deluxe Edition)) [2013]  [SongRec]
  = nom déjà correct
  ♬ Mike Oldfield — Taurus II (Live In Cologne/ 6th December 1982/ Five Miles Out Tour), album : Five Miles Out (Deluxe Edition), année : 2013, genre : Rock
[839/1381] Miles Davis - It's About That Time.mp3
  ♪ Miles Davis — It's About That Time (The Columbia Years 1955 - 1985) [1988]  [SongRec]
  = nom déjà correct
  ♬ Miles Davis — It's About That Time, album : The Columbia Years 1955 - 1985, année : 1988, genre : Jazz
[840/1381] Miley Cyrus-2023-Endless Summer Vacation - 01 - Flowers-DSD128.dsf
  ✗ non reconnu (ni SongRec ni tags)
[841/1381] Milton Keys - On the Rhode.mp3
  ♪ Milton Keys — On the Rhode (On the Rhode - Single) [2009]  [SongRec]
  = nom déjà correct
  ♬ Milton Keys — On the Rhode, album : On the Rhode - Single, année : 2009, genre : Dance
[842/1381] Mimi Webb - Goodbye.mp3
  ♪ Mimi Webb — Goodbye (Goodbye - Single) [2022]  [SongRec]
  = nom déjà correct
  ♬ Mimi Webb — Goodbye, album : Goodbye - Single, année : 2022, genre : Pop
[843/1381] Mimi Webb - House On Fire.mp3
  ♪ Mimi Webb — House On Fire (Amelia) [2022]  [SongRec]
  = nom déjà correct
  ♬ Mimi Webb — House On Fire, album : Amelia, année : 2022, genre : Pop
[844/1381] Mirror Me - Spectral Seafloor.mp3
  ♪ Mirror Me — Spectral Seafloor (Azure Skies And Golden Valleys - Single) [2025]  [SongRec]
  = nom déjà correct
  ♬ Mirror Me — Spectral Seafloor, album : Azure Skies And Golden Valleys - Single, année : 2025, genre : Trance
[845/1381] Miskeyz - Under the Sun.mp3
  ♪ Miskeyz — Under the Sun (Daylight - EP) [2014]  [SongRec]
  = nom déjà correct
  ♬ Miskeyz — Under the Sun, album : Daylight - EP, année : 2014, genre : Electronic
[846/1381] Missy Elliott - Get Ur Freak On.mp3
  ♪ Missy Elliott — Get Ur Freak On (Miss E... So Addictive) [2001]  [SongRec]
  = nom déjà correct
  ♬ Missy Elliott — Get Ur Freak On, album : Miss E... So Addictive, année : 2001, genre : R&B/Soul
[847/1381] Mister You - Flashback.mp3
  ♪ Mister You — Flashback (Hasta la muerte) [2019]  [SongRec]
  = nom déjà correct
  ♬ Mister You — Flashback, album : Hasta la muerte, année : 2019, genre : Hip-Hop/Rap
[848/1381] Moby - Porcelain.mp3
  ♪ Moby — Porcelain (Porcelain - Single) [1999]  [SongRec]
  = nom déjà correct
  ♬ Moby — Porcelain, album : Porcelain - Single, année : 1999, genre : Dance
[849/1381] Moby - We Are All Made Of Stars.mp3
  ♪ Moby — We Are All Made Of Stars (We Are All Made of Stars) [2002]  [SongRec]
  = nom déjà correct
  ♬ Moby — We Are All Made Of Stars, album : We Are All Made of Stars, année : 2002, genre : Dance
[850/1381] Modern Talking - You're My Heart, You're My Soul.mp3
  ♪ Modern Talking — You're My Heart, You're My Soul (You're My Heart, You're My Soul) [1984]  [SongRec]
  = nom déjà correct
  ♬ Modern Talking — You're My Heart, You're My Soul, album : You're My Heart, You're My Soul, année : 1984, genre : Pop
[851/1381] Mohamed Lamouri & Groupe Mostla - Sbart Ou Tal Adabi.mp3
  ♪ Mohamed Lamouri & Groupe Mostla — Sbart Ou Tal Adabi (Underground Raï Love) [2019]  [SongRec]
  = nom déjà correct
  ♬ Mohamed Lamouri & Groupe Mostla — Sbart Ou Tal Adabi, album : Underground Raï Love, année : 2019, genre : Pop
[852/1381] Moody x Jax Jones - Afraid To Play (Luke S Final Edit).mp3
  ✗ non reconnu (ni SongRec ni tags)
[853/1381] Moos - Au nom de la rose (Extended).mp3
  ♪ Moos — Au nom de la rose (Extended) (Le crabe est erotique) [1999]  [SongRec]
  = nom déjà correct
  ♬ Moos — Au nom de la rose (Extended), album : Le crabe est erotique, année : 1999, genre : French Pop
[854/1381] Mooski, Chris Brown & A Boogie wit da Hoodie - Track Star (feat. Yung Bleu) [Remix 2.0].mp3
  ♪ Mooski, Chris Brown & A Boogie wit da Hoodie — Track Star (feat. Yung Bleu) [Remix 2.0] (Melodic Therapy 4 The Broken) [2021]  [SongRec]
  = nom déjà correct
  ♬ Mooski, Chris Brown & A Boogie wit da Hoodie — Track Star (feat. Yung Bleu) [Remix 2.0], album : Melodic Therapy 4 The Broken, année : 2021, genre : R&B/Soul
[855/1381] Morrissey - Everyday Is Like Sunday.mp3
  ♪ Morrissey — Everyday Is Like Sunday (Everyday Is Like Sunday / Disappointed [Digital 45]) [1987]  [SongRec]
  = nom déjà correct
  ♬ Morrissey — Everyday Is Like Sunday, album : Everyday Is Like Sunday / Disappointed [Digital 45], année : 1987, genre : College Rock
[856/1381] Morrissey - Suedehead.mp3
  ♪ Morrissey — Suedehead (Suedehead / I Know Very Well How I Got My Name [Digital 45]) [1988]  [SongRec]
  = nom déjà correct
  ♬ Morrissey — Suedehead, album : Suedehead / I Know Very Well How I Got My Name [Digital 45], année : 1988, genre : College Rock
[857/1381] Morrissey - The Last of the Famous International Playboys.mp3
  ♪ Morrissey — The Last of the Famous International Playboys (World of Morrissey) [1989]  [SongRec]
  = nom déjà correct
  ♬ Morrissey — The Last of the Famous International Playboys, album : World of Morrissey, année : 1989, genre : College Rock
[858/1381] Mosimann - Luxuria (Slideback Remix).mp3
  ♪ Mosimann — Luxuria (Slideback Remix) (Luxuria (Slideback Remix) - Single) [2014]  [SongRec]
  = nom déjà correct
  ♬ Mosimann — Luxuria (Slideback Remix), album : Luxuria (Slideback Remix) - Single, année : 2014, genre : Dance
[859/1381] Mothers Pride - Learning to Fly (Trouser Enthusiasts Remix).mp3
  ♪ Mothers Pride — Learning to Fly (Trouser Enthusiasts Remix)  [SongRec]
  = nom déjà correct
  ♬ Mothers Pride — Learning to Fly (Trouser Enthusiasts Remix), genre : Electronic
[860/1381] Motorcycle - As the Rush Comes (Gav Crayton Rework).mp3
  ♪ Motorcycle — As the Rush Comes (Gav Crayton Rework)  [tags existants]
  = nom déjà correct
  ♬ Motorcycle — As the Rush Comes (Gav Crayton Rework)
[861/1381] Mousse T. & The Dandy Warhols - Horny As A Dandy (So Phat! Remix).mp3
  ♪ Mousse T. & The Dandy Warhols — Horny As A Dandy (So Phat! Remix)  [SongRec]
  = nom déjà correct
  ♬ Mousse T. & The Dandy Warhols — Horny As A Dandy (So Phat! Remix), genre : Pop
[862/1381] Mr. Probz - Waves.mp3
  ♪ Mr. Probz — Waves (Against the Stream - EP) [2013]  [SongRec]
  = nom déjà correct
  ♬ Mr. Probz — Waves, album : Against the Stream - EP, année : 2013, genre : Pop
[863/1381] Mumford & Sons - Little Lion Man.mp3
  ♪ Mumford & Sons — Little Lion Man (Sigh No More) [2009]  [SongRec]
  = nom déjà correct
  ♬ Mumford & Sons — Little Lion Man, album : Sigh No More, année : 2009, genre : Alternative
[864/1381] Municipal Waste - A2. Big Trouble in Little China.mp3
  ♪ Municipal Waste — A2. Big Trouble in Little China (Tango and Thrash + Monster Ball People of Earth) [2003]  [tags existants]
  = nom déjà correct
  ♬ Municipal Waste — A2. Big Trouble in Little China, album : Tango and Thrash + Monster Ball People of Earth, année : 2003
[865/1381] My New Band Believe - Heart of Darkness.mp3
  ♪ My New Band Believe — Heart of Darkness (My New Band Believe) [2026]  [SongRec]
  = nom déjà correct
  ♬ My New Band Believe — Heart of Darkness, album : My New Band Believe, année : 2026, genre : Alternative
[866/1381] My Way - Calvin Harris.mp3
  ✗ non reconnu (ni SongRec ni tags)
[867/1381] Mylène Farmer - Désenchantée.mp3
  ♪ Mylène Farmer — Désenchantée (L'autre) [1991]  [SongRec]
  = nom déjà correct
  ♬ Mylène Farmer — Désenchantée, album : L'autre, année : 1991, genre : French Pop
[868/1381] Mysterious People, Kings Of Tomorrow & Sandy Rivera - Love Revolution (Mood II Swing Remix 2).mp3
  ♪ Mysterious People, Kings Of Tomorrow & Sandy Rivera — Love Revolution (Mood II Swing Remix 2) (Love Revolution (Remixes) - EP) [1996]  [SongRec]
  = nom déjà correct
  ♬ Mysterious People, Kings Of Tomorrow & Sandy Rivera — Love Revolution (Mood II Swing Remix 2), album : Love Revolution (Remixes) - EP, année : 1996, genre : Dance
[869/1381] Nada Surf - Popular.mp3
  ♪ Nada Surf — Popular (High / Low) [1996]  [SongRec]
  = nom déjà correct
  ♬ Nada Surf — Popular, album : High / Low, année : 1996, genre : Pop
[870/1381] Namatjira - Abdominal.mp3
  ♪ Namatjira — Abdominal (Seasons  Winter 2018) [2018]  [SongRec]
  = nom déjà correct
  ♬ Namatjira — Abdominal, album : Seasons  Winter 2018, année : 2018, genre : House
[871/1381] Nancy Noise - Made With Love 2.mp3
  ♪ DJNat — Fab6  [SongRec]
  Nancy Noise - Made With Love 2.mp3
  → DJNat - Fab6.mp3
  ♬ DJNat — Fab6, genre : House
[872/1381] Natalie Cole - The Urge To Merge (Remix Remastered 2025).mp3
  ♪ Natalie Cole — The Urge To Merge (Remix / Remastered 2025) (Everlasting (Deluxe Edition / Remastered 2025)) [2025]  [SongRec]
  = nom déjà correct
  ♬ Natalie Cole — The Urge To Merge (Remix / Remastered 2025), album : Everlasting (Deluxe Edition / Remastered 2025), année : 2025, genre : R&B/Soul
[873/1381] Navii - Alors souris.mp3
  ♪ Navii — Alors souris (Tout se donner) [2014]  [SongRec]
  = nom déjà correct
  ♬ Navii — Alors souris, album : Tout se donner, année : 2014, genre : Pop
[874/1381] Nektar - Remember the Future (Part I) A. Images of the Past B. Wheel of Time C. Remember the Future D. Confusion.mp3
  ♪ Nektar — Remember the Future (Part I): A. Images of the Past / B. Wheel of Time / C. Remember the Future / D. Confusion (Remember the Future) [1973]  [tags existants]
  = nom déjà correct
  ♬ Nektar — Remember the Future (Part I): A. Images of the Past / B. Wheel of Time / C. Remember the Future / D. Confusion, album : Remember the Future, année : 1973
[875/1381] Nelly & City Spud - Ride Wit Me (feat. City Spud).mp3
  ♪ Nelly & City Spud — Ride Wit Me (feat. City Spud) (6 Pack: Nelly - EP) [2000]  [SongRec]
  = nom déjà correct
  ♬ Nelly & City Spud — Ride Wit Me (feat. City Spud), album : 6 Pack: Nelly - EP, année : 2000, genre : Hip-Hop/Rap
[876/1381] Nelly - Just A Dream (Main).mp3
  ♪ Nelly — Just A Dream (Main) (Nelly Slow Jams) [2010]  [SongRec]
  = nom déjà correct
  ♬ Nelly — Just A Dream (Main), album : Nelly Slow Jams, année : 2010, genre : Pop
[877/1381] Nelly - My Place (feat. Jaheim).mp3
  ♪ Nelly — My Place (feat. Jaheim) (Suit) [2004]  [SongRec]
  = nom déjà correct
  ♬ Nelly — My Place (feat. Jaheim), album : Suit, année : 2004, genre : Hip-Hop/Rap
[878/1381] Next - Wifey.mp3
  ♪ Next — Wifey (Platinum & Gold Collection: Next) [2004]  [SongRec]
  = nom déjà correct
  ♬ Next — Wifey, album : Platinum & Gold Collection: Next, année : 2004, genre : R&B/Soul
[879/1381] NiVNAL - Immersion.mp3
  ♪ NiVNAL — Immersion (Immersion - Single) [2015]  [SongRec]
  = nom déjà correct
  ♬ NiVNAL — Immersion, album : Immersion - Single, année : 2015, genre : Electronic
[880/1381] Nic Fanciulli - La Luna (Extended Mix).mp3
  ♪ Nic Fanciulli — La Luna (Extended Mix) (La Luna - Single) [2025]  [SongRec]
  = nom déjà correct
  ♬ Nic Fanciulli — La Luna (Extended Mix), album : La Luna - Single, année : 2025, genre : Dance
[881/1381] Nick Brewer - Talk to Me (feat. Bibi Bourelly).mp3
  ♪ Nick Brewer — Talk to Me (feat. Bibi Bourelly) (Talk to Me (feat. Bibi Bourelly) - Single) [2015]  [SongRec]
  = nom déjà correct
  ♬ Nick Brewer — Talk to Me (feat. Bibi Bourelly), album : Talk to Me (feat. Bibi Bourelly) - Single, année : 2015, genre : Pop
[882/1381] Nick Curly - Underground (Dennis Ferrer Remix) [Mixed].mp3
  ♪ Nick Curly — Underground (Dennis Ferrer Remix) [Mixed] (Defected Radio Episode 155 (Hosted by Sam Divine) [DJ Mix]) [2012]  [SongRec]
  = nom déjà correct
  ♬ Nick Curly — Underground (Dennis Ferrer Remix) [Mixed], album : Defected Radio Episode 155 (Hosted by Sam Divine) [DJ Mix], année : 2012, genre : Dance
[883/1381] Nickelback - Animals.mp3
  ♪ Nickelback — Animals (All the Right Reasons) [2005]  [SongRec]
  = nom déjà correct
  ♬ Nickelback — Animals, album : All the Right Reasons, année : 2005, genre : Rock
[884/1381] Nickelback - Good Times Gone.mp3
  ♪ Nickelback — Good Times Gone (Silver Side Up) [2001]  [SongRec]
  = nom déjà correct
  ♬ Nickelback — Good Times Gone, album : Silver Side Up, année : 2001, genre : Rock
[885/1381] Nickelback - Rockstar.mp3
  ♪ Nickelback — Rockstar (All the Right Reasons) [2005]  [SongRec]
  = nom déjà correct
  ♬ Nickelback — Rockstar, album : All the Right Reasons, année : 2005, genre : Rock
[886/1381] Nickelback - Someday.mp3
  ♪ Nickelback — Someday (The Best of Nickelback, Vol. 1) [2003]  [SongRec]
  = nom déjà correct
  ♬ Nickelback — Someday, album : The Best of Nickelback, Vol. 1, année : 2003, genre : Rock
[887/1381] Nicole Scherzinger - Your Love (Cahill Radio Remix).mp3
  ♪ Nicole Scherzinger — Your Love (Cahill Radio Remix) (Your Love (Remix) - EP) [2014]  [SongRec]
  = nom déjà correct
  ♬ Nicole Scherzinger — Your Love (Cahill Radio Remix), album : Your Love (Remix) - EP, année : 2014, genre : Pop
[888/1381] Niconé & Sascha Braemer - Caje (Album Edit) [feat. Narra].mp3
  ♪ Niconé & Sascha Braemer — Caje (Album Edit) [feat. Narra] (Romantic Thrills) [2011]  [SongRec]
  = nom déjà correct
  ♬ Niconé & Sascha Braemer — Caje (Album Edit) [feat. Narra], album : Romantic Thrills, année : 2011, genre : Electronic
[889/1381] Niels van Gogh - Pulverturm (DJ Tomcraft Remix).mp3
  ♪ Niels van Gogh — Pulverturm (DJ Tomcraft Remix) (Pulverturm - EP) [1996]  [SongRec]
  = nom déjà correct
  ♬ Niels van Gogh — Pulverturm (DJ Tomcraft Remix), album : Pulverturm - EP, année : 1996, genre : Dance
[890/1381] Nine Inch Nails - Right Where It Belongs.mp3
  ♪ Nine Inch Nails — Right Where It Belongs (Live: Beside You in Time) [2007]  [tags existants]
  = nom déjà correct
  ♬ Nine Inch Nails — Right Where It Belongs, album : Live: Beside You in Time, année : 2007
[891/1381] Nio García, Casper Mágico & Ozuna - Travesuras (Remix) [feat. Wisin & Yandel, Myke Towers & Flow La Movie].mp3
  ♪ Nio García, Casper Mágico & Ozuna — Travesuras (Remix) [feat. Wisin & Yandel, Myke Towers & Flow La Movie] (Travesuras (Remix) [feat. Wisin & Yandel, Myke Towers & Flow La Movie] - Single) [2021]  [SongRec]
  = nom déjà correct
  ♬ Nio García, Casper Mágico & Ozuna — Travesuras (Remix) [feat. Wisin & Yandel, Myke Towers & Flow La Movie], album : Travesuras (Remix) [feat. Wisin & Yandel, Myke Towers & Flow La Movie] - Single, année : 2021, genre : Latin Urban
[892/1381] Noel Holler - Big Trouble.mp3
  ♪ Noel Holler — Big Trouble (Big Trouble - Single) [2022]  [SongRec]
  = nom déjà correct
  ♬ Noel Holler — Big Trouble, album : Big Trouble - Single, année : 2022, genre : Pop
[893/1381] Nomad - (I Wanna Give You) Devotion.mp3
  ♪ Nomad — (I Wanna Give You) Devotion ((I Wanna Give You) Devotion - Single) [1991]  [SongRec]
  = nom déjà correct
  ♬ Nomad — (I Wanna Give You) Devotion, album : (I Wanna Give You) Devotion - Single, année : 1991, genre : Dance
[894/1381] Nora En Pure - Graubünden, Switzerland.mp3
  ✗ non reconnu (ni SongRec ni tags)
[895/1381] Nora En Pure - Monsoon (Extended Mix).mp3
  ♪ Nora En Pure — Monsoon (Extended Mix) (Monsoon (The Extended Mixes) - EP) [2021]  [SongRec]
  = nom déjà correct
  ♬ Nora En Pure — Monsoon (Extended Mix), album : Monsoon (The Extended Mixes) - EP, année : 2021, genre : Dance
[896/1381] Nuttea - Elle te rend dingue (Poom Poom Short).mp3
  ♪ Nuttea — Elle te rend dingue (Poom Poom Short) (Un signe du temps) [2000]  [SongRec]
  = nom déjà correct
  ♬ Nuttea — Elle te rend dingue (Poom Poom Short), album : Un signe du temps, année : 2000, genre : Reggae
[897/1381] OFFAIAH - Trouble.mp3
  ♪ OFFAIAH — Trouble (Trouble - Single) [2016]  [SongRec]
  = nom déjà correct
  ♬ OFFAIAH — Trouble, album : Trouble - Single, année : 2016, genre : Dance
[898/1381] Oasis - Cloudburst.mp3
  ♪ Oasis — Cloudburst (Live Forever - EP) [1994]  [SongRec]
  = nom déjà correct
  ♬ Oasis — Cloudburst, album : Live Forever - EP, année : 1994, genre : Pop
[899/1381] Oasis - Roll With It.mp3
  ♪ Oasis — Roll With It (Roll With It - EP) [1995]  [SongRec]
  = nom déjà correct
  ♬ Oasis — Roll With It, album : Roll With It - EP, année : 1995, genre : Rock
[900/1381] Oasis - Whatever.mp3
  ♪ Oasis — Whatever (Whatever - EP) [1994]  [SongRec]
  = nom déjà correct
  ♬ Oasis — Whatever, album : Whatever - EP, année : 1994, genre : Rock
[901/1381] Obituary - Suffocation (Reissued).mp3
  ♪ Obituary — Suffocation (Reissued) (The Complete Roadrunner Collection 1989-2005) [1989]  [SongRec]
  = nom déjà correct
  ♬ Obituary — Suffocation (Reissued), album : The Complete Roadrunner Collection 1989-2005, année : 1989, genre : Metal
[902/1381] Ocean Colour Scene - Hundred Mile High City.mp3
  ♪ Ocean Colour Scene — Hundred Mile High City (Marchin' Already) [1997]  [SongRec]
  = nom déjà correct
  ♬ Ocean Colour Scene — Hundred Mile High City, album : Marchin' Already, année : 1997, genre : Alternative
[903/1381] Oliver Cheatham - Get Down Saturday Night.mp3
  ♪ Oliver Cheatham — Get Down Saturday Night (Saturday Night (Expanded Edition)) [1983]  [SongRec]
  = nom déjà correct
  ♬ Oliver Cheatham — Get Down Saturday Night, album : Saturday Night (Expanded Edition), année : 1983, genre : R&B/Soul
[904/1381] Olivia Rodrigo - drivers license (Live From Glastonbury (A BBC Recording)).mp3
  ♪ Olivia Rodrigo — drivers license (Live From Glastonbury (A BBC Recording))  [SongRec]
  = nom déjà correct
  ♬ Olivia Rodrigo — drivers license (Live From Glastonbury (A BBC Recording)), genre : Pop
[905/1381] Olly Murs - Stevie Knows (7th Heaven Remix).mp3
  ♪ Olly Murs — Stevie Knows (7th Heaven Remix) (Stevie Knows (7th Heaven Remix) - Single) [2015]  [SongRec]
  = nom déjà correct
  ♬ Olly Murs — Stevie Knows (7th Heaven Remix), album : Stevie Knows (7th Heaven Remix) - Single, année : 2015, genre : Pop
[906/1381] OneRepublic - Rescue Me.mp3
  ♪ OneRepublic — Rescue Me (Rescue Me - Single) [2019]  [SongRec]
  = nom déjà correct
  ♬ OneRepublic — Rescue Me, album : Rescue Me - Single, année : 2019, genre : Pop
[907/1381] OneRepublic - Stop And Stare.mp3
  ♪ OneRepublic — Stop And Stare (Dreaming Out Loud) [2007]  [SongRec]
  = nom déjà correct
  ♬ OneRepublic — Stop And Stare, album : Dreaming Out Loud, année : 2007, genre : Pop
[908/1381] Orchestral Manoeuvres In the Dark - Walking On the Milky Way.mp3
  ♪ Orchestral Manoeuvres In the Dark — Walking On the Milky Way (Universal) [1996]  [SongRec]
  = nom déjà correct
  ♬ Orchestral Manoeuvres In the Dark — Walking On the Milky Way, album : Universal, année : 1996, genre : Pop
[909/1381] Os Detroia - Bela (Não Faz Isso).mp3
  ♪ Os Detroia — Bela (Não Faz Isso) (Bela (Não Faz Isso) - Single) [2014]  [SongRec]
  = nom déjà correct
  ♬ Os Detroia — Bela (Não Faz Isso), album : Bela (Não Faz Isso) - Single, année : 2014, genre : Dance
[910/1381] Outwork - Elektro (The Cube Guys mix) [feat. Mr Gee].mp3
  ♪ Outwork — Elektro (The Cube Guys mix) [feat. Mr Gee] (Elektro (feat. Mr Gee) [The ultimate remixes]) [2005]  [SongRec]
  = nom déjà correct
  ♬ Outwork — Elektro (The Cube Guys mix) [feat. Mr Gee], album : Elektro (feat. Mr Gee) [The ultimate remixes], année : 2005, genre : House
[911/1381] Oxya - Spirit Spine.mp3
  ♪ Oxya — Spirit Spine (The King of Nothing 2) [2013]  [SongRec]
  = nom déjà correct
  ♬ Oxya — Spirit Spine, album : The King of Nothing 2, année : 2013, genre : Dance
[912/1381] P!nk - You Get My Love.mp3
  ♪ P!nk — You Get My Love (Beautiful Trauma) [2017]  [SongRec]
  = nom déjà correct
  ♬ P!nk — You Get My Love, album : Beautiful Trauma, année : 2017, genre : Pop
[913/1381] PANG! - Walking in the Sun.mp3
  ♪ PANG! — Walking in the Sun (Walking in the Sun - Single) [2015]  [SongRec]
  = nom déjà correct
  ♬ PANG! — Walking in the Sun, album : Walking in the Sun - Single, année : 2015, genre : Dance
[914/1381] PLK - A la base.mp3
  ♪ PLK — A la base (Enna Boost) [2021]  [SongRec]
  = nom déjà correct
  ♬ PLK — A la base, album : Enna Boost, année : 2021, genre : Hip-Hop/Rap
[915/1381] POOLSE - One Kiss.mp3
  ♪ POOLSE — One Kiss (One Kiss - Single) [2024]  [SongRec]
  = nom déjà correct
  ♬ POOLSE — One Kiss, album : One Kiss - Single, année : 2024, genre : Dance
[916/1381] Pacifique - Quand tu serres mon corps.mp3
  ♪ Pacifique — Quand tu serres mon corps (California (Deluxe Edition)) [1995]  [SongRec]
  = nom déjà correct
  ♬ Pacifique — Quand tu serres mon corps, album : California (Deluxe Edition), année : 1995, genre : French Pop
[917/1381] Paradis - Garde-le Pour Toi (Thee Loving Hand mix Parts I + Ii).mp3
  ♪ Paradis — Garde le pour toi (Thee Loving Hand Mix Parts I + II)  [SongRec]
  Paradis - Garde-le Pour Toi (Thee Loving Hand mix Parts I + Ii).mp3
  → Paradis - Garde le pour toi (Thee Loving Hand Mix Parts I + II).mp3
  ♬ Paradis — Garde le pour toi (Thee Loving Hand Mix Parts I + II), genre : Alternative
[918/1381] Paraje - Animalaction (Macho Mix).mp3
  ♪ Paraje — Animalaction (Macho Mix) (Animalaction - Single) [1993]  [SongRec]
  = nom déjà correct
  ♬ Paraje — Animalaction (Macho Mix), album : Animalaction - Single, année : 1993, genre : Dance
[919/1381] Parallax Beat Brothers, Pete Lockett & Scanner - Exhalation.mp3
  ♪ Parallax Beat Brothers, Pete Lockett & Scanner — Exhalation (Autek (2007 Edition)) [2005]  [SongRec]
  = nom déjà correct
  ♬ Parallax Beat Brothers, Pete Lockett & Scanner — Exhalation, album : Autek (2007 Edition), année : 2005, genre : Electronic
[920/1381] Paranormal Attack - Walking in the Sun.mp3
  ♪ Paranormal Attack — Walking in the Sun (Walking in the Sun - Single) [2007]  [SongRec]
  = nom déjà correct
  ♬ Paranormal Attack — Walking in the Sun, album : Walking in the Sun - Single, année : 2007, genre : Trance
[921/1381] Pascal Obispo - Rosa.mp3
  ♪ Pascal Obispo — Rosa (1980 - Single) [2005]  [SongRec]
  = nom déjà correct
  ♬ Pascal Obispo — Rosa, album : 1980 - Single, année : 2005, genre : French Pop
[922/1381] Passi & Secteur Ä - Les Flammes Du Mal.mp3
  ♪ Passi & Secteur Ä — Les Flammes Du Mal (Le meilleur du live à l'Olympia) [1998]  [SongRec]
  = nom déjà correct
  ♬ Passi & Secteur Ä — Les Flammes Du Mal, album : Le meilleur du live à l'Olympia, année : 1998, genre : Hip-Hop/Rap
[923/1381] Passi - Le maton me guette.mp3
  ♪ Passi — Le maton me guette (Les tentations) [1997]  [SongRec]
  = nom déjà correct
  ♬ Passi — Le maton me guette, album : Les tentations, année : 1997, genre : Hip-Hop/Rap
[924/1381] Pato Banton - Bubbling Hot.mp3
  ♪ Pato Banton — Bubbling Hot (Universal Love) [1992]  [SongRec]
  = nom déjà correct
  ♬ Pato Banton — Bubbling Hot, album : Universal Love, année : 1992, genre : Electronic
[925/1381] Patrice Rushen - Remind Me.mp3
  ♪ Patrice Rushen — Remind Me (Straight from the Heart) [1982]  [SongRec]
  = nom déjà correct
  ♬ Patrice Rushen — Remind Me, album : Straight from the Heart, année : 1982, genre : R&B/Soul
[926/1381] Patricia Kaas - Mademoiselle chante de Blues.mp3
  ♪ Patricia Kaas — Mademoiselle chante de Blues (Toute la musique) [2001]  [SongRec]
  = nom déjà correct
  ♬ Patricia Kaas — Mademoiselle chante de Blues, album : Toute la musique, année : 2001, genre : French Pop
[927/1381] Patrick Fiori - Je ne serai jamais.mp3
  ♪ Patrick Fiori — Je ne serai jamais (Si on chantait plus fort) [2002]  [SongRec]
  = nom déjà correct
  ♬ Patrick Fiori — Je ne serai jamais, album : Si on chantait plus fort, année : 2002, genre : French Pop
[928/1381] Patrick Fiori - Toutes les peines.mp3
  ♪ Patrick Fiori — Toutes les peines (Si on chantait plus fort) [2002]  [SongRec]
  = nom déjà correct
  ♬ Patrick Fiori — Toutes les peines, album : Si on chantait plus fort, année : 2002, genre : French Pop
[929/1381] Patti LaBelle - Stir It Up (Single Version).mp3
  ♪ Patti LaBelle — Stir It Up (Single Version) (20th Century Masters - The Millennium Collection: The Best of Patti LaBelle) [1984]  [SongRec]
  = nom déjà correct
  ♬ Patti LaBelle — Stir It Up (Single Version), album : 20th Century Masters - The Millennium Collection: The Best of Patti LaBelle, année : 1984, genre : R&B/Soul
[930/1381] Paul Mauriat - Io Che Non Vivo Senza Te.mp3
  ♪ Paul Mauriat — Io Che Non Vivo Senza Te (Les 40 plus belles chansons de Paul Mauriat) [2016]  [SongRec]
  = nom déjà correct
  ♬ Paul Mauriat — Io Che Non Vivo Senza Te, album : Les 40 plus belles chansons de Paul Mauriat, année : 2016, genre : Pop
[931/1381] Paul McCartney - My Brave Face (1988 Demo).mp3
  ♪ Paul McCartney — My Brave Face (1988 Demo) (Flowers In The Dirt (Archive Collection) [2017 Remaster]) [1989]  [SongRec]
  = nom déjà correct
  ♬ Paul McCartney — My Brave Face (1988 Demo), album : Flowers In The Dirt (Archive Collection) [2017 Remaster], année : 1989, genre : Rock
[932/1381] Paul Weller - Have You Made Up Your Mind (Live for Bbc Radio 2 in Concert 14-11-2008).mp3
  ♪ Paul Weller — Have You Made Up Your Mind (Live for Bbc Radio 2 in Concert 14-11-2008) (Weller at the Bbc Vol 2) [2026]  [tags existants]
  = nom déjà correct
  ♬ Paul Weller — Have You Made Up Your Mind (Live for Bbc Radio 2 in Concert 14-11-2008), album : Weller at the Bbc Vol 2, année : 2026
[933/1381] Paul Weller - Heavy Soul - 02 - Peacock Suit.mp3
  ♪ Paul Weller — Peacock Suit (Single Version) (Hit Parade Box Set (4 Volume Set)) [1998]  [SongRec]
  ⚠ conflit : Paul Weller - Peacock Suit (Single Version).mp3 existe déjà, ignoré
  ♬ Paul Weller — Peacock Suit (Single Version), album : Hit Parade Box Set (4 Volume Set), année : 1998, genre : Rock
[934/1381] Paul Weller - Peacock Suit (Single Version).mp3
  ♪ Paul Weller — Peacock Suit (Single Version) (Hit Parade Box Set (4 Volume Set)) [1998]  [SongRec]
  = nom déjà correct
  ♬ Paul Weller — Peacock Suit (Single Version), album : Hit Parade Box Set (4 Volume Set), année : 1998, genre : Rock
[935/1381] Paul Young - Right About Now.mp3
  ♪ Paul Young — Right About Now (Other Voices) [1990]  [SongRec]
  = nom déjà correct
  ♬ Paul Young — Right About Now, album : Other Voices, année : 1990, genre : Pop
[936/1381] Paul Young-1985-Every Time You Go Away (Extended Remix Version)-32bit-384Khz.wv
  ✗ non reconnu (ni SongRec ni tags)
[937/1381] Paulo Araújo - City Lights.mp3
  ♪ Paulo Araújo — City Lights (City Lights - Single) [2024]  [SongRec]
  = nom déjà correct
  ♬ Paulo Araújo — City Lights, album : City Lights - Single, année : 2024, genre : Electronica
[938/1381] Peer Pressure - One Night.mp3
  ♪ Peer Pressure — One Night (One Night - Single) [2024]  [SongRec]
  = nom déjà correct
  ♬ Peer Pressure — One Night, album : One Night - Single, année : 2024, genre : Dance
[939/1381] Pet Shop Boys - Always On My Mind In My House.mp3
  ♪ Pet Shop Boys — Always On My Mind / In My House (Introspective: Further Listening 1988-1989 (Deluxe Edition) [2018 Remaster]) [1988]  [SongRec]
  = nom déjà correct
  ♬ Pet Shop Boys — Always On My Mind / In My House, album : Introspective: Further Listening 1988-1989 (Deluxe Edition) [2018 Remaster], année : 1988, genre : Electronic
[940/1381] Peter & Sloane - Besoin de rien, envie de toi.mp3
  ♪ Peter & Sloane — Besoin de rien, envie de toi (Besoin de rien, envie de toi) [1985]  [SongRec]
  = nom déjà correct
  ♬ Peter & Sloane — Besoin de rien, envie de toi, album : Besoin de rien, envie de toi, année : 1985, genre : French Pop
[941/1381] Peter Andre - Kiss the Girl.mp3
  ♪ Peter Andre — Kiss the Girl (Arielle, die Meerjungfrau (Deutscher Original Film-Soundtrack)) [1989]  [SongRec]
  = nom déjà correct
  ♬ Peter Andre — Kiss the Girl, album : Arielle, die Meerjungfrau (Deutscher Original Film-Soundtrack), année : 1989, genre : Musicals
[942/1381] Peter Andre - Mysterious Girl.mp3
  ♪ Peter Andre — Mysterious Girl (Natural) [1996]  [SongRec]
  = nom déjà correct
  ♬ Peter Andre — Mysterious Girl, album : Natural, année : 1996, genre : Pop
[943/1381] Peter Andre - Natural (C & J Street Mix).mp3
  ♪ Peter Andre — Natural (C & J Street Mix) (Natural) [1996]  [SongRec]
  = nom déjà correct
  ♬ Peter Andre — Natural (C & J Street Mix), album : Natural, année : 1996, genre : Pop
[944/1381] Pharrell Williams - Happy (From Despicable Me 2).mp3
  ♪ Pharrell Williams — Happy (From "Despicable Me 2") (G I R L) [2013]  [SongRec]
  = nom déjà correct
  ♬ Pharrell Williams — Happy (From "Despicable Me 2"), album : G I R L, année : 2013, genre : Pop
[945/1381] Philipp Münch - Roses, Red and Black.mp3
  ♪ Philipp Münch — Roses, Red and Black (Into the Absurd) [2011]  [tags existants]
  = nom déjà correct
  ♬ Philipp Münch — Roses, Red and Black, album : Into the Absurd, année : 2011
[946/1381] Philippe Cauvin - Comme un miroir d'écho.mp3
  ♪ Philippe Cauvin — Comme un miroir d'écho (Memento) [1984]  [SongRec]
  = nom déjà correct
  ♬ Philippe Cauvin — Comme un miroir d'écho, album : Memento, année : 1984, genre : Rock
[947/1381] Philippe Lafontaine - Cœur de Loup.mp3
  ♪ Philippe Lafontaine — Cœur de Loup (Fond de Scènes) [1999]  [tags existants]
  = nom déjà correct
  ♬ Philippe Lafontaine — Cœur de Loup, album : Fond de Scènes, année : 1999
[948/1381] Philippe Lafontaine - Cœur de loup.mp3
  ♪ Philippe Lafontaine — Cœur de loup (Best of Philippe Lafontaine (Le meilleur des années 80)) [1978]  [SongRec]
  = nom déjà correct
  ♬ Philippe Lafontaine — Cœur de loup, album : Best of Philippe Lafontaine (Le meilleur des années 80), année : 1978, genre : French Pop
[949/1381] Pierre Maizeroi - Juste Un Moment.mp3
  ♪ Pierre Maizeroi — Juste Un Moment [1987]  [tags existants]
  = nom déjà correct
  ♬ Pierre Maizeroi — Juste Un Moment, année : 1987
[950/1381] Pig&Dan - Touch.mp3
  ♪ Pig&Dan — Touch (Sessions) [2007]  [tags existants]
  = nom déjà correct
  ♬ Pig&Dan — Touch, album : Sessions, année : 2007
[951/1381] Pigeon John - The Bomb.mp3
  ♪ Pigeon John — The Bomb (Dragon Slayer) [2010]  [SongRec]
  = nom déjà correct
  ♬ Pigeon John — The Bomb, album : Dragon Slayer, année : 2010, genre : Hip-Hop/Rap
[952/1381] Pink Floyd - Echoes.mp3
  ♪ Pink Floyd — Echoes (Live at the Palais Des Sports, Poitiers, France 29 Nov 1972) [2022]  [tags existants]
  = nom déjà correct
  ♬ Pink Floyd — Echoes, album : Live at the Palais Des Sports, Poitiers, France 29 Nov 1972, année : 2022
[953/1381] Pino D'Angiò - Ma Quale Idea.mp3
  ♪ Pino D'Angiò — Ma Quale Idea (Ma Quale Idea - Single) [1981]  [SongRec]
  = nom déjà correct
  ♬ Pino D'Angiò — Ma Quale Idea, album : Ma Quale Idea - Single, année : 1981, genre : Disco
[954/1381] Pizeta - Remedios.mp3
  ♪ Pizeta — Remedios (Remedios - EP) [2014]  [SongRec]
  = nom déjà correct
  ♬ Pizeta — Remedios, album : Remedios - EP, année : 2014, genre : Electronic
[955/1381] Placebo - Running Up That Hill.mp3
  ♪ Placebo — Running Up That Hill (Covers) [2003]  [SongRec]
  = nom déjà correct
  ♬ Placebo — Running Up That Hill, album : Covers, année : 2003, genre : Rock
[956/1381] Poolse - One Kiss (Extended Mix)_639160274488085536.mp3
  ♪ POOLSE — One Kiss (One Kiss - Single) [2024]  [SongRec]
  ⚠ conflit : POOLSE - One Kiss.mp3 existe déjà, ignoré
  ♬ POOLSE — One Kiss, album : One Kiss - Single, année : 2024, genre : Dance
[957/1381] Porter Wagoner & Dolly Parton - Her and the Car and the Mobile Home.mp3
  ♪ Porter Wagoner & Dolly Parton — Her and the Car and the Mobile Home (The Right Combination) [1972]  [SongRec]
  = nom déjà correct
  ♬ Porter Wagoner & Dolly Parton — Her and the Car and the Mobile Home, album : The Right Combination, année : 1972, genre : Country
[958/1381] Positive Force - We Got the Funk (12 Version).mp3
  ♪ Positive Force — We Got the Funk (12" Version) (Disco Ballers) [2006]  [SongRec]
  = nom déjà correct
  ♬ Positive Force — We Got the Funk (12" Version), album : Disco Ballers, année : 2006, genre : Electronic
[959/1381] Precious - Say It Again (Cutfather & Joe Mix).mp3
  ♪ Precious — Say It Again (Cutfather & Joe Mix) (Say It Again (Cutfather & Joe Mix) - Single) [1999]  [SongRec]
  = nom déjà correct
  ♬ Precious — Say It Again (Cutfather & Joe Mix), album : Say It Again (Cutfather & Joe Mix) - Single, année : 1999, genre : Pop
[960/1381] Precocious Brats - Big Girl (All I Wanna Do Is Do It!) (feat. Kevin and Perry) [From Kevin & Perry Go Large].mp3
  ♪ Precocious Brats — Big Girl (All I Wanna Do Is Do It!) (feat. Kevin and Perry) [From "Kevin & Perry Go Large"] (Big Girl (All I Wanna Do Is Do It!) (feat. Kevin and Perry) [From "Kevin & Perry Go Large"] - Single) [2000]  [SongRec]
  = nom déjà correct
  ♬ Precocious Brats — Big Girl (All I Wanna Do Is Do It!) (feat. Kevin and Perry) [From "Kevin & Perry Go Large"], album : Big Girl (All I Wanna Do Is Do It!) (feat. Kevin and Perry) [From "Kevin & Perry Go Large"] - Single, année : 2000, genre : Dance
[961/1381] Prince - When Doves Cry.mp3
  ♪ Prince — When Doves Cry (The Hits/The B-Sides) [1984]  [SongRec]
  = nom déjà correct
  ♬ Prince — When Doves Cry, album : The Hits/The B-Sides, année : 1984, genre : R&B/Soul
[962/1381] Puppah Nas-T & Masters At Work - Work (MAW Mix) [feat. Denise Saucey Wow Belfon].mp3
  ♪ Puppah Nas-T & Masters At Work — Work (MAW Mix) [feat. Denise "Saucey Wow" Belfon] (Work (feat. Denise "Saucey Wow" Belfon)) [1997]  [SongRec]
  = nom déjà correct
  ♬ Puppah Nas-T & Masters At Work — Work (MAW Mix) [feat. Denise "Saucey Wow" Belfon], album : Work (feat. Denise "Saucey Wow" Belfon), année : 1997, genre : House
[963/1381] Queen - Bohemian Rhapsody.mp3
  ♪ Queen — Bohemian Rhapsody (A Night at the Opera) [1975]  [SongRec]
  = nom déjà correct
  ♬ Queen — Bohemian Rhapsody, album : A Night at the Opera, année : 1975, genre : Rock
[964/1381] Queen - Breakthru.mp3
  ♪ Queen — Breakthru (The Miracle) [1989]  [SongRec]
  = nom déjà correct
  ♬ Queen — Breakthru, album : The Miracle, année : 1989, genre : Rock
[965/1381] Queen - Heaven for Everyone.mp3
  ♪ Queen — Heaven for Everyone (Made In Heaven) [1995]  [SongRec]
  = nom déjà correct
  ♬ Queen — Heaven for Everyone, album : Made In Heaven, année : 1995, genre : Rock
[966/1381] Queen - I Want to Break Free.mp3
  ♪ Queen — I Want to Break Free (The Works) [1984]  [SongRec]
  = nom déjà correct
  ♬ Queen — I Want to Break Free, album : The Works, année : 1984, genre : Rock
[967/1381] Queen - Too Much Love Will Kill You.mp3
  ♪ Queen — Too Much Love Will Kill You (Made In Heaven) [1995]  [SongRec]
  = nom déjà correct
  ♬ Queen — Too Much Love Will Kill You, album : Made In Heaven, année : 1995, genre : Rock
[968/1381] R. Kelly - Happy People (Radio Edit).mp3
  ♪ R. Kelly — Happy People (Radio Edit) (The Essential R. Kelly) [2004]  [SongRec]
  = nom déjà correct
  ♬ R. Kelly — Happy People (Radio Edit), album : The Essential R. Kelly, année : 2004, genre : R&B/Soul
[969/1381] R. Kelly - I Believe I Can Fly.mp3
  ♪ R. Kelly — I Believe I Can Fly (The R. in R&B Collection, Vol. 1) [1998]  [SongRec]
  = nom déjà correct
  ♬ R. Kelly — I Believe I Can Fly, album : The R. in R&B Collection, Vol. 1, année : 1998, genre : R&B/Soul
[970/1381] R. Kelly - If I Could Turn Back the Hands of Time (Radio Edit).mp3
  ♪ R. Kelly — If I Could Turn Back the Hands of Time (Radio Edit) (The Essential R. Kelly) [2000]  [SongRec]
  = nom déjà correct
  ♬ R. Kelly — If I Could Turn Back the Hands of Time (Radio Edit), album : The Essential R. Kelly, année : 2000, genre : R&B/Soul
[971/1381] R. Kelly - The Storm Is Over Now.mp3
  ♪ R. Kelly — The Storm Is Over Now (TP-2.com) [2000]  [SongRec]
  = nom déjà correct
  ♬ R. Kelly — The Storm Is Over Now, album : TP-2.com, année : 2000, genre : R&B/Soul
[972/1381] REBRN - Track 01.mp3
  ♪ REBRN — Track 01 (Track 01 - Single) [2021]  [SongRec]
  = nom déjà correct
  ♬ REBRN — Track 01, album : Track 01 - Single, année : 2021, genre : Dance
[973/1381] Rachel Stevens - More, More, More.mp3
  ♪ Rachel Stevens — More, More, More (More More More) [2004]  [SongRec]
  = nom déjà correct
  ♬ Rachel Stevens — More, More, More, album : More More More, année : 2004, genre : Pop
[974/1381] Rachid Taha, Khaled & Faudel - Abdel Kader (Live à Bercy 1998).mp3
  ♪ Rachid Taha, Khaled & Faudel — Abdel Kader (Live à Bercy / 1998) (L'essentiel Faudel) [2007]  [SongRec]
  = nom déjà correct
  ♬ Rachid Taha, Khaled & Faudel — Abdel Kader (Live à Bercy / 1998), album : L'essentiel Faudel, année : 2007, genre : World
[975/1381] Radiohead - Lucky.mp3
  ♪ Radiohead — Lucky (OK Computer) [1997]  [SongRec]
  = nom déjà correct
  ♬ Radiohead — Lucky, album : OK Computer, année : 1997, genre : Alternative
[976/1381] Radiohead - No Surprises.mp3
  ♪ Radiohead — No Surprises (OK Computer) [1997]  [SongRec]
  = nom déjà correct
  ♬ Radiohead — No Surprises, album : OK Computer, année : 1997, genre : Alternative
[977/1381] Raft - Yaka Danse.mp3
  ♪ Raft — Yaka danse (Les années 80 en France) [2021]  [SongRec]
  ⚠ conflit : Raft - Yaka danse.mp3 existe déjà, ignoré
  ♬ Raft — Yaka danse, album : Les années 80 en France, année : 2021, genre : Electronic
[978/1381] Raft - Yaka danse.mp3
  ♪ Raft — Yaka danse (Les années 80 en France) [2021]  [SongRec]
  = nom déjà correct
  ♬ Raft — Yaka danse, album : Les années 80 en France, année : 2021, genre : Electronic
[979/1381] Rai'n'B Fever - Sobri (Notre destin) [Radio Edit].mp3
  ♪ Rai'n'B Fever — Sobri (Notre destin) [Radio Edit] (Rai 'N' B Fever) [2004]  [SongRec]
  = nom déjà correct
  ♬ Rai'n'B Fever — Sobri (Notre destin) [Radio Edit], album : Rai 'N' B Fever, année : 2004, genre : R&B/Soul
[980/1381] Rainbow - Since You Been Gone.mp3
  ♪ Rainbow — Since You Been Gone (Down to Earth) [1979]  [SongRec]
  = nom déjà correct
  ♬ Rainbow — Since You Been Gone, album : Down to Earth, année : 1979, genre : Hard Rock
[981/1381] Ralph Thamar - Comme disait le poète.mp3
  ♪ Ralph Thamar — Comme disait le poète (Caraïbes) [1991]  [SongRec]
  = nom déjà correct
  ♬ Ralph Thamar — Comme disait le poète, album : Caraïbes, année : 1991, genre : World
[982/1381] Ramones - I Don't Want You.mp3
  ♪ Ramones — I Don't Want You (Road to Ruin) [1978]  [SongRec]
  = nom déjà correct
  ♬ Ramones — I Don't Want You, album : Road to Ruin, année : 1978, genre : Punk
[983/1381] Rancid - Avenues & Alleyways.mp3
  ♪ Rancid — Avenues & Alleyways (...and out Come the Wolves) [1995]  [SongRec]
  = nom déjà correct
  ♬ Rancid — Avenues & Alleyways, album : ...and out Come the Wolves, année : 1995, genre : Rock
[984/1381] Raoul Petite - Le chevalier.mp3
  ♪ Raoul Petite — Le chevalier (Rire c'est pas sérieux) [1998]  [SongRec]
  = nom déjà correct
  ♬ Raoul Petite — Le chevalier, album : Rire c'est pas sérieux, année : 1998, genre : French Pop
[985/1381] Raphaël Enthoven - Gros CâLin.mp3
  ♪ Raphaël Enthoven — Gros CâLin (Romain Gary) [2010]  [tags existants]
  = nom déjà correct
  ♬ Raphaël Enthoven — Gros CâLin, album : Romain Gary, année : 2010
[986/1381] Rare Earth - Get Ready.mp3
  ♪ Rare Earth — Get Ready (Dreams/Answers) [1968]  [SongRec]
  = nom déjà correct
  ♬ Rare Earth — Get Ready, album : Dreams/Answers, année : 1968, genre : R&B/Soul
[987/1381] Razorlight - Golden Touch (Full Length).mp3
  ♪ Razorlight — Golden Touch (Full Length) (Up All Night (20th Anniversary Deluxe Edition)) [2003]  [SongRec]
  = nom déjà correct
  ♬ Razorlight — Golden Touch (Full Length), album : Up All Night (20th Anniversary Deluxe Edition), année : 2003, genre : Rock
[988/1381] Razorlight - Somewhere Else.mp3
  ♪ Razorlight — Somewhere Else (Up All Night) [2004]  [SongRec]
  = nom déjà correct
  ♬ Razorlight — Somewhere Else, album : Up All Night, année : 2004, genre : Rock
[989/1381] Red Hot Chili Peppers - Higher Ground.mp3
  ♪ Red Hot Chili Peppers — Higher Ground (Mother's Milk) [1989]  [SongRec]
  = nom déjà correct
  ♬ Red Hot Chili Peppers — Higher Ground, album : Mother's Milk, année : 1989, genre : Alternative
[990/1381] Red Hot Chili Peppers - Snow (Hey Oh).mp3
  ♪ Red Hot Chili Peppers — Snow (Hey Oh) (Stadium Arcadium) [2006]  [SongRec]
  = nom déjà correct
  ♬ Red Hot Chili Peppers — Snow (Hey Oh), album : Stadium Arcadium, année : 2006, genre : Alternative
[991/1381] Reigning Sound - Stormy Weather.mp3
  ♪ Reigning Sound — Stormy Weather (Time Bomb High School) [2002]  [SongRec]
  = nom déjà correct
  ♬ Reigning Sound — Stormy Weather, album : Time Bomb High School, année : 2002, genre : Rock
[992/1381] Relaxing Music - Rhyming Room.mp3
  ♪ Relaxing Music — Rhyming Room  [SongRec]
  = nom déjà correct
  ♬ Relaxing Music — Rhyming Room
[993/1381] Republica - Ready to Go  The best of.wv
  ✗ non reconnu (ni SongRec ni tags)
[994/1381] Reverend and the Makers - Your Girl.mp3
  ♪ Reverend and the Makers — Your Girl (Thirtytwo) [2014]  [SongRec]
  = nom déjà correct
  ♬ Reverend and the Makers — Your Girl, album : Thirtytwo, année : 2014, genre : Rock
[995/1381] Richard Darbyshire - This I Swear - A Tom Moulton Mix.mp3
  ♪ Richard Darbyshire — This I Swear - A Tom Moulton Mix (The Tom Moulton Unreleased Mixes Volume One) [2020]  [tags existants]
  = nom déjà correct
  ♬ Richard Darbyshire — This I Swear - A Tom Moulton Mix, album : The Tom Moulton Unreleased Mixes Volume One, année : 2020
[996/1381] Rick Astley - Cry for Help (12 Version).mp3
  ♪ Rick Astley — Cry for Help (12" Version) (Cry for Help (2024 Remaster) - Single) [1991]  [SongRec]
  = nom déjà correct
  ♬ Rick Astley — Cry for Help (12" Version), album : Cry for Help (2024 Remaster) - Single, année : 1991, genre : Pop
[997/1381] Ricky Martin - Volveras (MTV Unplugged Version).mp3
  ♪ Ricky Martin — Volveras (MTV Unplugged Version) (Ricky Martin MTV Unplugged) [2006]  [SongRec]
  = nom déjà correct
  ♬ Ricky Martin — Volveras (MTV Unplugged Version), album : Ricky Martin MTV Unplugged, année : 2006, genre : Latino
[998/1381] Rihanna - Pon de Replay.mp3
  ♪ Rihanna — Pon de Replay (Music of the Sun) [2005]  [SongRec]
  = nom déjà correct
  ♬ Rihanna — Pon de Replay, album : Music of the Sun, année : 2005, genre : Pop
[999/1381] Rishi Rich Project - Dance With You (feat. Jay Sean & Juggy D).mp3
  ♪ Rishi Rich Project — Dance With You (feat. Jay Sean & Juggy D) (Me Against Myself) [2003]  [SongRec]
  = nom déjà correct
  ♬ Rishi Rich Project — Dance With You (feat. Jay Sean & Juggy D), album : Me Against Myself, année : 2003, genre : Electronic
[1000/1381] Rob Da Bank B2b Zane Lowe B2b Knife Party B2b Deadmau5 B2b Magnetic Man B2b Annie Mac B2b Skream & Benga - 2011-08-06 Bbc Radio 1 Essential mix Come Together, Space, Ibiza.mp3
  ♪ Rob Da Bank B2b Zane Lowe B2b Knife Party B2b Deadmau5 B2b Magnetic Man B2b Annie Mac B2b Skream & Benga — 2011-08-06: Bbc Radio 1 Essential mix: Come Together, Space, Ibiza (Bbc Radio1) [2011]  [tags existants]
  = nom déjà correct
  ♬ Rob Da Bank B2b Zane Lowe B2b Knife Party B2b Deadmau5 B2b Magnetic Man B2b Annie Mac B2b Skream & Benga — 2011-08-06: Bbc Radio 1 Essential mix: Come Together, Space, Ibiza, album : Bbc Radio1, année : 2011
[1001/1381] Robert Francis - Junebug.mp3
  ♪ Robert Francis — Junebug (Before Nightfall) [2009]  [SongRec]
  = nom déjà correct
  ♬ Robert Francis — Junebug, album : Before Nightfall, année : 2009, genre : Alternative
[1002/1381] Robert Miles - Red Zone.mp3
  ♪ Robert Miles — Red Zone (Dreamland) [1995]  [SongRec]
  = nom déjà correct
  ♬ Robert Miles — Red Zone, album : Dreamland, année : 1995, genre : Dance
[1003/1381] Robin S. - Show Me Love.mp3
  ♪ Robin S. — Show Me Love (Show Me Love) [1990]  [SongRec]
  = nom déjà correct
  ♬ Robin S. — Show Me Love, album : Show Me Love, année : 1990, genre : Pop
[1004/1381] Roch Voisine - La légende Oochigeas (en duo avec Lynda Lemay) [with Lynda Lemay].mp3
  ♪ Roch Voisine — La légende Oochigeas (en duo avec Lynda Lemay) [with Lynda Lemay]  [SongRec]
  = nom déjà correct
  ♬ Roch Voisine — La légende Oochigeas (en duo avec Lynda Lemay) [with Lynda Lemay], genre : French Pop
[1005/1381] Roch Voisine - Take It Easy.mp3
  ♪ Roch Voisine — Take It Easy (Americana II) [2009]  [SongRec]
  = nom déjà correct
  ♬ Roch Voisine — Take It Easy, album : Americana II, année : 2009, genre : French Pop
[1006/1381] Roch Voisine - Un simple gars.mp3
  ♪ Roch Voisine — Un simple gars (Album de Noël) [1999]  [SongRec]
  = nom déjà correct
  ♬ Roch Voisine — Un simple gars, album : Album de Noël, année : 1999, genre : Christmas
[1007/1381] Rockabye Baby! - Rojo.mp3
  ♪ Rockabye Baby! — Rojo (Lullaby Renditions of J Balvin) [2022]  [SongRec]
  = nom déjà correct
  ♬ Rockabye Baby! — Rojo, album : Lullaby Renditions of J Balvin, année : 2022, genre : Children's Music
[1008/1381] Rockin' Squat - Dangereuse liaison (feat. Calbo).mp3
  ♪ Rockin' Squat — Dangereuse liaison (feat. Calbo) (Excuse My French, Vol. 2) [2013]  [SongRec]
  = nom déjà correct
  ♬ Rockin' Squat — Dangereuse liaison (feat. Calbo), album : Excuse My French, Vol. 2, année : 2013, genre : Hip-Hop/Rap
[1009/1381] Roddy Lima - See You Dancing.mp3
  ♪ Roddy Lima — See You Dancing (See You Dancing - Single) [2024]  [SongRec]
  = nom déjà correct
  ♬ Roddy Lima — See You Dancing, album : See You Dancing - Single, année : 2024, genre : Dance
[1010/1381] Rodrigo y Gabriela - Orion.mp3
  ♪ Rodrigo y Gabriela — Orion (Rodrigo y Gabriela) [2006]  [SongRec]
  = nom déjà correct
  ♬ Rodrigo y Gabriela — Orion, album : Rodrigo y Gabriela, année : 2006, genre : World
[1011/1381] Rodrigo y Gabriela - Rodrigo y Gabriela (Deluxe Edition) - 07 Orion - Remastered.mp3
  ♪ Rodrigo y Gabriela — Orion (Rodrigo y Gabriela) [2006]  [SongRec]
  ⚠ conflit : Rodrigo y Gabriela - Orion.mp3 existe déjà, ignoré
  ♬ Rodrigo y Gabriela — Orion, album : Rodrigo y Gabriela, année : 2006, genre : World
[1012/1381] Rodrigo y Gabriela - Tamacun.mp3
  ♪ Rodrigo y Gabriela — Tamacun (Rodrigo y Gabriela) [2006]  [SongRec]
  = nom déjà correct
  ♬ Rodrigo y Gabriela — Tamacun, album : Rodrigo y Gabriela, année : 2006, genre : World
[1013/1381] Roland Clark & Urban Soul - What Do I Gotta Do (Eric Kupper Club Mix).mp3
  ♪ Roland Clark & Urban Soul — What Do I Gotta Do (Eric Kupper Club Mix) (What Do I Gotta Do) [1997]  [SongRec]
  = nom déjà correct
  ♬ Roland Clark & Urban Soul — What Do I Gotta Do (Eric Kupper Club Mix), album : What Do I Gotta Do, année : 1997, genre : House
[1014/1381] Roman Kouder & Marian Hill - Bonjour.mp3
  ♪ Roman Kouder & Marian Hill — Bonjour (Bonjour - Single) [2020]  [SongRec]
  = nom déjà correct
  ♬ Roman Kouder & Marian Hill — Bonjour, album : Bonjour - Single, année : 2020, genre : Electronic
[1015/1381] Roman Kouder & Patawawa - Back to Life (Berry Juice Remix).mp3
  ♪ Roman Kouder & Patawawa — Back to Life (Berry Juice Remix) (Back to Life - EP) [2015]  [SongRec]
  = nom déjà correct
  ♬ Roman Kouder & Patawawa — Back to Life (Berry Juice Remix), album : Back to Life - EP, année : 2015, genre : House
[1016/1381] Ron Carter - Can't Give You Anything (But My Love).mp3
  ♪ Ron Carter — Can't Give You Anything (But My Love) (Anything Goes) [1975]  [SongRec]
  = nom déjà correct
  ♬ Ron Carter — Can't Give You Anything (But My Love), album : Anything Goes, année : 1975, genre : Jazz
[1017/1381] Rose Royce - Sunrise.mp3
  ♪ Rose Royce — Sunrise (Car Wash (Soundtrack from the Motion Picture)) [1976]  [SongRec]
  = nom déjà correct
  ♬ Rose Royce — Sunrise, album : Car Wash (Soundtrack from the Motion Picture), année : 1976, genre : Soundtrack
[1018/1381] Roxette - How Do You Do! (Bomkrash US Mix).mp3
  ♪ Roxette — How Do You Do! (Bomkrash US Mix) (ROX RMX (Remixes From The Roxette Vaults)) [1992]  [SongRec]
  = nom déjà correct
  ♬ Roxette — How Do You Do! (Bomkrash US Mix), album : ROX RMX (Remixes From The Roxette Vaults), année : 1992, genre : Pop
[1019/1381] Royal Blood - Limbo.mp3
  ♪ Royal Blood — Limbo (Typhoons) [2021]  [SongRec]
  = nom déjà correct
  ♬ Royal Blood — Limbo, album : Typhoons, année : 2021, genre : Rock
[1020/1381] Royal Blood - Little Monster.mp3
  ♪ Royal Blood — Little Monster (Royal Blood) [2014]  [SongRec]
  = nom déjà correct
  ♬ Royal Blood — Little Monster, album : Royal Blood, année : 2014, genre : Alternative
[1021/1381] Rush - By-Tor and the Snow Dog.mp3
  ♪ Rush — By-Tor and the Snow Dog (Retrospective I (1974-1980)) [1975]  [SongRec]
  = nom déjà correct
  ♬ Rush — By-Tor and the Snow Dog, album : Retrospective I (1974-1980), année : 1975, genre : Hard Rock
[1022/1381] Rush - Dionyus Bringer Of Love.mp3
  ♪ Rush — Dionyus Bringer Of Love  [SongRec]
  = nom déjà correct
  ♬ Rush — Dionyus Bringer Of Love
[1023/1381] Rymz - Inconnu (feat. David Lee).mp3
  ♪ Rymz — Inconnu (feat. David Lee) (Indélébile) [2014]  [SongRec]
  = nom déjà correct
  ♬ Rymz — Inconnu (feat. David Lee), album : Indélébile, année : 2014, genre : Hip-Hop/Rap
[1024/1381] S-kyz - L'histoire d'un jeune.mp3
  ♪ S-kyz — L'histoire d'un jeune (L'histoire d'un jeune) [2008]  [SongRec]
  = nom déjà correct
  ♬ S-kyz — L'histoire d'un jeune, album : L'histoire d'un jeune, année : 2008, genre : R&B/Soul
[1025/1381] SOMMA & Dillistone - Body on Fire (Extended).mp3
  ♪ SOMMA & Dillistone — Body on Fire (Extended) (Body on Fire - Single) [2022]  [SongRec]
  = nom déjà correct
  ♬ SOMMA & Dillistone — Body on Fire (Extended), album : Body on Fire - Single, année : 2022, genre : House
[1026/1381] SUN GR - Solarscape.mp3
  ♪ SUN GR — Solarscape (Sonic Therapy) [2020]  [SongRec]
  = nom déjà correct
  ♬ SUN GR — Solarscape, album : Sonic Therapy, année : 2020, genre : Trance
[1027/1381] SZA - Blind.mp3
  ♪ SZA — Blind (SOS) [2022]  [SongRec]
  = nom déjà correct
  ♬ SZA — Blind, album : SOS, année : 2022, genre : R&B/Soul
[1028/1381] Sak Noel - Loca People (What the Fk!).mp3
  ♪ Sak Noel — Loca People (What the F**k!) (Loca People - EP) [2011]  [SongRec]
  = nom déjà correct
  ♬ Sak Noel — Loca People (What the F**k!), album : Loca People - EP, année : 2011, genre : Dance
[1029/1381] Sakiyo - Gadé yo.mp3
  ♪ Sakiyo — Gadé yo (Tracé) [1988]  [SongRec]
  = nom déjà correct
  ♬ Sakiyo — Gadé yo, album : Tracé, année : 1988, genre : World
[1030/1381] Sam Feldt - The Confession.mp3
  ♪ Sam Feldt — The Confession (The Confession - Single) [2024]  [SongRec]
  = nom déjà correct
  ♬ Sam Feldt — The Confession, album : The Confession - Single, année : 2024, genre : Dance
[1031/1381] Sam Smith - One Last Song.mp3
  ♪ Sam Smith — One Last Song (The Thrill of It All) [2017]  [SongRec]
  = nom déjà correct
  ♬ Sam Smith — One Last Song, album : The Thrill of It All, année : 2017, genre : Pop
[1032/1381] Samantha Mumba - Always Come Back to Your Love (Definitive mix).mp3
  ♪ Samantha Mumba — Always Come Back to Your Love (Definitive mix) ([Unknown Album])  [tags existants]
  = nom déjà correct
  ♬ Samantha Mumba — Always Come Back to Your Love (Definitive mix), album : [Unknown Album]
[1033/1381] Sandro Noir - Paradise (Original mix).mp3
  ♪ Sandro Noir — Paradise (Original mix) (Decalkomania) [2020]  [tags existants]
  = nom déjà correct
  ♬ Sandro Noir — Paradise (Original mix), album : Decalkomania, année : 2020
[1034/1381] Santana - Santana Segment 1.mp3
  ♪ Santana — Santana Segment 1 (1974 Kbfh Show) [1974]  [tags existants]
  = nom déjà correct
  ♬ Santana — Santana Segment 1, album : 1974 Kbfh Show, année : 1974
[1035/1381] Santana - Smooth (feat. Rob Thomas).mp3
  ♪ Santana — Smooth (feat. Rob Thomas) (Supernatural (Remastered) [Bonus Track Version]) [1999]  [SongRec]
  = nom déjà correct
  ♬ Santana — Smooth (feat. Rob Thomas), album : Supernatural (Remastered) [Bonus Track Version], année : 1999, genre : Rock
[1036/1381] Satyricon - Min Hyllest Til Vinterland (Remastered 2021).mp3
  ♪ Satyricon — Min Hyllest Til Vinterland (Remastered 2021) (Dark Medieval Times (Remastered 2021)) [1994]  [SongRec]
  = nom déjà correct
  ♬ Satyricon — Min Hyllest Til Vinterland (Remastered 2021), album : Dark Medieval Times (Remastered 2021), année : 1994, genre : Death Metal/Black Metal
[1037/1381] Saudade - Little Suzy (Major Boys Mix).mp3
  ♪ Saudade — Little Suzy (Major Boys Mix)  [SongRec]
  = nom déjà correct
  ♬ Saudade — Little Suzy (Major Boys Mix)
[1038/1381] Savina Yannatou & Primavera en Salonico - Calin Davullari.mp3
  ♪ Savina Yannatou & Primavera en Salonico — Calin Davullari (Songs of Thessaloniki) [2015]  [SongRec]
  = nom déjà correct
  ♬ Savina Yannatou & Primavera en Salonico — Calin Davullari, album : Songs of Thessaloniki, année : 2015, genre : Jazz
[1039/1381] Saïan Supa Crew - Angela.mp3
  ♪ Saïan Supa Crew — Angela (KLR) [2000]  [SongRec]
  = nom déjà correct
  ♬ Saïan Supa Crew — Angela, album : KLR, année : 2000, genre : Hip-Hop/Rap
[1040/1381] Scorpions - Still Loving You.mp3
  ♪ Scorpions — Still Loving You (Love at First Sting) [1984]  [SongRec]
  = nom déjà correct
  ♬ Scorpions — Still Loving You, album : Love at First Sting, année : 1984, genre : Hard Rock
[1041/1381] Scott C. - Tonight.mp3
  ♪ Scott C. — Tonight (Tonight - Single) [2018]  [SongRec]
  = nom déjà correct
  ♬ Scott C. — Tonight, album : Tonight - Single, année : 2018, genre : Dance
[1042/1381] Scritti Politti - The Word Girl.mp3
  ♪ Scritti Politti — The Word Girl (Cupid & Psyche 85) [1985]  [SongRec]
  = nom déjà correct
  ♬ Scritti Politti — The Word Girl, album : Cupid & Psyche 85, année : 1985, genre : Alternative
[1043/1381] Seal - Blues In E (Non-Album Track).mp3
  ♪ Seal — Blues In "E" (Non-Album Track) (Newborn Friend) [1994]  [SongRec]
  = nom déjà correct
  ♬ Seal — Blues In "E" (Non-Album Track), album : Newborn Friend, année : 1994, genre : Pop
[1044/1381] Secondcity - I Wanna Feel (Vulcan Bootleg).mp3
  ♪ Secondcity — I Wanna Feel (Vulcan Bootleg) [2018]  [tags existants]
  = nom déjà correct
  ♬ Secondcity — I Wanna Feel (Vulcan Bootleg), année : 2018
[1045/1381] Secret Weapon - Must Be the Music.mp3
  ♪ Secret Weapon — Must Be the Music (Must Be the Music - EP) [1981]  [SongRec]
  = nom déjà correct
  ♬ Secret Weapon — Must Be the Music, album : Must Be the Music - EP, année : 1981, genre : Dance
[1046/1381] Secteur Ä & Stomy Bugsy - Mon Papa À Moi Est Un Gangster.mp3
  ♪ Stomy Bugsy — Mon papa à moi est un gangster (Remix) (Quelques balles de plus pour... le calibre qu'il te faut) [1998]  [SongRec]
  ⚠ conflit : Stomy Bugsy - Mon papa à moi est un gangster (Remix).mp3 existe déjà, ignoré
  ♬ Stomy Bugsy — Mon papa à moi est un gangster (Remix), album : Quelques balles de plus pour... le calibre qu'il te faut, année : 1998, genre : World
[1047/1381] Sema - The Pleasure of the Text.mp3
  ♪ Sema — The Pleasure of the Text (Time Will Say Nothing (1982 - 1984) Vod 103.3 Extract From Rosa Silber) [2012]  [tags existants]
  = nom déjà correct
  ♬ Sema — The Pleasure of the Text, album : Time Will Say Nothing (1982 - 1984) Vod 103.3 Extract From Rosa Silber, année : 2012
[1048/1381] September - September All Over.mp3
  ♪ September — September All Over (Cry For You) [2009]  [SongRec]
  = nom déjà correct
  ♬ September — September All Over, album : Cry For You, année : 2009, genre : Pop
[1049/1381] Serious Intention - You Don't Know (Crissy Kybosh Remix).mp3
  ♪ Serious Intention — You Don't Know (Crissy Kybosh Remix) (DJ Andy Smith Presents Reach Up - Disco Wonderland, Vol. 2) [2020]  [SongRec]
  = nom déjà correct
  ♬ Serious Intention — You Don't Know (Crissy Kybosh Remix), album : DJ Andy Smith Presents Reach Up - Disco Wonderland, Vol. 2, année : 2020, genre : Funk
[1050/1381] Shaggy - Why You Treat Me So Bad (feat. Puba Grand).mp3
  ♪ Shaggy — Why You Treat Me So Bad (feat. Puba Grand) (Boombastic) [1995]  [SongRec]
  = nom déjà correct
  ♬ Shaggy — Why You Treat Me So Bad (feat. Puba Grand), album : Boombastic, année : 1995, genre : Reggae
[1051/1381] Shakira - Mon Amour.mp3
  ♪ Shakira — Mon Amour (She Wolf (Deluxe Version)) [2009]  [SongRec]
  = nom déjà correct
  ♬ Shakira — Mon Amour, album : She Wolf (Deluxe Version), année : 2009, genre : Pop
[1052/1381] Shalamar - Dancing In the Sheets.mp3
  ♪ Shalamar — Dancing In the Sheets (Heart Break) [1984]  [SongRec]
  = nom déjà correct
  ♬ Shalamar — Dancing In the Sheets, album : Heart Break, année : 1984, genre : Dance
[1053/1381] Shallou - Truth.mp3
  ♪ Shallou — Truth (All Becomes Okay - EP) [2017]  [SongRec]
  = nom déjà correct
  ♬ Shallou — Truth, album : All Becomes Okay - EP, année : 2017, genre : Electronic
[1054/1381] Shanice - I Love Your Smile.mp3
  ♪ Shanice — I Love Your Smile (Inner Child) [1991]  [SongRec]
  = nom déjà correct
  ♬ Shanice — I Love Your Smile, album : Inner Child, année : 1991, genre : Pop
[1055/1381] Sharon Redd - In the Name of Love (Hot Trax Mix).mp3
  ♪ Sharon Redd — In the Name of Love (Hot Trax Mix) (Master Mixes) [1979]  [SongRec]
  = nom déjà correct
  ♬ Sharon Redd — In the Name of Love (Hot Trax Mix), album : Master Mixes, année : 1979, genre : R&B/Soul
[1056/1381] Shawn Mendes - Stitches (Live).mp3
  ♪ Shawn Mendes — Stitches (Live) (Live at Madison Square Garden) [2016]  [SongRec]
  = nom déjà correct
  ♬ Shawn Mendes — Stitches (Live), album : Live at Madison Square Garden, année : 2016, genre : Pop
[1057/1381] Sheryl Crow - Tomorrow Never Dies.mp3
  ♪ Sheryl Crow — Tomorrow Never Dies (Hits and Rarities (Deluxe Edition)) [1997]  [SongRec]
  = nom déjà correct
  ♬ Sheryl Crow — Tomorrow Never Dies, album : Hits and Rarities (Deluxe Edition), année : 1997, genre : Soundtrack
[1058/1381] Shimmer (NL) - Music Last Forever.mp3
  ♪ Shimmer (NL) — Music Last Forever (Shadows - EP) [2013]  [SongRec]
  = nom déjà correct
  ♬ Shimmer (NL) — Music Last Forever, album : Shadows - EP, année : 2013, genre : Dance
[1059/1381] Sia - Cheap Thrills.mp3
  ♪ Sia — Cheap Thrills (This Is Acting) [2015]  [SongRec]
  = nom déjà correct
  ♬ Sia — Cheap Thrills, album : This Is Acting, année : 2015, genre : Pop
[1060/1381] Sia - Courage to Change.mp3
  ♪ Sia — Courage to Change (Music - Songs From and Inspired By the Motion Picture) [2020]  [SongRec]
  = nom déjà correct
  ♬ Sia — Courage to Change, album : Music - Songs From and Inspired By the Motion Picture, année : 2020, genre : Pop
[1061/1381] Simple Minds - All The Things She Said.mp3
  ♪ Simple Minds — All The Things She Said (Once Upon A Time) [1985]  [SongRec]
  = nom déjà correct
  ♬ Simple Minds — All The Things She Said, album : Once Upon A Time, année : 1985, genre : Pop
[1062/1381] Simply Red - For Your Babies.mp3
  ♪ Simply Red — For Your Babies (Stars) [1991]  [SongRec]
  = nom déjà correct
  ♬ Simply Red — For Your Babies, album : Stars, année : 1991, genre : Pop
[1063/1381] Simply Red - Holding Back The Years (Instrumental).mp3
  ♪ Simply Red — Holding Back the Years (Picture Book) [1985]  [SongRec]
  ⚠ conflit : Simply Red - Holding Back the Years.mp3 existe déjà, ignoré
  ♬ Simply Red — Holding Back the Years, album : Picture Book, année : 1985, genre : Pop
[1064/1381] Simply Red - Holding Back the Years.mp3
  ♪ Simply Red — Holding Back the Years (Picture Book) [1985]  [SongRec]
  = nom déjà correct
  ♬ Simply Red — Holding Back the Years, album : Picture Book, année : 1985, genre : Pop
[1065/1381] Simply Red - Something Got Me Started (Esmoove's Late Night Mix).mp3
  ♪ Simply Red — Something Got Me Started (Esmoove's Late Night Mix) (Stars (Collectors Edition) [Remastered] {Audio Version}) [2008]  [SongRec]
  = nom déjà correct
  ♬ Simply Red — Something Got Me Started (Esmoove's Late Night Mix), album : Stars (Collectors Edition) [Remastered] {Audio Version}, année : 2008, genre : Rock
[1066/1381] Singuila - Ay mama.mp3
  ♪ Singuila — Ay mama (Ay mama - Single) [2017]  [SongRec]
  = nom déjà correct
  ♬ Singuila — Ay mama, album : Ay mama - Single, année : 2017, genre : R&B/Soul
[1067/1381] Sinusic - Downtown.mp3
  ♪ Sinusic — Downtown (We Go Deep, Saison 3 (Mixed by the Avener)) [2016]  [SongRec]
  = nom déjà correct
  ♬ Sinusic — Downtown, album : We Go Deep, Saison 3 (Mixed by the Avener), année : 2016, genre : Electronic
[1068/1381] Skazi - Warrior (feat. soul j).mp3
  ♪ Skazi — Warrior (feat. soul j) (My Way) [2011]  [SongRec]
  = nom déjà correct
  ♬ Skazi — Warrior (feat. soul j), album : My Way, année : 2011, genre : Trance
[1069/1381] Skepta - You Know Me.mp3
  ♪ Skepta — You Know Me (Blacklisted) [2012]  [SongRec]
  = nom déjà correct
  ♬ Skepta — You Know Me, album : Blacklisted, année : 2012, genre : Hip-Hop/Rap
[1070/1381] Sko - Montre moi le chemin (feat. Paul Kalfon).mp3
  ♪ Sko — Montre moi le chemin (feat. Paul Kalfon) (Best of Sko) [1998]  [SongRec]
  = nom déjà correct
  ♬ Sko — Montre moi le chemin (feat. Paul Kalfon), album : Best of Sko, année : 1998, genre : Hip-Hop/Rap
[1071/1381] Skream - All Gone Pete Tong & Skream Miami 2013 (Skream Mix).mp3
  ♪ Skream — All Gone Pete Tong & Skream Miami 2013 (Skream Mix) (Chilled House Session 4) [2013]  [tags existants]
  = nom déjà correct
  ♬ Skream — All Gone Pete Tong & Skream Miami 2013 (Skream Mix), album : Chilled House Session 4, année : 2013
[1072/1381] Slaï - La dernière danse (Ne rentre pas chez toi ce soir) [Radio Edit].mp3
  ♪ Slaï — La dernière danse (Ne rentre pas chez toi ce soir) [Radio Edit] (Florilège (Edition deluxe)) [2004]  [SongRec]
  = nom déjà correct
  ♬ Slaï — La dernière danse (Ne rentre pas chez toi ce soir) [Radio Edit], album : Florilège (Edition deluxe), année : 2004, genre : Latino
[1073/1381] Slimane - Ne me quitte pas.mp3
  ♪ Slimane — Ne me quitte pas (Brel - Ces gens-là) [2019]  [SongRec]
  = nom déjà correct
  ♬ Slimane — Ne me quitte pas, album : Brel - Ces gens-là, année : 2019, genre : Jazz
[1074/1381] Snap! - Rhythm Is A Dancer (12'' Mix).wv
  ♪ Snap! — Rhythm Is A Dancer (12'' Mix) (The Madman's Return) [2018]  [tags existants]
  = nom déjà correct
  ♬ Snap! — Rhythm Is A Dancer (12'' Mix), album : The Madman's Return, année : 2018
[1075/1381] Snap! - Rhythm Is a Dancer.mp3
  ♪ Snap! — Rhythm Is a Dancer (The Madman's Return) [1992]  [SongRec]
  = nom déjà correct
  ♬ Snap! — Rhythm Is a Dancer, album : The Madman's Return, année : 1992, genre : Dance
[1076/1381] Snoop Dogg & Slick Rick - Unify.mp3
  ♪ Snoop Dogg & Slick Rick — Unify (The Art of Storytelling) [1999]  [SongRec]
  = nom déjà correct
  ♬ Snoop Dogg & Slick Rick — Unify, album : The Art of Storytelling, année : 1999, genre : Hip-Hop/Rap
[1077/1381] Social Distortion - Machine Gun Blues.mp3
  ♪ Social Distortion — Machine Gun Blues (Hard Times and Nursery Rhymes (Deluxe Edition)) [2010]  [SongRec]
  = nom déjà correct
  ♬ Social Distortion — Machine Gun Blues, album : Hard Times and Nursery Rhymes (Deluxe Edition), année : 2010, genre : Alternative
[1078/1381] Social Distortion - Still Alive.mp3
  ♪ Social Distortion — Still Alive (Hard Times and Nursery Rhymes (Deluxe Edition)) [2011]  [SongRec]
  = nom déjà correct
  ♬ Social Distortion — Still Alive, album : Hard Times and Nursery Rhymes (Deluxe Edition), année : 2011, genre : Alternative
[1079/1381] Solmania - Push Comes to Shove.mp3
  ♪ Solmania — Push Comes to Shove (Dlo) [2013]  [tags existants]
  = nom déjà correct
  ♬ Solmania — Push Comes to Shove, album : Dlo, année : 2013
[1080/1381] Somechords - Bowed Time (Radio Edit).mp3
  ♪ Somechords — Bowed Time (Radio Edit) (Bowed Time - Single) [2016]  [SongRec]
  = nom déjà correct
  ♬ Somechords — Bowed Time (Radio Edit), album : Bowed Time - Single, année : 2016, genre : Electronic
[1081/1381] Sonaba - Think Of You (2024)_639160303638643311.mp3
  ♪ ED:SC — On & On (This Is Me, Ismael) [2024]  [SongRec]
  ⚠ conflit : EDSC - On & On.mp3 existe déjà, ignoré
  ♬ ED:SC — On & On, album : This Is Me, Ismael, année : 2024, genre : Electronica
[1082/1381] Sonique - I Put A Spell on You [Sonique Remix].mp3
  ♪ Sonique — I Put A Spell on You [Sonique Remix] (I Put A Spell on You) [2000]  [tags existants]
  = nom déjà correct
  ♬ Sonique — I Put A Spell on You [Sonique Remix], album : I Put A Spell on You, année : 2000
[1083/1381] Sonique - It Feels so Good.mp3
  ♪ Sonique — It Feels so Good (Hear My Cry) [1998]  [SongRec]
  = nom déjà correct
  ♬ Sonique — It Feels so Good, album : Hear My Cry, année : 1998, genre : Dance
[1084/1381] Sophie Lennon - Solas.mp3
  ♪ Sophie Lennon — Solas (Solas - Single) [2022]  [SongRec]
  = nom déjà correct
  ♬ Sophie Lennon — Solas, album : Solas - Single, année : 2022, genre : Pop
[1085/1381] Soprano - Dingue.mp3
  ♪ Soprano — Dingue (Chasseur d'étoiles) [2021]  [SongRec]
  = nom déjà correct
  ♬ Soprano — Dingue, album : Chasseur d'étoiles, année : 2021, genre : French Pop
[1086/1381] Soprano - Interlude (Le Bistro du coin).mp3
  ♪ Soprano — Interlude (Le Bistro du coin) (Cosmopolitanie (Deluxe Edition)) [2015]  [SongRec]
  = nom déjà correct
  ♬ Soprano — Interlude (Le Bistro du coin), album : Cosmopolitanie (Deluxe Edition), année : 2015, genre : Hip-Hop/Rap
[1087/1381] Soprano - Intro (Renaissance).mp3
  ♪ Soprano — Intro (Renaissance) (Phoenix) [2018]  [SongRec]
  = nom déjà correct
  ♬ Soprano — Intro (Renaissance), album : Phoenix, année : 2018, genre : Hip-Hop/Rap
[1088/1381] Soprano - Luna.mp3
  ♪ Soprano — Luna (Cosmopolitanie (Cosmo Tour Edition)) [2014]  [SongRec]
  = nom déjà correct
  ♬ Soprano — Luna, album : Cosmopolitanie (Cosmo Tour Edition), année : 2014, genre : Hip-Hop/Rap
[1089/1381] Soprano - Ti amo.mp3
  ♪ Soprano — Ti amo (Cosmopolitanie (Cosmo Tour Edition)) [2014]  [SongRec]
  = nom déjà correct
  ♬ Soprano — Ti amo, album : Cosmopolitanie (Cosmo Tour Edition), année : 2014, genre : Hip-Hop/Rap
[1090/1381] Soul Central - Need You Now.mp3
  ♪ Soul Central — Need You Now (Need U Now - EP) [2005]  [SongRec]
  = nom déjà correct
  ♬ Soul Central — Need You Now, album : Need U Now - EP, année : 2005, genre : Dance
[1091/1381] Soul Ii Soul - I Care (Nu Soul Klub).mp3
  ♪ Soul Ii Soul — I Care (Nu Soul Klub) (I Care)  [tags existants]
  = nom déjà correct
  ♬ Soul Ii Soul — I Care (Nu Soul Klub), album : I Care
[1092/1381] Spandau Ballet - Musclebound (Remastered).mp3
  ♪ Spandau Ballet — Musclebound (Remastered) (Journeys To Glory (Remastered)) [1981]  [SongRec]
  = nom déjà correct
  ♬ Spandau Ballet — Musclebound (Remastered), album : Journeys To Glory (Remastered), année : 1981, genre : Pop
[1093/1381] Spektrum - Kinda New (Tiefschwarz Dub).mp3
  ♪ Spektrum — Kinda New (Tiefschwarz Dub) (Enter the Spektrum) [1970]  [SongRec]
  = nom déjà correct
  ♬ Spektrum — Kinda New (Tiefschwarz Dub), album : Enter the Spektrum, année : 1970, genre : Dance
[1094/1381] Spice Girls - Too Much.mp3
  ♪ Spice Girls — Too Much (Spiceworld) [1997]  [SongRec]
  = nom déjà correct
  ♬ Spice Girls — Too Much, album : Spiceworld, année : 1997, genre : Britpop
[1095/1381] Spice Girls - Wannabe.mp3
  ♪ Spice Girls — Wannabe (Wannabe 25 - EP) [1996]  [SongRec]
  = nom déjà correct
  ♬ Spice Girls — Wannabe, album : Wannabe 25 - EP, année : 1996, genre : Pop
[1096/1381] Spiller - Groovejet (If This Ain't Love) [feat. Sophie Ellis-Bextor].mp3
  ♪ Spiller — Groovejet (If This Ain't Love) [feat. Sophie Ellis-Bextor] (Groovejet (If This Ain't Love) [feat. Sophie Ellis-Bextor] - EP) [2000]  [SongRec]
  = nom déjà correct
  ♬ Spiller — Groovejet (If This Ain't Love) [feat. Sophie Ellis-Bextor], album : Groovejet (If This Ain't Love) [feat. Sophie Ellis-Bextor] - EP, année : 2000, genre : Dance
[1097/1381] Squeeze - Hourglass.mp3
  ♪ Squeeze — Hourglass (Babylon and On) [1987]  [SongRec]
  = nom déjà correct
  ♬ Squeeze — Hourglass, album : Babylon and On, année : 1987, genre : Pop
[1098/1381] Stakka Bo - Here We Go (Fbh Club mix).mp3
  ♪ Stakka Bo — Here We Go (Fbh Club mix) (Here We Go (12'' French Promo)) [1994]  [tags existants]
  = nom déjà correct
  ♬ Stakka Bo — Here We Go (Fbh Club mix), album : Here We Go (12'' French Promo), année : 1994
[1099/1381] Starkey - Lost in Space Feat. Charli XCX.mp3
  ♪ Starkey — Lost in Space Feat. Charli XCX (Space Traitor, Vol. 2) [2011]  [SongRec]
  = nom déjà correct
  ♬ Starkey — Lost in Space Feat. Charli XCX, album : Space Traitor, Vol. 2, année : 2011, genre : Dubstep
[1100/1381] Status Quo - Is It Really Me Gotta Go Home.mp3
  ♪ Status Quo — Is It Really Me / Gotta Go Home (Ma Kelly's Greasy Spoon) [1970]  [SongRec]
  = nom déjà correct
  ♬ Status Quo — Is It Really Me / Gotta Go Home, album : Ma Kelly's Greasy Spoon, année : 1970, genre : Rock
[1101/1381] Status Quo - The Wanderer.mp3
  ♪ Status Quo — The Wanderer (Second Thoughts) [1984]  [SongRec]
  = nom déjà correct
  ♬ Status Quo — The Wanderer, album : Second Thoughts, année : 1984, genre : Electronic
[1102/1381] Stephanie - Ouragan (Remastered 2022).mp3
  ♪ Stephanie — Ouragan (Remastered 2022) (Ouragan (Remastered 2022) - Single) [1986]  [SongRec]
  = nom déjà correct
  ♬ Stephanie — Ouragan (Remastered 2022), album : Ouragan (Remastered 2022) - Single, année : 1986, genre : Pop
[1103/1381] Stereophonics - It Means Nothing.mp3
  ♪ Stereophonics — It Means Nothing (Pull the Pin) [2007]  [SongRec]
  = nom déjà correct
  ♬ Stereophonics — It Means Nothing, album : Pull the Pin, année : 2007, genre : Rock
[1104/1381] Steve Edwards, Bob Sinclar & Sly & Robbie - World Hold On.mp3
  ♪ Steve Edwards, Bob Sinclar & Sly & Robbie — World Hold On (Made in Jamaica) [2010]  [SongRec]
  = nom déjà correct
  ♬ Steve Edwards, Bob Sinclar & Sly & Robbie — World Hold On, album : Made in Jamaica, année : 2010, genre : Electronic
[1105/1381] Steve Winwood - Higher Love.mp3
  ♪ Steve Winwood — Higher Love (Back In the High Life) [1986]  [SongRec]
  = nom déjà correct
  ♬ Steve Winwood — Higher Love, album : Back In the High Life, année : 1986, genre : Pop
[1106/1381] Stevie Wonder - I Don't Know Why.mp3
  ♪ Stevie Wonder — I Don't Know Why (For Once in My Life) [1968]  [SongRec]
  = nom déjà correct
  ♬ Stevie Wonder — I Don't Know Why, album : For Once in My Life, année : 1968, genre : R&B/Soul
[1107/1381] Stevie Wonder - Superwoman (Where Were You When I Needed You).mp3
  ♪ Stevie Wonder — Superwoman (Where Were You When I Needed You) (Music of My Mind) [1972]  [SongRec]
  = nom déjà correct
  ♬ Stevie Wonder — Superwoman (Where Were You When I Needed You), album : Music of My Mind, année : 1972, genre : R&B/Soul
[1108/1381] Sting & Edin Karamazov - Weep You No. More, Sad Fountains.mp3
  ♪ Sting & Edin Karamazov — Weep You No. More, Sad Fountains (Songs from the Labyrinth (Tour Edition)) [2006]  [SongRec]
  = nom déjà correct
  ♬ Sting & Edin Karamazov — Weep You No. More, Sad Fountains, album : Songs from the Labyrinth (Tour Edition), année : 2006, genre : Classical Crossover
[1109/1381] Sting - Englishman In New York.mp3
  ♪ Sting — Englishman In New York (...Nothing Like the Sun) [1987]  [SongRec]
  = nom déjà correct
  ♬ Sting — Englishman In New York, album : ...Nothing Like the Sun, année : 1987, genre : Rock
[1110/1381] Sting - This Cowboy Song.mp3
  ♪ Sting — This Cowboy Song (Fields of Gold: The Best of Sting 1984-1994) [1993]  [SongRec]
  = nom déjà correct
  ♬ Sting — This Cowboy Song, album : Fields of Gold: The Best of Sting 1984-1994, année : 1993, genre : Pop
[1111/1381] Stomy Bugsy - Mon papa à moi est un gangster (Remix).mp3
  ♪ Stomy Bugsy — Mon papa à moi est un gangster (Remix) (Quelques balles de plus pour... le calibre qu'il te faut) [1998]  [SongRec]
  = nom déjà correct
  ♬ Stomy Bugsy — Mon papa à moi est un gangster (Remix), album : Quelques balles de plus pour... le calibre qu'il te faut, année : 1998, genre : World
[1112/1381] Stomy Bugsy - Oyé sapapaya (feat. Doc Gynéco).mp3
  ♪ Stomy Bugsy — Oyé sapapaya (feat. Doc Gynéco) (Quelques balles de plus pour... le calibre qu'il te faut) [1998]  [SongRec]
  = nom déjà correct
  ♬ Stomy Bugsy — Oyé sapapaya (feat. Doc Gynéco), album : Quelques balles de plus pour... le calibre qu'il te faut, année : 1998, genre : Hip-Hop/Rap
[1113/1381] Stonemc Trax - Desert Wolf.mc (Remix).mp3
  ♪ Stonemc Trax — Desert Wolf.mc (Remix)  [SongRec]
  = nom déjà correct
  ♬ Stonemc Trax — Desert Wolf.mc (Remix), genre : Electronic
[1114/1381] Storm - Time To Burn.mp3
  ♪ Storm — Time To Burn (Stormjunkie) [2000]  [SongRec]
  = nom déjà correct
  ♬ Storm — Time To Burn, album : Stormjunkie, année : 2000, genre : Dance
[1115/1381] Stormzy - Big For Your Boots.mp3
  ♪ Stormzy — Big For Your Boots (Gang Signs & Prayer) [2017]  [SongRec]
  = nom déjà correct
  ♬ Stormzy — Big For Your Boots, album : Gang Signs & Prayer, année : 2017, genre : Hip-Hop/Rap
[1116/1381] Stromkern - Night Riders (Reiter Der Nacht Remix Von Boole).mp3
  ♪ Stromkern — Night Riders (Reiter Der Nacht Remix Von Boole) (Standup (Single)) [2005]  [SongRec]
  = nom déjà correct
  ♬ Stromkern — Night Riders (Reiter Der Nacht Remix Von Boole), album : Standup (Single), année : 2005, genre : Industrial
[1117/1381] Stéphane Pompougnac - Latin Cha Cha.mp3
  ♪ Stéphane Pompougnac — Latin Cha Cha (Hôtel Costes 12) [2009]  [SongRec]
  = nom déjà correct
  ♬ Stéphane Pompougnac — Latin Cha Cha, album : Hôtel Costes 12, année : 2009, genre : Electronic
[1118/1381] Sugababes - About You Now (Kissy Sell Out Remix).mp3
  ♪ Sugababes — About You Now (Kissy Sell Out Remix) (About You Now (Remixes) - EP) [2007]  [SongRec]
  = nom déjà correct
  ♬ Sugababes — About You Now (Kissy Sell Out Remix), album : About You Now (Remixes) - EP, année : 2007, genre : Pop
[1119/1381] Sugababes - Red Dress.mp3
  ♪ Sugababes — Red Dress (Overloaded: The Singles Collection) [2005]  [SongRec]
  = nom déjà correct
  ♬ Sugababes — Red Dress, album : Overloaded: The Singles Collection, année : 2005, genre : Pop
[1120/1381] Sundance - Won't Let This Feeling Go (Original Radio Edit).mp3
  ♪ Sundance — Won't Let This Feeling Go (Original Radio Edit) (Won't Let This Feeling Go - Single) [1999]  [SongRec]
  = nom déjà correct
  ♬ Sundance — Won't Let This Feeling Go (Original Radio Edit), album : Won't Let This Feeling Go - Single, année : 1999, genre : Electronic
[1121/1381] Super Flu - Super Flu 3 Isaac.mp3
  ♪ Super Flu — Super Flu <3 Isaac (Herberts Best 03 - Single) [2012]  [SongRec]
  = nom déjà correct
  ♬ Super Flu — Super Flu <3 Isaac, album : Herberts Best 03 - Single, année : 2012, genre : House
[1122/1381] Super Mal - Bigger than Big (feat. Luciana) [Vocal Club Mix].mp3
  ♪ Super Mal — Bigger than Big (feat. Luciana) [Vocal Club Mix] (Bigger Than Big (feat. Luciana) - Single) [2025]  [SongRec]
  = nom déjà correct
  ♬ Super Mal — Bigger than Big (feat. Luciana) [Vocal Club Mix], album : Bigger Than Big (feat. Luciana) - Single, année : 2025, genre : House
[1123/1381] Supergrass - Moving (Live 2020).mp3
  ♪ Supergrass — Moving (Live 2020) (Live on Other Planets (Live 2020)) [2020]  [SongRec]
  = nom déjà correct
  ♬ Supergrass — Moving (Live 2020), album : Live on Other Planets (Live 2020), année : 2020, genre : Rock
[1124/1381] Supergrass - Pumping on Your Stereo (Live 2020).mp3
  ♪ Supergrass — Pumping on Your Stereo (Live 2020) (Live on Other Planets (Live 2020)) [2020]  [SongRec]
  = nom déjà correct
  ♬ Supergrass — Pumping on Your Stereo (Live 2020), album : Live on Other Planets (Live 2020), année : 2020, genre : Rock
[1125/1381] Supergrass - Richard III (Live 2020).mp3
  ♪ Supergrass — Richard III (Live 2020) (Live on Other Planets (Live 2020)) [2020]  [SongRec]
  = nom déjà correct
  ♬ Supergrass — Richard III (Live 2020), album : Live on Other Planets (Live 2020), année : 2020, genre : Rock
[1126/1381] Supergrass - Sun Hits the Sky (Live 2020).mp3
  ♪ Supergrass — Sun Hits the Sky (Live 2020) (Live on Other Planets (Live 2020)) [2020]  [SongRec]
  = nom déjà correct
  ♬ Supergrass — Sun Hits the Sky (Live 2020), album : Live on Other Planets (Live 2020), année : 2020, genre : Rock
[1127/1381] Superorganism - Everybody Wants to Be Famous.mp3
  ♪ Superorganism — Everybody Wants to Be Famous (Superorganism) [2018]  [SongRec]
  = nom déjà correct
  ♬ Superorganism — Everybody Wants to Be Famous, album : Superorganism, année : 2018, genre : Alternative
[1128/1381] Sureal - You Take My Breath Away (Tiësto Remix).mp3
  ♪ Sureal — You Take My Breath Away (Tiësto Remix) (You Take My Breath Away) [2000]  [SongRec]
  = nom déjà correct
  ♬ Sureal — You Take My Breath Away (Tiësto Remix), album : You Take My Breath Away, année : 2000, genre : Trance
[1129/1381] Surface - Happy (12 Inch Remix).mp3
  ♪ Surface — Happy (12 Inch Remix) (Surface) [1986]  [SongRec]
  = nom déjà correct
  ♬ Surface — Happy (12 Inch Remix), album : Surface, année : 1986, genre : R&B/Soul
[1130/1381] Surface - Happy (Love Mix)_639158805114550914.mp3
  ♪ Surface — Happy (12 Inch Remix) (Surface) [1986]  [SongRec]
  ⚠ conflit : Surface - Happy (12 Inch Remix).mp3 existe déjà, ignoré
  ♬ Surface — Happy (12 Inch Remix), album : Surface, année : 1986, genre : R&B/Soul
[1131/1381] Sweet - BurningSomeone Else Will (Live UK Tour 73).mp3
  ♪ Sweet — Burning/Someone Else Will (Live UK Tour 73)  [SongRec]
  = nom déjà correct
  ♬ Sweet — Burning/Someone Else Will (Live UK Tour 73), genre : Pop
[1132/1381] Sylvie Vartan - Tes Tendres Années.mp3
  ♪ Sylvie Vartan — Tes Tendres Années (Sylvie Vartan au Casino de Paris (Live 95)) [1976]  [SongRec]
  = nom déjà correct
  ♬ Sylvie Vartan — Tes Tendres Années, album : Sylvie Vartan au Casino de Paris (Live 95), année : 1976, genre : French Pop
[1133/1381] TLC - Waterfalls.mp3
  ♪ TLC — Waterfalls (CrazySexyCool) [1994]  [SongRec]
  = nom déjà correct
  ♬ TLC — Waterfalls, album : CrazySexyCool, année : 1994, genre : R&B/Soul
[1134/1381] Take That - It Only Takes a Minute.mp3
  ♪ Take That — It Only Takes a Minute (Take That and Party (Expanded Edition)) [1992]  [SongRec]
  = nom déjà correct
  ♬ Take That — It Only Takes a Minute, album : Take That and Party (Expanded Edition), année : 1992, genre : Pop
[1135/1381] Take That - Rule The World (Radio Edit).mp3
  ♪ Take That — Rule The World (Radio Edit) (Love Songs - EP) [2007]  [SongRec]
  = nom déjà correct
  ♬ Take That — Rule The World (Radio Edit), album : Love Songs - EP, année : 2007, genre : Pop
[1136/1381] Talk Talk - It's My Life.mp3
  ♪ Talk Talk — It's My Life (Essential) [1984]  [SongRec]
  = nom déjà correct
  ♬ Talk Talk — It's My Life, album : Essential, année : 1984, genre : Pop
[1137/1381] Talking Heads - Road to Nowhere.mp3
  ♪ Talking Heads — Road to Nowhere (Little Creatures) [1985]  [SongRec]
  = nom déjà correct
  ♬ Talking Heads — Road to Nowhere, album : Little Creatures, année : 1985, genre : Rock
[1138/1381] Tami Neilson - Texas.mp3
  ♪ Tami Neilson — Texas (Dynamite!) [2014]  [SongRec]
  = nom déjà correct
  ♬ Tami Neilson — Texas, album : Dynamite!, année : 2014, genre : Country
[1139/1381] Tanya Donelly & Dylan In the Movies - The Lovecats.mp3
  ♪ Tanya Donelly & Dylan In the Movies — The Lovecats (Just Like Heaven - A Tribute to the Cure) [2009]  [SongRec]
  = nom déjà correct
  ♬ Tanya Donelly & Dylan In the Movies — The Lovecats, album : Just Like Heaven - A Tribute to the Cure, année : 2009, genre : Tribute
[1140/1381] Tarkan - Simarik (Malagutti Remix).mp3
  ♪ Tarkan — Simarik (Malagutti Remix)  [SongRec]
  = nom déjà correct
  ♬ Tarkan — Simarik (Malagutti Remix), genre : Pop in Spanish
[1141/1381] Tasmin Archer - Sleeping Satellite.mp3
  ♪ Tasmin Archer — Sleeping Satellite (Great Expectations) [1992]  [SongRec]
  = nom déjà correct
  ♬ Tasmin Archer — Sleeping Satellite, album : Great Expectations, année : 1992, genre : Pop
[1142/1381] Tasty Or Not - Oh La La La (Hot Summer Night).mp3
  ♪ Tasty Or Not — Oh La La La (Hot Summer Night) (Oh La La La (Hot Summer Night) - Single) [2024]  [SongRec]
  = nom déjà correct
  ♬ Tasty Or Not — Oh La La La (Hot Summer Night), album : Oh La La La (Hot Summer Night) - Single, année : 2024
[1143/1381] Taylor Swift - Don’t Blame Me.mp3
  ♪ Taylor Swift — Don’t Blame Me (reputation (Big Machine Radio Release Special)) [2017]  [SongRec]
  = nom déjà correct
  ♬ Taylor Swift — Don’t Blame Me, album : reputation (Big Machine Radio Release Special), année : 2017, genre : Pop
[1144/1381] Tedeschi Trucks Band - Love Has Something Else to Say (with Kissing My Love) [Live].mp3
  ♪ Tedeschi Trucks Band — Love Has Something Else to Say (with Kissing My Love) [Live] (Live: Everybody's Talkin') [2012]  [SongRec]
  = nom déjà correct
  ♬ Tedeschi Trucks Band — Love Has Something Else to Say (with Kissing My Love) [Live], album : Live: Everybody's Talkin', année : 2012, genre : Blues
[1145/1381] Temper - Work That Body (Intrique Hardclub Mix).mp3
  ♪ Temper — Work That Body (Intrique Hardclub Mix) (Work That Body - Single) [2001]  [SongRec]
  = nom déjà correct
  ♬ Temper — Work That Body (Intrique Hardclub Mix), album : Work That Body - Single, année : 2001, genre : Dance
[1146/1381] Texas - Summer Son (Sunburn Mix).mp3
  ♪ Texas — Summer Son (Sunburn Mix) (Summer Son (Remixes) - EP) [1999]  [SongRec]
  = nom déjà correct
  ♬ Texas — Summer Son (Sunburn Mix), album : Summer Son (Remixes) - EP, année : 1999, genre : Pop
[1147/1381] The Alarm - Rain In the Summertime.mp3
  ♪ The Alarm — Rain In the Summertime (Live In the Poppy Fields) [2004]  [SongRec]
  = nom déjà correct
  ♬ The Alarm — Rain In the Summertime, album : Live In the Poppy Fields, année : 2004, genre : Rock
[1148/1381] The Allman Brothers Band - Jessica (Live at the Oakland Coliseum, 1975).mp3
  ♪ The Allman Brothers Band — Jessica (Live at the Oakland Coliseum, 1975) (Wipe the Windows, Check the Oil, Dollar Gas (Live)) [1976]  [SongRec]
  = nom déjà correct
  ♬ The Allman Brothers Band — Jessica (Live at the Oakland Coliseum, 1975), album : Wipe the Windows, Check the Oil, Dollar Gas (Live), année : 1976, genre : Rock
[1149/1381] The Avener & Agrume - We Go Home (feat. Adam Cohen & Lounes) [Agrume & Lounes Sunshine Remix].mp3
  ♪ The Avener & Agrume — We Go Home (feat. Adam Cohen & Lounes) [Agrume & Lounes Sunshine Remix] (We Go Deep, Saison 3 (Mixed by the Avener)) [2016]  [SongRec]
  = nom déjà correct
  ♬ The Avener & Agrume — We Go Home (feat. Adam Cohen & Lounes) [Agrume & Lounes Sunshine Remix], album : We Go Deep, Saison 3 (Mixed by the Avener), année : 2016, genre : Electronic
[1150/1381] The Avener - Fade Out Lines.mp3
  ♪ The Avener — Fade Out Lines (Fade Out Lines (And Remixes) - EP) [2013]  [SongRec]
  = nom déjà correct
  ♬ The Avener — Fade Out Lines, album : Fade Out Lines (And Remixes) - EP, année : 2013, genre : Electronic
[1151/1381] The Beach Boys - Leaving This Town.mp3
  ♪ The Beach Boys — Leaving This Town (Holland) [1973]  [SongRec]
  = nom déjà correct
  ♬ The Beach Boys — Leaving This Town, album : Holland, année : 1973, genre : Rock
[1152/1381] The Beautiful South - Perfect 10.mp3
  ♪ The Beautiful South — Perfect 10 (Quench) [1998]  [SongRec]
  = nom déjà correct
  ♬ The Beautiful South — Perfect 10, album : Quench, année : 1998, genre : Alternative
[1153/1381] The Bermudas - Short Shorts.mp3
  ♪ The Bermudas — Short Shorts (Short Shorts - Single) [2023]  [SongRec]
  = nom déjà correct
  ♬ The Bermudas — Short Shorts, album : Short Shorts - Single, année : 2023, genre : Pop/Rock
[1154/1381] The Blackbyrds - Rock Creek Park.mp3
  ♪ The Blackbyrds — Rock Creek Park (City Life) [1975]  [SongRec]
  = nom déjà correct
  ♬ The Blackbyrds — Rock Creek Park, album : City Life, année : 1975, genre : R&B/Soul
[1155/1381] The Blackbyrds - Unfinished Business.mp3
  ♪ The Blackbyrds — Unfinished Business (City Life / Unfinished Business (Remastered)) [1994]  [SongRec]
  = nom déjà correct
  ♬ The Blackbyrds — Unfinished Business, album : City Life / Unfinished Business (Remastered), année : 1994, genre : R&B/Soul
[1156/1381] The Bluebells - Young At Heart.mp3
  ♪ The Bluebells — Young At Heart (Sisters (Remastered Deluxe Edition)) [1984]  [SongRec]
  = nom déjà correct
  ♬ The Bluebells — Young At Heart, album : Sisters (Remastered Deluxe Edition), année : 1984, genre : Pop
[1157/1381] The Brand New Heavies - Midnight at the Oasis (Roger S Underground Network Mix).mp3
  ♪ The Brand New Heavies — Midnight at the Oasis (Roger S Underground Network Mix)  [SongRec]
  = nom déjà correct
  ♬ The Brand New Heavies — Midnight at the Oasis (Roger S Underground Network Mix), genre : R&B/Soul
[1158/1381] The Cardigans - And Then You Kissed Me.mp3
  ♪ The Cardigans — And Then You Kissed Me (Long Gone Before Daylight (U.K. Version)) [2002]  [SongRec]
  = nom déjà correct
  ♬ The Cardigans — And Then You Kissed Me, album : Long Gone Before Daylight (U.K. Version), année : 2002, genre : Pop
[1159/1381] The Chemical Brothers - Do It Again.mp3
  ♪ The Chemical Brothers — Do It Again (We Are the Night) [2007]  [SongRec]
  = nom déjà correct
  ♬ The Chemical Brothers — Do It Again, album : We Are the Night, année : 2007, genre : Electronic
[1160/1381] The Clash - Should I Stay or Should I Go.mp3
  ♪ The Clash — Should I Stay or Should I Go (Combat Rock) [1982]  [SongRec]
  = nom déjà correct
  ♬ The Clash — Should I Stay or Should I Go, album : Combat Rock, année : 1982, genre : Punk
[1161/1381] The Come Ons - Sunday Drive.mp3
  ♪ The Come Ons — Sunday Drive (Hip Check!) [2001]  [SongRec]
  = nom déjà correct
  ♬ The Come Ons — Sunday Drive, album : Hip Check!, année : 2001, genre : Alternative
[1162/1381] The Corrs - What Can I Do (Live).mp3
  ♪ The Corrs — What Can I Do? (Live) (The Corrs Unplugged (Live)) [1999]  [SongRec]
  = nom déjà correct
  ♬ The Corrs — What Can I Do? (Live), album : The Corrs Unplugged (Live), année : 1999, genre : Pop
[1163/1381] The Corrs - What Can I Do (Tin Tin Out Remix).mp3
  ♪ The Corrs — What Can I Do (Tin Tin Out Remix) (Summer Sunshine - EP) [1997]  [SongRec]
  = nom déjà correct
  ♬ The Corrs — What Can I Do (Tin Tin Out Remix), album : Summer Sunshine - EP, année : 1997, genre : Pop
[1164/1381] The Cover Girls - If You Want My Love (Here It Is) [More Than Enuff Love Mix].mp3
  ♪ The Cover Girls — If You Want My Love (Here It Is) [More Than Enuff Love Mix] (If You Want My Love (Here It Is)) [1992]  [SongRec]
  = nom déjà correct
  ♬ The Cover Girls — If You Want My Love (Here It Is) [More Than Enuff Love Mix], album : If You Want My Love (Here It Is), année : 1992, genre : Dance
[1165/1381] The Cranberries - Bosnia.mp3
  ♪ The Cranberries — Bosnia (To the Faithful Departed) [1996]  [SongRec]
  = nom déjà correct
  ♬ The Cranberries — Bosnia, album : To the Faithful Departed, année : 1996, genre : Pop
[1166/1381] The Cranberries - Zombie.mp3
  ♪ The Cranberries — Zombie (Zombie - Single) [1994]  [SongRec]
  = nom déjà correct
  ♬ The Cranberries — Zombie, album : Zombie - Single, année : 1994, genre : Rock
[1167/1381] The Cure - High (Higher Mix) [2022 Remaster].mp3
  ♪ The Cure — High (Higher Mix) [2022 Remaster] (Wish (30th Anniversary Deluxe Edition)) [1992]  [SongRec]
  = nom déjà correct
  ♬ The Cure — High (Higher Mix) [2022 Remaster], album : Wish (30th Anniversary Deluxe Edition), année : 1992, genre : Alternative
[1168/1381] The Cure - The Lovecats.mp3
  ♪ The Cure — The Lovecats (Greatest Hits) [1983]  [SongRec]
  = nom déjà correct
  ♬ The Cure — The Lovecats, album : Greatest Hits, année : 1983, genre : Alternative
[1169/1381] The Dandy Warhols - Bohemian Like You (Live).mp3
  ♪ The Dandy Warhols — Bohemian Like You (Live) (Live Sonic Disruption) [2018]  [SongRec]
  = nom déjà correct
  ♬ The Dandy Warhols — Bohemian Like You (Live), album : Live Sonic Disruption, année : 2018, genre : Rock
[1170/1381] The Dandy Warhols - Hells Bells.mp3
  ♪ The Dandy Warhols — Hells Bells (Bohemian Like You - Single) [2001]  [SongRec]
  = nom déjà correct
  ♬ The Dandy Warhols — Hells Bells, album : Bohemian Like You - Single, année : 2001, genre : Pop
[1171/1381] The Divine Comedy - Everybody Knows (Except You).mp3
  ♪ The Divine Comedy — Everybody Knows (Except You) (A Short Album About Love) [1997]  [SongRec]
  = nom déjà correct
  ♬ The Divine Comedy — Everybody Knows (Except You), album : A Short Album About Love, année : 1997, genre : Pop
[1172/1381] The Divine Comedy - National Express.mp3
  ♪ The Divine Comedy — National Express (Fin de Siecle) [1998]  [SongRec]
  = nom déjà correct
  ♬ The Divine Comedy — National Express, album : Fin de Siecle, année : 1998, genre : Pop
[1173/1381] The Drill - The Drill (Radio Edit).mp3
  ♪ The Drill — The Drill (Radio Edit) (The Drill) [2004]  [SongRec]
  = nom déjà correct
  ♬ The Drill — The Drill (Radio Edit), album : The Drill, année : 2004, genre : Dance
[1174/1381] The Fatback Band - (Are You Ready) Do the Bus Stop (Joey Negro London Bus Stop Mix).mp3
  ♪ The Fatback Band — (Are You Ready) Do the Bus Stop (Joey Negro London Bus Stop Mix) (Remixed with Love by Joey Negro, Vol. 3 (Streaming Edition) [Remixes]) [2018]  [SongRec]
  = nom déjà correct
  ♬ The Fatback Band — (Are You Ready) Do the Bus Stop (Joey Negro London Bus Stop Mix), album : Remixed with Love by Joey Negro, Vol. 3 (Streaming Edition) [Remixes], année : 2018, genre : Disco
[1175/1381] The Fray - Over My Head (Cable Car).mp3
  ♪ The Fray — Over My Head (Cable Car) (How to Save a Life) [2005]  [SongRec]
  = nom déjà correct
  ♬ The Fray — Over My Head (Cable Car), album : How to Save a Life, année : 2005, genre : Rock
[1176/1381] The Gap Band - Big Fun.mp3
  ♪ The Gap Band — Big Fun (Gap Band 8) [1986]  [SongRec]
  = nom déjà correct
  ♬ The Gap Band — Big Fun, album : Gap Band 8, année : 1986, genre : R&B/Soul
[1177/1381] The Hoosiers - Goodbye Mr A.mp3
  ♪ The Hoosiers — Goodbye Mr A (The Trick to Life (10th Anniversary Edition)) [2007]  [SongRec]
  = nom déjà correct
  ♬ The Hoosiers — Goodbye Mr A, album : The Trick to Life (10th Anniversary Edition), année : 2007, genre : Pop
[1178/1381] The Housemartins - Think For a Minute.mp3
  ♪ The Housemartins — Think For a Minute (London 0 Hull 4) [1986]  [SongRec]
  = nom déjà correct
  ♬ The Housemartins — Think For a Minute, album : London 0 Hull 4, année : 1986, genre : Rock
[1179/1381] The Human League - Tell Me When (Red Jerry mix).mp3
  ♪ The Human League — Tell Me When (Red Jerry mix) (Tell Me When) [1994]  [tags existants]
  = nom déjà correct
  ♬ The Human League — Tell Me When (Red Jerry mix), album : Tell Me When, année : 1994
[1180/1381] The Human League - Tell Me When.mp3
  ♪ The Human League — Tell Me When (Octopus) [1995]  [SongRec]
  = nom déjà correct
  ♬ The Human League — Tell Me When, album : Octopus, année : 1995, genre : Pop
[1181/1381] The Ian Carey Project - Get Shaky.mp3
  ♪ The Ian Carey Project — Get Shaky (Get Shaky) [2008]  [SongRec]
  = nom déjà correct
  ♬ The Ian Carey Project — Get Shaky, album : Get Shaky, année : 2008, genre : Dance
[1182/1381] The Imagined Village - John Barleycorn.mp3
  ♪ The Imagined Village — John Barleycorn (The Imagined Village) [2007]  [SongRec]
  = nom déjà correct
  ♬ The Imagined Village — John Barleycorn, album : The Imagined Village, année : 2007, genre : World
[1183/1381] The Isley Brothers - Don't Say Goodnight (It's Time for Love) [Live].mp3
  ♪ The Isley Brothers — Don't Say Goodnight (It's Time for Love) [Live] (Wild In Woodstock: Live At Bearsville Sound Studio (1980)) [2015]  [SongRec]
  = nom déjà correct
  ♬ The Isley Brothers — Don't Say Goodnight (It's Time for Love) [Live], album : Wild In Woodstock: Live At Bearsville Sound Studio (1980), année : 2015, genre : R&B/Soul
[1184/1381] The Jeff Healey Band - You're Coming Home.mp3
  ♪ The Jeff Healey Band — You're Coming Home (Feel This) [1992]  [SongRec]
  = nom déjà correct
  ♬ The Jeff Healey Band — You're Coming Home, album : Feel This, année : 1992, genre : Rock
[1185/1381] The Killers - Human.mp3
  ♪ The Killers — Human (Day & Age) [2008]  [SongRec]
  = nom déjà correct
  ♬ The Killers — Human, album : Day & Age, année : 2008, genre : Alternative
[1186/1381] The Killers - Smile Like You Mean It.mp3
  ♪ The Killers — Smile Like You Mean It (Hot Fuss) [2004]  [SongRec]
  = nom déjà correct
  ♬ The Killers — Smile Like You Mean It, album : Hot Fuss, année : 2004, genre : Rock
[1187/1381] The Last Shadow Puppets - Miracle Aligner.mp3
  ♪ The Last Shadow Puppets — Miracle Aligner (Everything You've Come To Expect (Deluxe Edition)) [2016]  [SongRec]
  = nom déjà correct
  ♬ The Last Shadow Puppets — Miracle Aligner, album : Everything You've Come To Expect (Deluxe Edition), année : 2016, genre : Alternative
[1188/1381] The London Ensemble - Winter - Lux Aeterna (From Requiem for a Dream).mp3
  ♪ The London Ensemble — Winter - Lux Aeterna (From "Requiem for a Dream") (Requiem for a Tower | Dream - Single) [2009]  [SongRec]
  = nom déjà correct
  ♬ The London Ensemble — Winter - Lux Aeterna (From "Requiem for a Dream"), album : Requiem for a Tower | Dream - Single, année : 2009, genre : Soundtrack
[1189/1381] The Modulations - Rough Out Here.mp3
  ♪ The Modulations — Rough Out Here (It's Rough Out Here (Expanded Edition)) [1994]  [SongRec]
  = nom déjà correct
  ♬ The Modulations — Rough Out Here, album : It's Rough Out Here (Expanded Edition), année : 1994, genre : R&B/Soul
[1190/1381] The Neville Brothers - Brother JohnIko Iko.mp3
  ♪ The Neville Brothers — Brother John/Iko Iko (Fiyo On The Bayou) [1981]  [SongRec]
  = nom déjà correct
  ♬ The Neville Brothers — Brother John/Iko Iko, album : Fiyo On The Bayou, année : 1981, genre : R&B/Soul
[1191/1381] The Notorious B.I.G. - Ready to Die.mp3
  ♪ The Notorious B.I.G. — Ready To Die (Ready To Die the Remaster) [1994]  [SongRec]
  ⚠ conflit : The Notorious B.I.G. - Ready To Die.mp3 existe déjà, ignoré
  ♬ The Notorious B.I.G. — Ready To Die, album : Ready To Die the Remaster, année : 1994, genre : Hip-Hop/Rap
[1192/1381] The Notorious B.I.G. - Ten Crack Commandments.mp3
  ♪ The Notorious B.I.G. — Ten Crack Commandments (Life After Death (2014 Remaster)) [1997]  [SongRec]
  = nom déjà correct
  ♬ The Notorious B.I.G. — Ten Crack Commandments, album : Life After Death (2014 Remaster), année : 1997, genre : Hip-Hop/Rap
[1193/1381] The O'Jays - Put Our Heads Together.mp3
  ♪ The O'Jays — Put Our Heads Together (When Will I See You Again) [1983]  [SongRec]
  = nom déjà correct
  ♬ The O'Jays — Put Our Heads Together, album : When Will I See You Again, année : 1983, genre : R&B/Soul
[1194/1381] The Ones - Flawless (Original Mix) [Original Mix].mp3
  ♪ The Ones — Flawless (Original Mix) [Original Mix]  [SongRec]
  = nom déjà correct
  ♬ The Ones — Flawless (Original Mix) [Original Mix], genre : Dance
[1195/1381] The Pogues - Fairytale of New York (feat. Kirsty MacColl).mp3
  ♪ The Pogues — Fairytale of New York (feat. Kirsty MacColl) (Fairytale of New York (2025 EP) - EP) [1987]  [SongRec]
  = nom déjà correct
  ♬ The Pogues — Fairytale of New York (feat. Kirsty MacColl), album : Fairytale of New York (2025 EP) - EP, année : 1987, genre : Rock
[1196/1381] The Pointer Sisters -2009- Jump_ The Very Best of.mp3
  ♪ The Pointer Sisters — I Need You (Break Out (1983 Version - Expanded Edition)) [1983]  [SongRec]
  The Pointer Sisters -2009- Jump_ The Very Best of.mp3
  → The Pointer Sisters - I Need You.mp3
  ♬ The Pointer Sisters — I Need You, album : Break Out (1983 Version - Expanded Edition), année : 1983, genre : Vocal
[1197/1381] The Prince Karma - Later Bitches (Benny Benassi vs. MazZz & Constantin Remix).mp3
  ♪ The Prince Karma — Later Bitches (Benny Benassi vs. MazZz & Constantin Remix) (Later Bitches (Benny Benassi vs. MazZz & Constantin Remix) - Single) [2018]  [SongRec]
  = nom déjà correct
  ♬ The Prince Karma — Later Bitches (Benny Benassi vs. MazZz & Constantin Remix), album : Later Bitches (Benny Benassi vs. MazZz & Constantin Remix) - Single, année : 2018, genre : Dance
[1198/1381] The Railway Children - Every Beat of the Heart.mp3
  ♪ The Railway Children — Every Beat of the Heart (Native Place) [1990]  [SongRec]
  = nom déjà correct
  ♬ The Railway Children — Every Beat of the Heart, album : Native Place, année : 1990, genre : Pop
[1199/1381] The Return - New Day.mp3
  ♪ The Return — New Day (Lights out / New Day - EP) [2007]  [SongRec]
  = nom déjà correct
  ♬ The Return — New Day, album : Lights out / New Day - EP, année : 2007, genre : Dance
[1200/1381] The Righteous Yeah - Ka Ana.mp3
  ♪ The Righteous Yeah — Ka Ana (Dance the Night Away) [2022]  [tags existants]
  = nom déjà correct
  ♬ The Righteous Yeah — Ka Ana, album : Dance the Night Away, année : 2022
[1201/1381] The Ritchie Family-1980-Give Me A Break (Casablanca 25s-7, Polystar 25s-7, Japan, Promo) - 03 - All My Love-32bit-384Khz.wv
  ✗ non reconnu (ni SongRec ni tags)
[1202/1381] The Rockets - Lost Forever, Left for Dreaming.mp3
  ♪ The Rockets — Lost Forever, Left for Dreaming (Rockets [Turn up the Radio]) [1978]  [SongRec]
  = nom déjà correct
  ♬ The Rockets — Lost Forever, Left for Dreaming, album : Rockets [Turn up the Radio], année : 1978, genre : Rock
[1203/1381] The Script - Breakeven.mp3
  ♪ The Script — Breakeven (The Script) [2008]  [SongRec]
  = nom déjà correct
  ♬ The Script — Breakeven, album : The Script, année : 2008, genre : Pop
[1204/1381] The Shamen - Ebeneezer Goode (Beat Edit).mp3
  ♪ The Shamen — Ebeneezer Goode (Beat Edit) (Ebeneezer Goode) [1992]  [SongRec]
  = nom déjà correct
  ♬ The Shamen — Ebeneezer Goode (Beat Edit), album : Ebeneezer Goode, année : 1992, genre : Dance
[1205/1381] The Sheltons - Love Can Build A Bridge.mp3
  ♪ The Sheltons — Love Can Build A Bridge (Country Groups) [2006]  [SongRec]
  = nom déjà correct
  ♬ The Sheltons — Love Can Build A Bridge, album : Country Groups, année : 2006, genre : Country
[1206/1381] The Specials - Nelson Mandela.mp3
  ♪ The Specials — Nelson Mandela (A Special Collection) [1999]  [SongRec]
  = nom déjà correct
  ♬ The Specials — Nelson Mandela, album : A Special Collection, année : 1999, genre : Pop
[1207/1381] The Stranglers - Burning Up Time (Live).mp3
  ♪ The Stranglers — Burning Up Time (Live) (Live (X-Cert)) [1979]  [SongRec]
  = nom déjà correct
  ♬ The Stranglers — Burning Up Time (Live), album : Live (X-Cert), année : 1979, genre : Pop
[1208/1381] The Stranglers - Peasant In the Big Sy (1996 Remastered Version).mp3
  ♪ The Stranglers — Peasant In the Big S****y (1996 Remastered Version) (No More Heroes) [1977]  [SongRec]
  = nom déjà correct
  ♬ The Stranglers — Peasant In the Big S****y (1996 Remastered Version), album : No More Heroes, année : 1977, genre : Pop
[1209/1381] The Style Council - Promised Land (Longer Extended Version Juan Atkins Club Mix).mp3
  ♪ The Style Council — Promised Land (Longer Extended Version / Juan Atkins/ Club Mix) (The Complete Adventures of the Style Council (Box Set)) [1998]  [SongRec]
  = nom déjà correct
  ♬ The Style Council — Promised Land (Longer Extended Version / Juan Atkins/ Club Mix), album : The Complete Adventures of the Style Council (Box Set), année : 1998, genre : Pop
[1210/1381] The Stylistics - Keeping My Fingers Crossed.mp3
  ♪ The Stylistics — Keeping My Fingers Crossed  [SongRec]
  = nom déjà correct
  ♬ The Stylistics — Keeping My Fingers Crossed, genre : Soul
[1211/1381] The Sweet - Live 1973_639160745170083916.mp3
  ♪ Sweet — Burning/Someone Else Will (Live UK Tour 73)  [SongRec]
  ⚠ conflit : Sweet - BurningSomeone Else Will (Live UK Tour 73).mp3 existe déjà, ignoré
  ♬ Sweet — Burning/Someone Else Will (Live UK Tour 73), genre : Pop
[1212/1381] The Tailors - Remember This.mp3
  ♪ The Tailors — Remember This (Dance with Me - Single) [2014]  [SongRec]
  = nom déjà correct
  ♬ The Tailors — Remember This, album : Dance with Me - Single, année : 2014, genre : Electronic
[1213/1381] The Tamperer - Hammer to the Heart (feat. Maya) [Metro Extended Mix].mp3
  ♪ The Tamperer — Hammer to the Heart (feat. Maya) [Metro Extended Mix] (Hammer to the Heart (feat. Maya) - EP) [1999]  [SongRec]
  = nom déjà correct
  ♬ The Tamperer — Hammer to the Heart (feat. Maya) [Metro Extended Mix], album : Hammer to the Heart (feat. Maya) - EP, année : 1999, genre : House
[1214/1381] The Tangent - 3rd Movement Afternoon Malaise.mp3
  ♪ The Tangent — 3rd Movement: Afternoon Malaise (Le Sacre Du Travail) [2013]  [SongRec]
  = nom déjà correct
  ♬ The Tangent — 3rd Movement: Afternoon Malaise, album : Le Sacre Du Travail, année : 2013, genre : Metal
[1215/1381] The Temper Trap - Sweet Disposition (EZEK Remix) [Melodic Deep].mp3
  ♪ The Temper Trap — Sweet Disposition (EZEK Remix)  [SongRec]
  ⚠ conflit : The Temper Trap - Sweet Disposition (EZEK Remix).mp3 existe déjà, ignoré
  ♬ The Temper Trap — Sweet Disposition (EZEK Remix)
[1216/1381] The Temper Trap - Sweet Disposition (EZEK Remix).mp3
  ♪ The Temper Trap — Sweet Disposition (EZEK Remix)  [SongRec]
  = nom déjà correct
  ♬ The Temper Trap — Sweet Disposition (EZEK Remix)
[1217/1381] The Temptations - Introduction Medley Get Ready Girl, (Why You Wanna Make Me Blue) Beauty Is Only Skin Deep You're My Everything My Girl Ain't Too Proud To Beg (Live At London's Talk of the Town1970).mp3
  ♪ The Temptations — Introduction Medley: Get Ready / Girl, (Why You Wanna Make Me Blue) / Beauty Is Only Skin Deep / You're My Everything / My Girl / Ain't Too Proud To Beg (Live At London's Talk of the Town/1970) (The Temptations Live At London's Talk of the Town) [1970]  [SongRec]
  = nom déjà correct
  ♬ The Temptations — Introduction Medley: Get Ready / Girl, (Why You Wanna Make Me Blue) / Beauty Is Only Skin Deep / You're My Everything / My Girl / Ain't Too Proud To Beg (Live At London's Talk of the Town/1970), album : The Temptations Live At London's Talk of the Town, année : 1970, genre : R&B/Soul
[1218/1381] The Timelords (The Jams) - Doctorin' The Tardis.mp3
  ♪ The Timelords (The Jams) — Doctorin' The Tardis  [SongRec]
  = nom déjà correct
  ♬ The Timelords (The Jams) — Doctorin' The Tardis, genre : Electronic
[1219/1381] The Vapors - Turning Japanese.mp3
  ♪ The Vapors — Turning Japanese (Turning Japanese - Single) [1980]  [SongRec]
  = nom déjà correct
  ♬ The Vapors — Turning Japanese, album : Turning Japanese - Single, année : 1980, genre : Rock
[1220/1381] The Verve - Lucky Man (Live From The Haigh Hall Concert Hall).mp3
  ♪ The Verve — Lucky Man (Live From The Haigh Hall Concert Hall) (Urban Hymns (Super Deluxe / Remastered 2016)) [1997]  [SongRec]
  = nom déjà correct
  ♬ The Verve — Lucky Man (Live From The Haigh Hall Concert Hall), album : Urban Hymns (Super Deluxe / Remastered 2016), année : 1997, genre : Pop
[1221/1381] The Wallflowers - 6th Avenue Heartache.mp3
  ♪ The Wallflowers — 6th Avenue Heartache (Bringing Down the Horse) [1996]  [SongRec]
  = nom déjà correct
  ♬ The Wallflowers — 6th Avenue Heartache, album : Bringing Down the Horse, année : 1996, genre : Rock
[1222/1381] The Wallflowers - One Headlight.mp3
  ♪ The Wallflowers — One Headlight (Bringing Down the Horse) [1996]  [SongRec]
  = nom déjà correct
  ♬ The Wallflowers — One Headlight, album : Bringing Down the Horse, année : 1996, genre : Rock
[1223/1381] The Wanted - Rule The World.mp3
  ♪ The Wanted — Rule The World (Most Wanted: The Greatest Hits (Deluxe)) [2021]  [SongRec]
  = nom déjà correct
  ♬ The Wanted — Rule The World, album : Most Wanted: The Greatest Hits (Deluxe), année : 2021, genre : Pop
[1224/1381] The Weeknd - Call Out My Name.mp3
  ♪ The Weeknd — Call Out My Name (Unknown Album)  [tags existants]
  = nom déjà correct
  ♬ The Weeknd — Call Out My Name, album : Unknown Album
[1225/1381] The Weeknd - Can't Feel My Face (Martin Gar.mp3
  ♪ The Weeknd — Can't Feel My Face (Martin Gar (Unknown Album)  [tags existants]
  = nom déjà correct
  ♬ The Weeknd — Can't Feel My Face (Martin Gar, album : Unknown Album
[1226/1381] The Weeknd - I Was Never There.mp3
  ♪ The Weeknd — I Was Never There  [tags existants]
  = nom déjà correct
  ♬ The Weeknd — I Was Never There
[1227/1381] The Weeknd - Love to Lay.mp3
  ♪ The Weeknd — Love to Lay  [tags existants]
  = nom déjà correct
  ♬ The Weeknd — Love to Lay
[1228/1381] The Weeknd - Pray for Me.mp3
  ♪ The Weeknd — Pray for Me  [tags existants]
  = nom déjà correct
  ♬ The Weeknd — Pray for Me
[1229/1381] The Weeknd - Prisoner.mp3
  ♪ The Weeknd — Prisoner  [tags existants]
  = nom déjà correct
  ♬ The Weeknd — Prisoner
[1230/1381] The Weeknd - Rockin’.mp3
  ♪ The Weeknd — Rockin’  [tags existants]
  = nom déjà correct
  ♬ The Weeknd — Rockin’
[1231/1381] The Weeknd - Shameless.mp3
  ♪ The Weeknd — Shameless  [tags existants]
  = nom déjà correct
  ♬ The Weeknd — Shameless
[1232/1381] The Weeknd - Sidewalks.mp3
  ♪ The Weeknd — Sidewalks  [tags existants]
  = nom déjà correct
  ♬ The Weeknd — Sidewalks
[1233/1381] The Weeknd - Stargirl Interlude.mp3
  ♪ The Weeknd — Stargirl Interlude  [tags existants]
  = nom déjà correct
  ♬ The Weeknd — Stargirl Interlude
[1234/1381] The Weeknd - True Colors.mp3
  ♪ The Weeknd — True Colors  [tags existants]
  = nom déjà correct
  ♬ The Weeknd — True Colors
[1235/1381] The Weeknd - Wasted Times.mp3
  ♪ The Weeknd — Wasted Times  [tags existants]
  = nom déjà correct
  ♬ The Weeknd — Wasted Times
[1236/1381] The Weeknd - Wicked Games.mp3
  ♪ The Weeknd — Wicked Games  [tags existants]
  = nom déjà correct
  ♬ The Weeknd — Wicked Games
[1237/1381] The Weeknd-2020-After Hours - 09 - Blinding Lights-DSD128_639159176170289922.dsf
  ✗ non reconnu (ni SongRec ni tags)
[1238/1381] The dead sexy Inc. - Ca plane pour moi_639157921813589641.mp3
  ♪ Dead Sexy — Ça Plane Pour Moi (Logan Mader mix) (In Nomine Corpus) [2006]  [SongRec]
  ⚠ conflit : Dead Sexy - Ça Plane Pour Moi (Logan Mader mix).mp3 existe déjà, ignoré
  ♬ Dead Sexy — Ça Plane Pour Moi (Logan Mader mix), album : In Nomine Corpus, année : 2006, genre : Rock
[1239/1381] Then Jerico - Big Area.mp3
  ♪ Then Jerico — Big Area (The Big Area) [1988]  [SongRec]
  = nom déjà correct
  ♬ Then Jerico — Big Area, album : The Big Area, année : 1988, genre : Pop
[1240/1381] Thierry Hazard - Medley Pop.mp3
  ♪ Thierry Hazard — Medley Pop  [SongRec]
  = nom déjà correct
  ♬ Thierry Hazard — Medley Pop, genre : Pop
[1241/1381] Thierry Pastor - Le coup de folie.mp3
  ♪ Thierry Pastor — Le coup de folie (Le coup de folie) [1981]  [SongRec]
  = nom déjà correct
  ♬ Thierry Pastor — Le coup de folie, album : Le coup de folie, année : 1981, genre : French Pop
[1242/1381] Thompson Twins - You Take Me Up.mp3
  ♪ Thompson Twins — You Take Me Up (Into the Gap) [1984]  [SongRec]
  = nom déjà correct
  ♬ Thompson Twins — You Take Me Up, album : Into the Gap, année : 1984, genre : Pop
[1243/1381] Tiga - Hot In Here (Radio Slave Re-Edit).mp3
  ♪ Tiga — Hot In Here (Radio Slave Re-Edit)  [SongRec]
  = nom déjà correct
  ♬ Tiga — Hot In Here (Radio Slave Re-Edit), genre : Electronic
[1244/1381] Tiken Jah Fakoly - Génération.mp3
  ♪ Tiken Jah Fakoly — Génération  [SongRec]
  = nom déjà correct
  ♬ Tiken Jah Fakoly — Génération, genre : World
[1245/1381] Timal - Pirate.mp3
  ♪ Timal — Pirate (Trop chaud) [2018]  [SongRec]
  = nom déjà correct
  ♬ Timal — Pirate, album : Trop chaud, année : 2018, genre : Hip-Hop/Rap
[1246/1381] Timbaland - Apologize (feat. OneRepublic).mp3
  ♪ Timbaland — Apologize (feat. OneRepublic) (Shock Value) [2006]  [SongRec]
  = nom déjà correct
  ♬ Timbaland — Apologize (feat. OneRepublic), album : Shock Value, année : 2006, genre : Hip-Hop/Rap
[1247/1381] Timelords - What Time Is Love (The Original Klf).mp3
  ♪ Timelords — What Time Is Love? (The Original Klf)  [SongRec]
  = nom déjà correct
  ♬ Timelords — What Time Is Love? (The Original Klf), genre : Electronic
[1248/1381] Timo - Contigo.mp3
  ♪ Timo — Contigo (Contigo - Single) [2024]  [SongRec]
  = nom déjà correct
  ♬ Timo — Contigo, album : Contigo - Single, année : 2024, genre : Dance
[1249/1381] Timo - Contigo_639160291507976114.mp3
  ♪ Timo — Contigo (Contigo - Single) [2024]  [SongRec]
  ⚠ conflit : Timo - Contigo.mp3 existe déjà, ignoré
  ♬ Timo — Contigo, album : Contigo - Single, année : 2024, genre : Dance
[1250/1381] Tina Arena - Si Tu Veux Mon Coeur.mp3
  ♪ Tina Arena — Si Tu Veux Mon Coeur (Un autre univers) [2005]  [SongRec]
  = nom déjà correct
  ♬ Tina Arena — Si Tu Veux Mon Coeur, album : Un autre univers, année : 2005, genre : French Pop
[1251/1381] Tina Turner - Be Tender With Me Baby.mp3
  ♪ Tina Turner — Be Tender With Me Baby (Tina Turner: The Platinum Collection) [1989]  [SongRec]
  = nom déjà correct
  ♬ Tina Turner — Be Tender With Me Baby, album : Tina Turner: The Platinum Collection, année : 1989, genre : Rock & Roll
[1252/1381] Tina Turner - Disco Inferno (12 Dub).mp3
  ♪ Tina Turner — Disco Inferno (12" Dub) (What's Love Got to Do with It (30th Anniversary Deluxe Edition)) [2023]  [SongRec]
  = nom déjà correct
  ♬ Tina Turner — Disco Inferno (12" Dub), album : What's Love Got to Do with It (30th Anniversary Deluxe Edition), année : 2023, genre : R&B/Soul
[1253/1381] Tiësto - Magik Four A New Adventure (Continuous Dj mix).mp3
  ♪ Vimana — We Came (We Came) [1999]  [SongRec]
  Tiësto - Magik Four A New Adventure (Continuous Dj mix).mp3
  → Vimana - We Came.mp3
  ♬ Vimana — We Came, album : We Came, année : 1999, genre : Dance
[1254/1381] Tobu - Higher.mp3
  ♪ Tobu — Higher (Higher - Single) [2013]  [SongRec]
  = nom déjà correct
  ♬ Tobu — Higher, album : Higher - Single, année : 2013, genre : House
[1255/1381] Toby Fox - Knock You Down !!.mp3
  ♪ Toby Fox — Knock You Down !! (Deltarune Chapter 2 (Original Game Soundtrack)) [2021]  [SongRec]
  = nom déjà correct
  ♬ Toby Fox — Knock You Down !!, album : Deltarune Chapter 2 (Original Game Soundtrack), année : 2021, genre : Soundtrack
[1256/1381] Todd Terry - Groove For Life.mp3
  ♪ Todd Terry — Groove For Life (Retrospective 2) [2024]  [SongRec]
  = nom déjà correct
  ♬ Todd Terry — Groove For Life, album : Retrospective 2, année : 2024, genre : Dance
[1257/1381] Tom Grennan - This is the Place.mp3
  ♪ Tom Grennan — This is the Place (Evering Road (Deluxe)) [2021]  [SongRec]
  = nom déjà correct
  ♬ Tom Grennan — This is the Place, album : Evering Road (Deluxe), année : 2021, genre : Alternative
[1258/1381] Tom Snare - Philosophy (Radio Edit).mp3
  ♪ Tom Snare — Philosophy (Radio Edit)  [SongRec]
  = nom déjà correct
  ♬ Tom Snare — Philosophy (Radio Edit), genre : Dance
[1259/1381] Toni Braxton - Another Sad Love Song.mp3
  ♪ Toni Braxton — Another Sad Love Song (Toni Braxton) [1993]  [SongRec]
  = nom déjà correct
  ♬ Toni Braxton — Another Sad Love Song, album : Toni Braxton, année : 1993, genre : R&B/Soul
[1260/1381] Tony Christie - (Is This The Way To) Amarillo.mp3
  ♪ Tony Christie — (Is This The Way To) Amarillo (With Loving Feeling) [1972]  [SongRec]
  = nom déjà correct
  ♬ Tony Christie — (Is This The Way To) Amarillo, album : With Loving Feeling, année : 1972, genre : Pop
[1261/1381] Tony Parker - Balance Toi.mp3
  ♪ Tony Parker — Balance Toi (Tony Parker) [2003]  [SongRec]
  = nom déjà correct
  ♬ Tony Parker — Balance Toi, album : Tony Parker, année : 2003, genre : Hip-Hop/Rap
[1262/1381] Torture Killer - Dead Inside.mp3
  ♪ Torture Killer — Dead Inside (Dead Inside - Single) [2022]  [SongRec]
  = nom déjà correct
  ♬ Torture Killer — Dead Inside, album : Dead Inside - Single, année : 2022, genre : Metal
[1263/1381] Tough Love & Seamus Haji - Last Night a DJ Saved My Life (Club Mix).mp3
  ♪ Tough Love & Seamus Haji — Last Night a DJ Saved My Life (Club Mix) (Last Night a DJ Saved My Life - Single) [2007]  [SongRec]
  = nom déjà correct
  ♬ Tough Love & Seamus Haji — Last Night a DJ Saved My Life (Club Mix), album : Last Night a DJ Saved My Life - Single, année : 2007, genre : House
[1264/1381] Tout Genre + Musique Youtube - 20110703 174136 2.M4a.mp3
  ♪ Tout Genre + Musique Youtube — 20110703 174136 2.M4a (Unknown Album)  [tags existants]
  = nom déjà correct
  ♬ Tout Genre + Musique Youtube — 20110703 174136 2.M4a, album : Unknown Album
[1265/1381] Tout Genre + Musique Youtube - Mix Cauet 1 1.mp3
  ♪ Tout Genre + Musique Youtube — Mix Cauet 1 1  [tags existants]
  = nom déjà correct
  ♬ Tout Genre + Musique Youtube — Mix Cauet 1 1
[1266/1381] Tout Genre + Musique Youtube - Mix Cauet 1 2.Mp3.mp3
  ♪ Tout Genre + Musique Youtube — Mix Cauet 1 2.Mp3  [tags existants]
  = nom déjà correct
  ♬ Tout Genre + Musique Youtube — Mix Cauet 1 2.Mp3
[1267/1381] Tout Genre + Musique Youtube - S-Kyz - L'histoire D'un Jeune 1 1.mp3
  ♪ S-kyz — L'histoire d'un jeune (L'histoire d'un jeune) [2008]  [SongRec]
  ⚠ conflit : S-kyz - L'histoire d'un jeune.mp3 existe déjà, ignoré
  ♬ S-kyz — L'histoire d'un jeune, album : L'histoire d'un jeune, année : 2008, genre : R&B/Soul
[1268/1381] Tralala - All Fired Up.mp3
  ♪ Tralala — All Fired Up (Tralala) [2001]  [SongRec]
  = nom déjà correct
  ♬ Tralala — All Fired Up, album : Tralala, année : 2001, genre : Alternative
[1269/1381] Travis - Sing.mp3
  ♪ Travis — Sing (Sing - Single) [2001]  [SongRec]
  = nom déjà correct
  ♬ Travis — Sing, album : Sing - Single, année : 2001, genre : Pop
[1270/1381] Travis - Sing_639159747391400946.mp3
  ♪ Travis — Sing (Sing - Single) [2001]  [SongRec]
  ⚠ conflit : Travis - Sing.mp3 existe déjà, ignoré
  ♬ Travis — Sing, album : Sing - Single, année : 2001, genre : Pop
[1271/1381] Tribal Jam - Remind Me (Teardrops).mp3
  ♪ Tribal Jam — Remind Me (Teardrops) (Demarre le show) [2000]  [SongRec]
  = nom déjà correct
  ♬ Tribal Jam — Remind Me (Teardrops), album : Demarre le show, année : 2000, genre : Pop
[1272/1381] Tribal King - Façon Sex (Teck House Mix).mp3
  ♪ Tribal King — Façon Sex (Teck House Mix)  [SongRec]
  = nom déjà correct
  ♬ Tribal King — Façon Sex (Teck House Mix), genre : Dance
[1273/1381] Tribe After Tribe - The Lovers IIIBabalon.mp3
  ♪ Tribe After Tribe — The Lovers III:Babalon  [SongRec]
  = nom déjà correct
  ♬ Tribe After Tribe — The Lovers III:Babalon
[1274/1381] Troye Sivan - Wild (feat. Alessia Cara & Young Bombs) [Young Bombs Remix].mp3
  ♪ Troye Sivan — Wild (feat. Alessia Cara & Young Bombs) [Young Bombs Remix] (Blue Neighbourhood (The Remixes)) [2016]  [SongRec]
  = nom déjà correct
  ♬ Troye Sivan — Wild (feat. Alessia Cara & Young Bombs) [Young Bombs Remix], album : Blue Neighbourhood (The Remixes), année : 2016, genre : Pop
[1275/1381] Two Feet - Go F_ck Yourself (Proppa Reboot)_639158334827352470.mp3
  ♪ HUGEL, Merk & Kremont & Lirico En La Casa — Marianela (Qué Pasa) (Marianela (Qué Pasa) - Single) [2022]  [SongRec]
  ⚠ conflit : HUGEL, Merk & Kremont & Lirico En La Casa - Marianela (Qué Pasa).mp3 existe déjà, ignoré
  ♬ HUGEL, Merk & Kremont & Lirico En La Casa — Marianela (Qué Pasa), album : Marianela (Qué Pasa) - Single, année : 2022, genre : House
[1276/1381] Two Feet - Go F_ck Yourself (Proppa Reboot)_639158394098649752.mp3
  ♪ HUGEL, Merk & Kremont & Lirico En La Casa — Marianela (Qué Pasa) (Marianela (Qué Pasa) - Single) [2022]  [SongRec]
  ⚠ conflit : HUGEL, Merk & Kremont & Lirico En La Casa - Marianela (Qué Pasa).mp3 existe déjà, ignoré
  ♬ HUGEL, Merk & Kremont & Lirico En La Casa — Marianela (Qué Pasa), album : Marianela (Qué Pasa) - Single, année : 2022, genre : House
[1277/1381] Two Feet - Go F_ck Yourself (Proppa Reboot)_639158455742449799.mp3
  ♪ HUGEL, Merk & Kremont & Lirico En La Casa — Marianela (Qué Pasa) (Marianela (Qué Pasa) - Single) [2022]  [SongRec]
  ⚠ conflit : HUGEL, Merk & Kremont & Lirico En La Casa - Marianela (Qué Pasa).mp3 existe déjà, ignoré
  ♬ HUGEL, Merk & Kremont & Lirico En La Casa — Marianela (Qué Pasa), album : Marianela (Qué Pasa) - Single, année : 2022, genre : House
[1278/1381] Two Feet - Go F_ck Yourself (Proppa Reboot)_639158656564917341.mp3
  ♪ HUGEL, Merk & Kremont & Lirico En La Casa — Marianela (Qué Pasa) (Marianela (Qué Pasa) - Single) [2022]  [SongRec]
  ⚠ conflit : HUGEL, Merk & Kremont & Lirico En La Casa - Marianela (Qué Pasa).mp3 existe déjà, ignoré
  ♬ HUGEL, Merk & Kremont & Lirico En La Casa — Marianela (Qué Pasa), album : Marianela (Qué Pasa) - Single, année : 2022, genre : House
[1279/1381] Two Feet - Go F_ck Yourself (Proppa Reboot)_639158739122796650.mp3
  ♪ HUGEL, Merk & Kremont & Lirico En La Casa — Marianela (Qué Pasa) (Marianela (Qué Pasa) - Single) [2022]  [SongRec]
  ⚠ conflit : HUGEL, Merk & Kremont & Lirico En La Casa - Marianela (Qué Pasa).mp3 existe déjà, ignoré
  ♬ HUGEL, Merk & Kremont & Lirico En La Casa — Marianela (Qué Pasa), album : Marianela (Qué Pasa) - Single, année : 2022, genre : House
[1280/1381] Two Feet - Go F_ck Yourself (Proppa Reboot)_639158803642023977.mp3
  ♪ HUGEL, Merk & Kremont & Lirico En La Casa — Marianela (Qué Pasa) (Marianela (Qué Pasa) - Single) [2022]  [SongRec]
  ⚠ conflit : HUGEL, Merk & Kremont & Lirico En La Casa - Marianela (Qué Pasa).mp3 existe déjà, ignoré
  ♬ HUGEL, Merk & Kremont & Lirico En La Casa — Marianela (Qué Pasa), album : Marianela (Qué Pasa) - Single, année : 2022, genre : House
[1281/1381] Two Feet - Go F_ck Yourself (Proppa Reboot)_639158856121991889.mp3
  ♪ HUGEL, Merk & Kremont & Lirico En La Casa — Marianela (Qué Pasa) (Marianela (Qué Pasa) - Single) [2022]  [SongRec]
  ⚠ conflit : HUGEL, Merk & Kremont & Lirico En La Casa - Marianela (Qué Pasa).mp3 existe déjà, ignoré
  ♬ HUGEL, Merk & Kremont & Lirico En La Casa — Marianela (Qué Pasa), album : Marianela (Qué Pasa) - Single, année : 2022, genre : House
[1282/1381] Two Feet - Go F_ck Yourself (Proppa Reboot)_639158911213315024.mp3
  ♪ HUGEL, Merk & Kremont & Lirico En La Casa — Marianela (Qué Pasa) (Marianela (Qué Pasa) - Single) [2022]  [SongRec]
  ⚠ conflit : HUGEL, Merk & Kremont & Lirico En La Casa - Marianela (Qué Pasa).mp3 existe déjà, ignoré
  ♬ HUGEL, Merk & Kremont & Lirico En La Casa — Marianela (Qué Pasa), album : Marianela (Qué Pasa) - Single, année : 2022, genre : House
[1283/1381] Two Feet - Go F_ck Yourself (Proppa Reboot)_639158974914451806.mp3
  ♪ HUGEL, Merk & Kremont & Lirico En La Casa — Marianela (Qué Pasa) (Marianela (Qué Pasa) - Single) [2022]  [SongRec]
  ⚠ conflit : HUGEL, Merk & Kremont & Lirico En La Casa - Marianela (Qué Pasa).mp3 existe déjà, ignoré
  ♬ HUGEL, Merk & Kremont & Lirico En La Casa — Marianela (Qué Pasa), album : Marianela (Qué Pasa) - Single, année : 2022, genre : House
[1284/1381] Two Feet - Go F_ck Yourself (Proppa Reboot)_639159038647909881.mp3
  ♪ HUGEL, Merk & Kremont & Lirico En La Casa — Marianela (Qué Pasa) (Marianela (Qué Pasa) - Single) [2022]  [SongRec]
  ⚠ conflit : HUGEL, Merk & Kremont & Lirico En La Casa - Marianela (Qué Pasa).mp3 existe déjà, ignoré
  ♬ HUGEL, Merk & Kremont & Lirico En La Casa — Marianela (Qué Pasa), album : Marianela (Qué Pasa) - Single, année : 2022, genre : House
[1285/1381] Two Feet - Go F_ck Yourself (Proppa Reboot)_639159091916902107.mp3
  ♪ HUGEL, Merk & Kremont & Lirico En La Casa — Marianela (Qué Pasa) (Marianela (Qué Pasa) - Single) [2022]  [SongRec]
  ⚠ conflit : HUGEL, Merk & Kremont & Lirico En La Casa - Marianela (Qué Pasa).mp3 existe déjà, ignoré
  ♬ HUGEL, Merk & Kremont & Lirico En La Casa — Marianela (Qué Pasa), album : Marianela (Qué Pasa) - Single, année : 2022, genre : House
[1286/1381] Two Feet - Go F_ck Yourself (Proppa Reboot)_639159158603019077.mp3
  ♪ HUGEL, Merk & Kremont & Lirico En La Casa — Marianela (Qué Pasa) (Marianela (Qué Pasa) - Single) [2022]  [SongRec]
  ⚠ conflit : HUGEL, Merk & Kremont & Lirico En La Casa - Marianela (Qué Pasa).mp3 existe déjà, ignoré
  ♬ HUGEL, Merk & Kremont & Lirico En La Casa — Marianela (Qué Pasa), album : Marianela (Qué Pasa) - Single, année : 2022, genre : House
[1287/1381] Two Feet - Go F_ck Yourself (Proppa Reboot)_639159171260663530.mp3
  ♪ HUGEL, Merk & Kremont & Lirico En La Casa — Marianela (Qué Pasa) (Marianela (Qué Pasa) - Single) [2022]  [SongRec]
  ⚠ conflit : HUGEL, Merk & Kremont & Lirico En La Casa - Marianela (Qué Pasa).mp3 existe déjà, ignoré
  ♬ HUGEL, Merk & Kremont & Lirico En La Casa — Marianela (Qué Pasa), album : Marianela (Qué Pasa) - Single, année : 2022, genre : House
[1288/1381] Tyrese - Sweet Lady.mp3
  ♪ Tyrese — Sweet Lady (Tyrese) [1998]  [SongRec]
  = nom déjà correct
  ♬ Tyrese — Sweet Lady, album : Tyrese, année : 1998, genre : R&B/Soul
[1289/1381] Téléphone - Prends ce que tu veux (Remasterisé en 2015).mp3
  ♪ Téléphone — Prends ce que tu veux (Remasterisé en 2015) (Telephone (Remasterisé en 2015)) [1977]  [SongRec]
  = nom déjà correct
  ♬ Téléphone — Prends ce que tu veux (Remasterisé en 2015), album : Telephone (Remasterisé en 2015), année : 1977, genre : Rock
[1290/1381] Témé Tan - Améthys.mp3
  ♪ Témé Tan — Améthys (Améthys - EP) [2014]  [SongRec]
  = nom déjà correct
  ♬ Témé Tan — Améthys, album : Améthys - EP, année : 2014, genre : Alternative
[1291/1381] U2 - City of Blinding Lights.mp3
  ♪ U2 — City of Blinding Lights (How to Dismantle an Atomic Bomb (Bonus Track Version)) [2004]  [SongRec]
  = nom déjà correct
  ♬ U2 — City of Blinding Lights, album : How to Dismantle an Atomic Bomb (Bonus Track Version), année : 2004, genre : Rock
[1292/1381] U2 - Kite (Live From Sydney).mp3
  ♪ U2 — Kite (Live From Sydney) (Window In The Skies - Single) [2007]  [SongRec]
  = nom déjà correct
  ♬ U2 — Kite (Live From Sydney), album : Window In The Skies - Single, année : 2007, genre : Rock
[1293/1381] U2 - MLK (Live at Madison Square Garden, NY, 092887).mp3
  ♪ U2 — MLK (Live at Madison Square Garden, NY, 09/28/87) (The Joshua Tree (30th Anniversary Super Deluxe Edition)) [1987]  [SongRec]
  = nom déjà correct
  ♬ U2 — MLK (Live at Madison Square Garden, NY, 09/28/87), album : The Joshua Tree (30th Anniversary Super Deluxe Edition), année : 1987, genre : Rock
[1294/1381] U2 - MLK.mp3
  ♪ U2 — MLK (The Unforgettable Fire) [1984]  [SongRec]
  = nom déjà correct
  ♬ U2 — MLK, album : The Unforgettable Fire, année : 1984, genre : Rock
[1295/1381] U96 - Night In Motion.mp3
  ♪ U96 — Night In Motion (Replugged) [1993]  [SongRec]
  = nom déjà correct
  ♬ U96 — Night In Motion, album : Replugged, année : 1993, genre : Electronic
[1296/1381] USHER - U Got It Bad.mp3
  ♪ USHER — U Got It Bad (8701) [2001]  [SongRec]
  = nom déjà correct
  ♬ USHER — U Got It Bad, album : 8701, année : 2001, genre : R&B/Soul
[1297/1381] Ultra Naté - New Kind of Medicine (Acappella).mp3
  ♪ Ultra Naté — New Kind of Medicine (Acappella) (New Kind of Medicine - Single) [1998]  [SongRec]
  = nom déjà correct
  ♬ Ultra Naté — New Kind of Medicine (Acappella), album : New Kind of Medicine - Single, année : 1998, genre : House
[1298/1381] V - Transcendence.mp3
  ♪ V — Transcendence (Romance Without Words) [2026]  [tags existants]
  = nom déjà correct
  ♬ V — Transcendence, album : Romance Without Words, année : 2026
[1299/1381] VS - Love You Like Mad.mp3
  ♪ VS — Love You Like Mad  [SongRec]
  = nom déjà correct
  ♬ VS — Love You Like Mad, genre : Pop
[1300/1381] Vald - FEELINGS.mp3
  ♪ Vald — FEELINGS (VV5) [2022]  [SongRec]
  = nom déjà correct
  ♬ Vald — FEELINGS, album : VV5, année : 2022, genre : Hip-Hop/Rap
[1301/1381] Van Der Graaf Generator - Pioneers Over C.mp3
  ♪ Van Der Graaf Generator — Pioneers Over C (H to He Who Am the Only One 2005 Release) [1970]  [SongRec]
  = nom déjà correct
  ♬ Van Der Graaf Generator — Pioneers Over C, album : H to He Who Am the Only One 2005 Release, année : 1970, genre : Rock
[1302/1381] Vanessa Forbes - Breathe.mp3
  ♪ Vanessa Forbes — Breathe (Love Letters from the Universe) [2014]  [SongRec]
  = nom déjà correct
  ♬ Vanessa Forbes — Breathe, album : Love Letters from the Universe, année : 2014, genre : World
[1303/1381] Variety Lab & Kidsaredead - Soda Pop Confusion.mp3
  ♪ Variety Lab & Kidsaredead — Soda Pop Confusion (Team Up!) [2009]  [SongRec]
  = nom déjà correct
  ♬ Variety Lab & Kidsaredead — Soda Pop Confusion, album : Team Up!, année : 2009, genre : Pop
[1304/1381] Various - Party Dj Rudie Jansen & Dj Codo.mp3
  ♪ Duran Duran — Hungry Like the Wolf (Rio (Remastered)) [1982]  [SongRec]
  Various - Party Dj Rudie Jansen & Dj Codo.mp3
  → Duran Duran - Hungry Like the Wolf.mp3
  ♬ Duran Duran — Hungry Like the Wolf, album : Rio (Remastered), année : 1982, genre : Pop
[1305/1381] Various Artists - Craig Charles Funk and Soul Classics Dj Mix.mp3
  ♪ Sly & The Family Stone — Thank You (Falettinme Be Mice Elf Agin) (SLY LIVES! (aka The Burden of Black Genius) [Original Motion Picture Soundtrack]) [2025]  [SongRec]
  Various Artists - Craig Charles Funk and Soul Classics Dj Mix.mp3
  → Sly & The Family Stone - Thank You (Falettinme Be Mice Elf Agin).mp3
  ♬ Sly & The Family Stone — Thank You (Falettinme Be Mice Elf Agin), album : SLY LIVES! (aka The Burden of Black Genius) [Original Motion Picture Soundtrack], année : 2025, genre : R&B/Soul
[1306/1381] Various Artists - Optimo the Underground Sound of Glasgow (Continuous Dj mix by Jd Twitch).mp3
  ♪ Naum Gabo — Ay & Oh (It's on EP) [2012]  [SongRec]
  Various Artists - Optimo the Underground Sound of Glasgow (Continuous Dj mix by Jd Twitch).mp3
  → Naum Gabo - Ay & Oh.mp3
  ♬ Naum Gabo — Ay & Oh, album : It's on EP, année : 2012, genre : Techno
[1307/1381] Veerus - Phase.mp3
  ♪ Veerus — Phase (Ehm Phase - Single) [2017]  [SongRec]
  = nom déjà correct
  ♬ Veerus — Phase, album : Ehm Phase - Single, année : 2017, genre : Electronic
[1308/1381] Venta Protesix - Unsuccessfully Trying to Feel Pleasure Through Physical Pain.mp3
  ♪ Venta Protesix — Unsuccessfully Trying to Feel Pleasure Through Physical Pain (Soundtrack to an Android's Dreams) [2020]  [tags existants]
  = nom déjà correct
  ♬ Venta Protesix — Unsuccessfully Trying to Feel Pleasure Through Physical Pain, album : Soundtrack to an Android's Dreams, année : 2020
[1309/1381] Vibe - No Blaggadda.mp3
  ♪ Vibe — No Blaggadda  [SongRec]
  = nom déjà correct
  ♬ Vibe — No Blaggadda, genre : Hip-Hop/Rap
[1310/1381] Vic Reeves & the Wonder Stuff - Dizzy (The Coffee Break mix).mp3
  ♪ Vic Reeves & the Wonder Stuff — Dizzy (The Coffee Break mix) (Dizzy) [1991]  [tags existants]
  = nom déjà correct
  ♬ Vic Reeves & the Wonder Stuff — Dizzy (The Coffee Break mix), album : Dizzy, année : 1991
[1311/1381] Victoria Beckham - A Mind of Its Own.mp3
  ♪ Victoria Beckham — A Mind of Its Own (Victoria Beckham) [2001]  [SongRec]
  = nom déjà correct
  ♬ Victoria Beckham — A Mind of Its Own, album : Victoria Beckham, année : 2001, genre : Pop
[1312/1381] Viken Arman - The Red Stone (Original Mix) [L.E.T. Music]_639158792395812461.mp3
  ♪ Viken Arman — The Red Stone (Ararat, Vol. 1) [2016]  [SongRec]
  ⚠ conflit : Viken Arman - The Red Stone.mp3 existe déjà, ignoré
  ♬ Viken Arman — The Red Stone, album : Ararat, Vol. 1, année : 2016, genre : Electronic
[1313/1381] Viken Arman - The Red Stone (Original Mix) [L.E.T. Music]_639158844567959878.mp3
  ♪ Viken Arman — The Red Stone (Ararat, Vol. 1) [2016]  [SongRec]
  ⚠ conflit : Viken Arman - The Red Stone.mp3 existe déjà, ignoré
  ♬ Viken Arman — The Red Stone, album : Ararat, Vol. 1, année : 2016, genre : Electronic
[1314/1381] Viken Arman - The Red Stone (Original Mix) [L.E.T. Music]_639158894558442081.mp3
  ♪ Viken Arman — The Red Stone (Ararat, Vol. 1) [2016]  [SongRec]
  ⚠ conflit : Viken Arman - The Red Stone.mp3 existe déjà, ignoré
  ♬ Viken Arman — The Red Stone, album : Ararat, Vol. 1, année : 2016, genre : Electronic
[1315/1381] Viken Arman - The Red Stone (Original Mix) [L.E.T. Music]_639158969660938784.mp3
  ♪ Viken Arman — The Red Stone (Ararat, Vol. 1) [2016]  [SongRec]
  ⚠ conflit : Viken Arman - The Red Stone.mp3 existe déjà, ignoré
  ♬ Viken Arman — The Red Stone, album : Ararat, Vol. 1, année : 2016, genre : Electronic
[1316/1381] Viken Arman - The Red Stone (Original Mix) [L.E.T. Music]_639159049774095664.mp3
  ♪ Viken Arman — The Red Stone (Ararat, Vol. 1) [2016]  [SongRec]
  ⚠ conflit : Viken Arman - The Red Stone.mp3 existe déjà, ignoré
  ♬ Viken Arman — The Red Stone, album : Ararat, Vol. 1, année : 2016, genre : Electronic
[1317/1381] Viken Arman - The Red Stone (Original Mix) [L.E.T. Music]_639159125180743484.mp3
  ♪ Viken Arman — The Red Stone (Ararat, Vol. 1) [2016]  [SongRec]
  ⚠ conflit : Viken Arman - The Red Stone.mp3 existe déjà, ignoré
  ♬ Viken Arman — The Red Stone, album : Ararat, Vol. 1, année : 2016, genre : Electronic
[1318/1381] Viken Arman - The Red Stone.mp3
  ♪ Viken Arman — The Red Stone (Ararat, Vol. 1) [2016]  [SongRec]
  = nom déjà correct
  ♬ Viken Arman — The Red Stone, album : Ararat, Vol. 1, année : 2016, genre : Electronic
[1319/1381] Vitaa & Slimane - Comme un film.mp3
  ♪ Vitaa & Slimane — Comme un film (VersuS) [2019]  [SongRec]
  = nom déjà correct
  ♬ Vitaa & Slimane — Comme un film, album : VersuS, année : 2019, genre : French Pop
[1320/1381] Vitaa & Slimane - Je te le donne (Live à Marseille 2021).mp3
  ♪ Vitaa & Slimane — Je te le donne (Live à Marseille / 2021) (Versus : L’ultime chapitre) [2021]  [SongRec]
  = nom déjà correct
  ♬ Vitaa & Slimane — Je te le donne (Live à Marseille / 2021), album : Versus : L’ultime chapitre, année : 2021, genre : French Pop
[1321/1381] Vitaa - Confessions nocturnes (Live à Lyon 2021).mp3
  ♪ Vitaa — Confessions nocturnes (Live à Lyon / 2021) (Versus : L’ultime chapitre) [2021]  [SongRec]
  = nom déjà correct
  ♬ Vitaa — Confessions nocturnes (Live à Lyon / 2021), album : Versus : L’ultime chapitre, année : 2021, genre : R&B/Soul
[1322/1381] Vitaa, Slimane & Amel Bent - A la vie.mp3
  ♪ Vitaa, Slimane & Amel Bent — A la vie (A la vie - Single) [2019]  [SongRec]
  = nom déjà correct
  ♬ Vitaa, Slimane & Amel Bent — A la vie, album : A la vie - Single, année : 2019, genre : French Pop
[1323/1381] Vlad Caia - Sidepoint.mp3
  ♪ Vlad Caia — Sidepoint  [SongRec]
  = nom déjà correct
  ♬ Vlad Caia — Sidepoint, genre : Ambient
[1324/1381] Von Mondo, Volpe & Klub Rider - The Night_639158117691651754.mp3
  ♪ DJ Maestro — He Needs Me (Gramophonedzie Remix) (Mykonos Summer Guide 2016) [2015]  [SongRec]
  ⚠ conflit : DJ Maestro - He Needs Me (Gramophonedzie Remix).mp3 existe déjà, ignoré
  ♬ DJ Maestro — He Needs Me (Gramophonedzie Remix), album : Mykonos Summer Guide 2016, année : 2015, genre : House
[1325/1381] Wally Music - Animalx (Remix).mp3
  ♪ Wally Music — Animalx (Remix)  [SongRec]
  = nom déjà correct
  ♬ Wally Music — Animalx (Remix), genre : Latino
[1326/1381] War - You Got The Power.mp3
  ♪ War — You Got The Power (Greatest Hits 2.0) [2021]  [SongRec]
  = nom déjà correct
  ♬ War — You Got The Power, album : Greatest Hits 2.0, année : 2021, genre : Rock
[1327/1381] Warren G - I Shot the Sheriff.mp3
  ♪ Warren G — I Shot the Sheriff (Take a Look Over Your Shoulder (Reality)) [1997]  [SongRec]
  = nom déjà correct
  ♬ Warren G — I Shot the Sheriff, album : Take a Look Over Your Shoulder (Reality), année : 1997, genre : Hip-Hop/Rap
[1328/1381] Warren Saada - Sans toi.mp3
  ♪ Warren Saada — Sans toi (Honestly,) [2024]  [SongRec]
  = nom déjà correct
  ♬ Warren Saada — Sans toi, album : Honestly,, année : 2024, genre : Afro-Pop
[1329/1381] Waterfront - Cry (Extended Version).mp3
  ♪ Waterfront — Cry (Extended Version) (Cry (Us 12")) [1989]  [tags existants]
  = nom déjà correct
  ♬ Waterfront — Cry (Extended Version), album : Cry (Us 12"), année : 1989
[1330/1381] Wayne Wonder - Wayne Wonder - No Letting Go (Merchant & Cvalm Remix).mp3
  ♪ Wayne Wonder — Wayne Wonder - No Letting Go (Merchant & Cvalm Remix) [2025]  [tags existants]
  = nom déjà correct
  ♬ Wayne Wonder — Wayne Wonder - No Letting Go (Merchant & Cvalm Remix), année : 2025
[1331/1381] Wee Papa Girl Rappers - Wee Rule.mp3
  ♪ Wee Papa Girl Rappers — Wee Rule (Wee Rule - Single) [1988]  [SongRec]
  = nom déjà correct
  ♬ Wee Papa Girl Rappers — Wee Rule, album : Wee Rule - Single, année : 1988, genre : Dance
[1332/1381] Wendy & Lisa - Waterfall.mp3
  ♪ Wendy & Lisa — Waterfall (Wendy and Lisa (Expanded)) [1987]  [SongRec]
  = nom déjà correct
  ♬ Wendy & Lisa — Waterfall, album : Wendy and Lisa (Expanded), année : 1987, genre : Pop
[1333/1381] West End - The Love I Lost (feat. Sybil) [The Love I Dub Edit].mp3
  ♪ West End — The Love I Lost (feat. Sybil) [The Love I Dub]  [SongRec]
  West End - The Love I Lost (feat. Sybil) [The Love I Dub Edit].mp3
  → West End - The Love I Lost (feat. Sybil) [The Love I Dub].mp3
  ♬ West End — The Love I Lost (feat. Sybil) [The Love I Dub], genre : Pop
[1334/1381] Westlife - Starlight.mp3
  ♪ Westlife — Starlight (Wild Dreams (Deluxe Edition)) [2021]  [SongRec]
  = nom déjà correct
  ♬ Westlife — Starlight, album : Wild Dreams (Deluxe Edition), année : 2021, genre : Pop
[1335/1381] Wet Wet Wet - Sweet Surrender.mp3
  ♪ Wet Wet Wet — Sweet Surrender (Holding Back the River) [1989]  [SongRec]
  = nom déjà correct
  ♬ Wet Wet Wet — Sweet Surrender, album : Holding Back the River, année : 1989, genre : Pop
[1336/1381] Wet Wet Wet - With A Little Help From My Friends.mp3
  ♪ Wet Wet Wet — With A Little Help From My Friends (End of Part One - Their Greatest Hits) [1987]  [SongRec]
  = nom déjà correct
  ♬ Wet Wet Wet — With A Little Help From My Friends, album : End of Part One - Their Greatest Hits, année : 1987, genre : Pop
[1337/1381] Wheatus - A Little Respect.mp3
  ♪ Wheatus — A Little Respect (Wheatus) [2000]  [SongRec]
  = nom déjà correct
  ♬ Wheatus — A Little Respect, album : Wheatus, année : 2000, genre : Rock
[1338/1381] Whitesnake - Give Me All Your Love (87 Evolutions Version).mp3
  ♪ Whitesnake — Give Me All Your Love (87 Evolutions Version) (Whitesnake (30th Anniversary Super Deluxe Edition)) [1987]  [SongRec]
  = nom déjà correct
  ♬ Whitesnake — Give Me All Your Love (87 Evolutions Version), album : Whitesnake (30th Anniversary Super Deluxe Edition), année : 1987, genre : Rock
[1339/1381] Will Downing - A Love Supreme.mp3
  ♪ Will Downing — A Love Supreme (Will Downing) [1988]  [SongRec]
  = nom déjà correct
  ♬ Will Downing — A Love Supreme, album : Will Downing, année : 1988, genre : R&B/Soul
[1340/1381] Will Smith - Prince Ali.mp3
  ♪ Will Smith — Prince Ali (Aladdin (Original Motion Picture Soundtrack) [with Benj Pasek, Justin Paul & Pasek & Paul]) [2019]  [SongRec]
  = nom déjà correct
  ♬ Will Smith — Prince Ali, album : Aladdin (Original Motion Picture Soundtrack) [with Benj Pasek, Justin Paul & Pasek & Paul], année : 2019, genre : Musicals
[1341/1381] Will Young - Who Am I (The Chords Remix).mp3
  ♪ Will Young — Who Am I? (The Chords Remix) (Keep On (Bonus Tracks)) [2006]  [SongRec]
  = nom déjà correct
  ♬ Will Young — Who Am I? (The Chords Remix), album : Keep On (Bonus Tracks), année : 2006, genre : Pop
[1342/1381] Willy William - Te Quiero (Radio Edit).mp3
  ♪ Willy William — Te Quiero (Radio Edit) (Une seule vie) [2015]  [SongRec]
  = nom déjà correct
  ♬ Willy William — Te Quiero (Radio Edit), album : Une seule vie, année : 2015, genre : R&B/Soul
[1343/1381] X Factor Finalists 2008 - Hero.mp3
  ♪ X Factor Finalists 2008 — Hero  [SongRec]
  = nom déjà correct
  ♬ X Factor Finalists 2008 — Hero, genre : Pop
[1344/1381] X-Ray Spex - Obsessed with You.mp3
  ♪ X-Ray Spex — Obsessed with You (Germ Free Adolescents) [1978]  [SongRec]
  = nom déjà correct
  ♬ X-Ray Spex — Obsessed with You, album : Germ Free Adolescents, année : 1978, genre : Alternative
[1345/1381] Yasmin - Finish Line (Freemason's Pegasus Club Mix).mp3
  ♪ Yasmin — Finish Line (Freemason's Pegasus Club Mix)  [SongRec]
  = nom déjà correct
  ♬ Yasmin — Finish Line (Freemason's Pegasus Club Mix), genre : Dance
[1346/1381] Yolanda Be Cool & DCUP - We No Speak Americano (Sllash & Doppe Edit).mp3
  ♪ Yolanda Be Cool & DCUP — We No Speak Americano (Sllash & Doppe Edit) (We No Speak Americano - EP) [2010]  [SongRec]
  = nom déjà correct
  ♬ Yolanda Be Cool & DCUP — We No Speak Americano (Sllash & Doppe Edit), album : We No Speak Americano - EP, année : 2010, genre : House
[1347/1381] Yolanda Be Cool, DCUP, Sllash & Doppe - We No Speak Americano (Sllash & Doppe Remix) [Sweat It Out]_639158317319255196.mp3
  ♪ Yolanda Be Cool & DCUP — We No Speak Americano (Sllash & Doppe Edit) (We No Speak Americano - EP) [2010]  [SongRec]
  ⚠ conflit : Yolanda Be Cool & DCUP - We No Speak Americano (Sllash & Doppe Edit).mp3 existe déjà, ignoré
  ♬ Yolanda Be Cool & DCUP — We No Speak Americano (Sllash & Doppe Edit), album : We No Speak Americano - EP, année : 2010, genre : House
[1348/1381] Yolanda Be Cool, DCUP, Sllash & Doppe - We No Speak Americano (Sllash & Doppe Remix) [Sweat It Out]_639158362384630526.mp3
  ♪ Yolanda Be Cool & DCUP — We No Speak Americano (Sllash & Doppe Edit) (We No Speak Americano - EP) [2010]  [SongRec]
  ⚠ conflit : Yolanda Be Cool & DCUP - We No Speak Americano (Sllash & Doppe Edit).mp3 existe déjà, ignoré
  ♬ Yolanda Be Cool & DCUP — We No Speak Americano (Sllash & Doppe Edit), album : We No Speak Americano - EP, année : 2010, genre : House
[1349/1381] Yolanda Be Cool, DCUP, Sllash & Doppe - We No Speak Americano (Sllash & Doppe Remix) [Sweat It Out]_639158418910818950.mp3
  ♪ Yolanda Be Cool & DCUP — We No Speak Americano (Sllash & Doppe Edit) (We No Speak Americano - EP) [2010]  [SongRec]
  ⚠ conflit : Yolanda Be Cool & DCUP - We No Speak Americano (Sllash & Doppe Edit).mp3 existe déjà, ignoré
  ♬ Yolanda Be Cool & DCUP — We No Speak Americano (Sllash & Doppe Edit), album : We No Speak Americano - EP, année : 2010, genre : House
[1350/1381] Yolanda Be Cool, DCUP, Sllash & Doppe - We No Speak Americano (Sllash & Doppe Remix) [Sweat It Out]_639158492906745268.mp3
  ♪ Yolanda Be Cool & DCUP — We No Speak Americano (Sllash & Doppe Edit) (We No Speak Americano - EP) [2010]  [SongRec]
  ⚠ conflit : Yolanda Be Cool & DCUP - We No Speak Americano (Sllash & Doppe Edit).mp3 existe déjà, ignoré
  ♬ Yolanda Be Cool & DCUP — We No Speak Americano (Sllash & Doppe Edit), album : We No Speak Americano - EP, année : 2010, genre : House
[1351/1381] Yolanda Be Cool, DCUP, Sllash & Doppe - We No Speak Americano (Sllash & Doppe Remix) [Sweat It Out]_639158564955407797.mp3
  ♪ Yolanda Be Cool & DCUP — We No Speak Americano (Sllash & Doppe Edit) (We No Speak Americano - EP) [2010]  [SongRec]
  ⚠ conflit : Yolanda Be Cool & DCUP - We No Speak Americano (Sllash & Doppe Edit).mp3 existe déjà, ignoré
  ♬ Yolanda Be Cool & DCUP — We No Speak Americano (Sllash & Doppe Edit), album : We No Speak Americano - EP, année : 2010, genre : House
[1352/1381] Yolanda Be Cool, DCUP, Sllash & Doppe - We No Speak Americano (Sllash & Doppe Remix) [Sweat It Out]_639158629631639581.mp3
  ♪ Yolanda Be Cool & DCUP — We No Speak Americano (Sllash & Doppe Edit) (We No Speak Americano - EP) [2010]  [SongRec]
  ⚠ conflit : Yolanda Be Cool & DCUP - We No Speak Americano (Sllash & Doppe Edit).mp3 existe déjà, ignoré
  ♬ Yolanda Be Cool & DCUP — We No Speak Americano (Sllash & Doppe Edit), album : We No Speak Americano - EP, année : 2010, genre : House
[1353/1381] Yolanda Be Cool, DCUP, Sllash & Doppe - We No Speak Americano (Sllash & Doppe Remix) [Sweat It Out]_639158684705610978.mp3
  ♪ Yolanda Be Cool & DCUP — We No Speak Americano (Sllash & Doppe Edit) (We No Speak Americano - EP) [2010]  [SongRec]
  ⚠ conflit : Yolanda Be Cool & DCUP - We No Speak Americano (Sllash & Doppe Edit).mp3 existe déjà, ignoré
  ♬ Yolanda Be Cool & DCUP — We No Speak Americano (Sllash & Doppe Edit), album : We No Speak Americano - EP, année : 2010, genre : House
[1354/1381] Yolanda Be Cool, DCUP, Sllash & Doppe - We No Speak Americano (Sllash & Doppe Remix) [Sweat It Out]_639158765531757687.mp3
  ♪ Yolanda Be Cool & DCUP — We No Speak Americano (Sllash & Doppe Edit) (We No Speak Americano - EP) [2010]  [SongRec]
  ⚠ conflit : Yolanda Be Cool & DCUP - We No Speak Americano (Sllash & Doppe Edit).mp3 existe déjà, ignoré
  ♬ Yolanda Be Cool & DCUP — We No Speak Americano (Sllash & Doppe Edit), album : We No Speak Americano - EP, année : 2010, genre : House
[1355/1381] Yolanda Be Cool, DCUP, Sllash & Doppe - We No Speak Americano (Sllash & Doppe Remix) [Sweat It Out]_639158818090609143.mp3
  ♪ Yolanda Be Cool & DCUP — We No Speak Americano (Sllash & Doppe Edit) (We No Speak Americano - EP) [2010]  [SongRec]
  ⚠ conflit : Yolanda Be Cool & DCUP - We No Speak Americano (Sllash & Doppe Edit).mp3 existe déjà, ignoré
  ♬ Yolanda Be Cool & DCUP — We No Speak Americano (Sllash & Doppe Edit), album : We No Speak Americano - EP, année : 2010, genre : House
[1356/1381] Yolanda Be Cool, DCUP, Sllash & Doppe - We No Speak Americano (Sllash & Doppe Remix) [Sweat It Out]_639159023014321511.mp3
  ♪ Yolanda Be Cool & DCUP — We No Speak Americano (Sllash & Doppe Edit) (We No Speak Americano - EP) [2010]  [SongRec]
  ⚠ conflit : Yolanda Be Cool & DCUP - We No Speak Americano (Sllash & Doppe Edit).mp3 existe déjà, ignoré
  ♬ Yolanda Be Cool & DCUP — We No Speak Americano (Sllash & Doppe Edit), album : We No Speak Americano - EP, année : 2010, genre : House
[1357/1381] Yolanda Be Cool, DCUP, Sllash & Doppe - We No Speak Americano (Sllash & Doppe Remix) [Sweat It Out]_639159069826920764.mp3
  ♪ Yolanda Be Cool & DCUP — We No Speak Americano (Sllash & Doppe Edit) (We No Speak Americano - EP) [2010]  [SongRec]
  ⚠ conflit : Yolanda Be Cool & DCUP - We No Speak Americano (Sllash & Doppe Edit).mp3 existe déjà, ignoré
  ♬ Yolanda Be Cool & DCUP — We No Speak Americano (Sllash & Doppe Edit), album : We No Speak Americano - EP, année : 2010, genre : House
[1358/1381] Yolanda Be Cool, DCUP, Sllash & Doppe - We No Speak Americano (Sllash & Doppe Remix) [Sweat It Out]_639159190724525011.mp3
  ♪ Yolanda Be Cool & DCUP — We No Speak Americano (Sllash & Doppe Edit) (We No Speak Americano - EP) [2010]  [SongRec]
  ⚠ conflit : Yolanda Be Cool & DCUP - We No Speak Americano (Sllash & Doppe Edit).mp3 existe déjà, ignoré
  ♬ Yolanda Be Cool & DCUP — We No Speak Americano (Sllash & Doppe Edit), album : We No Speak Americano - EP, année : 2010, genre : House
[1359/1381] ZAZ - Tous les cris les SOS.mp3
  ♪ ZAZ — Tous les cris les SOS (Sur la route) [2016]  [SongRec]
  = nom déjà correct
  ♬ ZAZ — Tous les cris les SOS, album : Sur la route, année : 2016, genre : French Pop
[1360/1381] ZIGGY X - Ragga X (Radio Mix).mp3
  ♪ ZIGGY X — Ragga X (Radio Mix) (Ragga X - EP) [2018]  [SongRec]
  = nom déjà correct
  ♬ ZIGGY X — Ragga X (Radio Mix), album : Ragga X - EP, année : 2018, genre : Dance
[1361/1381] Zedd, Maren Morris & Beauz - Make You Say (jeonghyeon Extended Remix).mp3
  ✗ non reconnu (ni SongRec ni tags)
[1362/1381] Zhané - Request Line.mp3
  ♪ Zhané — Request Line (Saturday Night) [1997]  [SongRec]
  = nom déjà correct
  ♬ Zhané — Request Line, album : Saturday Night, année : 1997, genre : R&B/Soul
[1363/1381] Zhané - Request Line_639157447141792434.mp3
  ♪ Zhané — Request Line (Saturday Night) [1997]  [SongRec]
  ⚠ conflit : Zhané - Request Line.mp3 existe déjà, ignoré
  ♬ Zhané — Request Line, album : Saturday Night, année : 1997, genre : R&B/Soul
[1364/1381] Zohar Argov - מחרוזת הרחק ביער-בהופעה.mp3
  ♪ Zohar Argov — מחרוזת: הרחק ביער-בהופעה (שירת חייו בהופעה) [1988]  [SongRec]
  = nom déjà correct
  ♬ Zohar Argov — מחרוזת: הרחק ביער-בהופעה, album : שירת חייו בהופעה, année : 1988, genre : Pop
[1365/1381] Zouk Machine - Maldon.mp3
  ♪ Zouk Machine — Maldon (Expérience 7 - EP) [1988]  [SongRec]
  = nom déjà correct
  ♬ Zouk Machine — Maldon, album : Expérience 7 - EP, année : 1988, genre : World
[1366/1381] Zouk Machine - Ou Ke Rive.mp3
  ♪ Zouk Machine — Ou Ke Rive (Expérience 7 - EP) [1988]  [SongRec]
  = nom déjà correct
  ♬ Zouk Machine — Ou Ke Rive, album : Expérience 7 - EP, année : 1988, genre : World
[1367/1381] [4-02] Gilbert Montagné - Les Sunlights Des Tropiques (Version Longue).mp3
  ♪ Gilbert Montagné — Les Sunlights Des Tropiques (Gilbert Montagné : Gold) [2001]  [SongRec]
  ⚠ conflit : Gilbert Montagné - Les Sunlights Des Tropiques.mp3 existe déjà, ignoré
  ♬ Gilbert Montagné — Les Sunlights Des Tropiques, album : Gilbert Montagné : Gold, année : 2001, genre : Karaoke
[1368/1381] _ download 2_320k.mp3
  ✗ non reconnu (ni SongRec ni tags)
[1369/1381] _ download_320k.mp3
  ♪ James Brown — Mind Power (Regrooved By Basement Freaks)  [SongRec]
  ⚠ conflit : James Brown - Mind Power (Regrooved By Basement Freaks).mp3 existe déjà, ignoré
  ♬ James Brown — Mind Power (Regrooved By Basement Freaks)
[1370/1381] alexis raphael - i don't know much (original mix).aif
  ✗ non reconnu (ni SongRec ni tags)
[1371/1381] b2-marc_cotterell-jus_dance_ft_karl_the_voice.mp3
  ♪ Joe Montana — Electric Dreams (Car Wash EP) [2006]  [SongRec]
  ⚠ conflit : Joe Montana - Electric Dreams.mp3 existe déjà, ignoré
  ♬ Joe Montana — Electric Dreams, album : Car Wash EP, année : 2006, genre : Dance
[1372/1381] bad tuner - Coast.mp3
  ♪ bad tuner — Coast (Coast / Sourire - Single) [2020]  [SongRec]
  = nom déjà correct
  ♬ bad tuner — Coast, album : Coast / Sourire - Single, année : 2020, genre : Electronic
[1373/1381] blink-182 - All The Small Things.mp3
  ♪ blink-182 — All The Small Things (Greatest Hits) [1999]  [SongRec]
  = nom déjà correct
  ♬ blink-182 — All The Small Things, album : Greatest Hits, année : 1999, genre : Rock
[1374/1381] dj david castane - sesion discoteca los trigales (remasterizada).mp3
  ♪ dj david castane — sesion discoteca los trigales (remasterizada) (sesion discoteca los trigales (remasterizada) [remasterizada]) [2021]  [SongRec]
  = nom déjà correct
  ♬ dj david castane — sesion discoteca los trigales (remasterizada), album : sesion discoteca los trigales (remasterizada) [remasterizada], année : 2021, genre : Christmas
[1375/1381] eeny 2. Paranoid Android.dsf
  ✗ non reconnu (ni SongRec ni tags)
[1376/1381] filous & MOUNT - Emelie (feat. Buster Moe) [Radio Edit].mp3
  ♪ filous & MOUNT — Emelie (feat. Buster Moe) [Radio Edit] (Emelie (feat. Buster Moe) [Radio Edit] - Single) [2016]  [SongRec]
  = nom déjà correct
  ♬ filous & MOUNT — Emelie (feat. Buster Moe) [Radio Edit], album : Emelie (feat. Buster Moe) [Radio Edit] - Single, année : 2016, genre : Dance
[1377/1381] neumodel - Dicaprio on Acid (feat. Sirius Trema).mp3
  ♪ neumodel — Dicaprio on Acid (feat. Sirius Trema) (Dicaprio on Acid (feat. Sirius Trema) - Single) [2015]  [SongRec]
  = nom déjà correct
  ♬ neumodel — Dicaprio on Acid (feat. Sirius Trema), album : Dicaprio on Acid (feat. Sirius Trema) - Single, année : 2015, genre : Dance
[1378/1381] never.mp3
  ✗ non reconnu (ni SongRec ni tags)
[1379/1381] test2.wav
  ✗ non reconnu (ni SongRec ni tags)
[1380/1381] אריס סאן - Dam Dam.mp3
  ♪ אריס סאן — Dam Dam (Dam Dam) [1998]  [SongRec]
  = nom déjà correct
  ♬ אריס סאן — Dam Dam, album : Dam Dam, année : 1998, genre : World
[1381/1381] 칸타타 (Cantata) - Mozart 12 Variations On Ah Vous Dirai-Je Maman K.265.mp3
  ♪ 칸타타 (Cantata) — Mozart: 12 Variations On Ah Vous Dirai-Je Maman K.265  [SongRec]
  = nom déjà correct
  ♬ 칸타타 (Cantata) — Mozart: 12 Variations On Ah Vous Dirai-Je Maman K.265

Terminé : 15 renommé(s), 1242 tag(s) écrits, 1228 ignoré(s), 138 non reconnu(s).

[2/2] beet import — tags MusicBrainz complets
$ /usr/local/bin/beet --config /beets-config/config-docker.yaml import /music
'musicbrainz.enabled' configuration option is deprecated and will be removed in version 3.0.0. Use 'plugins' configuration to explicitly add 'musicbrainz' instead.
uncaught Mutagen exception in open: list index out of range
uncaught Mutagen exception in open: list index out of range

/music (1529 items)
Skipping.

/music/ Everythangs Corrupt [99799908] [2018] (2 items)
Skipping.

/music/ Music from the Harry Potter Films _John Williams - Patrick Doyle (2006) (45 items)
Skipping.

/music/! 2012 (2 items)
Skipping.

/music/!EDM - dms (1 items)
Skipping.

/music/# Last.fm Top 50 Tracks (14 items)
Skipping.

/music/##christmas music (1 items)
Skipping.

/music/#1984 (2 items)
Skipping.

/music/#2 (1 items)
Skipping.

/music/#Disco-Euro-Italo Dance/ABC...Euro-Italo-Disco (1985)
/music/#Disco-Euro-Italo Dance/ABC...Euro-Italo-Disco (1985)/CD 19 (1 items)
Skipping.

/music/#Mixtape (2 items)
Skipping.

/music/#Original Motion Picture Soundtracks/Film Music Of Hans Zimmer (2007)
/music/#Original Motion Picture Soundtracks/Film Music Of Hans Zimmer (2007)/CD 02 (1 items)
Skipping.

/music/#Single Song (9 items)
Skipping.

/music/#Singles/#Single Song (1985) (1 items)
Skipping.

/music/$olal/Nova Tunes 1.1_2.0 (2011) (1 items)
Skipping.

/music/$WAGGOT X Spatial Manufacture Ltd. feat. sadfem/distance (single version) (1 items)
Skipping.

/music/&ME, BLACK COFFEE & KEINEMUSIK/THE RAPTURE PT.III (2023) (1 items)

  Match (99.0%):
  &ME & Black Coffee - The Rapture Pt.III
  ≠ album
  MusicBrainz, Digital Media, 2023, None, Keinemusik, None, None
  https://musicbrainz.org/release/cce9993f-15f7-4bae-b606-b04bf8cc2d26
  * Artist: &ME & Black Coffee
  ≠ Album: The Rapture Pt.III  (single)  (Mp3) -> The Rapture Pt.III
  genres:
    + Electronic
    + House
    + Techno

/music/'80s Pop #1's (2007-09-10) (1 items)
Skipping.

/music/'all in the Family' Cast/Unknown Album (2022) (1 items)
Skipping.

/music/'else/Mirage (2016) (1 items)
Skipping.

/music/(....) Various Instrumentals (Instrumental) (1 items)
Skipping.

/music/(1962-1969) The Complete Bill Evans on Verve (2 items)
Skipping.

/music/(1964) Johnny Cash - I Walk the Line  (Stereo Version) [24Bit-192kHz] (2 items)
Skipping.

/music/(1965) The Who Sings My Generation [FLAC] (48 items)
Skipping.

/music/(1968) chanson pour ma mie '' (1 items)
Skipping.

/music/(1969) Greatest Hits vol. 2 (1 items)
Skipping.

/music/(1971 Album) Sympathie (1 items)
Skipping.

/music/(1972) Bernard Lavilliers - Les Poetes (2 items)
Skipping.

/music/(1975-09-26)Cologne, Germany(FM Broadcast) (1 items)
Skipping.

/music/(1976) Hot On The Tracks (2 items)
Skipping.

/music/(1976) les barbares (7 items)
Skipping.

/music/(1977) Close Encounters Of The Third Kind (1998 Arista Records Collector's Edition) (2 items)
Skipping.

/music/(1977) Sylvie Vartan/GEORGES (1977)
/music/(1977) Sylvie Vartan/GEORGES (1977)/CD 01 (1 items)
Skipping.

/music/(1978) Chic (1 items)
Skipping.

/music/(1978) Chic/Chic (1977) (3 items)
Skipping.

/music/(1978) Sylvie Vartan/Fantaisie (1978) (3 items)
Skipping.

/music/(1980) Heroes (2 items)
Skipping.

/music/(1980) Star Wars; Episode V - The Empire Strikes Back (OST) (3 items)
Skipping.

/music/(1981) - Something Special (22 items)
Skipping.

/music/(1981) Indiana Jones and the Raiders of the Lost Ark (Original Motion Picture Soundtrack) (3 items)
Skipping.

/music/(1981-2) premiers pas (5 items)
Skipping.

/music/(1983) In The Heart (2 items)
Skipping.

/music/(1983) The Crossing (51 items)
Skipping.

/music/(1984) Diamond Life (1 items)
Skipping.

/music/(1984) Hysteria (4 items)
Skipping.

/music/(1984) Love At First Sting [50th Anniversary Deluxe] (2 items)
Skipping.

/music/(1984) Swing, Swing, Swing (3 items)
Skipping.

/music/(1985 EP) Rock Hard (10 items)
Skipping.

/music/(1985) Pee-wee's Big Adventure (5 items)
Skipping.

/music/(1986) Salt 'N' Pepa - Hot, Cool & Vicious (1 items)
Skipping.

/music/(1987) Bigger And Deffer (7 items)
Skipping.

/music/(1987) By Request... The Best Of John Williams And The Boston Pops Orchestra (1 items)
Skipping.

/music/(1988) Tracy Chapman (35th Anniversary Edition) (1 items)
Skipping.

/music/(1989) Best of Rockers 'n' Ballads (1 items)
Skipping.

/music/(1989) Liquidizer (3 items)
Skipping.

/music/(1989) Southside (2 items)
Skipping.

/music/(1990) -  black french (1 items)
Skipping.

/music/(1990) Edward Scissorhands (1 items)
Skipping.

/music/(1990) From the Marcy Playground (11 items)
Skipping.

/music/(1990) live on the road again 1989 '' (13 items)

  Match (99.3%):
  Bernard Lavilliers - On the Road Again: 1989
  ≠ album
  MusicBrainz, CD, 1990, FR, Barclay, 843 248-2, None
  https://musicbrainz.org/release/16f24659-f11f-44b4-9d14-f5654888ca0e
  * Artist: Bernard Lavilliers
  ≠ Album: On the Road Again: 1989  (Live)  (Mp3) -> On the Road Again: 1989

/music/(1991) 1039 Smoothed Out Slappy Hours (1 items)
Skipping.

/music/(1991) The Low End Theory (1 items)
Skipping.

/music/(1992) The Predator (3 items)
Skipping.

/music/(1993) Last Splash (68 items)
Skipping.

/music/(1993) Live 93 (2 items)
Skipping.

/music/(1993) Mr Music Hits Number 2 (1 items)
Skipping.

/music/(1994) In By Of (1 items)
Skipping.

/music/(1995) The Annual Mixed By Boy George & Pete Tong 2cd's (66 items)
Skipping.

/music/(1996) The Annual Ii Mixed By Pete Tong & Boy George 2cd's (78 items)
Skipping.

/music/(1997) My Way (19 items)
Skipping.

/music/(1997) Sampleslaya  Enter the Meatmarket (4 items)
Skipping.

/music/(1997) The Annual Iii Mixed By Pete Tong & Boy George 2cd's (93 items)
Skipping.

/music/(1997) The Funk Phenomena (2 items)
Skipping.

/music/(1997) Ultrafunkula (3 items)
Skipping.

/music/(1997.11.14) - Silentintroduction (19 items)
Skipping.

/music/(1998) ''Iris [EP]'' (3 items)

  Match (96.3%):
  Goo Goo Dolls - Iris
  ≠ tracks
  MusicBrainz, CD, 1998, AU, Reprise Records, 9362445252, None
  https://musicbrainz.org/release/9446af28-b6e3-4eb1-89b9-092c999ddd00
  * Artist: Goo Goo Dolls
  ≠ Album: "Iris [EP]" -> Iris
     ≠ (#1) Iris (City Of Angels Soundtrack) (4:53) -> (#1) Iris (4:53)
     ≠ (#2) Lazy Eye (Batman & Robin Soundtrack) (3:48) -> (#2) Lazy Eye (3:48)
     ≠ (#3) I Don't Want To Know (3:37) -> (#3) I Don't Want to Know (3:37)

/music/(1998) Move (18 items)
Skipping.

/music/(1998) The Annual Iv Mixed By Judge Jules & Boy George 2cd's (102 items)
Skipping.

/music/(1998) UV (13 items)

  Match (100.0%):
  The Shamen - UV
  MusicBrainz, CD, 1999, CZ, Moksha Recordings, ERA 9901-2, None
  https://musicbrainz.org/release/9e1d942c-94dc-4335-bc07-ace72eb325e5
  * Artist: The Shamen
  * Album: UV

/music/(1999) Entra Mi Casa (1 items)
Skipping.

/music/(1999) Eye II Eye (1 items)
Skipping.

/music/(1999) Move On Up - The Singles Anthology 1970-90 (2 items)
Skipping.

/music/(1999) Shapeshifter (12 items)

  Match (99.2%):
  Marcy Playground - Shapeshifter
  ≠ tracks
  MusicBrainz, Enhanced CD, 1999, US, Capitol Records, CDP 8 23142 0, None
  https://musicbrainz.org/release/2e4ef5e5-7a80-4681-98a4-300cfa2c2cc8
  * Artist: Marcy Playground
  * Album: Shapeshifter
     ≠ (#1) It's Saturday (3:15) -> (#1) It’s Saturday (3:15)
     ≠ (#4) All The Lights Went  (4:54) -> (#4) All the Lights Went    (4:54)
            Out                                 Out                          
     ≠ (#12) Our Generation      (8:13) -> (#12) Our Generation / Ol’  (8:13)
                                                 Time Pigeon Farm            

/music/(1999) Westlife (2 items)
Skipping.

/music/(2000) Feel the Beat Sandstorm (1 items)
Skipping.

/music/(2000) TranceMatch [System F vs. Armin] (5 items)
Skipping.

/music/(2000.08.08) Britney Spears - Lucky (3 items)

  Match (98.5%):
  Britney Spears - Lucky
  ≠ tracks
  MusicBrainz, CD, 2000, XE, Jive, 9250902, None
  https://musicbrainz.org/release/5cd9d1ab-b20e-3adf-a72e-c0de9e3cc715
  * Artist: Britney Spears
  * Album: Lucky
     ≠ (#1) Lucky (3:26) -> (#1) Lucky (album version) (3:27)
     ≠ (#3) Lucky (Jack D.       (3:28) -> (#3) Lucky (Jack D. Elliot  (3:28)
            Elliot Radio Mix)                   radio mix)                   

/music/(2001) Gandhi Khan (2 items)
Skipping.

/music/(2001) Groove Armada - Goodbye Country (Hello Nightclub) (01241-41753-2) (1 items)
Skipping.

/music/(2001) Modjo (5 items)
Skipping.

/music/(2001) The Best of Roxy Music (1 items)
Skipping.

/music/(2001-1) Under Cover (18 items)
Skipping.

/music/(2002) Magic Hotel (11 items)
Skipping.

/music/(2002) Star Wars; Episode II - Attack of the Clones (OST) (1 items)
Skipping.

/music/(2002) The Golden Hour of the Future (6 items)
Skipping.

/music/(2002) Unsolved (3 items)
Skipping.

/music/(2003) American Life (2 items)
Skipping.

/music/(2003) Boy In Da Corner (6 items)
Skipping.

/music/(2003) Let Me Lead You (1 items)
Skipping.

/music/(2003) Living On The Edge (10 items)
Skipping.

/music/(2003) Love is Gonna Save Us (1 items)
Skipping.

/music/(2004) Blue Album [(orbitalCD001)] (7 items)
Skipping.

/music/(2004) Kaiser Chiefs - Oh My God (1 items)
Skipping.

/music/(2004) Mind the Gap (3 items)
Skipping.

/music/(2004) MP3 (14 items)

  Match (100.0%):
  Marcy Playground - MP3
  MusicBrainz, CD, 2004, US, Reality Entertainment, RYE-111, None
  https://musicbrainz.org/release/5ffa1909-701b-4aea-ac2c-0d2be7970b41
  * Artist: Marcy Playground
  * Album: MP3

/music/(2004) New York Loft Party (1 items)
Skipping.

/music/(2004) Universal Religion 2004 [Live from Armada at Ibiza] (1 items)
Skipping.

/music/(2004-12-28) Allow Us to Be Frank (ALBUM) (13 items)
Skipping.

/music/(2005) Blind (3 items)

  Match (98.2%):
  Milk Inc. - Blind
  ≠ album
  MusicBrainz, CD, 2005, BE, Antler-Subway Records NV, 07243 872683 2 6, None
  https://musicbrainz.org/release/a787e2e5-3a4a-4146-9493-a3cb8fa356e5
  * Artist: Milk Inc.
  ≠ Album: Blind  (single)  (Mp3) -> Blind

/music/(2005) Mr Music Hits 11 (1 items)

  Match (98.9%):
  Avril Lavigne - Fall to Pieces
  ≠ album
  MusicBrainz, CD, 2005, GB, Sony BMG Music Entertainment, 82876 70656-2, None
  https://musicbrainz.org/release/ed74a8f7-c0b4-4364-adc8-9beb4d86da81
  * Artist: Avril Lavigne
  ≠ Album: Fall to Pieces  (single)  (Mp3) -> Fall to Pieces

/music/(2005) Nympho (8 items)
Skipping.

/music/(2005) Streetdiva (2 items)
Skipping.

/music/(2006) - Laugh Now, Cry Later (60 items)
Skipping.

/music/(2006) B'Day - [Columbia; Music World Music; Sony Urban Music • 82876 88132 2 • CD] (1 items)
Skipping.

/music/(2006) Best Of [ZYX 20786-2] (1 items)
Skipping.

/music/(2006) Freestylers - Adventures In Freestyle (ATGCD05) (1 items)
Skipping.

/music/(2006) Movements (46 items)
Skipping.

/music/(2006) Roots Manuva - Alternately Deep (12 items)

  Match (98.4%):
  Roots Manuva - Alternately Deep
  ≠ tracks
  MusicBrainz, CD, 2006, IE, Big Dada, BDCD089, None
  https://musicbrainz.org/release/e8750a28-7707-4221-a31e-33d96360ecf4
  * Artist: Roots Manuva
  * Album: Alternately Deep
     ≠ (#2) Seat Yourself (Miami (4:00) -> (#2) Seat Yourself (Miami   (4:01)
            Mix)                                mix)                         
     ≠ (#6) Check It (Remix) (4:15) -> (#6) Check It (remix) (4:16)
     ≠ (#8) Colossal Insight     (3:08) -> (#8) Colossal Insight       (3:08)
            (Jammer Remix)                      (Jammer remix & Revox)       
     ≠ (#11) This World Is Mine  (4:15) -> (#11) World Is Mine (Plan B (4:15)
                                                 studio version)             

/music/(2006) Serenada Schizophrana (1 items)
Skipping.

/music/(2006) Sex 'N' Money (6 items)
Skipping.

/music/(2007) Blackout (2 items)
Skipping.

/music/(2007) Cooking For Pump-Kin Special Menu [UL 1517-2] (1 items)
Skipping.

/music/(2007) Faxing Berlin Jaded (1 items)
Skipping.

/music/(2007) NYC Beat (2 items)
Skipping.

/music/(2007) The Return Of The Magnificent (Instrumentals) (7 items)
Skipping.

/music/(2007)Le Meilleur Les Classiques (1 items)
Skipping.

/music/(2008 Album) Forever (1 items)
Skipping.

/music/(2008 Album) Merry Christmas From Allo Darlin' (1 items)
Skipping.

/music/(2008) 20 super sucessos (1 items)
Skipping.

/music/(2008) Bring Ya to the Brink (8 items)
Skipping.

/music/(2008) Circus (16 items)

  Match (100.0%):
  Britney Spears - Circus
  MusicBrainz, CD, 2008, IE, Jive, 88697407752, None
  https://musicbrainz.org/release/0a962da5-34ac-46d2-805e-99fb6c5bb14f
  * Artist: Britney Spears
  * Album: Circus

/music/(2008) Cry for You_ The Album (4 items)
Skipping.

/music/(2008) Imagine Dragons early demos CD (12 items)
Skipping.

/music/(2008) R - The Film Music of Danny Elfman (1 items)
Skipping.

/music/(2009) - Ready for the Weekend (9 items)
Skipping.

/music/(2009) - Sunny Side Up (1 items)

  Match (99.1%):
  Paolo Nutini - Pencil Full of Lead
  ≠ album
  MusicBrainz, Digital Media, 2009, None, Atlantic Records UK, None, None
  https://musicbrainz.org/release/5109f0ed-d321-4fc9-9429-2729e1cfaafd
  * Artist: Paolo Nutini
  ≠ Album: Pencil Full of Lead  (single)  (Mp3) -> Pencil Full of Lead

/music/(2009) B.o.B. Vs. Bobby Ray (2 items)
Skipping.

/music/(2009) Illin N Fillin It (2 items)
Skipping.

/music/(2009) la fouine-mes rep__res (2 items)
Skipping.

/music/(2009) la fouine-mes repères (1 items)
Skipping.

/music/(2009) Strong (6 items)
Skipping.

/music/(2009.12.02) Britney Spears - Circus (4 items)
Skipping.

/music/(2010) ''The Mile End Sessions'' (1 items)
Skipping.

/music/(2010) Discolized (3 items)
Skipping.

/music/(2010) Golden Collection (2 items)
Skipping.

/music/(2010) Lana Del Ray A.K.A. Lizzy Grant (52 items)
Skipping.

/music/(2010) Moonfleet & Other Stories (6 items)
Skipping.

/music/(2010) Sade - Soldier Of Love (2 items)
Skipping.

/music/(2010) Thank Me Later (5 items)
Skipping.

/music/(2010.05.12) (single) Calling [320kbps] (1 items)
Skipping.

/music/(2011) American Ambient (2 items)
Skipping.

/music/(2011) Armin Only - Mirage _The Music_ (Mixed by Armin van Buuren) (2 items)
Skipping.

/music/(2011) Backyard Boogie (2 items)
Skipping.

/music/(2011) Comeblack (3 items)
Skipping.

/music/(2011) Dirty Work (2 items)
Skipping.

/music/(2011) Exit 110 (2 items)
Skipping.

/music/(2011) Feasting with Panthers (6 items)
Skipping.

/music/(2011) It’s Time EP (9 items)

  Match (99.2%):
  Imagine Dragons - It’s Time EP
  ≠ label
  MusicBrainz, Digital Media, 2021, XW, KIDinaKORNER, None, None
  https://musicbrainz.org/release/cf6e538f-4aee-4fe4-8626-9fb25159642a
  * Artist: Imagine Dragons
  * Album: It’s Time EP
     ≠ (#1) It's Time (4:00) -> (#1) It’s Time (4:00)
     ≠ (#7) Look How Far We've   (4:07) -> (#7) Look How Far We’ve     (4:07)
            Come                                Come                         

/music/(2011) Journey - Greatest Hits 2 [24Bit-44.1kHz] (9 items)
Skipping.

/music/(2011) Only Human (14 items)
Skipping.

/music/(2011) Panics (the) - Rain On The Humming Wire (10 items)
Skipping.

/music/(2011) Stepped Up And Scratched (8 items)
Skipping.

/music/(2011) Till The World Ends -  The Femme Fatale Four Pack  [97421805] (2 items)

  Match (97.6%):
  Britney Spears - Till the World Ends (Femme Fatale Four Pack)
  ≠ album, tracks
  MusicBrainz, Digital Media, 2011, US, Jive, G010002650951W, None
  https://musicbrainz.org/release/b8e3d536-8928-4bbc-b18d-17f1136e3d21
  * Artist: Britney Spears
  ≠ Album: Till The World Ends : The    -> Till the World Ends (Femme Fatale    
           Femme Fatale Four Pack          Four Pack )                          
     ≠ (#1) Till The World Ends  (4:44) -> (#1) Till the World Ends    (4:44)
            (the Femme Fatale Remix)            (the Femme Fatale remix)     
            (feat. Nicki Minaj & Ke$ha)                                      
     ≠ (#2) Till The World Ends  (4:02) -> (#2) Till the World Ends    (4:02)
            (Culture Shock Remix)               (Culture Shock remix)        

/music/(2012) Black Treacle (1 items)
Skipping.

/music/(2012) Dance Or Die (The Album) (2 items)
Skipping.

/music/(2012) Finley Quaye - 28th February Road (7 items)
Skipping.

/music/(2012) In Motion #1 (2 items)
Skipping.

/music/(2012) Love Ballad (1 items)

  Match (100.0%):
  Tove Lo - Love Ballad
  MusicBrainz, Digital Media, 2012, XW, None, [none], None
  https://musicbrainz.org/release/13f47410-2185-4e83-9713-1eb4be325a1c
  * Artist: Tove Lo
  * Album: Love Ballad

/music/(2012) On The Radio (1 items)
Skipping.

/music/(2012) Radioactive  🅴 [25711599] (1 items)

  Match (96.5%):
  Imagine Dragons featuring Kendrick Lamar - Radioactive
  ≠ artist, year
  MusicBrainz, Digital Media, 2014, XW, Interscope Records, None, explicit
  https://musicbrainz.org/release/868bc651-2961-40d7-b69e-17fbc7de1414
  ≠ Artist: Imagine Dragons -> Imagine Dragons featuring Kendrick Lamar
  * Album: Radioactive

/music/(2012) Standing at the Crossroads (7 items)
Skipping.

/music/(2012.03.06) St. Lucia - St. Lucia (1 items)
Skipping.

/music/(2013 Album) Undercover (13 items)
Skipping.

/music/(2013) - When The Night (9 items)
Skipping.

/music/(2013) ... And They Were Cool (6 items)
Skipping.

/music/(2013) Behind Closed Doors (5 items)
Skipping.

/music/(2013) Circus (1 items)
Skipping.

/music/(2013) Corr Values (3 items)
Skipping.

/music/(2013) Don't Panic  It's Longer Now! (4 items)
Skipping.

/music/(2013) Feelin' Good (1 items)
Skipping.

/music/(2013) Lanterns [Joyful Noise Recordings (JNR126)] [web] [flac] (24 items)
Skipping.

/music/(2013) On Top Of The World (1 items)

  Match (96.7%):
  Imagine Dragons - On Top of the World (RAC remix)
  ≠ album
  MusicBrainz, Digital Media, 2013, XW, Interscope Records, 00602537656141, None
  https://musicbrainz.org/release/3ec62e87-e95b-4f8c-a6e6-2ae88f917f9b
  * Artist: Imagine Dragons
  ≠ Album: On Top Of The World -> On Top of the World (RAC remix)
     ≠ (#1) On Top Of The World  (3:37) -> (#1) On Top of the World    (3:36)
            (RAC Remix)                         (RAC remix)                  

/music/(2013) Subliminal (9 items)
Skipping.

/music/(2013) The Ascent (7 items)
Skipping.

/music/(2014 Album) We Come From the Same Place (2 items)
Skipping.

/music/(2014) - Ariana Grande - My Everything (Deluxe) (60 items)
Skipping.

/music/(2014) - Tough Love (9 items)
Skipping.

/music/(2014) 6 God (1 items)
Skipping.

/music/(2014) acoustique (2 items)
Skipping.

/music/(2014) I Bet My Life (1 items)

  Match (97.1%):
  Imagine Dragons - I Bet My Life
  ≠ tracks
  MusicBrainz, Digital Media, 2014, US, KIDinaKORNER, None, None
  https://musicbrainz.org/release/f7c6b04a-4c27-45b5-bc95-64f37dd58f10
  * Artist: Imagine Dragons
  * Album: I Bet My Life
     ≠ (#1) I Bet My Life (Riot  (3:30) -> (#1) I Bet My Life          (3:12)
            Games Remix)                                                     

/music/(2014) The Radicle (16 items)
Skipping.

/music/(2014) Timebomb (1 items)

  Match (98.4%):
  Tove Lo - Timebomb
  ≠ album
  MusicBrainz, Digital Media, 2014, GB, Universal, None, None
  https://musicbrainz.org/release/754630d7-ff55-4b7b-bb44-c619c319d4b0
  * Artist: Tove Lo
  ≠ Album: Timebomb  (single)  (Mp3) -> Timebomb

/music/(2014) Twang (the) - Neontwang (7 items)
Skipping.

/music/(2014.09.24) Tove Lo - Queen Of The Clouds (48 items)
Skipping.

/music/(2015) At.Long.Last.A$AP (5 items)
Skipping.

/music/(2015) Cherry Bomb (3 items)
Skipping.

/music/(2015) Dark Sky Island [2015 __ Warner Bros. __ WPCR-17045 __ JP __ Deluxe Edition] (3 items)
Skipping.

/music/(2015) I Love You All The Time (Play It Forward Campaign) (Single) (1 items)

  Match (100.0%):
  Imagine Dragons - I Love You All the Time (Play It Forward Campaign)
  MusicBrainz, Digital Media, 2015, AU, Play It Forward EODM, None, None
  https://musicbrainz.org/release/283a039b-a0e9-4b4e-ad1e-5be21a21173f
  * Artist: Imagine Dragons
  ≠ Album: I Love You All The Time      -> I Love You All the Time (Play It     
           (Play It Forward Campaign)      Forward Campaign)                    
           (Single)                                                             
     ≠ (#1) I Love You All The   (3:07) -> (#1) I Love You All the     (3:07)
            Time (Play It Forward               Time (Play It Forward        
            Campaign)                           Campaign)                    

/music/(2015) If You're Reading This It's Too Late (7 items)
Skipping.

/music/(2015) Imagine Dragons - Spotify Sessions EP (4 items)
Skipping.

/music/(2015) Once Upon A Time In Shaolin (1 items)
Skipping.

/music/(2015) Roots  [50384975] (1 items)

  Match (100.0%):
  Imagine Dragons - Roots
  MusicBrainz, Digital Media, 2015, US, Interscope Records, 00602547562005, None
  https://musicbrainz.org/release/331271c3-6564-4e2c-a13b-710ea1c6a949
  * Artist: Imagine Dragons
  * Album: Roots

/music/(2015) Shots (1 items)
Skipping.

/music/(2015) Tom's Diner (4 items)
Skipping.

/music/(2015.08.17) Aeroplane - Page One Is Love (11 items)
Skipping.

/music/(2016) 24K Magic (2 items)
Skipping.

/music/(2016) Extra Dimensional (2 items)
Skipping.

/music/(2016) Influence (1 items)
Skipping.

/music/(2016) Levitate (From The Original Motion Picture “Passengers”)  [67481310] (1 items)

  Match (97.9%):
  Imagine Dragons - Levitate (From the Original Motion Picture “Passengers”)
  ≠ tracks
  MusicBrainz, Digital Media, 2016, XW, Interscope Records, None, None
  https://musicbrainz.org/release/adca9f14-0c7e-4d92-a4da-fe87fe7840da
  * Artist: Imagine Dragons
  ≠ Album: Levitate (From The Original  -> Levitate (From the Original Motion   
           Motion Picture “Passengers”)    Picture “Passengers”)                
     ≠ (#1) Levitate (From The   (3:18) -> (#1) Levitate               (3:18)
            Original Motion Picture                                          
            “Passengers”)                                                    

/music/(2016) Stoney (11 items)
Skipping.

/music/(2016.01.29) General Elektriks - To Be A Stranger (1 items)
Skipping.

/music/(2017) A State Of Trance Top 20 - March 2017 (Including Classic Bonus Track) (4 items)
Skipping.

/music/(2017) Ahora Me Llama (1 items)

  Match (99.1%):
  KAROL G x Bad Bunny x Quavo - Ahora me llama (remix)
  ≠ album
  MusicBrainz, Digital Media, 2017, XW, Ahora me llama PS, None, None
  https://musicbrainz.org/release/e36285e1-97cb-4346-80f3-68e418a342b6
  * Artist: KAROL G x Bad Bunny x Quavo
  ≠ Album: Ahora me llama (remix)  (single)  (Mp3) -> Ahora me llama (remix)

/music/(2017) Armada Invites (In The Mix)_ Lost Frequencies (3 items)
Skipping.

/music/(2017) Ctrl (3 items)
Skipping.

/music/(2017) Darlin' (feat. AJR) (1 items)

  Match (98.0%):
  Mike Love feat. AJR - Darlin'
  ≠ album
  MusicBrainz, Digital Media, 2017, None, BMG, None, None
  https://musicbrainz.org/release/b34b559c-bfcb-4c6b-88c8-42fbdc677bc1
  * Artist: Mike Love feat. AJR
  ≠ Album: Darlin'  (single)  (Mp3) -> Darlin'

/music/(2017) Disco Tits (1 items)
Skipping.

/music/(2017) Ether (3 items)
Skipping.

/music/(2017) Gemini (1 items)
Skipping.

/music/(2017) Krippy Kush (feat. Bad Bunny, Nengo Flow, Nov Yjry) (1 items)
Skipping.

/music/(2017) Last Young Renegade (3 items)
Skipping.

/music/(2017) Mayores (1 items)

  Match (96.5%):
  Becky G feat. Bad Bunny - Mayores (urban tropical)
  ≠ album, country
  MusicBrainz, Digital Media, 2017, AF, Kemosabe, None, None
  https://musicbrainz.org/release/93347c76-498d-4b4c-96d4-12ec34146c99
  * Artist: Becky G feat. Bad Bunny
  ≠ Album: Mayores (urban tropical)     -> Mayores (urban tropical)             
           (single) (Mp3)                                                       

/music/(2017) Thunder (1 items)
Skipping.

/music/(2017) Vibes (1 items)
Skipping.

/music/(2017) Weak (1 items)

  Match (96.3%):
  AJR feat. Louisa - Weak (Stay Strong mix)
  ≠ album, country
  MusicBrainz, Digital Media, 2017, XW, Black Butter Records, None, None
  https://musicbrainz.org/release/aa0c2c97-ee04-47b8-a197-d5469982cc28
  * Artist: AJR feat. Louisa
  ≠ Album: Weak (Stay Strong mix)  (single)  (Mp3) -> Weak (Stay Strong mix)

/music/(2017) Whatever It Takes (2 items)
Skipping.

/music/(2018) A State Of Trance Top 20 - June 2018 (Selected by Armin van Buuren) (5 items)
Skipping.

/music/(2018) Best Of (16bit-44.1kHz) (11 items)
Skipping.

/music/(2018) Blue Lips (2 items)
Skipping.

/music/(2018) Ceinture noire (1 items)

  Match (98.4%):
  GIMS - Ana Fi Dar
  ≠ album
  MusicBrainz, Digital Media, 2017, None, TF1 Musique, None, None
  https://musicbrainz.org/release/eaf0ed01-03a3-4dff-80e5-bb97cb02953a
  * Artist: GIMS
  ≠ Album: Ana Fi Dar  (single)  (Mp3) -> Ana Fi Dar

/music/(2018) Colorblind (feat. Tove Lo) (1 items)
Skipping.

/music/(2018) Colorblind (feat. Tove Lo) [Reconstructions] (4 items)
Skipping.

/music/(2018) Craft & Optics (6 items)
Skipping.

/music/(2018) Heart Attack (feat. Tove Lo) (1 items)
Skipping.

/music/(2018) Imagine Dragons - Origins (Deluxe) (1 items)

  Match (98.3%):
  Imagine Dragons - Machine
  ≠ album
  MusicBrainz, Digital Media, 2018, XW, KIDinaKORNER, 00602577261435, None
  https://musicbrainz.org/release/9b3ab0b2-ba46-4a9d-a95d-63884218baf1
  * Artist: Imagine Dragons
  ≠ Album: Machine  (single)  (Mp3) -> Machine

/music/(2018) Live at Ultra Music Festival Miami 2018 (Highlights) (1 items)
Skipping.

/music/(2018) Origins  [97872466] (1 items)
Skipping.

/music/(2018) Origins (Deluxe Edition)  [97874143] (15 items)
Skipping.

/music/(2018) Three Days Grace - Outsider [24Bit-96kHz] (2 items)
Skipping.

/music/(2018.09.21) St. Lucia - Hyperion (3 items)
Skipping.

/music/(2019) Djesse Vol. 2 (1 items)
Skipping.

/music/(2019) Do You Mean (1 items)
Skipping.

/music/(2019) Leo Moracchioli Metal Covers (1 items)
Skipping.

/music/(2019) Neotheater (3 items)
Skipping.

/music/(2019) Rise (8 items)
Skipping.

/music/(2019) Sam Fender - Hypersonic Missiles [FLAC - 16 bit - 44.1 kHz] (1 items)
Skipping.

/music/(2019) Sweettalk my Heart (1 items)

  Match (98.0%):
  Tove Lo - Sweettalk my Heart
  ≠ tracks
  MusicBrainz, Digital Media, 2019, XW, Universal Music AB, None, None
  https://musicbrainz.org/release/7b4947fc-fd64-41ad-be11-8b71b3e27b10
  * Artist: Tove Lo
  * Album: Sweettalk my Heart
     ≠ (#1) Sweettalk my Heart   (3:15) -> (#1) Sweettalk my Heart     (2:59)
            (Aazar Remix)                                                    

/music/(2019) Twang (the) - If Confronted Just Go Mad (5 items)
Skipping.

/music/(2020) A State Of Trance 950 (The Official Album) (1 items)
Skipping.

/music/(2020) Bad Bunny - EL ÚLTIMO TOUR DEL MUNDO (6 items)
Skipping.

/music/(2020) Bang! (2 items)
Skipping.

/music/(2020) Blue Note Re imagined (1 items)
Skipping.

/music/(2020) Calling On Me (1 items)
Skipping.

/music/(2020) Djesse Vol. 3 (1 items)
Skipping.

/music/(2020) Dreamland (4 items)
Skipping.

/music/(2020) Lianne La Havas (9 items)
Skipping.

/music/(2020) Like a House on Fire (4 items)
Skipping.

/music/(2020) Mateo (2 items)
Skipping.

/music/(2020) Sunshine Kitty (1 items)
Skipping.

/music/(2020) Toxic (1 items)
Skipping.

/music/(2020) When To Say When (1 items)

  Match (98.3%):
  Drake - When To Say When
  ≠ tracks
  MusicBrainz, Digital Media, 2020, None, None, None, None
  https://musicbrainz.org/release/4c592ce7-97c2-4852-9d01-ec99d56e0cd7
  * Artist: Drake
  * Album: When To Say When
     ≠ (#1) When To Say When (1:07) -> (#1) When To Say When (4:56)

/music/(2021) Bernard Lavilliers - Sous Un Soleil Enorme (1 items)
Skipping.

/music/(2021) Blu Celeste (2 items)
Skipping.

/music/(2021) Follow You  Cutthroat  [176593520] (1 items)
Skipping.

/music/(2021) I'm in Love (1 items)
Skipping.

/music/(2021) IIII (3 items)
Skipping.

/music/(2021) La ultima promesa (7 items)
Skipping.

/music/(2021) La última promesa (28 items)
Skipping.

/music/(2021) Mercury - Act 1  [196316502] (13 items)

  Match (100.0%):
  Imagine Dragons - Mercury – Act 1
  MusicBrainz, Digital Media, 2021, XW, Interscope Records, None, None
  https://musicbrainz.org/release/2c634986-5396-413a-bcb6-92626d8cc9bf
  * Artist: Imagine Dragons
  ≠ Album: Mercury - Act 1 -> Mercury – Act 1
     ≠ (#8) It's Ok (3:22) -> (#8) It’s Ok (3:22)
     ≠ (#12) No Time For Toxic   (3:27) -> (#12) No Time for Toxic     (3:27)
             People                              People                      

/music/(2021) See What's on the Inside (3 items)
Skipping.

/music/(2021) We're All Alone In This Together (6 items)
Skipping.

/music/(2022) A State Of Trance, Ibiza 2022 (Mixed by Armin van Buuren) (1 items)
Skipping.

/music/(2022) Bones (1 items)
Skipping.

/music/(2022) Call On Me (2 items)
Skipping.

/music/(2022) Damn (You’ve Got Me Saying)  [258775899] (1 items)
Skipping.

/music/(2022) Dirt Femme (29 items)
Skipping.

/music/(2022) Episode 2 (Extended Mix)  [366189676] (1 items)
Skipping.

/music/(2022) From the Vault (2022 Mixes) (5 items)
Skipping.

/music/(2022) It's Ours  [251597942] (2 items)
Skipping.

/music/(2022) Martin Garrix presents STMPD RCRDS Vol. 006 (1 items)
Skipping.

/music/(2022) Matisyahu (3 items)
Skipping.

/music/(2022) Motordrome [24-96] (2 items)
Skipping.

/music/(2022) Put The Sauce On It (2 items)
Skipping.

/music/(2022) Un verano sin ti (1 items)
Skipping.

/music/(2022.10.07) St. Lucia - Utopia (7 items)
Skipping.

/music/(2023) - Autumn Variations (11 items)
Skipping.

/music/(2023) - That! Feels Good! (10 items)
Skipping.

/music/(2023) A State of Trance - Celebration Weekend (2 items)
Skipping.

/music/(2023) A State of Trance, Ibiza 2023 (Mixed by Armin van Buuren) (21 items)
Skipping.

/music/(2023) Baby Don't Hurt Me  [286197967] (2 items)
Skipping.

/music/(2023) Dancing On My Own (1 items)
Skipping.

/music/(2023) Dirt Femme (18 items)
Skipping.

/music/(2023) Imagine Dragons Live in Vegas  [306143307] (1 items)
Skipping.

/music/(2023) Je m'en vais (2 items)
Skipping.

/music/(2023) Live at Tomorrowland 2023 (Highlights) (1 items)
Skipping.

/music/(2023) My 21st Century Blues (15 items)
Skipping.

/music/(2023) nadie sabe lo que va a pasar mañana (9 items)
Skipping.

/music/(2023) Toxic Las Vegas  DELUXE EDITION) (1 items)
Skipping.

/music/(2024 Album) Kaiser Chiefs’ Easy Eighth Album (1 items)
Skipping.

/music/(2024) Ask That God (1 items)
Skipping.

/music/(2024) CAVE (1 items)
Skipping.

/music/(2024) Drake-Kendrick Beef (1 items)

  Match (99.3%):
  Drake - Buried Alive Interlude, Pt. 2
  ≠ album
  MusicBrainz, Digital Media, 2024, XW, None, None, None
  https://musicbrainz.org/release/17d6d205-e294-4624-86a2-7e5c965ccf53
  * Artist: Drake
  ≠ Album: Buried Alive Interlude, Pt.  -> Buried Alive Interlude, Pt. 2        
           2 (single) (Mp3)                                                     

/music/(2024) I Love You So F___ing Much_ (2 items)
Skipping.

/music/(2024) LOOM  [370597447] (1 items)
Skipping.

/music/(2024) Never Again (1 items)
Skipping.

/music/(2024) Supernova Love  [397004229] (2 items)
Skipping.

/music/(2024) Take Me to the Beach  [391234957] (1 items)

  Match (97.6%):
  Imagine Dragons feat. Ado - Take Me to the Beach
  ≠ artist, tracks
  MusicBrainz, Digital Media, 2024, XW, Interscope Records, None, hi-res
  https://musicbrainz.org/release/9aa2e9f7-70e1-49f4-b9f0-2b4da164e767
  ≠ Artist: Imagine Dragons -> Imagine Dragons feat. Ado
  * Album: Take Me to the Beach
     ≠ (#1) Take Me to the Beach (3:05) -> (#1) Take Me to the Beach (2:47)

/music/(2024) Waiting for Tonight (1 items)
Skipping.

/music/(2025) $ome $exy $ongs 4 U (with PARTYNEXTDOOR) (10 items)
Skipping.

/music/(2025) DeBI TiRAR MaS FOToS (1 items)
Skipping.

/music/(2025) Everyone's Talking! (8 items)
Skipping.

/music/(2025) feel something (1 items)
Skipping.

/music/(2025) Hurry Up Tomorrow (1 items)
Skipping.

/music/(2025) No mo feels (1 items)
Skipping.

/music/(2025) Reflections (From The Vault Of Smoke + Mirrors)  [417865388] (1 items)
Skipping.

/music/(2025) Studio Saint-Germain (avec Ours & Pierre Souchon) (24bit-48kHz) (2 items)
Skipping.

/music/(2025) What No One's Thinking (2 items)
Skipping.

/music/(2025) Will Be Loved [EP] (1 items)
Skipping.

/music/(2026) BLACK MIDAS (7 items)
Skipping.

/music/(2026) Distracted (12 items)
Skipping.

/music/(2026) Locked In (1 items)
Skipping.

/music/(2026) THIS MUSIC MAY CONTAIN HOPE (16 items)
Skipping.

/music/(Armand Amar) Moi Van Gogh (2009) (1 items)
Skipping.

/music/(City of Prague Phil. Orch.) Music From The Hunger Games Saga (J.Newton Howard) (2016) (35 items)
Skipping.

/music/(Danny Elfman) Batman Returns (1992) (2 items)
Skipping.

/music/(Disc 2)
/music/(Disc 3) In Their Own Words (1 items)
Skipping.

/music/(G)I-Dle/I Made (2019) (1 items)
Skipping.

/music/(HQ) Elvis Costello - My Aim Is True - 1977 - 24bit 88.2Khz (2 items)
Skipping.

/music/(I Get So) Sentimental (1 items)
Skipping.

/music/(I Just) Died in Your Arms - Single (2002) (1 items)
Skipping.

/music/(PATTI) LABELLE/NIGHTBIRDS (1974) (1 items)
Skipping.

/music/(Patti)_Labelle/Nightbirds (1 items)
Skipping.

/music/(sutemos028) - Mind Over MIDI - Thru EP (2010) (15 items)
Skipping.

/music/(You Drive Me) Crazy [Japanese CD Single] (1 items)
Skipping.

/music/+ (1 items)
Skipping.

/music/+  [2011] (2 items)
Skipping.

/music/+ (2011) (6 items)
Skipping.

/music/+ (Album, 2011) (6 items)
Skipping.

/music/, renderer_allowaccessjs=true, fautoupdatedisabled=false/Afrobombas (2013) (1 items)
Skipping.

/music/- (2023) (15 items)
Skipping.

/music/-- DJ IAN T --... WWW.WKD-S/scouse house 64gb (2012) (1 items)
Skipping.

/music/------·---------/Round Two (2024) (2 items)
Skipping.

/music/-Artiste-/Nova Tunes 1.1 (2011) (1 items)
Skipping.

/music/-Artiste-/Nova_Tunes_2.4 (1 items)
Skipping.

/music/-Awaken, My Love!- (1 items)
Skipping.

/music/-djk-team-/CAN'T LOVE YOU (2006) (1 items)
Skipping.

/music/-djk-team-/The Best Of Dance & Euro 199.. (2006) (1 items)
Skipping.

/music/-djk-team-/The Best of Dance & Euro 1991-2001 Vol.20 (Special Edition) by Diskjokey Cd1 (1995)
/music/-djk-team-/The Best of Dance & Euro 1991-2001 Vol.20 (Special Edition) by Diskjokey Cd1 (1998)
/music/-djk-team-/The Best Of Dance & Euro 1991-2001 Vol.20 (Special Edition) by DiskJokey CD1 (2006)
/music/-djk-team-/The Best Of Dance & Euro 1991-2001 Vol.20 (Special Edition) by DiskJokey CD2 (2006) (26 items)
Skipping.

/music/-djk-team-/The_Best_of_Dance_&_Euro_1991-2001_Vol.20_(Special_Edition)_by_Diskjokey_Cd2 (8 items)
Skipping.

/music/-M-/C'EST LE BONHEUR - SINGLE (2006) (1 items)
Skipping.

/music/-M-/Mister Mystere (2009) (8 items)
Skipping.

/music/-The Best Of Kool & The Gang [192k] (10 items)
Skipping.

/music/-Weird Al- Yankovic/Straight Outta Lynwood (2006) (7 items)
Skipping.

/music/0/Une Presence (1996) (1 items)
Skipping.

/music/00 (1 items)
Skipping.

/music/00/00 (2009) (1 items)
Skipping.

/music/00/2018 (1 items)
Skipping.

/music/00/[Standalone Recordings] (2016) (1 items)
Skipping.

/music/00/Audios (5 items)
Skipping.

/music/00/Audios (1971) (1 items)
Skipping.

/music/00/Audios (1975) (1 items)
Skipping.

/music/00/Audios (1979) (1 items)
Skipping.

/music/00/Audios (1983) (2 items)
Skipping.

/music/00/Audios (1985) (1 items)
Skipping.

/music/00/Audios (1987) (1 items)
Skipping.

/music/00/Audios (1990) (1 items)
Skipping.

/music/00/Audios (1993) (1 items)
Skipping.

/music/00/Audios (1994) (1 items)
Skipping.

/music/00/Audios (1996) (1 items)
Skipping.

/music/00/Audios (1999) (1 items)
Skipping.

/music/00/Audios (2000) (2 items)
Skipping.

/music/00/Audios (2001) (1 items)

  Match (98.2%):
  Kings of Tomorrow feat. Julie McKnight - Finally
  ≠ album
  MusicBrainz, Digital Media, 2008, XW, Defected, None, None
  https://musicbrainz.org/release/ef2ae497-0bc6-4421-af31-1a45e5eb3508
  * Artist: Kings of Tomorrow feat. Julie McKnight
  ≠ Album: Finally  (single)  (Mp3) -> Finally

/music/00/Audios (2002) (1 items)
Skipping.

/music/00/Audios (2005) (1 items)
Skipping.

/music/00/Audios (2008) (2 items)
Skipping.

/music/00/Audios (2009) (1 items)

  Match (98.2%):
  INNA - Amazing
  ≠ album
  MusicBrainz, Digital Media, 2010, FR, Roton, None, None
  https://musicbrainz.org/release/517f6327-e176-408a-895e-1ec825b0a433
  * Artist: INNA
  ≠ Album: Amazing  (single)  (Mp3) -> Amazing

/music/00/Audios (2010) (3 items)
Skipping.

/music/00/Audios (2011) (1 items)
Skipping.

/music/00/Audios (2012) (6 items)
Skipping.

/music/00/Audios (2013) (1 items)

  Match (99.0%):
  Julien Doré - Paris-Seychelles
  ≠ album
  MusicBrainz, Digital Media, 2013, FR, None, None, None
  https://musicbrainz.org/release/19320863-571e-455e-8c71-c884519e61e1
  * Artist: Julien Doré
  ≠ Album: Paris-Seychelles  (single)  (Mp3) -> Paris-Seychelles

/music/00/Audios (2014) (4 items)
Skipping.

/music/00/Audios (2015) (3 items)
Skipping.

/music/00/Audios (2016) (2 items)
Skipping.

/music/00/Audios (2017) (3 items)
Skipping.

/music/00/Audios (2018) (2 items)
Skipping.

/music/00/Audios (2019) (5 items)
Skipping.

/music/00/Audios (2020) (9 items)
Skipping.

/music/00/Audios (2021) (8 items)
Skipping.

/music/00/Audios (2022) (2 items)
Skipping.

/music/00/Calacote,_Maffio (1 items)
Skipping.

/music/00/Como_Si_Nah_(Feat._Kevvo)_-_Single (1 items)
Skipping.

/music/00/JUSTIN QUILES, ARCANGEL, DALEX (2021) (1 items)
Skipping.

/music/00/JUSTIN QUILES, DADDY YANKEE, EL ALFA (2020) (1 items)
Skipping.

/music/00/Kiko El Crazy, Lenny Tavarez (2021) (1 items)
Skipping.

/music/00/Lenni (1 items)
Skipping.

/music/00/Novo (2020) (1 items)
Skipping.

/music/00/Snoop Dogg, Eminem, Dr. Dre (2022) (1 items)
Skipping.

/music/00/Spice, Sean Paul, Shaggy (2022) (1 items)
Skipping.

/music/00/Unknown Album (2000) (1 items)
Skipping.

/music/00--Louisa Johnson/Music (1 items)
Skipping.

/music/0001 (40 items)

  Match (99.4%):
  Various Artists - Bravo Black Hits
  ≠ album
  MusicBrainz, 2xCD, 1999, DE, Polystar, 564 352-2, volume 1
  https://musicbrainz.org/release/8555b71a-42df-4203-91b1-b8e0e044d5b7
  * Artist: 
  ≠ Album: Bravo Black Hits  (Compilation)  (Mp3) -> Bravo Black Hits
  * CD 1
     ≠ (#1-2) Who's Knockin '?   (3:30) -> (#1-2) Who’s Knockin ’?     (3:30)
              (radio version)                     (radio version)            
     ≠ (#1-9) Hard Knock Life    (4:00) -> (#1-9) Hard Knock Life (The (4:00)
              (The Ghetto Anthem -                Ghetto Anthem – radio edit)
              radio edit)                                                    
     ≠ (#1-17) Hit 'em Wit da    (4:23) -> (#1-17) Hit ’em Wit da Hee  (4:23)
               Hee (remix edit)                    (remix edit)              
     ≠ (#1-18) That's the Way It (4:29) -> (#1-18) That’s the Way It   (4:29)
               's Goin ' Down (T.W.ISM.            ’s Goin ’ Down (T.W.ISM.  
               For Life)                           For Life)                 
     ≠ (#1-20) Shine (David's    (3:41) -> (#1-20) Shine (David’s      (3:41)
               Song) (radio mix)                   Song) (radio mix)         
  * CD 2
     ≠ (#2-9) Nobody's Supposed  (4:19) -> (#2-9) Nobody’s Supposed to (4:19)
              to Be Here                          Be Here                    
     ≠ (#2-12) Elisha's Not at   (4:24) -> (#2-12) Elisha’s Not at     (4:24)
               Home (Street video edit)            Home (Street video edit)  
     ≠ (#2-13) What's Your Sign  (3:56) -> (#2-13) What’s Your Sign    (3:56)
               (radio edit)                        (radio edit)              
     ≠ (#2-19) That's the Way We (3:19) -> (#2-19) That’s the Way We   (3:19)
               Do It (radio version)               Do It (radio version)     
     ≠ (#2-20) Take a Ride       (3:22) -> (#2-20) Take a Ride         (3:22)
               (radio-/video version)              (radio‐/video version)    

/music/0001 - Cut Killer Presente Lache La Pause K7 [other] (10 items)
Skipping.

/music/0002 (40 items)

  Match (99.5%):
  Various Artists - Bravo Black Hits, Vol. 2
  ≠ album, tracks
  MusicBrainz, 2xCD, 2000, DE, Polystar, 9548-38489-2, None
  https://musicbrainz.org/release/e69ca111-5478-4dad-b763-433c381dfae7
  * Artist: 
  ≠ Album: Bravo Black Hits, Vol. 2     -> Bravo Black Hits, Vol. 2             
           (Compilation) (Mp3)                                                  
  * CD 1
     ≠ (#1-7) U Don't Know Me    (3:55) -> (#1-7) U Don’t Know Me      (3:55)
              (Like U Used To) (remix)            (Like U Used To) (remix)   
     ≠ (#1-16) What's Going On   (3:06) -> (#1-16) What’s Going On     (3:06)
               (radio version)                     (radio version)           
  * CD 2
     ≠ (#2-17) I'll Be Around    (3:55) -> (#2-17) I’ll Be Around      (3:54)
               (radio edit 1)                      (radio edit 1)            

/music/0005 (40 items)

  Match (99.5%):
  Various Artists - Bravo Black Hits, Vol. 5
  ≠ album
  MusicBrainz, 2xCD, 2001, DE, Polystar, 0927-40702-2, None
  https://musicbrainz.org/release/6a7a6aaf-0d45-4374-bceb-0df885670587
  * Artist: 
  ≠ Album: Bravo Black Hits, Vol. 5     -> Bravo Black Hits, Vol. 5             
           (Compilation) (Mp3)                                                  
  * CD 1
     ≠ (#1-8) I'm Diggin ' You   (3:51) -> (#1-8) I’m Diggin ’ You     (3:51)
              (Stello) (radio mix)                (Stello) (radio mix)       
     ≠ (#1-10) I Can't Handle It (3:43) -> (#1-10) I Can’t Handle It   (3:43)
               (radio edit)                        (radio edit)              
     ≠ (#1-16) Let's Get Dirty   (3:28) -> (#1-16) Let’s Get Dirty (I  (3:28)
               (I Can 't Get in da                 Can ’t Get in da Club)    
               Club) (single version)              (single version)          
  * CD 2
     ≠ (#2-3) Let's Get Back to  (3:59) -> (#2-3) Let’s Get Back to    (3:58)
              Bed-Boy! (radio / video             Bed-Boy! (radio / video    
              (Klimax))                           (Klimax))                  
     ≠ (#2-7) Can't Mess (album  (4:17) -> (#2-7) Can’t Mess (album    (4:17)
              version)                            version)                   
     ≠ (#2-8) It's Over Now      (4:07) -> (#2-8) It’s Over Now (album (4:07)
              (album version)                     version)                   
     ≠ (#2-14) Love Don't Love   (4:09) -> (#2-14) Love Don’t Love Me  (4:09)
               Me (radio version)                  (radio version)           
     ≠ (#2-16) Wouldn't It Be    (3:55) -> (#2-16) Wouldn’t It Be Good (3:55)
               Good (radio version)                (radio version)           
     ≠ (#2-19) Didn't Cha Know   (4:01) -> (#2-19) Didn’t Cha Know     (4:00)
               (single version)                    (single version)          

/music/0006 (40 items)

  Match (99.5%):
  Various Artists - Bravo Black Hits, Vol. 6
  ≠ album
  MusicBrainz, 2xCD, 2002, DE, Polystar, 0927 45073 2, None
  https://musicbrainz.org/release/cbbf9d3d-8ec2-42cf-a6ad-33bf1ac12bc6
  * Artist: 
  ≠ Album: Bravo Black Hits, Vol. 6     -> Bravo Black Hits, Vol. 6             
           (Compilation) (Mp3)                                                  
  * CD 1
  * CD 2

/music/0010 (38 items)
Skipping.

/music/0011 (39 items)

  Match (98.1%):
  Various Artists - Bravo Black Hits, Vol. 11
  ≠ album, tracks
  MusicBrainz, 2xCD, 2004, DE, Polystar, 06024 9823840 0, None
  https://musicbrainz.org/release/b9680ff1-99f0-49e3-8f81-0e4f553b809b
  * Artist: 
  ≠ Album: Bravo Black Hits 11 -> Bravo Black Hits, Vol. 11
  * CD 1
     ≠ (#1) Obsesion (3:31) -> (#1-1) Obsesion (3:31)
     ≠ (#2) Move Ya Body (3:51) -> (#1-2) Move Ya Body (3:51)
     ≠ (#3) Tipsy (4:04) -> (#1-3) Tipsy (4:04)
     ≠ (#4) Dont Say Nuthin (3:38) -> (#1-4) Don't Say Nuthin (3:38)
     ≠ (#5) Da Unbeatables (3:14) -> (#1-5) Da Unbeatables (3:14)
     ≠ (#6) Fuffies im Club (3:22) -> (#1-6) Fuffies im Club (3:22)
     ≠ (#7) Troy (4:10) -> (#1-7) Troy (4:10)
     ≠ (#8) Lets Get It Started (3:46) -> (#1-8) Let's Get It Started (3:46)
     ≠ (#9) Poppin Them Thangs (4:02) -> (#1-9) Poppin' Them Thangs (4:02)
     ≠ (#10) Groupie Luv (3:53) -> (#1-10) Groupie Luv (3:53)
     ≠ (#11) Bare As She Dare (3:31) -> (#1-11) Bare as She Dare (3:31)
     ≠ (#12) I Love Them Hos (3:17) -> (#1-12) I Love Them Ho*s (3:17)
     ≠ (#13) Superior (3:50) -> (#1-13) Superior (3:50)
     ≠ (#14) Only For Your Good (3:55) -> (#1-14) Only for Your Good (3:55)
     ≠ (#15) 1ste Liebe (4:56) -> (#1-15) 1ste Liebe (4:56)
     ≠ (#16) Thank You (3:14) -> (#1-16) Thank You (3:14)
     ≠ (#17) Phoenix (3:16) -> (#1-17) Phoenix (3:16)
     ≠ (#18) Sunshine (3:46) -> (#1-18) Sunshine (3:46)
     ≠ (#19) Ein schoener Tag (4:20) -> (#1-19) Ein schöner Tag (4:20)
     ≠ (#20) On Fire (3:08) -> (#1-20) On Fire (3:08)
  * CD 2
     ≠ (#21) Leave (Get Out) (3:58) -> (#2-1) Leave (Get Out) (3:58)
     ≠ (#22) On My Knees (3:38) -> (#2-2) On My Knees (3:38)
     ≠ (#23) Dip it Low (3:40) -> (#2-3) Dip It Low (remix) (3:40)
     ≠ (#24) If I Cant (3:16) -> (#2-4) If I Can't (3:16)
     ≠ (#25) Roses (4:13) -> (#2-5) Roses (4:13)
     ≠ (#26) Trick Me (3:26) -> (#2-6) Trick Me (3:26)
     ≠ (#27) In Da City (3:39) -> (#2-7) In da City (3:39)
     ≠ (#28) Schade (3:20) -> (#2-8) Schade (3:20)
     ≠ (#29) Dein Leben (4:11) -> (#2-9) Dein Leben (4:11)
     ≠ (#30) Last Drop (3:21) -> (#2-10) Last Drop (3:21)
     ≠ (#31) Wart mal (4:07) -> (#2-11) Wart mal (4:07)
     ≠ (#32) Was waere wenn.. (3:19) -> (#2-12) Was wäre wenn ...? (3:19)
     ≠ (#33) Tell me (3:40) -> (#2-13) Tell Me (3:40)
     ≠ (#34) Fuck You All (4:17) -> (#2-14) Fuck You All (4:17)
     ≠ (#35) F.U.R.B. (F U Right (3:18) -> (#2-15) F.U.R.B. (F U Right (3:18)
             Back)                                 Back)                     
     ≠ (#36) Neue Maenner        (2:51) -> (#2-16) Neue Männer braucht (2:51)
             braucht das Land                      das Land                  
     ≠ (#37) Salt Shaker (4:08) -> (#2-17) Salt Shaker (4:08)
     ≠ (#38) Party (3:01) -> (#2-18) Party (3:01)
     ≠ (#39) Bitch (3:16) -> (#2-19) Bitch! (3:16)

/music/0012 (40 items)

  Match (97.6%):
  Various Artists - Bravo Black Hits, Vol. 12
  ≠ album, tracks
  MusicBrainz, 2xCD, 2005, DE, Polystar, 06024 9829115 3, None
  https://musicbrainz.org/release/bde5f65c-fdb0-42fc-8d31-68d050d422a0
  * Artist: 
  ≠ Album: Bravo Black Hits 12 -> Bravo Black Hits, Vol. 12
  * CD 1
     ≠ (#1) How We Do (3:55) -> (#1-1) How We Do (3:58)
     ≠ (#2) Caught Up (3:45) -> (#1-2) Caught Up (3:47)
     ≠ (#3) Nasty Girl (4:07) -> (#1-3) Nasty Girl (4:09)
     ≠ (#4) I Am (3:05) -> (#1-4) I Am (video edit) (3:07)
     ≠ (#5) Lose My Breath (4:01) -> (#1-5) Lose My Breath (4:03)
     ≠ (#6) Only U (3:06) -> (#1-6) Only U (3:08)
     ≠ (#7) Locked Up (3:50) -> (#1-7) Locked Up (3:52)
     ≠ (#8) Isyankar (3:51) -> (#1-8) Isyankar (Beathoavenz cut) (3:53)
     ≠ (#9) Intoxication (3:29) -> (#1-9) Intoxication (3:31)
     ≠ (#10) Whatever U Want     (3:43) -> (#1-10) Whatever U Want     (3:45)
                                                   (radio edit)              
     ≠ (#11) Hush (3:35) -> (#1-11) Hush (3:37)
     ≠ (#12) Goodies (3:43) -> (#1-12) Goodies (3:45)
     ≠ (#13) Breath (3:30) -> (#1-13) Breathe (radio edit) (3:32)
     ≠ (#14) Turnin Me On        (3:32) -> (#1-14) Turnin' Me On       (3:34)
                                                   (Phull Phat radio edit)   
     ≠ (#15) Hey Now (Mean       (3:46) -> (#1-15) Hey Now (Mean       (3:48)
             Muggin)                               Muggin)                   
     ≠ (#16) Lean Back (4:10) -> (#1-16) Lean Back (4:12)
     ≠ (#17) Culo (3:39) -> (#1-17) Culo (3:41)
     ≠ (#18) My Band (4:59) -> (#1-18) My Band (5:01)
     ≠ (#19) Geboren (3:48) -> (#1-19) Geboren (3:50)
     ≠ (#20) Monstershit (3:30) -> (#1-20) Monsterhit (3:32)
     ≠ (#21) Emanuela (3:09) -> (#1-21) Emanuela (3:09)
  * CD 2
     ≠ (#22) Lovers & Friends (4:23) -> (#2-1) Lovers & Friends (4:24)
     ≠ (#23) Wait (3:00) -> (#2-2) Wait (3:01)
     ≠ (#24) Karma (3:38) -> (#2-3) Karma (radio edit) (3:38)
     ≠ (#25) Und Wenn Ein Lied   (4:05) -> (#2-4) Und wenn ein Lied    (4:05)
                                                  (radio edit)               
     ≠ (#26) Bereit (6:10) -> (#2-5) Bereit (6:11)
     ≠ (#27) Twist Yo Boy (3:29) -> (#2-6) Twist Yo Body (3:30)
     ≠ (#28) Hoffnung Stirbt     (4:01) -> (#2-7) Hoffnung stirbt      (4:02)
             Zuletzt                              zuletzt                    
     ≠ (#29) Teardrops (3:17) -> (#2-8) Teardrops (3:17)
     ≠ (#30) Naughty Girl (3:29) -> (#2-9) Naughty Girl (3:30)
     ≠ (#31) Fine (3:55) -> (#2-10) Fine (3:56)
     ≠ (#32) Everytime (3:55) -> (#2-11) Everytime (3:55)
     ≠ (#33) Girls (3:39) -> (#2-12) Girls (3:39)
     ≠ (#34) Du Weißt (4:38) -> (#2-13) Du weißt (Bye Bye Baby) (4:39)
     ≠ (#35) Mamacita (3:07) -> (#2-14) Mamacita (3:07)
     ≠ (#36) Wollt Ihr Wissen (3:14) -> (#2-15) Wollt ihr wissen ... (3:15)
     ≠ (#37) Meine Kette (4:12) -> (#2-16) Meine Kette (4:13)
     ≠ (#38) Du Opfer (3:48) -> (#2-17) Du Opfer (3:48)
     ≠ (#39) Die Abrechnung (5:02) -> (#2-18) Die Abrechnung (5:02)
     ≠ (#40) Das Urteil (5:11) -> (#2-19) Das Urteil (5:12)

/music/0013 (40 items)

  Match (97.2%):
  Various Artists - Bravo Black Hits, Vol. 13
  ≠ album, tracks
  MusicBrainz, 2xCD, 2005, DE, Sony BMG Music Entertainment, 82876 72349 2, None
  https://musicbrainz.org/release/1ee986d0-f2e5-4dd8-9eb0-55b049fe05bb
  * Artist: 
  ≠ Album: Bravo Black Hits 13 -> Bravo Black Hits, Vol. 13
  * CD 1
     ≠ (#1) Die Eine 2005 (3:25) -> (#1-1) Die Eine 2005 (3:25)
     ≠ (#2) Jump Jump (DJ Tomekk kommt) (3:03) -> (#1-2) Jump, Jump (3:03)
     ≠ (#3) Fight Back (3:29) -> (#1-3) Fight Back (3:29)
     ≠ (#4) An Tagen wie diesen  (3:56) -> (#1-4) An Tagen wie diesen  (3:56)
                                                  (mit Finkenauer)           
     ≠ (#5) All 4 One (3:33) -> (#1-5) All 4 One (3:33)
     ≠ (#6) Nonplusultra (2:46) -> (#1-6) Nonplusultra (2:46)
     ≠ (#7) Ndw 2005 (3:50) -> (#1-7) NDW 2005 (3:50)
     ≠ (#8) Reimroboter (3:58) -> (#1-8) Reimroboter (3:58)
     ≠ (#9) Wie geil ist das     (3:44) -> (#1-9) Wie geil ist das     (3:44)
            denn (Dicke Anbiete)                  denn (Dicke Anbiete)       
     ≠ (#10) Wir sind im Haus (3:42) -> (#1-10) Wir sind im Haus (3:42)
     ≠ (#11) Nicht mehr normal (5:08) -> (#1-11) Nicht mehr normal (5:08)
     ≠ (#12) Es geht hoch (3:52) -> (#1-12) Es geht hoch (3:52)
     ≠ (#13) Will We Ever Know (3:47) -> (#1-13) Will We Ever Know (3:47)
     ≠ (#14) Wenn du schlaefst (4:13) -> (#1-14) Wenn du schläfst (4:13)
     ≠ (#15) Napalm (3:52) -> (#1-15) Napalm (3:52)
     ≠ (#16) Freek U (3:15) -> (#1-16) Freek U (3:15)
     ≠ (#17) Baby Im Back (3:41) -> (#1-17) Baby, I'm Back (3:41)
     ≠ (#18) Roc Ya Body (3:31) -> (#1-18) Roc Ya Body "Mic Check 1, 2" (3:31)
     ≠ (#19) Gasolina (3:14) -> (#1-19) Gasolina (3:14)
     ≠ (#20) Loco (3:25) -> (#1-20) Loco (3:25)
     ≠ (#21) Sientelo (3:38) -> (#1-21) Siéntelo (3:38)
  * CD 2
     ≠ (#22) Bananza (4:01) -> (#2-1) Bananza (Belly Dancer) (4:01)
     ≠ (#23) Switch (3:17) -> (#2-2) Switch (3:17)
     ≠ (#24) N dey Say (3:28) -> (#2-3) N Dey Say (3:28)
     ≠ (#25) Next To You (3:14) -> (#2-4) Next to You (3:14)
     ≠ (#26) Lets Get Blow (4:41) -> (#2-5) Let's Get Blown (4:41)
     ≠ (#27) Slow Down (3:55) -> (#2-6) Slow Down (3:55)
     ≠ (#28) Im A Hustla (4:43) -> (#2-7) I'm a Hustla (4:43)
     ≠ (#29) Oye Mi Canto (4:01) -> (#2-8) Oye Mi Canto (4:01)
     ≠ (#30) Next Generation (3:56) -> (#2-9) Next Generation (3:56)
     ≠ (#31) Someday (4:01) -> (#2-10) Someday (4:01)
     ≠ (#32) Badd (3:47) -> (#2-11) Badd (3:47)
     ≠ (#33) Get Low (4:30) -> (#2-12) Get Low (4:30)
     ≠ (#34) Pimpin' All Over    (5:30) -> (#2-13) Pimpin' All Over    (5:30)
             The World                             the World                 
     ≠ (#35) Why Cry (4:36) -> (#2-14) Why Cry (4:36)
     ≠ (#36) Toma (3:34) -> (#2-15) Toma (3:34)
     ≠ (#37) So Fly (4:08) -> (#2-16) So Fly (4:08)
     ≠ (#38) Aint Nothing Wrong (4:06) -> (#2-17) Ain't Nothing Wrong (4:06)
     ≠ (#39) Turn Da Lights Off (4:50) -> (#2-18) Turn da Lights Off (4:50)
     ≠ (#40) Again (3:19) -> (#2-19) Again (3:19)

/music/0014 (40 items)

  Match (96.8%):
  Various Artists - Bravo Black Hits, Vol. 14
  ≠ album, tracks
  MusicBrainz, 2xCD, 2006, DE, Sony BMG Music Entertainment, 82876 81038 2, None
  https://musicbrainz.org/release/df6e34d5-0a01-4d34-8e3f-73887d1ac745
  * Artist: 
  ≠ Album: Bravo Black Hits 14 -> Bravo Black Hits, Vol. 14
  * CD 1
     ≠ (#1) Happy Birthday (3:17) -> (#1-1) Happy Birthday (3:17)
     ≠ (#2) My Humps (Single     (4:11) -> (#1-2) My Humps (single     (4:11)
            Version)                              version)                   
     ≠ (#3) Big City Life (3:55) -> (#1-3) Big City Life (3:55)
     ≠ (#4) Stickwitu (Album Version) (3:28) -> (#1-4) Stickwitu (3:28)
     ≠ (#5) Ever Blazin (Album Version) (3:11) -> (#1-5) Ever Blazin' (3:11)
     ≠ (#6) If Its Lovin that    (3:27) -> (#1-6) If It's Lovin ' That (3:27)
            You Want ( Radio Edit)                You Want ( radio edit)     
     ≠ (#7) Be Easy (3:21) -> (#1-7) Be Easy (3:21)
     ≠ (#8) Whoa (4:08) -> (#1-8) Whoa (explicit) (4:08)
     ≠ (#9) Pot of Gold (Album Version) (3:35) -> (#1-9) Pot of Gold (3:35)
     ≠ (#10) Soul Survivor (4:40) -> (#1-10) Soul Survivor (4:40)
     ≠ (#11) Still on it (Album Version) (3:49) -> (#1-11) Still on It (3:49)
     ≠ (#12) There it Go (Album Version) (3:01) -> (#1-12) There It Go (3:01)
     ≠ (#13) The One (Kraans Mix) (3:25) -> (#1-13) The One (Kraans mix) (3:25)
     ≠ (#14) Used to Love U      (3:30) -> (#1-14) Used to Love U      (3:30)
             (Album Version)                                                 
     ≠ (#15) Lets Go (Radio      (3:37) -> (#1-15) Let's Go ( radio    (3:37)
             Edit)                                 edit)                     
     ≠ (#16) One Wish (Album Version) (5:37) -> (#1-16) One Wish (5:37)
     ≠ (#17) Touch (Album Version) (3:38) -> (#1-17) Touch (3:38)
     ≠ (#18) On My Mind (the     (4:08) -> (#1-18) On My Mind (the     (4:08)
             Krauts Remix)                         Krauts remix)             
     ≠ (#19) Camera Phone (Radio) (3:33) -> (#1-19) Camera Phone (radio) (3:33)
     ≠ (#20) Shake (4:21) -> (#1-20) Shake (4:21)
  * CD 2
     ≠ (#21) Ding (Single        (3:29) -> (#2-1) Ding (single         (3:31)
             Version)                             version)                   
     ≠ (#22) Just Be Good to Me  (4:00) -> (#2-2) Just Be Good to Me / (4:02)
             Every Breath You Take                Every Breath You Take (    
             (Radio Cut)                          radio cut)                 
     ≠ (#23) Soll Das Alles Sein (4:05) -> (#2-3) Soll das alles sein  (4:07)
             ( Radio Edit)                        ? ( radio edit)            
     ≠ (#24) Bist Du Am Leben    (4:59) -> (#2-4) Bist du am Leben     (5:02)
             Interessiert ( Radio Edit)           interessiert ( radio edit) 
     ≠ (#25) Mein Job (3:34) -> (#2-5) Mein Job (3:36)
     ≠ (#26) Tanzkillah (3:48) -> (#2-6) Tanzkillah (3:50)
     ≠ (#27) Identität (4:09) -> (#2-7) Identität (4:11)
     ≠ (#28) Wahlkampf (3:57) -> (#2-8) Wahlkampf (3:59)
     ≠ (#29) Nemesis (4:21) -> (#2-9) Nemesis (4:23)
     ≠ (#30) Berliner Schnauze   (3:49) -> (#2-10) Berliner Schnauze   (3:51)
             (Original)                            (original)                
     ≠ (#31) Ich Will Nicht Gehn (3:25) -> (#2-11) Ich will nicht gehn (3:28)
             (Samsamers Dirty RMX)                 (Samsamers dirty remix)   
     ≠ (#32) Alarm (3:52) -> (#2-12) Alarm (3:55)
     ≠ (#33) Müde (3:31) -> (#2-13) Müde (3:33)
     ≠ (#34) Can Hold Us Down    (3:25) -> (#2-14) Can Hold Us Down    (3:27)
             (Album Version)                       (album version)           
     ≠ (#35) Give Thanks (Single (4:08) -> (#2-15) Give Thanks (single (4:10)
             Edit)                                 edit)                     
     ≠ (#36) Where Does the Love (3:56) -> (#2-16) Where Does the Love (3:58)
             Go (Radio Edit)                       Go (radio edit)           
     ≠ (#37) Zähl Mein Geld (3:31) -> (#2-17) Zähl mein Geld (3:33)
     ≠ (#38) Nenn Mich Jones (3:28) -> (#2-18) Nenn mich Jones (3:30)
     ≠ (#39) Struggle (Single    (4:20) -> (#2-19) Struggle (single    (4:22)
             Version)                              version)                  
     ≠ (#40) Gott Schenk Ihr Fl  (3:53) -> (#2-20) Gott schenk ihr Fl  (3:53)
             uegel ( Radio Version)                ügel ( radio version)     

/music/0015 (40 items)
Skipping.

/music/0016 (41 items)

  Match (99.1%):
  Various Artists - Bravo Black Hits, Vol. 16
  ≠ album, tracks
  MusicBrainz, 2xCD, 2007, DE, Polystar, 0602498476741, None
  https://musicbrainz.org/release/aed6fd47-9f42-41a9-b5ab-a438bb58474d
  * Artist: 
  ≠ Album: Bravo Black Hits, Vol. 16    -> Bravo Black Hits, Vol. 16            
           (Compilation) (Mp3)                                                  
  * CD 1
  * CD 2
     ≠ (#2-10) Rush the Floor    (3:45) -> (#2-10) Rush the Floor      (4:18)
               (radio)                             (radio)                   

/music/00dj Tuca Lescalive Set/Unknown Data Set (2018) (1 items)
Skipping.

/music/01 - Digital Media (1 items)
Skipping.

/music/01 - Jane Wiedlin (24 items)
Skipping.

/music/01 Brother Where Are You (M. Herbert/Nova Tunes 09 (2003) (1 items)
Skipping.

/music/01 Fireball/Versions of Me (2021) (1 items)

  Match (98.4%):
  Anitta - Envolver
  ≠ album
  MusicBrainz, Digital Media, 2021, XW, Warner Music Latina, None, None
  https://musicbrainz.org/release/fa1688a2-f45b-43c6-98a7-deba6aad8abe
  * Artist: Anitta
  ≠ Album: Envolver  (single)  (Mp3) -> Envolver

/music/01 I Will Lead You On/I Will Lead You On (2015) (1 items)
Skipping.

/music/01 Kendji Girac/Nrj Winter Hits 2015 (2015) (1 items)
Skipping.

/music/01 la Nina Del Volcan (Polocorp Remi/La Nina Del Volcan (Polocorp Remix) (2019) (1 items)
Skipping.

/music/01 Mariah Carey/NRJ Music Awards 2003 (2002) (1 items)
Skipping.

/music/01 Oxas 1/Oxas (2013) (1 items)
Skipping.

/music/01 Senorita/Justified (2003) (1 items)
Skipping.

/music/01 y Duele/No Te Vayas Nunca (1992) (1 items)
Skipping.

/music/01(Love One)/Hoshi-Miru,Kimi-Omou - Single (2017) (1 items)
Skipping.

/music/01(Love One)/Jackpot (2023) (1 items)
Skipping.

/music/01. 1978 - Being Boiled [7''] (1 items)
Skipping.

/music/01. DJ ABDEL/INTRO (A L'ANCIENNE (2013) (1 items)
Skipping.

/music/01.03.2023 - ALL electronicfresh.com (TRANCE - PROGRESSIVE HOUSE 200 TRACKS) (1 items)

  Match (97.0%):
  Paul Oakenfold x Adam White - Ripples
  ≠ album, label
  MusicBrainz, Digital Media, 2023, GB, Perfecto Records, PRFCT278, None
  https://musicbrainz.org/release/32062d40-e799-4e4c-b49f-b98358d34066
  * Artist: Paul Oakenfold x Adam White
  ≠ Album: Ripples  (single)  (Mp3) -> Ripples

/music/01.04.2024 - ALL electronicfresh.com (TECH HOUSE - HOUSE - DEEP HOUSE 280 TRACKS) (1 items)
Skipping.

/music/01.10 (2 items)
Skipping.

/music/014 (1 items)
Skipping.

/music/0181. The Carpenters - Close To You (1970) (4 items)
Skipping.

/music/01_Disclosure/Sans_Correspondence (1 items)
Skipping.

/music/02 (2 items)
Skipping.

/music/02/Don't Want You Back (feat. Kiesza) - Single (1 items)
Skipping.

/music/02 -  EXTRANJEROS - singles (Unprocessed) (1 items)
Skipping.

/music/02 - Digital Media (1 items)
Skipping.

/music/02 Behind the Mask/Michael (2010) (1 items)
Skipping.

/music/02 Blues/Concert Tres Tres Prive Rtl2 (2002) (1 items)
Skipping.

/music/02 Broad Daylight/Nova Tunes 1.4 (2005) (1 items)
Skipping.

/music/02 Carry Out/Shock Value II (2009) (1 items)

  Match (98.5%):
  Timbaland with Justin Timberlake - Carry Out
  ≠ album
  MusicBrainz, CD-R, 2010, NL, Universal Music, UMUSIC 01604, None
  https://musicbrainz.org/release/a4a5a98a-0d0f-436d-b09d-c8993adb7bcd
  * Artist: Timbaland with Justin Timberlake
  ≠ Album: Carry Out  (single)  (Mp3) -> Carry Out

/music/02 Dj Khaled Feat. T‐Pain, Ludacris, Snoop Dogg & Rick Ross/VICTORY (2010) (1 items)

  Match (98.8%):
  DJ Khaled ft. T‐Pain, Ludacris, Snoop Dogg & Rick Ross - All I Do Is Win
  ≠ album
  MusicBrainz, Digital Media, 2010, US, E1 Entertainment, None, clean
  https://musicbrainz.org/release/1a055aeb-d76a-42f8-bd12-4b9730a19d42
  ≠ Artist: DJ Khaled ft. T-Pain,       -> DJ Khaled ft. T‐Pain, Ludacris, Snoop
            Ludacris, Snoop Dogg & Rick    Dogg & Rick Ross                     
            Ross                                                                
  ≠ Album: All I Do Is Win  (single)  (Mp3) -> All I Do Is Win

/music/02 Down the Road/Tetra (2012) (1 items)
Skipping.

/music/02 End of the Road (Radio Edit With 3/End of the Road (1992) (1 items)
Skipping.

/music/02 Exch Pop True/Dance Floor Fg Winter 2006 (2006) (1 items)
Skipping.

/music/02 Fighting For 2 (1 items)
Skipping.

/music/02 Journey Extended Mix feat. Emm/Sans Correspondence (Unknown Year) (1 items)
Skipping.

/music/02 Just A Lover [Pomo Remix]/Unknown Album (2016) (1 items)
Skipping.

/music/02 on S'fait Du Mal (1)/Nrj Winter Hits 2015 (2014) (1 items)

  Match (98.8%):
  Black M - On s’fait du mal
  ≠ album
  MusicBrainz, Digital Media, 2014, FR, Wati-B, None, None
  https://musicbrainz.org/release/4bf28c72-8877-400a-8d88-0822cbc548a0
  * Artist: Black M
  ≠ Album: On s'fait du mal  (single)  (Mp3) -> On s’fait du mal
     ≠ (#1) On s'fait du mal (3:32) -> (#1) On s’fait du mal (3:36)

/music/02 Reality/Nova Tunes 2.7 (2012) (1 items)

  Match (98.1%):
  Tame Impala - Elephant
  ≠ album
  MusicBrainz, Digital Media, 2012, GB, Modular Recordings, None, None
  https://musicbrainz.org/release/6930bd81-07d1-4d97-ba54-20e3e6188b29
  * Artist: Tame Impala
  ≠ Album: Elephant  (single)  (Mp3) -> Elephant

/music/02 Rock City/Mechanical Bull (2013) (1 items)
Skipping.

/music/02 Show Me Colours/Colours (1996) (1 items)
Skipping.

/music/02 Si Je M'en Sors/Fragile (2000) (1 items)
Skipping.

/music/02 The Way You Do The Things You Do/Sans Correspondence (Unknown Year) (1 items)
Skipping.

/music/02. Green Day - ¡DOS! (4 items)
Skipping.

/music/02.10.2019 - ALL - electronicfresh.com (1 items)
Skipping.

/music/022/Audios (1980) (1 items)
Skipping.

/music/02_Fais_le_vide_(2)/Slimer_Alchemists_2 (1 items)
Skipping.

/music/03 (6 items)
Skipping.

/music/03/Audios (2005) (1 items)
Skipping.

/music/03/Audios (2013) (1 items)
Skipping.

/music/03/Audios (2017) (1 items)
Skipping.

/music/03/Don Quixote's Christmas Bonanza (1 items)
Skipping.

/music/03/Unknown Album (1 items)
Skipping.

/music/03 GREEDO, HOT DOLLAR, BIZZTURNMEUP/PURPLE SUMMER 2- SON DON'T SHINE (2016) (8 items)
Skipping.

/music/03 Je M'envole 2/L'ocean Sans Fond (1989) (1 items)
Skipping.

/music/03 Letting You Go (Greece 2000) (Dab/Armada Weekly 2011 - 50 (This Week's New Single Releases) (2011) (1 items)
Skipping.

/music/03 Ma Ya Hi (Dragostea Din Tei) [Ori/Sans Correspondence (2 items)
Skipping.

/music/03 Nick Berry/Unknown Album (1 items)
Skipping.

/music/03 Paroles Ton Invitation (1 items)
Skipping.

/music/03 Youth/The Wild Youth Ep (2011) (1 items)
Skipping.

/music/03_Greedo/Ballerina_Macarena_(feat._03_Greedo) (1 items)

  Match (99.1%):
  Ketchy the Great ft. 03 Greedo - Ballerina Macarena
  ≠ album
  MusicBrainz, Digital Media, 2019, XW, None, None, None
  https://musicbrainz.org/release/8db0b2a6-108e-48a5-b31d-b875888df5ab
  * Artist: Ketchy the Great ft. 03 Greedo
  ≠ Album: Ballerina Macarena  (single)  (Mp3) -> Ballerina Macarena

/music/03_Greedo,_Hot_Dollar,_BizzTurnMeUp/Purple_Summer_2_Son_Don't_Shine (3 items)
Skipping.

/music/04 [ Soul.Funk.Disco.Synth-Pop ] (Unprocessed) (2 items)
Skipping.

/music/04 Damn (E/Fun Dancefloor Spring 2014 (2007)
/music/04 Damn (E/Fun Dancefloor Spring 2014 (2007)/CD 02 (1 items)
Skipping.

/music/04 Fallin/Tribute to Belvedere (2010) (1 items)
Skipping.

/music/04 Hold on My Heart
/music/04 Hold on My Heart/Platinum Collection [Disc 1] (1991) (1 items)
Skipping.

/music/04 Je Commence Demain ( Concert Priv/Concert Tres Tres Prive Rtl2 (2002) (1 items)
Skipping.

/music/04 Les P'tits Chapeaux (1)/Concert Tres Tres Prive Rtl2 (2002) (1 items)
Skipping.

/music/04 on You (Radio Edit)/Plugged Magazine- New Face 201 (2015) (1 items)
Skipping.

/music/04 Trey Songz/Unknown Album (1 items)
Skipping.

/music/04 Upgrade U (Feat. Jay/Unknown Album (2006) (1 items)
Skipping.

/music/046/Audios (2007) (1 items)
Skipping.

/music/048 (3 items)
Skipping.

/music/05 (1 items)
Skipping.

/music/05/Audios (1987) (1 items)
Skipping.

/music/05/Audios (1999) (1 items)
Skipping.

/music/05/Audios (2015) (1 items)
Skipping.

/music/05/Audios (2021) (2 items)
Skipping.

/music/05 - Sergio Mendes' Favourite Things (2 items)
Skipping.

/music/05 2 (1 items)
Skipping.

/music/05 Get Low/Zumba Fitness Dance Party 2012 (2003) (1 items)
Skipping.

/music/05 Hot Hands/Electro Lab 02 (2014) (1 items)
Skipping.

/music/05 le Temps Est Compte (1)/Nrj Winter Hits 2015 (2014) (1 items)
Skipping.

/music/05 Snoop Dogg feat. R. Kelly/Tha Blue Carpet Treatment (2006) (1 items)
Skipping.

/music/05 Status Quo/You Ain't Really Down (2011) (1 items)
Skipping.

/music/06/Nrj Hits 2023 (2022) (1 items)
Skipping.

/music/06 - It's Yourz (Single) (1998) (1 items)
Skipping.

/music/06 Bienvenue/La Rencontre (2015) (1 items)
Skipping.

/music/06 East Of Eden (4 items)
Skipping.

/music/06 Snoop Dogg feat. Charlie Wilson/BUSH (2015) (1 items)

  Match (97.6%):
  Snoop Dogg feat. Charlie Wilson - Peaches n Cream
  ≠ album, country
  MusicBrainz, Digital Media, 2015, XW, Columbia, [none], qobuz
  https://musicbrainz.org/release/54e3c4ab-420a-4704-948c-d70c888f6e0b
  * Artist: Snoop Dogg feat. Charlie Wilson
  ≠ Album: Peaches n Cream  (single)  (Mp3) -> Peaches n Cream

/music/06 the Bidness/R&G (Rhythm & Gangsta) the Masterpiece (2004) (1 items)
Skipping.

/music/06 Throw Down/Then and Now (2011) (1 items)
Skipping.

/music/06 Tu cuerpo es ley (1)/My World (2010) (1 items)
Skipping.

/music/06 Turn Me On (Extended)/DJ Only Dance Mixes 60 (Mar 2012) (2011) (1 items)
Skipping.

/music/06. 1981 - Dare! + Love And Dancing (2002 Remastered) (1 items)
Skipping.

/music/06. E/Type (2011) (1 items)
Skipping.

/music/06.CURRENT_HITS_(HALLOWEEN_2022)_PT1_LDS236 (1 items)
Skipping.

/music/063/Audios (1985) (1 items)
Skipping.

/music/0641 - Kool & The Gang - Celebration, The Best Of Kool & The Gang (87 items)
Skipping.

/music/0679 LL Cool J - 1990 Mama Said Knock You Out (6 items)
Skipping.

/music/06_Tu_N'es_Plus_La_(1)/Sans_Correspondence (1 items)
Skipping.

/music/07/Audios (2021) (1 items)
Skipping.

/music/07 le Voile Du Silence/L'palais de Justice (1999) (1 items)
Skipping.

/music/07 My Future/Unknown Album (2015) (1 items)

  Match (98.5%):
  FERG feat. Future - New Level
  ≠ album
  MusicBrainz, Digital Media, 2015, XW, RCA, G010003426736L, explicit
  https://musicbrainz.org/release/d394ca52-4fec-4798-a771-fff549d0da54
  * Artist: FERG feat. Future
  ≠ Album: New Level  (single)  (Mp3) -> New Level

/music/07 on Ira (Concert Prive)/Concert Tres Tres Prive Rtl2 (2002) (1 items)
Skipping.

/music/07. 1981 - Boys And Girls [7''] (2 items)

  Match (99.0%):
  The Human League - Boys and Girls
  ≠ album
  MusicBrainz, 7" Vinyl, 1981, GB, Virgin, VS 395, None
  https://musicbrainz.org/release/b938a805-532f-4ff6-a826-8abbd0722c59
  * Artist: The Human League
  ≠ Album: Boys and Girls  (single)  (Mp3) -> Boys and Girls

/music/08 Bumpy Ride/Zumba Fitness Dance Party 2012 (2010) (1 items)

  Match (98.5%):
  Mohombi - Bumpy Ride
  ≠ album
  MusicBrainz, Digital Media, 2010, FR, AZ, None, None
  https://musicbrainz.org/release/ad8db542-77f4-30de-bb92-59d54e3438b0
  * Artist: Mohombi
  ≠ Album: Bumpy Ride  (single)  (Mp3) -> Bumpy Ride

/music/08 Delirious (Boneless) [feat. Kid I/Gangsta Bizness (2019) (1 items)
Skipping.

/music/08 Kool & the Gang/Ladies' Night (1979)
/music/08 Kool & the Gang/Ladies' Night (1979)/CD 02 (1 items)
Skipping.

/music/08 la Lune S'en Fout/Juste Comme Ca (2011) (1 items)
Skipping.

/music/08 le Repos C Est la Sante/Ombre Est Lumiere, Volume Unique (1993) (1 items)
Skipping.

/music/08 le Retor de Malek Sultan/Ombre Est Lumiere (Vol 1) (1993) (1 items)
Skipping.

/music/08 le Ruisseau la Pierre le Chien/Feldaufnahmen I (2007) (1 items)
Skipping.

/music/08 Les Derniers Seront Les Premiers/D'Eux (1995) (1 items)
Skipping.

/music/08 Lollipop (Candyman)/[Standalone Recordings] (1997) (1 items)
Skipping.

/music/08 Michael Jackson feat. Lenny Kravitz (1 items)
Skipping.

/music/08 Mon Ange/Je Deviens Moi (2005) (1 items)
Skipping.

/music/08 Pour Un Flirt (1)/Les Plus Grands Succes En Version Originale (1990) (1 items)
Skipping.

/music/08 Sans Toi/G Squad (1996) (1 items)
Skipping.

/music/08 Sauver le Monde (1)/Toi + Moi (2008) (1 items)
Skipping.

/music/08 Si Loin de Toi (Feat. Pierro)/Pit Baccardi (2000) (1 items)
Skipping.

/music/08 Why (1)/Tracy Chapman (1988) (1 items)
Skipping.

/music/08 Wise Up/Magnolia (1999) (1 items)
Skipping.

/music/08.03.2023 - ALL electronicfresh.com (TECH HOUSE - HOUSE - DEEP HOUSE 200 TRACKS) (2 items)
Skipping.

/music/08.06.2022 – ALL electronicfresh.com 250 TRACKS (1 items)
Skipping.

/music/08_Seul/Ce_Que_Je_Sais (1 items)
Skipping.

/music/09/Adulte jamais (Réédition) (1 items)
Skipping.

/music/09 - Lost Anthology (2 CD) (2007) (1 items)
Skipping.

/music/09 - Promo Only Mainstream Club [September 2014] (1 items)
Skipping.

/music/09 Boss Life 4/Tha Blue Carpet Treatment (2006) (1 items)
Skipping.

/music/09 Caresse (Acoustic) 1/Vous & Moi (2018) (1 items)
Skipping.

/music/09 Duck and Run/The Greatest Hits (2000) (1 items)
Skipping.

/music/09 Fall Into the Night 2/Music Is My Best Friend (2016) (1 items)
Skipping.

/music/09 fuck wit dre day (and everybody's/The Chronicle_ The Best of the Works.._ (1 items)
Skipping.

/music/09 Funk Transmission/Revolution (2013) (1 items)
Skipping.

/music/09 Gathering of the Lost Loves/Good City for Dreamers (2009) (1 items)
Skipping.

/music/09 Hallelujah (Live at Bearsville)/Playlist- the Very Best of Jeff Buckley (2007) (1 items)

  Match (99.4%):
  Jeff Buckley - Hallelujah (live at Bearsville)
  ≠ album
  MusicBrainz, Digital Media, 2007, US, Columbia, None, None
  https://musicbrainz.org/release/940990a5-56fe-46c8-8cc3-7a11482601f1
  * Artist: Jeff Buckley
  ≠ Album: Hallelujah (live at          -> Hallelujah (live at Bearsville)      
           Bearsville) (single) (Mp3)                                           

/music/09 Hey Ya! 1/Speakerboxxx∕the Love Below [D (2015) (1 items)
Skipping.

/music/09 Imaginist/[Standalone Recordings] (2010) (1 items)
Skipping.

/music/09 Je Vais T Aimer (1)/Michel Sardou (1976) (1 items)
Skipping.

/music/09 L'ami Intime/Toi + Moi (2008) (1 items)
Skipping.

/music/09 Les Bourgeois/Pagny Chante Brel (2007) (1 items)
Skipping.

/music/09 Love Of My Life 2/A Night At The Opera (2012) (1 items)
Skipping.

/music/09 Lyon/Pinback (1999) (1 items)
Skipping.

/music/09 My Heart Is A Fist/The Paramour Sessions (2006) (1 items)
Skipping.

/music/09 Penthouse/Rolling Papers II (2018) (1 items)
Skipping.

/music/09 Please (Do Me Right)/Liebling (1999) (1 items)
Skipping.

/music/09 PSY 4 DE LA RIME/ENFANTS DE LA LUNE (2005) (2 items)
Skipping.

/music/09 Solo Palabras/My World 2 (2013) (1 items)
Skipping.

/music/09 Tonight/Mechanical Bull (2013) (1 items)
Skipping.

/music/09 World in My Eyes/Dmbx5 (1998) (1 items)
Skipping.

/music/09. Bonafide Love/Inconnu (2019) (1 items)
Skipping.

/music/09.04.2022 – ALL electronicfresh.com (420 TRACKS) (1 items)
Skipping.

/music/0910 (1 items)
Skipping.

/music/09_Gitano/Kendji_Girac (1 items)
Skipping.

/music/09_Psy_4_de_la_Rime/Enfants_de_la_Lune (1 items)
Skipping.

/music/1 (6 items)
Skipping.

/music/1/1 (1 items)

  Match (98.4%):
  1 - 1
  ≠ tracks
  MusicBrainz, Digital Media, 2026, XW, Note PC Studio, None, None
  https://musicbrainz.org/release/a35b8999-e393-4d2b-b773-92b048ed025f
  * Artist: 1
  * Album: 1
     ≠ (#1) 1 (2:30) -> (#1) 1 (4:29)

/music/1/2 Hearts (2020) (1 items)

  Match (98.2%):
  Sam Feldt & Sigma feat. Gia Koka - 2 Hearts
  ≠ album
  MusicBrainz, Digital Media, 2020, US, One Seven Music, None, None
  https://musicbrainz.org/release/23fe46e1-b6e1-496a-a394-cdc94ad70f7e
  * Artist: Sam Feldt & Sigma feat. Gia Koka
  ≠ Album: 2 Hearts  (single)  (Mp3) -> 2 Hearts

/music/1/[Standalone Recordings] (2016) (1 items)

  Match (99.4%):
  Shawn Mendes - There's Nothing Holdin' Me Back
  ≠ album
  MusicBrainz, Digital Media, 2017, US, None, None, None
  https://musicbrainz.org/release/6c503816-2781-42f7-b316-391532b7f031
  * Artist: Shawn Mendes
  ≠ Album: There's Nothing Holdin' Me   -> There's Nothing Holdin' Me Back      
           Back (single) (Mp3)                                                  

/music/1/[Standalone_Recordings] (1 items)
Skipping.

/music/1/A Tapestry of Dreams (2013) (1 items)

  Match (98.4%):
  68+1 - sundered
  ≠ album
  MusicBrainz, Digital Media, 2025, XW, None, None, None
  https://musicbrainz.org/release/f69e838e-cc77-497b-870d-e0cfd71c9ad6
  * Artist: 68+1
  ≠ Album: sundered  (single)  (Mp3) -> sundered

/music/1/A_Perfect_Sky (1 items)
Skipping.

/music/1/About_You (1 items)
Skipping.

/music/1/Abracadabra (2 items)
Skipping.

/music/1/Act_Like_You_Know_(Single) (1 items)
Skipping.

/music/1/Afire_Love (1 items)
Skipping.

/music/1/All Night (Featuring Ally Brooke) (2020) (1 items)

  Match (98.4%):
  Afrojack - All Night
  ≠ album
  MusicBrainz, Digital Media, 2020, None, Wall Recordings, None, None
  https://musicbrainz.org/release/801daae6-12c6-46ba-811c-16db81c45cef
  * Artist: Afrojack
  ≠ Album: All Night  (single)  (Mp3) -> All Night

/music/1/All_the_Way_Up_(Remix)_[Single] (1 items)
Skipping.

/music/1/Ameno (1 items)
Skipping.

/music/1/American_Dream (1 items)
Skipping.

/music/1/Anitta (2021) (1 items)
Skipping.

/music/1/Anthologie_Vol.1 (1 items)
Skipping.

/music/1/At_the_Top_-_Single (2 items)
Skipping.

/music/1/Au_Nom_de_la_Lune (1 items)
Skipping.

/music/1/Audios (6 items)
Skipping.

/music/1/Audios (2001) (1 items)
Skipping.

/music/1/Audios (2014) (1 items)

  Match (97.5%):
  Trey Songz - Na Na
  ≠ album
  MusicBrainz, CD, 2014, US, Atlantic, None, None
  https://musicbrainz.org/release/363967b9-2595-4f35-8707-44faa428f3f3
  * Artist: Trey Songz
  ≠ Album: Na Na  (single)  (Mp3) -> Na Na

/music/1/Audios (2017) (1 items)

  Match (96.5%):
  Becky G feat. Bad Bunny - Mayores (urban tropical)
  ≠ album, country
  MusicBrainz, Digital Media, 2017, AF, Kemosabe, None, None
  https://musicbrainz.org/release/93347c76-498d-4b4c-96d4-12ec34146c99
  * Artist: Becky G feat. Bad Bunny
  ≠ Album: Mayores (urban tropical)     -> Mayores (urban tropical)             
           (single) (Mp3)                                                       
configuration error: import.duplicate_action: must be one of ['skip', 'keep', 'remove', 'merge', 'ask'], not 'delete'

⚠ code=1 — music
