Pipeline tagging — Mode: RÉEL

━━━━━━━━━━━━━━━━━━━━━━━━━━━━━━━━━━━━━━━━━━━━━━━━━━━━━━━━━━━━
📁 /music
━━━━━━━━━━━━━━━━━━━━━━━━━━━━━━━━━━━━━━━━━━━━━━━━━━━━━━━━━━━━

[1/2] songrec-rename — identification Shazam
$ /usr/local/bin/songrec-rename -i /music
1381 fichier(s) audio trouvé(s).  [tags ID3]

[1/1381] (02) - Faith Hill - You Give Me Love.mp3
  ♪ Faith Hill — You Give Me Love (Faith) [1998]  [SongRec]
  (02) - Faith Hill - You Give Me Love.mp3
  → Faith Hill - You Give Me Love.mp3
  ♬ Faith Hill — You Give Me Love, album : Faith, année : 1998, genre : Country
[2/1381] (02) - Yasmin - Finish Line (Freemasons Pegasus Club Mix).mp3
  ♪ Yasmin — Finish Line (Freemason's Pegasus Club Mix)  [SongRec]
  (02) - Yasmin - Finish Line (Freemasons Pegasus Club Mix).mp3
  → Yasmin - Finish Line (Freemason's Pegasus Club Mix).mp3
  ♬ Yasmin — Finish Line (Freemason's Pegasus Club Mix), genre : Dance
[3/1381] (03) - Justin Timberlake - (Oh No) What You Got.mp3
  ♪ Justin Timberlake — (Oh No) What You Got (Justified) [2002]  [SongRec]
  (03) - Justin Timberlake - (Oh No) What You Got.mp3
  → Justin Timberlake - (Oh No) What You Got.mp3
  ♬ Justin Timberlake — (Oh No) What You Got, album : Justified, année : 2002, genre : Pop
[4/1381] (05) [Mohamed Lamouri & Groupe Mostla] Sbart Ou Tal Adabi.mp3
  ♪ Mohamed Lamouri & Groupe Mostla — Sbart Ou Tal Adabi (Underground Raï Love) [2019]  [SongRec]
  (05) [Mohamed Lamouri & Groupe Mostla] Sbart Ou Tal Adabi.mp3
  → Mohamed Lamouri & Groupe Mostla - Sbart Ou Tal Adabi.mp3
  ♬ Mohamed Lamouri & Groupe Mostla — Sbart Ou Tal Adabi, album : Underground Raï Love, année : 2019, genre : Pop
[5/1381] (08) - Nelly - Ride Wit Me (Feat City Spud).mp3
  ♪ Nelly & City Spud — Ride Wit Me (feat. City Spud) (6 Pack: Nelly - EP) [2000]  [SongRec]
  (08) - Nelly - Ride Wit Me (Feat City Spud).mp3
  → Nelly & City Spud - Ride Wit Me (feat. City Spud).mp3
  ♬ Nelly & City Spud — Ride Wit Me (feat. City Spud), album : 6 Pack: Nelly - EP, année : 2000, genre : Hip-Hop/Rap
[6/1381] (08) - Various Artists - R. Kelly , The Storm Is Over Now.mp3
  ♪ R. Kelly — The Storm Is Over Now (TP-2.com) [2000]  [SongRec]
  (08) - Various Artists - R. Kelly , The Storm Is Over Now.mp3
  → R. Kelly - The Storm Is Over Now.mp3
  ♬ R. Kelly — The Storm Is Over Now, album : TP-2.com, année : 2000, genre : R&B/Soul
[7/1381] (Final master) I Remember - Deadmau5, Kaskade (Kalireza HT remix) (extended version).mp3
  ♪ Cinematic Background Instrumental Station — Technology Background Music (Cinematic Background Music) [2025]  [SongRec]
  (Final master) I Remember - Deadmau5, Kaskade (Kalireza HT remix) (extended version).mp3
  → Cinematic Background Instrumental Station - Technology Background Music.mp3
  ♬ Cinematic Background Instrumental Station — Technology Background Music, album : Cinematic Background Music, année : 2025, genre : Classical
[8/1381] ++ 04_jjos_-_in_a_perfect_world-puta_639159145622955030.mp3
  ♪ Jjos — In a Perfect World (Come into My Space) [2011]  [SongRec]
  ++ 04_jjos_-_in_a_perfect_world-puta_639159145622955030.mp3
  → Jjos - In a Perfect World.mp3
  ♬ Jjos — In a Perfect World, album : Come into My Space, année : 2011, genre : Electronic
[9/1381] - Assia - Elle est à toi.mp3
  ♪ Assia — Elle est à toi (Chercheuse d'or) [2000]  [SongRec]
  - Assia - Elle est à toi.mp3
  → Assia - Elle est à toi.mp3
  ♬ Assia — Elle est à toi, album : Chercheuse d'or, année : 2000, genre : Pop
[10/1381] - Gage - Pense à moi.mp3
  ♪ Gage — Pense à moi (Soul Rebel) [2005]  [SongRec]
  - Gage - Pense à moi.mp3
  → Gage - Pense à moi.mp3
  ♬ Gage — Pense à moi, album : Soul Rebel, année : 2005, genre : Soul
[11/1381] - LIGHTHOUSE FAMILY - Question of Faith (Idjut Boys Mix).aif
  ✗ non reconnu (ni SongRec ni tags)
[12/1381] - Les Enfoirés - Ici les Enfoirés (Radio Edit).mp3
  ♪ Les Enfoirés — Ici les Enfoirés (Radio Edit)  [SongRec]
  - Les Enfoirés - Ici les Enfoirés (Radio Edit).mp3
  → Les Enfoirés - Ici les Enfoirés (Radio Edit).mp3
  ♬ Les Enfoirés — Ici les Enfoirés (Radio Edit), genre : French Pop
[13/1381] - Patrick Fiori - Toutes les peines.mp3
  ♪ Patrick Fiori — Toutes les peines (Si on chantait plus fort) [2002]  [SongRec]
  - Patrick Fiori - Toutes les peines.mp3
  → Patrick Fiori - Toutes les peines.mp3
  ♬ Patrick Fiori — Toutes les peines, album : Si on chantait plus fort, année : 2002, genre : French Pop
[14/1381] 004 - The London Ensemble - Winter - Lux Aeterna (From _Requiem for a Dream_).mp3
  ♪ The London Ensemble — Winter - Lux Aeterna (From "Requiem for a Dream") (Requiem for a Tower | Dream - Single) [2009]  [SongRec]
  004 - The London Ensemble - Winter - Lux Aeterna (From _Requiem for a Dream_).mp3
  → The London Ensemble - Winter - Lux Aeterna (From Requiem for a Dream).mp3
  ♬ The London Ensemble — Winter - Lux Aeterna (From "Requiem for a Dream"), album : Requiem for a Tower | Dream - Single, année : 2009, genre : Soundtrack
[15/1381] 005-Dansant Dans Paris + Steve Wright In The Afternoon + A Voyage Through The Rush Hour + The Ethernet.mp3
  ♪ The Tangent — 3rd Movement: Afternoon Malaise (Le Sacre Du Travail) [2013]  [SongRec]
  005-Dansant Dans Paris + Steve Wright In The Afternoon + A Voyage Through The Rush Hour + The Ethernet.mp3
  → The Tangent - 3rd Movement Afternoon Malaise.mp3
  ♬ The Tangent — 3rd Movement: Afternoon Malaise, album : Le Sacre Du Travail, année : 2013, genre : Metal
[16/1381] 005. Blaikz, Marc Kiss, Robin White - abcdefu.mp3
  ♪ Blaikz, Marc Kiss & Robin White — abcdefu (Ballermann Charts Top 50 - Die Hits des Sommers 2023) [2022]  [SongRec]
  005. Blaikz, Marc Kiss, Robin White - abcdefu.mp3
  → Blaikz, Marc Kiss & Robin White - abcdefu.mp3
  ♬ Blaikz, Marc Kiss & Robin White — abcdefu, album : Ballermann Charts Top 50 - Die Hits des Sommers 2023, année : 2022, genre : Dance
[17/1381] 01  Rough Out Here.mp3
  ♪ The Modulations — Rough Out Here (It's Rough Out Here (Expanded Edition)) [1994]  [SongRec]
  01  Rough Out Here.mp3
  → The Modulations - Rough Out Here.mp3
  ♬ The Modulations — Rough Out Here, album : It's Rough Out Here (Expanded Edition), année : 1994, genre : R&B/Soul
[18/1381] 01  Rough Out Here_639159098796934048.mp3
  ♪ The Modulations — Rough Out Here (It's Rough Out Here (Expanded Edition)) [1994]  [SongRec]
  ⚠ conflit : The Modulations - Rough Out Here.mp3 existe déjà, ignoré
  ♬ The Modulations — Rough Out Here, album : It's Rough Out Here (Expanded Edition), année : 1994, genre : R&B/Soul
[19/1381] 01  Rough Out Here_639159159920151409.mp3
  ♪ The Modulations — Rough Out Here (It's Rough Out Here (Expanded Edition)) [1994]  [SongRec]
  ⚠ conflit : The Modulations - Rough Out Here.mp3 existe déjà, ignoré
  ♬ The Modulations — Rough Out Here, album : It's Rough Out Here (Expanded Edition), année : 1994, genre : R&B/Soul
[20/1381] 01  Rough Out Here_639159176830836977.mp3
  ♪ The Modulations — Rough Out Here (It's Rough Out Here (Expanded Edition)) [1994]  [SongRec]
  ⚠ conflit : The Modulations - Rough Out Here.mp3 existe déjà, ignoré
  ♬ The Modulations — Rough Out Here, album : It's Rough Out Here (Expanded Edition), année : 1994, genre : R&B/Soul
[21/1381] 01 - Alborosie - Play Fool (To Catch Wise) [Discomix].mp3
  ♪ Alborosie — Play Fool (To Catch Wise) (Sound the System) [2013]  [SongRec]
  01 - Alborosie - Play Fool (To Catch Wise) [Discomix].mp3
  → Alborosie - Play Fool (To Catch Wise).mp3
  ♬ Alborosie — Play Fool (To Catch Wise), album : Sound the System, année : 2013, genre : Reggae
[22/1381] 01 - Ameno (Remix).mp3
  ♪ ERA — Ameno (Era I) [1996]  [SongRec]
  01 - Ameno (Remix).mp3
  → ERA - Ameno.mp3
  ♬ ERA — Ameno, album : Era I, année : 1996, genre : Electronic
[23/1381] 01 - BBY KODIE - Pain Passion Fortune.mp3
  ♪ BBY KODIE — Pain Passion Fortune (Emotions Running High) [2021]  [SongRec]
  01 - BBY KODIE - Pain Passion Fortune.mp3
  → BBY KODIE - Pain Passion Fortune.mp3
  ♬ BBY KODIE — Pain Passion Fortune, album : Emotions Running High, année : 2021, genre : Hip-Hop/Rap
[24/1381] 01 - Big Girl (Feat. Kevin & Perry) - Precocious Brats.mp3
  ♪ Precocious Brats — Big Girl (All I Wanna Do Is Do It!) (feat. Kevin and Perry) [From "Kevin & Perry Go Large"] (Big Girl (All I Wanna Do Is Do It!) (feat. Kevin and Perry) [From "Kevin & Perry Go Large"] - Single) [2000]  [SongRec]
  01 - Big Girl (Feat. Kevin & Perry) - Precocious Brats.mp3
  → Precocious Brats - Big Girl (All I Wanna Do Is Do It!) (feat. Kevin and Perry) [From Kevin & Perry Go Large].mp3
  ♬ Precocious Brats — Big Girl (All I Wanna Do Is Do It!) (feat. Kevin and Perry) [From "Kevin & Perry Go Large"], album : Big Girl (All I Wanna Do Is Do It!) (feat. Kevin and Perry) [From "Kevin & Perry Go Large"] - Single, année : 2000, genre : Dance
[25/1381] 01 - Cry (Extended Version).mp3
  ♪ Waterfront — Cry (Extended Version) (Cry (Us 12")) [1989]  [tags existants]
  01 - Cry (Extended Version).mp3
  → Waterfront - Cry (Extended Version).mp3
  ♬ Waterfront — Cry (Extended Version), album : Cry (Us 12"), année : 1989
[26/1381] 01 - Cygnus X‒1, Book II - Hemispheres - I. Prelude + II. Apollo - Bringer of Wisdom + III. Dionysus - Bringer of Love + IV. Armageddon - The Battle of Heart and Mind + V. Cygnus - Bringer of Balance + VI. The Sphere - A Kind of Dream.mp3
  ♪ Rush — Dionyus Bringer Of Love  [SongRec]
  01 - Cygnus X‒1, Book II - Hemispheres - I. Prelude + II. Apollo - Bringer of Wisdom + III. Dionysus - Bringer of Love + IV. Armageddon - The Battle of Heart and Mind + V. Cygnus - Bringer of Balance + VI. The Sphere - A Kind of Dream.mp3
  → Rush - Dionyus Bringer Of Love.mp3
  ♬ Rush — Dionyus Bringer Of Love
[27/1381] 01 - D Mob - We Call It Acieeed (feat. Gary Haisman) [Radio Edit Remastered].mp3
  ♪ D Mob — We Call It Acieeed (feat. Gary Haisman) [12" Version Remastered] (We Call It Acieeed (feat. Gary Haisman)) [2019]  [SongRec]
  01 - D Mob - We Call It Acieeed (feat. Gary Haisman) [Radio Edit Remastered].mp3
  → D Mob - We Call It Acieeed (feat. Gary Haisman) [12 Version Remastered].mp3
  ♬ D Mob — We Call It Acieeed (feat. Gary Haisman) [12" Version Remastered], album : We Call It Acieeed (feat. Gary Haisman), année : 2019, genre : Electronic
[28/1381] 01 - Dizzee Rascal - Something Really Bad Digital Dog remix.mp3
  ♪ Dizzee Rascal — Something Really Bad (feat. will.i.am) (The Fifth) [2013]  [SongRec]
  01 - Dizzee Rascal - Something Really Bad Digital Dog remix.mp3
  → Dizzee Rascal - Something Really Bad (feat. will.i.am).mp3
  ♬ Dizzee Rascal — Something Really Bad (feat. will.i.am), album : The Fifth, année : 2013, genre : Dance
[29/1381] 01 - Dizzy (The Coffee Break Mix).mp3
  ♪ Vic Reeves & the Wonder Stuff — Dizzy (The Coffee Break mix) (Dizzy) [1991]  [tags existants]
  01 - Dizzy (The Coffee Break Mix).mp3
  → Vic Reeves & the Wonder Stuff - Dizzy (The Coffee Break mix).mp3
  ♬ Vic Reeves & the Wonder Stuff — Dizzy (The Coffee Break mix), album : Dizzy, année : 1991
[30/1381] 01 - Entering The Halls Od Winter.mp3
  ♪ Höstsonaten — Entering the Halls of Winter (Winterthrough) [2008]  [tags existants]
  01 - Entering The Halls Od Winter.mp3
  → Höstsonaten - Entering the Halls of Winter.mp3
  ♬ Höstsonaten — Entering the Halls of Winter, album : Winterthrough, année : 2008
[31/1381] 01 - Estelle - 1980.mp3
  ♪ Estelle — 1980 (The 18th Day...) [2004]  [SongRec]
  01 - Estelle - 1980.mp3
  → Estelle - 1980.mp3
  ♬ Estelle — 1980, album : The 18th Day..., année : 2004, genre : Pop
[32/1381] 01 - Femme libérée - Cookie Dingler.mp3
  ♪ Cookie Dingler — Femme libérée (Femme libérée - Single) [1984]  [SongRec]
  01 - Femme libérée - Cookie Dingler.mp3
  → Cookie Dingler - Femme libérée.mp3
  ♬ Cookie Dingler — Femme libérée, album : Femme libérée - Single, année : 1984, genre : Hip-Hop/Rap
[33/1381] 01 - GOLDFRAPP - Ooh La La.dsf
  ✗ non reconnu (ni SongRec ni tags)
[34/1381] 01 - Hale Bopp (Bsb's Stella Polaris Remix).mp3
  ♪ Der Dritte Raum — Hale Bopp (Bsb's Stella Polaris Remix) (Hale Bopp (Bsb's Stella Polaris Remix) - Single) [2021]  [SongRec]
  01 - Hale Bopp (Bsb's Stella Polaris Remix).mp3
  → Der Dritte Raum - Hale Bopp (Bsb's Stella Polaris Remix).mp3
  ♬ Der Dritte Raum — Hale Bopp (Bsb's Stella Polaris Remix), album : Hale Bopp (Bsb's Stella Polaris Remix) - Single, année : 2021, genre : Electronic
[35/1381] 01 - Hourglass.mp3
  ♪ Squeeze — Hourglass (Babylon and On) [1987]  [SongRec]
  01 - Hourglass.mp3
  → Squeeze - Hourglass.mp3
  ♬ Squeeze — Hourglass, album : Babylon and On, année : 1987, genre : Pop
[36/1381] 01 - JAMES GANG - Funk #49.dsf
  ✗ non reconnu (ni SongRec ni tags)
[37/1381] 01 - Julian Perretta - Miracle [2016].mp3
  ♪ Julian Perretta — Miracle (Miracle - Single) [2015]  [SongRec]
  01 - Julian Perretta - Miracle [2016].mp3
  → Julian Perretta - Miracle.mp3
  ♬ Julian Perretta — Miracle, album : Miracle - Single, année : 2015, genre : Dance
[38/1381] 01 - Kenny Loggins - Footloose.dsf
  ✗ non reconnu (ni SongRec ni tags)
[39/1381] 01 - Kim Wilde - You Came (Extended Version).mp3
  ♪ Kim Wilde — You Came (12" Version) (Close (Remastered Expanded Edition)) [2013]  [SongRec]
  01 - Kim Wilde - You Came (Extended Version).mp3
  → Kim Wilde - You Came (12 Version).mp3
  ♬ Kim Wilde — You Came (12" Version), album : Close (Remastered Expanded Edition), année : 2013, genre : Pop
[40/1381] 01 - Labour Of Love (7'' Urban Edit).mp3
  ♪ Hue And Cry — Labour of Love (7" Urban Edit) (Labours of Love - The Best of Hue and Cry) [1993]  [SongRec]
  01 - Labour Of Love (7'' Urban Edit).mp3
  → Hue And Cry - Labour of Love (7 Urban Edit).mp3
  ♬ Hue And Cry — Labour of Love (7" Urban Edit), album : Labours of Love - The Best of Hue and Cry, année : 1993, genre : Pop
[41/1381] 01 - Les Champs-Elysées (stephane pompougnac remix).mp3
  ♪ Clementine — Les Champs-Elysees (Stehane Pompougnac Remix) (30 Degrees) [2002]  [SongRec]
  01 - Les Champs-Elysées (stephane pompougnac remix).mp3
  → Clementine - Les Champs-Elysees (Stehane Pompougnac Remix).mp3
  ♬ Clementine — Les Champs-Elysees (Stehane Pompougnac Remix), album : 30 Degrees, année : 2002, genre : Pop
[42/1381] 01 - Love Resurrection (2009 Remaster).mp3
  ♪ Alison Moyet — Love Resurrection (Alf) [1984]  [SongRec]
  01 - Love Resurrection (2009 Remaster).mp3
  → Alison Moyet - Love Resurrection.mp3
  ♬ Alison Moyet — Love Resurrection, album : Alf, année : 1984, genre : Pop
[43/1381] 01 - Maldòn (version originale).mp3
  ♪ Zouk Machine — Maldon (Expérience 7 - EP) [1988]  [SongRec]
  01 - Maldòn (version originale).mp3
  → Zouk Machine - Maldon.mp3
  ♬ Zouk Machine — Maldon, album : Expérience 7 - EP, année : 1988, genre : World
[44/1381] 01 - Maneater.dsf
  ✗ non reconnu (ni SongRec ni tags)
[45/1381] 01 - Miami Vice Theme (Extended Remix).mp3
  ♪ Jan Hammer — Miami Vice Theme (Extended Version)  [SongRec]
  01 - Miami Vice Theme (Extended Remix).mp3
  → Jan Hammer - Miami Vice Theme (Extended Version).mp3
  ♬ Jan Hammer — Miami Vice Theme (Extended Version), genre : Soundtrack
[46/1381] 01 - Move To The Rhythm (Radio Version).mp3
  ♪ Arsevty — Element (Thinkers - EP) [2014]  [SongRec]
  01 - Move To The Rhythm (Radio Version).mp3
  → Arsevty - Element.mp3
  ♬ Arsevty — Element, album : Thinkers - EP, année : 2014, genre : Dance
[47/1381] 01 - Mumtaz Mahal - Coming Of The Mandinka.dsf
  ✗ non reconnu (ni SongRec ni tags)
[48/1381] 01 - New Beginning (Mamba Seyra) (Ian Levine Remix).mp3
  ♪ Bucks Fizz — New Beginning (Mamba Seyra) [Ian Levine Club Mix] (Bucks Fizz / Writing on the Wall) [2004]  [SongRec]
  01 - New Beginning (Mamba Seyra) (Ian Levine Remix).mp3
  → Bucks Fizz - New Beginning (Mamba Seyra) [Ian Levine Club Mix].mp3
  ♬ Bucks Fizz — New Beginning (Mamba Seyra) [Ian Levine Club Mix], album : Bucks Fizz / Writing on the Wall, année : 2004, genre : Pop
[49/1381] 01 - Nomad - (I Wanna Give You) Devotion (Original Radio Version).mp3
  ♪ Nomad — (I Wanna Give You) Devotion ((I Wanna Give You) Devotion - Single) [1991]  [SongRec]
  01 - Nomad - (I Wanna Give You) Devotion (Original Radio Version).mp3
  → Nomad - (I Wanna Give You) Devotion.mp3
  ♬ Nomad — (I Wanna Give You) Devotion, album : (I Wanna Give You) Devotion - Single, année : 1991, genre : Dance
[50/1381] 01 - Other Side of the World.mp3
  ♪ KT Tunstall — Other Side Of The World (Eye to the Telescope: Stargazer Edition) [2004]  [SongRec]
  01 - Other Side of the World.mp3
  → KT Tunstall - Other Side Of The World.mp3
  ♬ KT Tunstall — Other Side Of The World, album : Eye to the Telescope: Stargazer Edition, année : 2004, genre : Pop
[51/1381] 01 - Oxya - Spirit Spine.mp3
  ♪ Oxya — Spirit Spine (The King of Nothing 2) [2013]  [SongRec]
  01 - Oxya - Spirit Spine.mp3
  → Oxya - Spirit Spine.mp3
  ♬ Oxya — Spirit Spine, album : The King of Nothing 2, année : 2013, genre : Dance
[52/1381] 01 - Paradise.mp3
  ♪ Kaci Battaglia — Paradise (I'm Not Anybody's Girl) [2002]  [SongRec]
  01 - Paradise.mp3
  → Kaci Battaglia - Paradise.mp3
  ♬ Kaci Battaglia — Paradise, album : I'm Not Anybody's Girl, année : 2002, genre : Dance
[53/1381] 01 - Rain In The Summertime (Thunder Mix).mp3
  ♪ The Alarm — Rain In the Summertime (Live In the Poppy Fields) [2004]  [SongRec]
  01 - Rain In The Summertime (Thunder Mix).mp3
  → The Alarm - Rain In the Summertime.mp3
  ♬ The Alarm — Rain In the Summertime, album : Live In the Poppy Fields, année : 2004, genre : Rock
[54/1381] 01 - Ready For The Floor - Hot Chip (24bit-96khz).mp3
  ♪ Hot Chip — Ready For The Floor (Joy In Repetition) [2025]  [SongRec]
  01 - Ready For The Floor - Hot Chip (24bit-96khz).mp3
  → Hot Chip - Ready For The Floor.mp3
  ♬ Hot Chip — Ready For The Floor, album : Joy In Repetition, année : 2025, genre : Alternative
[55/1381] 01 - Remember the Future (Part I)_ a. Images of the Past _ b. Wheel of Time _ c. Remember the Future _ d. Confusion.mp3
  ♪ Nektar — Remember the Future (Part I): A. Images of the Past / B. Wheel of Time / C. Remember the Future / D. Confusion (Remember the Future) [1973]  [tags existants]
  01 - Remember the Future (Part I)_ a. Images of the Past _ b. Wheel of Time _ c. Remember the Future _ d. Confusion.mp3
  → Nektar - Remember the Future (Part I) A. Images of the Past B. Wheel of Time C. Remember the Future D. Confusion.mp3
  ♬ Nektar — Remember the Future (Part I): A. Images of the Past / B. Wheel of Time / C. Remember the Future / D. Confusion, album : Remember the Future, année : 1973
[56/1381] 01 - Search and Destroy [2023 Remaster] (Iggy Mix) (Album Version).mp3
  ♪ Iggy & The Stooges — Search and Destroy (Back to the Noise (Studio Tracks & Live at the Whiskey A Go-Go 1973)) [2003]  [SongRec]
  01 - Search and Destroy [2023 Remaster] (Iggy Mix) (Album Version).mp3
  → Iggy & The Stooges - Search and Destroy.mp3
  ♬ Iggy & The Stooges — Search and Destroy, album : Back to the Noise (Studio Tracks & Live at the Whiskey A Go-Go 1973), année : 2003, genre : Punk
[57/1381] 01 - Seven Nation Army.dsf
  ✗ non reconnu (ni SongRec ni tags)
[58/1381] 01 - Ship To Wreck.mp3
  ♪ Florence + the Machine — Ship To Wreck (How Big, How Blue, How Beautiful) [2015]  [SongRec]
  01 - Ship To Wreck.mp3
  → Florence + the Machine - Ship To Wreck.mp3
  ♬ Florence + the Machine — Ship To Wreck, album : How Big, How Blue, How Beautiful, année : 2015, genre : Alternative
[59/1381] 01 - Stand up.mp3
  ♪ Garou — Stand Up  [SongRec]
  01 - Stand up.mp3
  → Garou - Stand Up.mp3
  ♬ Garou — Stand Up, genre : Pop
[60/1381] 01 - Starlight.mp3
  ♪ Westlife — Starlight (Wild Dreams (Deluxe Edition)) [2021]  [SongRec]
  01 - Starlight.mp3
  → Westlife - Starlight.mp3
  ♬ Westlife — Starlight, album : Wild Dreams (Deluxe Edition), année : 2021, genre : Pop
[61/1381] 01 - The Big Blue Ouverture.mp3
  ♪ Eric Serra — The Big Blue (Overture) (Le Grand Bleu (Version Longue)) [1988]  [SongRec]
  01 - The Big Blue Ouverture.mp3
  → Eric Serra - The Big Blue (Overture).mp3
  ♬ Eric Serra — The Big Blue (Overture), album : Le Grand Bleu (Version Longue), année : 1988, genre : Pop
[62/1381] 01 - The Fatback Band - (Are You Ready) Do The Bus Stop (Joey Negro London Bus Stop Mix).mp3
  ♪ The Fatback Band — (Are You Ready) Do the Bus Stop (Joey Negro London Bus Stop Mix) (Remixed with Love by Joey Negro, Vol. 3 (Streaming Edition) [Remixes]) [2018]  [SongRec]
  01 - The Fatback Band - (Are You Ready) Do The Bus Stop (Joey Negro London Bus Stop Mix).mp3
  → The Fatback Band - (Are You Ready) Do the Bus Stop (Joey Negro London Bus Stop Mix).mp3
  ♬ The Fatback Band — (Are You Ready) Do the Bus Stop (Joey Negro London Bus Stop Mix), album : Remixed with Love by Joey Negro, Vol. 3 (Streaming Edition) [Remixes], année : 2018, genre : Disco
[63/1381] 01 - The Last Of The Famous International Playboys.mp3
  ♪ Morrissey — The Last of the Famous International Playboys (World of Morrissey) [1989]  [SongRec]
  01 - The Last Of The Famous International Playboys.mp3
  → Morrissey - The Last of the Famous International Playboys.mp3
  ♬ Morrissey — The Last of the Famous International Playboys, album : World of Morrissey, année : 1989, genre : College Rock
[64/1381] 01 - The Wallflowers - Bringing Down the Horse - One Headlight.mp3
  ♪ The Wallflowers — One Headlight (Bringing Down the Horse) [1996]  [SongRec]
  01 - The Wallflowers - Bringing Down the Horse - One Headlight.mp3
  → The Wallflowers - One Headlight.mp3
  ♬ The Wallflowers — One Headlight, album : Bringing Down the Horse, année : 1996, genre : Rock
[65/1381] 01 - The Word Girl (Flesh & Blood)_5.1.mp3
  ♪ Scritti Politti — The Word Girl (Cupid & Psyche 85) [1985]  [SongRec]
  01 - The Word Girl (Flesh & Blood)_5.1.mp3
  → Scritti Politti - The Word Girl.mp3
  ♬ Scritti Politti — The Word Girl, album : Cupid & Psyche 85, année : 1985, genre : Alternative
[66/1381] 01 - Too Much (Radio Edit).mp3
  ♪ Spice Girls — Too Much (Spiceworld) [1997]  [SongRec]
  01 - Too Much (Radio Edit).mp3
  → Spice Girls - Too Much.mp3
  ♬ Spice Girls — Too Much, album : Spiceworld, année : 1997, genre : Britpop
[67/1381] 01 - Trommeltanz (Din Daa Daa) (Special ''Daa Daa'' Mix).mp3
  ♪ George Kranz — Din Daa Daa (Din Daa Daa (Remixes)) [1984]  [SongRec]
  01 - Trommeltanz (Din Daa Daa) (Special ''Daa Daa'' Mix).mp3
  → George Kranz - Din Daa Daa.mp3
  ♬ George Kranz — Din Daa Daa, album : Din Daa Daa (Remixes), année : 1984, genre : Dance
[68/1381] 01 - Various - Party Dj Rudie Jansen & Dj Codo.mp3
  ♪ Various — Party Dj Rudie Jansen & Dj Codo (Mastermix Dj Beats in the mix Part 5 (2020)) [2920]  [tags existants]
  01 - Various - Party Dj Rudie Jansen & Dj Codo.mp3
  → Various - Party Dj Rudie Jansen & Dj Codo.mp3
  ♬ Various — Party Dj Rudie Jansen & Dj Codo, album : Mastermix Dj Beats in the mix Part 5 (2020), année : 2920
[69/1381] 01 - Wannabe.mp3
  ♪ Spice Girls — Wannabe (Wannabe 25 - EP) [1996]  [SongRec]
  01 - Wannabe.mp3
  → Spice Girls - Wannabe.mp3
  ♬ Spice Girls — Wannabe, album : Wannabe 25 - EP, année : 1996, genre : Pop
[70/1381] 01 - Young Hearts Run Free (12'' Extended M&M Mix Eighty-Six).mp3
  ♪ Candi Staton — Young Hearts Run Free (Mike Maurro 1976 12" Disco Remix) (Feel Good Club Classics) [2005]  [SongRec]
  01 - Young Hearts Run Free (12'' Extended M&M Mix Eighty-Six).mp3
  → Candi Staton - Young Hearts Run Free (Mike Maurro 1976 12 Disco Remix).mp3
  ♬ Candi Staton — Young Hearts Run Free (Mike Maurro 1976 12" Disco Remix), album : Feel Good Club Classics, année : 2005, genre : Dance
[71/1381] 01 - jean-paul pognon - koumbit - krysti.mp3
  ♪ Jean-Paul Pognon — Krysti (L'Année Du Zouk, Vol. 3) [2007]  [SongRec]
  01 - jean-paul pognon - koumbit - krysti.mp3
  → Jean-Paul Pognon - Krysti.mp3
  ♬ Jean-Paul Pognon — Krysti, album : L'Année Du Zouk, Vol. 3, année : 2007, genre : World
[72/1381] 01 - jean-paul pognon - koumbit - krysti_639158164896734515.mp3
  ♪ Jean-Paul Pognon — Krysti (L'Année Du Zouk, Vol. 3) [2007]  [SongRec]
  ⚠ conflit : Jean-Paul Pognon - Krysti.mp3 existe déjà, ignoré
  ♬ Jean-Paul Pognon — Krysti, album : L'Année Du Zouk, Vol. 3, année : 2007, genre : World
[73/1381] 01 Change (Edit).mp3
  ♪ Lisa Stansfield — Change (Real Love) [1991]  [SongRec]
  01 Change (Edit).mp3
  → Lisa Stansfield - Change.mp3
  ♬ Lisa Stansfield — Change, album : Real Love, année : 1991, genre : R&B/Soul
[74/1381] 01 Craig Charles Funk & Soul Classic.mp3
  ♪ Various Artists — Craig Charles Funk and Soul Classics Dj Mix (Craig Charles Funk & Soul Classics) [2015]  [tags existants]
  01 Craig Charles Funk & Soul Classic.mp3
  → Various Artists - Craig Charles Funk and Soul Classics Dj Mix.mp3
  ♬ Various Artists — Craig Charles Funk and Soul Classics Dj Mix, album : Craig Charles Funk & Soul Classics, année : 2015
[75/1381] 01 Dam Dam.mp3
  ♪ אריס סאן — Dam Dam (Dam Dam) [1998]  [SongRec]
  01 Dam Dam.mp3
  → אריס סאן - Dam Dam.mp3
  ♬ אריס סאן — Dam Dam, album : Dam Dam, année : 1998, genre : World
[76/1381] 01 Dead Inside.mp3
  ♪ Torture Killer — Dead Inside (Dead Inside - Single) [2022]  [SongRec]
  01 Dead Inside.mp3
  → Torture Killer - Dead Inside.mp3
  ♬ Torture Killer — Dead Inside, album : Dead Inside - Single, année : 2022, genre : Metal
[77/1381] 01 Editors - Smokers Outside the Hospital Doors.mp3
  ♪ Editors — Smokers Outside The Hospital Doors (An End Has a Start) [2007]  [SongRec]
  01 Editors - Smokers Outside the Hospital Doors.mp3
  → Editors - Smokers Outside The Hospital Doors.mp3
  ♬ Editors — Smokers Outside The Hospital Doors, album : An End Has a Start, année : 2007, genre : Alternative
[78/1381] 01 Grand Corps Malade & Anna Kova - Espoir adapté.mp3
  ♪ Grand Corps Malade & Anna Kova — Espoir adapté (Plan B (Deluxe)) [2017]  [SongRec]
  01 Grand Corps Malade & Anna Kova - Espoir adapté.mp3
  → Grand Corps Malade & Anna Kova - Espoir adapté.mp3
  ♬ Grand Corps Malade & Anna Kova — Espoir adapté, album : Plan B (Deluxe), année : 2017, genre : Pop
[79/1381] 01 Hot Stuff.mp3
  ♪ Donna Summer — Hot Stuff (Bad Girls) [1979]  [SongRec]
  01 Hot Stuff.mp3
  → Donna Summer - Hot Stuff.mp3
  ♬ Donna Summer — Hot Stuff, album : Bad Girls, année : 1979, genre : Disco
[80/1381] 01 Introduction Medley_ Get Ready _ Girl, (Why You Wanna Make Me Blue) _ Beauty Is Only Skin Deep _ You're My Everything _ My Girl _ Ain't Too Proud To Beg (Live At London's Talk of the Town_1970).mp3
  ♪ The Temptations — Introduction Medley: Get Ready / Girl, (Why You Wanna Make Me Blue) / Beauty Is Only Skin Deep / You're My Everything / My Girl / Ain't Too Proud To Beg (Live At London's Talk of the Town/1970) (The Temptations Live At London's Talk of the Town) [1970]  [SongRec]
  01 Introduction Medley_ Get Ready _ Girl, (Why You Wanna Make Me Blue) _ Beauty Is Only Skin Deep _ You're My Everything _ My Girl _ Ain't Too Proud To Beg (Live At London's Talk of the Town_1970).mp3
  → The Temptations - Introduction Medley Get Ready Girl, (Why You Wanna Make Me Blue) Beauty Is Only Skin Deep You're My Everything My Girl Ain't Too Proud To Beg (Live At London's Talk of the Town1970).mp3
  ♬ The Temptations — Introduction Medley: Get Ready / Girl, (Why You Wanna Make Me Blue) / Beauty Is Only Skin Deep / You're My Everything / My Girl / Ain't Too Proud To Beg (Live At London's Talk of the Town/1970), album : The Temptations Live At London's Talk of the Town, année : 1970, genre : R&B/Soul
[81/1381] 01 Marc Lavoine - Elle a les yeux revolver.mp3
  ♪ Marc Lavoine — Elle a les yeux révolver (Marc Lavoine : Best of 85-95) [1985]  [SongRec]
  01 Marc Lavoine - Elle a les yeux revolver.mp3
  → Marc Lavoine - Elle a les yeux révolver.mp3
  ♬ Marc Lavoine — Elle a les yeux révolver, album : Marc Lavoine : Best of 85-95, année : 1985, genre : French Pop
[82/1381] 01 Midnight At The Oasis (Rogers Brand New Anthem).mp3
  ♪ The Brand New Heavies — Midnight at the Oasis (Roger S Underground Network Mix)  [SongRec]
  01 Midnight At The Oasis (Rogers Brand New Anthem).mp3
  → The Brand New Heavies - Midnight at the Oasis (Roger S Underground Network Mix).mp3
  ♬ The Brand New Heavies — Midnight at the Oasis (Roger S Underground Network Mix), genre : R&B/Soul
[83/1381] 01 More, More, More (single version).mp3
  ♪ Rachel Stevens — More, More, More (More More More) [2004]  [SongRec]
  01 More, More, More (single version).mp3
  → Rachel Stevens - More, More, More.mp3
  ♬ Rachel Stevens — More, More, More, album : More More More, année : 2004, genre : Pop
[84/1381] 01 Somebody to Love (radio edit).mp3
  ♪ Boogie Pimps — Somebody To Love  [SongRec]
  01 Somebody to Love (radio edit).mp3
  → Boogie Pimps - Somebody To Love.mp3
  ♬ Boogie Pimps — Somebody To Love, genre : Dance
[85/1381] 01 Stay with Me (Everybody's Free).mp3
  ♪ Ironik — Stay with Me (Everybody's Free) [Mysparks Edit] (Hip Hop & R'N'B Anthems) [2008]  [SongRec]
  01 Stay with Me (Everybody's Free).mp3
  → Ironik - Stay with Me (Everybody's Free) [Mysparks Edit].mp3
  ♬ Ironik — Stay with Me (Everybody's Free) [Mysparks Edit], album : Hip Hop & R'N'B Anthems, année : 2008, genre : Hip-Hop/Rap
[86/1381] 01 The Vapors - Turning Japanese (From Multitracks).mp3
  ♪ The Vapors — Turning Japanese (Turning Japanese - Single) [1980]  [SongRec]
  01 The Vapors - Turning Japanese (From Multitracks).mp3
  → The Vapors - Turning Japanese.mp3
  ♬ The Vapors — Turning Japanese, album : Turning Japanese - Single, année : 1980, genre : Rock
[87/1381] 01 Thinking Of You.mp3
  ♪ Djane My Canaria — Music Is My Life (Think About Party Special Mix) (Think About Party (I Need More) - EP) [2018]  [SongRec]
  01 Thinking Of You.mp3
  → Djane My Canaria - Music Is My Life (Think About Party Special Mix).mp3
  ♬ Djane My Canaria — Music Is My Life (Think About Party Special Mix), album : Think About Party (I Need More) - EP, année : 2018, genre : Techno
[88/1381] 01 What Can I Do (Tin Tin Out Remix).wav
  ✗ non reconnu (ni SongRec ni tags)
[89/1381] 01 What Can I Do (Tin Tin Out Remix)_639154900412569289.mp3
  ♪ The Corrs — What Can I Do (Tin Tin Out Remix) (Summer Sunshine - EP) [1997]  [SongRec]
  01 What Can I Do (Tin Tin Out Remix)_639154900412569289.mp3
  → The Corrs - What Can I Do (Tin Tin Out Remix).mp3
  ♬ The Corrs — What Can I Do (Tin Tin Out Remix), album : Summer Sunshine - EP, année : 1997, genre : Pop
[90/1381] 01 Where Angels Fear To Tread.mp3
  ♪ Disclosure — Where Angels Fear To Tread (Moonlight - EP) [2018]  [SongRec]
  01 Where Angels Fear To Tread.mp3
  → Disclosure - Where Angels Fear To Tread.mp3
  ♬ Disclosure — Where Angels Fear To Tread, album : Moonlight - EP, année : 2018, genre : Electronic
[91/1381] 01 תסתכלי לי בעיניים.mp3
  ♪ Idan Amedi — תסתכלי לי בעיניים (זוכר כמעט הכל) [2021]  [SongRec]
  01 תסתכלי לי בעיניים.mp3
  → Idan Amedi - תסתכלי לי בעיניים.mp3
  ♬ Idan Amedi — תסתכלי לי בעיניים, album : זוכר כמעט הכל, année : 2021, genre : Pop
[92/1381] 01-02 Tsunami (Jump) (LooKas & HLTR$KLTR Remix).mp3
  ♪ DVBBS, Borgeous, Quilinez & South West Beats — Tsunami (Jump) / [Lookas & Hltr$Kltr Remix] / Noise / It's Love [Trippin'] [Acapella] [feat. Tinie Tempah]  [SongRec]
  01-02 Tsunami (Jump) (LooKas & HLTR$KLTR Remix).mp3
  → DVBBS, Borgeous, Quilinez & South West Beats - Tsunami (Jump) [Lookas & Hltr$Kltr Remix] Noise It's Love [Trippin'] [Acapella] [feat. Tinie Tempah].mp3
  ♬ DVBBS, Borgeous, Quilinez & South West Beats — Tsunami (Jump) / [Lookas & Hltr$Kltr Remix] / Noise / It's Love [Trippin'] [Acapella] [feat. Tinie Tempah], genre : Dance
[93/1381] 01-02 What Is Love.mp3
  ♪ Howard Jones — What Is Love? (Human's Lib) [1983]  [SongRec]
  01-02 What Is Love.mp3
  → Howard Jones - What Is Love.mp3
  ♬ Howard Jones — What Is Love?, album : Human's Lib, année : 1983, genre : Pop
[94/1381] 01-04 Dance Me Up.mp3
  ♪ Gary Glitter — Dance Me Up (The Hey Song (Rock & Roll part 2): The Greatest Hits) [1984]  [SongRec]
  01-04 Dance Me Up.mp3
  → Gary Glitter - Dance Me Up.mp3
  ♬ Gary Glitter — Dance Me Up, album : The Hey Song (Rock & Roll part 2): The Greatest Hits, année : 1984, genre : Rock
[95/1381] 01-07. Bob Dylan - Lily, Rosemary And The Jack Of Hearts.dsf
  ✗ non reconnu (ni SongRec ni tags)
[96/1381] 01-14. Playground Love (Vibraphone Version).mp3
  ♪ Air — Playground Love (Vibraphone Version) (The Virgin Suicides Demos & Rarities) [2000]  [SongRec]
  01-14. Playground Love (Vibraphone Version).mp3
  → Air - Playground Love (Vibraphone Version).mp3
  ♬ Air — Playground Love (Vibraphone Version), album : The Virgin Suicides Demos & Rarities, année : 2000, genre : Electronic
[97/1381] 01-Daft Punk-Give Life Back to Music.dsf
  ✗ non reconnu (ni SongRec ni tags)
[98/1381] 01-Fairytale Of New York (Feat. Kirsty MacColl).mp3
  ♪ The Pogues — Fairytale of New York (feat. Kirsty MacColl) (Fairytale of New York (2025 EP) - EP) [1987]  [SongRec]
  01-Fairytale Of New York (Feat. Kirsty MacColl).mp3
  → The Pogues - Fairytale of New York (feat. Kirsty MacColl).mp3
  ♬ The Pogues — Fairytale of New York (feat. Kirsty MacColl), album : Fairytale of New York (2025 EP) - EP, année : 1987, genre : Rock
[99/1381] 01-Personne Ne Saurait-Carole Fredericks & Poetic Lover-Amants Poétiques.mp3
  ♪ Carole Fredericks — Personne Ne Saurait (Couleurs Et Parfums (Bonus Track Version)) [1999]  [SongRec]
  01-Personne Ne Saurait-Carole Fredericks & Poetic Lover-Amants Poétiques.mp3
  → Carole Fredericks - Personne Ne Saurait.mp3
  ♬ Carole Fredericks — Personne Ne Saurait, album : Couleurs Et Parfums (Bonus Track Version), année : 1999, genre : R&B/Soul
[100/1381] 01-fuse_odg-antenna_(uk_radio_edit).mp3
  ♪ Fuse ODG — Antenna (UK Radio Edit) (Antenna - EP) [2013]  [SongRec]
  01-fuse_odg-antenna_(uk_radio_edit).mp3
  → Fuse ODG - Antenna (UK Radio Edit).mp3
  ♬ Fuse ODG — Antenna (UK Radio Edit), album : Antenna - EP, année : 2013, genre : Afro-Beat
[101/1381] 01-fvl_feat_dj_furax_and_v-beatz_-_decalkomania-zzzz.mp3
  ♪ Sandro Noir — Paradise (Original mix) (Decalkomania) [2020]  [tags existants]
  01-fvl_feat_dj_furax_and_v-beatz_-_decalkomania-zzzz.mp3
  → Sandro Noir - Paradise (Original mix).mp3
  ♬ Sandro Noir — Paradise (Original mix), album : Decalkomania, année : 2020
[102/1381] 01-sugababes-about_you_now_(kissy_sell_out_remix).mp3
  ♪ Sugababes — About You Now (Kissy Sell Out Remix) (About You Now (Remixes) - EP) [2007]  [SongRec]
  01-sugababes-about_you_now_(kissy_sell_out_remix).mp3
  → Sugababes - About You Now (Kissy Sell Out Remix).mp3
  ♬ Sugababes — About You Now (Kissy Sell Out Remix), album : About You Now (Remixes) - EP, année : 2007, genre : Pop
[103/1381] 01. 1784 - La Zarra - Sans moi.mp3
  ♪ La Zarra — Sans moi (Traîtrise) [2022]  [SongRec]
  01. 1784 - La Zarra - Sans moi.mp3
  → La Zarra - Sans moi.mp3
  ♬ La Zarra — Sans moi, album : Traîtrise, année : 2022, genre : French Pop
[104/1381] 01. Alkilados ／ Nicky Jam ／ El Roockie ／ J Alvarez - Una Cita (Remix).mp3
  ♪ Alkilados — Una Cita (feat. J Alvarez, El Roockie & Nicky Jam) [Remix] (Una Cita (Remix) [feat. J Alvarez, El Roockie & Nicky Jam] - Single) [2014]  [SongRec]
  01. Alkilados ／ Nicky Jam ／ El Roockie ／ J Alvarez - Una Cita (Remix).mp3
  → Alkilados - Una Cita (feat. J Alvarez, El Roockie & Nicky Jam) [Remix].mp3
  ♬ Alkilados — Una Cita (feat. J Alvarez, El Roockie & Nicky Jam) [Remix], album : Una Cita (Remix) [feat. J Alvarez, El Roockie & Nicky Jam] - Single, année : 2014, genre : Latin Rap
[105/1381] 01. Bohemian Rhapsody.dsf
  ✗ non reconnu (ni SongRec ni tags)
[106/1381] 01. El Chombo - Chacarron (Mijangos Tribal Mix).mp3
  ♪ El Chombo — Chacarron (Mijangos Tribal mix) (Va - Xtd Latin Undeground 06)  [tags existants]
  01. El Chombo - Chacarron (Mijangos Tribal Mix).mp3
  → El Chombo - Chacarron (Mijangos Tribal mix).mp3
  ♬ El Chombo — Chacarron (Mijangos Tribal mix), album : Va - Xtd Latin Undeground 06
[107/1381] 01. Highway Star [5.14.0].dsf
  ✗ non reconnu (ni SongRec ni tags)
[108/1381] 01. Original Opening Music _ Cast Credits (From _City Lights_).mp3
  ♪ Charlie Chaplin — Overture / Unveiling the Monument (Luces de la Ciudad (Banda Sonora Original)) [2015]  [SongRec]
  01. Original Opening Music _ Cast Credits (From _City Lights_).mp3
  → Charlie Chaplin - Overture Unveiling the Monument.mp3
  ♬ Charlie Chaplin — Overture / Unveiling the Monument, album : Luces de la Ciudad (Banda Sonora Original), année : 2015, genre : Soundtrack
[109/1381] 01. Pettra - Middle East.mp3
  ♪ Stonemc Trax — Desert Wolf.mc (Remix)  [SongRec]
  01. Pettra - Middle East.mp3
  → Stonemc Trax - Desert Wolf.mc (Remix).mp3
  ♬ Stonemc Trax — Desert Wolf.mc (Remix), genre : Electronic
[110/1381] 01. Pigeon John - The Bomb (Single version).mp3
  ♪ Pigeon John — The Bomb (Dragon Slayer) [2010]  [SongRec]
  01. Pigeon John - The Bomb (Single version).mp3
  → Pigeon John - The Bomb.mp3
  ♬ Pigeon John — The Bomb, album : Dragon Slayer, année : 2010, genre : Hip-Hop/Rap
[111/1381] 01. Pretty Shining People.mp3
  ♪ George Ezra — Pretty Shining People (Staying at Tamara's) [2018]  [SongRec]
  01. Pretty Shining People.mp3
  → George Ezra - Pretty Shining People.mp3
  ♬ George Ezra — Pretty Shining People, album : Staying at Tamara's, année : 2018, genre : Singer/Songwriter
[112/1381] 01. Si bien du mal.mp3
  ♪ Hervé — Si bien du mal (Hyper) [2020]  [SongRec]
  01. Si bien du mal.mp3
  → Hervé - Si bien du mal.mp3
  ♬ Hervé — Si bien du mal, album : Hyper, année : 2020, genre : French Pop
[113/1381] 01. Still Falling For You.mp3
  ♪ Boz Scaggs — Still Falling for You (Down Two Then Left) [1977]  [SongRec]
  01. Still Falling For You.mp3
  → Boz Scaggs - Still Falling for You.mp3
  ♬ Boz Scaggs — Still Falling for You, album : Down Two Then Left, année : 1977, genre : Rock
[114/1381] 01. The Avener - We Go Home (Feat. Adam Cohen) (Agrume & Lounes Sunshine Remix)_639158152542784417.mp3
  ♪ The Avener & Agrume — We Go Home (feat. Adam Cohen & Lounes) [Agrume & Lounes Sunshine Remix] (We Go Deep, Saison 3 (Mixed by the Avener)) [2016]  [SongRec]
  01. The Avener - We Go Home (Feat. Adam Cohen) (Agrume & Lounes Sunshine Remix)_639158152542784417.mp3
  → The Avener & Agrume - We Go Home (feat. Adam Cohen & Lounes) [Agrume & Lounes Sunshine Remix].mp3
  ♬ The Avener & Agrume — We Go Home (feat. Adam Cohen & Lounes) [Agrume & Lounes Sunshine Remix], album : We Go Deep, Saison 3 (Mixed by the Avener), année : 2016, genre : Electronic
[115/1381] 01. Wet Wet Wet - With A Little Help From My Friends.mp3
  ♪ Wet Wet Wet — With A Little Help From My Friends (End of Part One - Their Greatest Hits) [1987]  [SongRec]
  01. Wet Wet Wet - With A Little Help From My Friends.mp3
  → Wet Wet Wet - With A Little Help From My Friends.mp3
  ♬ Wet Wet Wet — With A Little Help From My Friends, album : End of Part One - Their Greatest Hits, année : 1987, genre : Pop
[116/1381] 01. Why_.mp3
  ♪ Bronski Beat — Why? (The Age of Consent (Expanded Edition) [2018 Remaster]) [1984]  [SongRec]
  01. Why_.mp3
  → Bronski Beat - Why.mp3
  ♬ Bronski Beat — Why?, album : The Age of Consent (Expanded Edition) [2018 Remaster], année : 1984, genre : Pop
[117/1381] 01. next - Wifey (Radio Mix).mp3
  ♪ Next — Wifey (Platinum & Gold Collection: Next) [2004]  [SongRec]
  01. next - Wifey (Radio Mix).mp3
  → Next - Wifey.mp3
  ♬ Next — Wifey, album : Platinum & Gold Collection: Next, année : 2004, genre : R&B/Soul
[118/1381] 01..Rule.The.World.mp3
  ♪ The Wanted — Rule The World (Most Wanted: The Greatest Hits (Deluxe)) [2021]  [SongRec]
  01..Rule.The.World.mp3
  → The Wanted - Rule The World.mp3
  ♬ The Wanted — Rule The World, album : Most Wanted: The Greatest Hits (Deluxe), année : 2021, genre : Pop
[119/1381] 01.She Drives Me Crazy - Fine Young Cannibals.mp3
  ♪ Fine Young Cannibals — She Drives Me Crazy (The Raw & the Cooked) [1989]  [SongRec]
  01.She Drives Me Crazy - Fine Young Cannibals.mp3
  → Fine Young Cannibals - She Drives Me Crazy.mp3
  ♬ Fine Young Cannibals — She Drives Me Crazy, album : The Raw & the Cooked, année : 1989, genre : Pop
[120/1381] 01.You Can Get It If You Really Want.mp3
  ♪ Jimmy Cliff — You Can Get It If You Really Want (The Harder They Come (Original Motion Picture Soundtrack)) [1972]  [SongRec]
  01.You Can Get It If You Really Want.mp3
  → Jimmy Cliff - You Can Get It If You Really Want.mp3
  ♬ Jimmy Cliff — You Can Get It If You Really Want, album : The Harder They Come (Original Motion Picture Soundtrack), année : 1972, genre : World
[121/1381] 01–Nora En Pure–Monsoon [Extended Mix].mp3
  ♪ Nora En Pure — Monsoon (Extended Mix) (Monsoon (The Extended Mixes) - EP) [2021]  [SongRec]
  01–Nora En Pure–Monsoon [Extended Mix].mp3
  → Nora En Pure - Monsoon (Extended Mix).mp3
  ♬ Nora En Pure — Monsoon (Extended Mix), album : Monsoon (The Extended Mixes) - EP, année : 2021, genre : Dance
[122/1381] 02 - A Mind Of Its Own.mp3
  ♪ Victoria Beckham — A Mind of Its Own (Victoria Beckham) [2001]  [SongRec]
  02 - A Mind Of Its Own.mp3
  → Victoria Beckham - A Mind of Its Own.mp3
  ♬ Victoria Beckham — A Mind of Its Own, album : Victoria Beckham, année : 2001, genre : Pop
[123/1381] 02 - Alicia Keys - Empire State Of Mind (Part II) Broken Down.mp3
  ♪ Alicia Keys — Empire State of Mind, Pt. 2 (The Element of Freedom) [2009]  [SongRec]
  02 - Alicia Keys - Empire State Of Mind (Part II) Broken Down.mp3
  → Alicia Keys - Empire State of Mind, Pt. 2.mp3
  ♬ Alicia Keys — Empire State of Mind, Pt. 2, album : The Element of Freedom, année : 2009, genre : R&B/Soul
[124/1381] 02 - Au coeur de la rue.mp3
  ♪ Kenza Farah — Au cœur de la rue (Avec le cœur) [2008]  [SongRec]
  02 - Au coeur de la rue.mp3
  → Kenza Farah - Au cœur de la rue.mp3
  ♬ Kenza Farah — Au cœur de la rue, album : Avec le cœur, année : 2008, genre : R&B/Soul
[125/1381] 02 - Be Cool (UK Radio Edit).flac
  ✗ non reconnu (ni SongRec ni tags)
[126/1381] 02 - Bow Down Mister (Floating In The Ganges - Grid Mix).mp3
  ♪ Boy George — Bow Down Mister (The Martyr Mantras) [1990]  [SongRec]
  02 - Bow Down Mister (Floating In The Ganges - Grid Mix).mp3
  → Boy George - Bow Down Mister.mp3
  ♬ Boy George — Bow Down Mister, album : The Martyr Mantras, année : 1990, genre : Rock
[127/1381] 02 - Come Into My Space.mp3
  ♪ Helly Larson — Come Into My Space (My Mind - Single) [2016]  [SongRec]
  02 - Come Into My Space.mp3
  → Helly Larson - Come Into My Space.mp3
  ♬ Helly Larson — Come Into My Space, album : My Mind - Single, année : 2016, genre : Dance
[128/1381] 02 - Dernier métro.mp3
  ♪ Kendji Girac & GIMS — Dernier métro (Mi vida : Vos favoris - EP) [2020]  [SongRec]
  02 - Dernier métro.mp3
  → Kendji Girac & GIMS - Dernier métro.mp3
  ♬ Kendji Girac & GIMS — Dernier métro, album : Mi vida : Vos favoris - EP, année : 2020, genre : French Pop
[129/1381] 02 - Everybody Wants To Be Famous.mp3
  ♪ Superorganism — Everybody Wants to Be Famous (Superorganism) [2018]  [SongRec]
  02 - Everybody Wants To Be Famous.mp3
  → Superorganism - Everybody Wants to Be Famous.mp3
  ♬ Superorganism — Everybody Wants to Be Famous, album : Superorganism, année : 2018, genre : Alternative
[130/1381] 02 - Fresh (Misled Medley).mp3
  ♪ Kool & The Gang — Misled (Emergency) [1984]  [SongRec]
  02 - Fresh (Misled Medley).mp3
  → Kool & The Gang - Misled.mp3
  ♬ Kool & The Gang — Misled, album : Emergency, année : 1984, genre : R&B/Soul
[131/1381] 02 - Harold Melvin & Blue Notes - The Love I Lost.dsf
  ✗ non reconnu (ni SongRec ni tags)
[132/1381] 02 - James Hunter - Strange But True.mp3
  ♪ James Hunter — Strange But True (The Hard Way) [2008]  [SongRec]
  02 - James Hunter - Strange But True.mp3
  → James Hunter - Strange But True.mp3
  ♬ James Hunter — Strange But True, album : The Hard Way, année : 2008, genre : Rock
[133/1381] 02 - Je te le donne.mp3
  ♪ Vitaa & Slimane — Je te le donne (Live à Marseille / 2021) (Versus : L’ultime chapitre) [2021]  [SongRec]
  02 - Je te le donne.mp3
  → Vitaa & Slimane - Je te le donne (Live à Marseille 2021).mp3
  ♬ Vitaa & Slimane — Je te le donne (Live à Marseille / 2021), album : Versus : L’ultime chapitre, année : 2021, genre : French Pop
[134/1381] 02 - Le sourire.mp3
  ♪ Emmanuel Moire — Le Sourire (Là Où Je Pars) [2006]  [SongRec]
  02 - Le sourire.mp3
  → Emmanuel Moire - Le Sourire.mp3
  ♬ Emmanuel Moire — Le Sourire, album : Là Où Je Pars, année : 2006, genre : Pop
[135/1381] 02 - Love Is Lost (Hello Steve Reich mix by James Murphy for the DFA).mp3
  ♪ David Bowie — Love Is Lost (Hello Steve Reich Mix by James Murphy for the DFA) (The Next Day Extra EP) [2013]  [SongRec]
  02 - Love Is Lost (Hello Steve Reich mix by James Murphy for the DFA).mp3
  → David Bowie - Love Is Lost (Hello Steve Reich Mix by James Murphy for the DFA).mp3
  ♬ David Bowie — Love Is Lost (Hello Steve Reich Mix by James Murphy for the DFA), album : The Next Day Extra EP, année : 2013, genre : Pop
[136/1381] 02 - Mambo No.5.mp3
  ♪ Masayoshi Takanaka — Mambo No. 5 (Disco Dango) (All of Me) [1977]  [SongRec]
  02 - Mambo No.5.mp3
  → Masayoshi Takanaka - Mambo No. 5 (Disco Dango).mp3
  ♬ Masayoshi Takanaka — Mambo No. 5 (Disco Dango), album : All of Me, année : 1977, genre : J-Pop
[137/1381] 02 - Michael Caine.mp3
  ♪ Madness — Michael Caine (Keep Moving) [1984]  [SongRec]
  02 - Michael Caine.mp3
  → Madness - Michael Caine.mp3
  ♬ Madness — Michael Caine, album : Keep Moving, année : 1984, genre : Pop
[138/1381] 02 - Ne Jamais Reculer.mp3
  ♪ Fraction — Ne jamais reculer  [SongRec]
  02 - Ne Jamais Reculer.mp3
  → Fraction - Ne jamais reculer.mp3
  ♬ Fraction — Ne jamais reculer, genre : Rock
[139/1381] 02 - Over My Head (Cable Car).mp3
  ♪ The Fray — Over My Head (Cable Car) (How to Save a Life) [2005]  [SongRec]
  02 - Over My Head (Cable Car).mp3
  → The Fray - Over My Head (Cable Car).mp3
  ♬ The Fray — Over My Head (Cable Car), album : How to Save a Life, année : 2005, genre : Rock
[140/1381] 02 - She Burns.mp3
  ♪ Joe Goddard & Mara Carlyle — She Burns (Taking Over - EP) [2013]  [SongRec]
  02 - She Burns.mp3
  → Joe Goddard & Mara Carlyle - She Burns.mp3
  ♬ Joe Goddard & Mara Carlyle — She Burns, album : Taking Over - EP, année : 2013, genre : Electronic
[141/1381] 02 - She Drives Me Crazy (Radio Rap Version).mp3
  ♪ Fine Young Cannibals — She Drives Me Crazy (Louil Silas Jr. Extended Version) [feat. Monie Love] (FYC40) [2025]  [SongRec]
  02 - She Drives Me Crazy (Radio Rap Version).mp3
  → Fine Young Cannibals - She Drives Me Crazy (Louil Silas Jr. Extended Version) [feat. Monie Love].mp3
  ♬ Fine Young Cannibals — She Drives Me Crazy (Louil Silas Jr. Extended Version) [feat. Monie Love], album : FYC40, année : 2025, genre : Pop
[142/1381] 02 - Snow ((Hey Oh)).mp3
  ♪ Red Hot Chili Peppers — Snow (Hey Oh) (Stadium Arcadium) [2006]  [SongRec]
  02 - Snow ((Hey Oh)).mp3
  → Red Hot Chili Peppers - Snow (Hey Oh).mp3
  ♬ Red Hot Chili Peppers — Snow (Hey Oh), album : Stadium Arcadium, année : 2006, genre : Alternative
[143/1381] 02 - Tell Me How You Feel.mp3
  ♪ Joy Enriquez — Tell Me How You Feel (Joy Enriquez) [2001]  [SongRec]
  02 - Tell Me How You Feel.mp3
  → Joy Enriquez - Tell Me How You Feel.mp3
  ♬ Joy Enriquez — Tell Me How You Feel, album : Joy Enriquez, année : 2001, genre : Pop
[144/1381] 02 - Touch It Technologic.mp3
  ♪ Daft Punk — Touch It / Technologic (Live) (Alive 2007) [2007]  [SongRec]
  02 - Touch It Technologic.mp3
  → Daft Punk - Touch It Technologic (Live).mp3
  ♬ Daft Punk — Touch It / Technologic (Live), album : Alive 2007, année : 2007, genre : Dance
[145/1381] 02 - Vérité falsifiée.mp3
  ♪ Claudy Siar — Vérité falsifiée (Génération consciente) [1992]  [SongRec]
  02 - Vérité falsifiée.mp3
  → Claudy Siar - Vérité falsifiée.mp3
  ♬ Claudy Siar — Vérité falsifiée, album : Génération consciente, année : 1992, genre : African
[146/1381] 02 - Walking on the Milky Way.mp3
  ♪ Orchestral Manoeuvres In the Dark — Walking On the Milky Way (Universal) [1996]  [SongRec]
  02 - Walking on the Milky Way.mp3
  → Orchestral Manoeuvres In the Dark - Walking On the Milky Way.mp3
  ♬ Orchestral Manoeuvres In the Dark — Walking On the Milky Way, album : Universal, année : 1996, genre : Pop
[147/1381] 02 - Your Love (Cahill Club Remix).mp3
  ♪ Nicole Scherzinger — Your Love (Cahill Radio Remix) (Your Love (Remix) - EP) [2014]  [SongRec]
  02 - Your Love (Cahill Club Remix).mp3
  → Nicole Scherzinger - Your Love (Cahill Radio Remix).mp3
  ♬ Nicole Scherzinger — Your Love (Cahill Radio Remix), album : Your Love (Remix) - EP, année : 2014, genre : Pop
[148/1381] 02 - martin carthy-eliza carthy-paul weller - john barleycorn.mp3
  ♪ The Imagined Village — John Barleycorn (The Imagined Village) [2007]  [SongRec]
  02 - martin carthy-eliza carthy-paul weller - john barleycorn.mp3
  → The Imagined Village - John Barleycorn.mp3
  ♬ The Imagined Village — John Barleycorn, album : The Imagined Village, année : 2007, genre : World
[149/1381] 02 - גינה לי.mp3
  ♪ Jackie Mekaiten — גינה לי (27 שירי ילדים מכל הזמנים) [1998]  [SongRec]
  02 - גינה לי.mp3
  → Jackie Mekaiten - גינה לי.mp3
  ♬ Jackie Mekaiten — גינה לי, album : 27 שירי ילדים מכל הזמנים, année : 1998, genre : Pop
[150/1381] 02 6th Avenue Heartache.mp3
  ♪ The Wallflowers — 6th Avenue Heartache (Bringing Down the Horse) [1996]  [SongRec]
  02 6th Avenue Heartache.mp3
  → The Wallflowers - 6th Avenue Heartache.mp3
  ♬ The Wallflowers — 6th Avenue Heartache, album : Bringing Down the Horse, année : 1996, genre : Rock
[151/1381] 02 An Ni Maniman.mp3
  ♪ Malavoi — An Maniman (Le meilleur de Malavoi) [2003]  [SongRec]
  02 An Ni Maniman.mp3
  → Malavoi - An Maniman.mp3
  ♬ Malavoi — An Maniman, album : Le meilleur de Malavoi, année : 2003, genre : World
[152/1381] 02 East Of Eden (2014 Remaster).mp3
  ♪ Big Country — East of Eden (Steeltown (Remastered)) [1984]  [SongRec]
  02 East Of Eden (2014 Remaster).mp3
  → Big Country - East of Eden.mp3
  ♬ Big Country — East of Eden, album : Steeltown (Remastered), année : 1984, genre : Pop
[153/1381] 02 Granada.mp3
  ♪ David Russell — Granada (Albéniz: Spanish Music for Classical Guitar) [2011]  [SongRec]
  02 Granada.mp3
  → David Russell - Granada.mp3
  ♬ David Russell — Granada, album : Albéniz: Spanish Music for Classical Guitar, année : 2011, genre : Classical
[154/1381] 02 How Deep Is Your Love.aif
  ✗ non reconnu (ni SongRec ni tags)
[155/1381] 02 Knowinglee (Live).mp3
  ♪ Dave Liebman, Richie Beirach — Knowinglee (Live) (Beyond Words) [2016]  [tags existants]
  02 Knowinglee (Live).mp3
  → Dave Liebman, Richie Beirach - Knowinglee (Live).mp3
  ♬ Dave Liebman, Richie Beirach — Knowinglee (Live), album : Beyond Words, année : 2016
[156/1381] 02 Money.mp3
  ♪ Jamelia — Money (feat. Beenie Man) (Drama) [2000]  [SongRec]
  02 Money.mp3
  → Jamelia - Money (feat. Beenie Man).mp3
  ♬ Jamelia — Money (feat. Beenie Man), album : Drama, année : 2000, genre : Pop
[157/1381] 02 Never Ever.aif
  ✗ non reconnu (ni SongRec ni tags)
[158/1381] 02 Richard III.mp3
  ♪ Supergrass — Richard III (Live 2020) (Live on Other Planets (Live 2020)) [2020]  [SongRec]
  02 Richard III.mp3
  → Supergrass - Richard III (Live 2020).mp3
  ♬ Supergrass — Richard III (Live 2020), album : Live on Other Planets (Live 2020), année : 2020, genre : Rock
[159/1381] 02 Tori- RAINN Info - Story About The beginnings Of RAINN - Horses - Leather - Cornflake Girl - PSA from Bjork - Commercials.mp3
  ✗ non reconnu (ni SongRec ni tags)
[160/1381] 02 Venom (Remix).mp3
  ♪ Eminem — Venom (Music From The Motion Picture) (Kamikaze) [2018]  [SongRec]
  02 Venom (Remix).mp3
  → Eminem - Venom (Music From The Motion Picture).mp3
  ♬ Eminem — Venom (Music From The Motion Picture), album : Kamikaze, année : 2018, genre : Hip-Hop/Rap
[161/1381] 02-05. Bohemian Like You.mp3
  ♪ The Dandy Warhols — Bohemian Like You (Live) (Live Sonic Disruption) [2018]  [SongRec]
  02-05. Bohemian Like You.mp3
  → The Dandy Warhols - Bohemian Like You (Live).mp3
  ♬ The Dandy Warhols — Bohemian Like You (Live), album : Live Sonic Disruption, année : 2018, genre : Rock
[162/1381] 02-Fannypack - Hey Mami.mp3
  ♪ Fannypack — Hey Mami (So Stylistic) [2003]  [SongRec]
  02-Fannypack - Hey Mami.mp3
  → Fannypack - Hey Mami.mp3
  ♬ Fannypack — Hey Mami, album : So Stylistic, année : 2003, genre : Hip-Hop/Rap
[163/1381] 02-beverley_knight-weekend_thing-custodes.mp3
  ♪ Beverley Knight — Weekend Thing (Greatest Day - Single) [1999]  [SongRec]
  02-beverley_knight-weekend_thing-custodes.mp3
  → Beverley Knight - Weekend Thing.mp3
  ♬ Beverley Knight — Weekend Thing, album : Greatest Day - Single, année : 1999, genre : R&B/Soul
[164/1381] 02-los_umbrellos-no_tengo_dinero_(club_mix).mp3
  ♪ Avon Stringer & Jesse Rose — Pressure (Alright Mate) [2017]  [SongRec]
  02-los_umbrellos-no_tengo_dinero_(club_mix).mp3
  → Avon Stringer & Jesse Rose - Pressure.mp3
  ♬ Avon Stringer & Jesse Rose — Pressure, album : Alright Mate, année : 2017, genre : House
[165/1381] 02-lucenzo_feat._don_omar-vem_dancar_kuduro_(feat._big_ali)_(radio_edit).mp3
  ♪ Lucenzo — Vem Dancar Kuduro (feat. Big Ali) (Emigrante Del Mundo (Remastered)) [2011]  [SongRec]
  02-lucenzo_feat._don_omar-vem_dancar_kuduro_(feat._big_ali)_(radio_edit).mp3
  → Lucenzo - Vem Dancar Kuduro (feat. Big Ali).mp3
  ♬ Lucenzo — Vem Dancar Kuduro (feat. Big Ali), album : Emigrante Del Mundo (Remastered), année : 2011, genre : Dance
[166/1381] 02-original_version-sc.mp3
  ♪ Rishi Rich Project — Dance With You (feat. Jay Sean & Juggy D) (Me Against Myself) [2003]  [SongRec]
  02-original_version-sc.mp3
  → Rishi Rich Project - Dance With You (feat. Jay Sean & Juggy D).mp3
  ♬ Rishi Rich Project — Dance With You (feat. Jay Sean & Juggy D), album : Me Against Myself, année : 2003, genre : Electronic
[167/1381] 02-wayne_wonder-no_letting_go_-_instrumental-yard.mp3
  ♪ DJ Revolution — No Letting Go / Everything A Go (feat. Wayne Wonder, Memphis Bleek)  [SongRec]
  02-wayne_wonder-no_letting_go_-_instrumental-yard.mp3
  → DJ Revolution - No Letting Go Everything A Go (feat. Wayne Wonder, Memphis Bleek).mp3
  ♬ DJ Revolution — No Letting Go / Everything A Go (feat. Wayne Wonder, Memphis Bleek), genre : Hip-Hop/Rap
[168/1381] 02. Billy Ocean_When The Going Gets Tough, The Tough Get Going.mp3
  ♪ Billy Ocean — When the Going Gets Tough, The Tough Get Going (Love Zone (Expanded Edition)) [1986]  [SongRec]
  02. Billy Ocean_When The Going Gets Tough, The Tough Get Going.mp3
  → Billy Ocean - When the Going Gets Tough, The Tough Get Going.mp3
  ♬ Billy Ocean — When the Going Gets Tough, The Tough Get Going, album : Love Zone (Expanded Edition), année : 1986, genre : Pop
[169/1381] 02. Blondie - One Way Or Another.mp3
  ♪ Blondie — One Way or Another (Parallel Lines) [1978]  [SongRec]
  02. Blondie - One Way Or Another.mp3
  → Blondie - One Way or Another.mp3
  ♬ Blondie — One Way or Another, album : Parallel Lines, année : 1978, genre : Rock
[170/1381] 02. Debbie Harry - I Want That Man (Almighty Definitive Mix).mp3
  ♪ Debbie Harry — I Want That Man (Almighty Definitive Mix) (I Want That Man - Single) [1989]  [SongRec]
  02. Debbie Harry - I Want That Man (Almighty Definitive Mix).mp3
  → Debbie Harry - I Want That Man (Almighty Definitive Mix).mp3
  ♬ Debbie Harry — I Want That Man (Almighty Definitive Mix), album : I Want That Man - Single, année : 1989, genre : Rock
[171/1381] 02. Example - Kickstarts (Wideboys Stadium mix).mp3
  ♪ Example — Kickstarts (Won't Go Quietly) [2009]  [SongRec]
  02. Example - Kickstarts (Wideboys Stadium mix).mp3
  → Example - Kickstarts.mp3
  ♬ Example — Kickstarts, album : Won't Go Quietly, année : 2009, genre : Dance
[172/1381] 02. Give Me All Your Love.mp3
  ♪ Whitesnake — Give Me All Your Love (87 Evolutions Version) (Whitesnake (30th Anniversary Super Deluxe Edition)) [1987]  [SongRec]
  02. Give Me All Your Love.mp3
  → Whitesnake - Give Me All Your Love (87 Evolutions Version).mp3
  ♬ Whitesnake — Give Me All Your Love (87 Evolutions Version), album : Whitesnake (30th Anniversary Super Deluxe Edition), année : 1987, genre : Rock
[173/1381] 02. Grand Garden - Celebration Of The Soul (Feat. Lady Bird).mp3
  ♪ Grand Garden — Celebration of the Soul (feat. Ladybird) (Celebration of the Soul (feat. Ladybird) - Single) [2016]  [SongRec]
  02. Grand Garden - Celebration Of The Soul (Feat. Lady Bird).mp3
  → Grand Garden - Celebration of the Soul (feat. Ladybird).mp3
  ♬ Grand Garden — Celebration of the Soul (feat. Ladybird), album : Celebration of the Soul (feat. Ladybird) - Single, année : 2016, genre : Electronic
[174/1381] 02. Joe Cocker - Little Bit Of Love.mp3
  ♪ Joe Cocker — Little Bit of Love  [SongRec]
  02. Joe Cocker - Little Bit Of Love.mp3
  → Joe Cocker - Little Bit of Love.mp3
  ♬ Joe Cocker — Little Bit of Love, genre : Rock
[175/1381] 02. Living Inside Your Love.mp3
  ♪ Jeremy Steig — LIVING INSIDE YOUR LOVE  [SongRec]
  02. Living Inside Your Love.mp3
  → Jeremy Steig - LIVING INSIDE YOUR LOVE.mp3
  ♬ Jeremy Steig — LIVING INSIDE YOUR LOVE, genre : Jazz
[176/1381] 02. Rien à faire (Version live).mp3
  ♪ Marie-Pierre Arthur — Rien à faire (Version live) (Dans tes rêves (Version live) - EP) [2022]  [SongRec]
  02. Rien à faire (Version live).mp3
  → Marie-Pierre Arthur - Rien à faire (Version live).mp3
  ♬ Marie-Pierre Arthur — Rien à faire (Version live), album : Dans tes rêves (Version live) - EP, année : 2022, genre : French Pop
[177/1381] 02. Rojo.mp3
  ♪ Rockabye Baby! — Rojo (Lullaby Renditions of J Balvin) [2022]  [SongRec]
  02. Rojo.mp3
  → Rockabye Baby! - Rojo.mp3
  ♬ Rockabye Baby! — Rojo, album : Lullaby Renditions of J Balvin, année : 2022, genre : Children's Music
[178/1381] 02. Roll with It  (Remastered).mp3
  ♪ Oasis — Roll With It (Roll With It - EP) [1995]  [SongRec]
  02. Roll with It  (Remastered).mp3
  → Oasis - Roll With It.mp3
  ♬ Oasis — Roll With It, album : Roll With It - EP, année : 1995, genre : Rock
[179/1381] 02. Superwoman (Where Were You When I Needed You).mp3
  ♪ Stevie Wonder — Superwoman (Where Were You When I Needed You) (Music of My Mind) [1972]  [SongRec]
  02. Superwoman (Where Were You When I Needed You).mp3
  → Stevie Wonder - Superwoman (Where Were You When I Needed You).mp3
  ♬ Stevie Wonder — Superwoman (Where Were You When I Needed You), album : Music of My Mind, année : 1972, genre : R&B/Soul
[180/1381] 02. Tanya Donelly & Dylan in the Movies - The Lovecats.mp3
  ♪ Tanya Donelly & Dylan In the Movies — The Lovecats (Just Like Heaven - A Tribute to the Cure) [2009]  [SongRec]
  02. Tanya Donelly & Dylan in the Movies - The Lovecats.mp3
  → Tanya Donelly & Dylan In the Movies - The Lovecats.mp3
  ♬ Tanya Donelly & Dylan In the Movies — The Lovecats, album : Just Like Heaven - A Tribute to the Cure, année : 2009, genre : Tribute
[181/1381] 02. The Dandy Warhols - Hells Bells.mp3
  ♪ The Dandy Warhols — Hells Bells (Bohemian Like You - Single) [2001]  [SongRec]
  02. The Dandy Warhols - Hells Bells.mp3
  → The Dandy Warhols - Hells Bells.mp3
  ♬ The Dandy Warhols — Hells Bells, album : Bohemian Like You - Single, année : 2001, genre : Pop
[182/1381] 02. Tom Snare - Philosophy (radio edit).mp3
  ♪ Tom Snare — Philosophy (Radio Edit)  [SongRec]
  02. Tom Snare - Philosophy (radio edit).mp3
  → Tom Snare - Philosophy (Radio Edit).mp3
  ♬ Tom Snare — Philosophy (Radio Edit), genre : Dance
[183/1381] 02. Will Young - Who Am I？ (The Chords Remix).mp3
  ♪ Will Young — Who Am I? (The Chords Remix) (Keep On (Bonus Tracks)) [2006]  [SongRec]
  02. Will Young - Who Am I？ (The Chords Remix).mp3
  → Will Young - Who Am I (The Chords Remix).mp3
  ♬ Will Young — Who Am I? (The Chords Remix), album : Keep On (Bonus Tracks), année : 2006, genre : Pop
[184/1381] 02. You Need To Be Loved.mp3
  ♪ Jermaine Jackson — You Need To Be Loved (Greatest Hits and Rare Classics) [1991]  [SongRec]
  02. You Need To Be Loved.mp3
  → Jermaine Jackson - You Need To Be Loved.mp3
  ♬ Jermaine Jackson — You Need To Be Loved, album : Greatest Hits and Rare Classics, année : 1991, genre : R&B/Soul
[185/1381] 02. belly dance-kayliah.mp3
  ♪ Kayliah - Pegguy Tabu — Belly Dance (Radio Version) (Belly Dance (Radio Version) - Single) [2004]  [SongRec]
  02. belly dance-kayliah.mp3
  → Kayliah - Pegguy Tabu - Belly Dance (Radio Version).mp3
  ♬ Kayliah - Pegguy Tabu — Belly Dance (Radio Version), album : Belly Dance (Radio Version) - Single, année : 2004, genre : R&B/Soul
[186/1381] 02.Comme un miroir d'écho.mp3
  ♪ Philippe Cauvin — Comme un miroir d'écho (Memento) [1984]  [SongRec]
  02.Comme un miroir d'écho.mp3
  → Philippe Cauvin - Comme un miroir d'écho.mp3
  ♬ Philippe Cauvin — Comme un miroir d'écho, album : Memento, année : 1984, genre : Rock
[187/1381] 024 - lemarquis - waves.mp3
  ♪ LeMarquis — Waves (Waves - Single) [2020]  [SongRec]
  024 - lemarquis - waves.mp3
  → LeMarquis - Waves.mp3
  ♬ LeMarquis — Waves, album : Waves - Single, année : 2020, genre : Electronic
[188/1381] 025 Los Hombres Tienen La Culpa (Gilberto Santa Rosa & Don Omar).mp3
  ♪ Don Omar & Gilberto Santa Rosa — Los Hombres Tienen La Culpa (Los Cocorocos) [2006]  [SongRec]
  025 Los Hombres Tienen La Culpa (Gilberto Santa Rosa & Don Omar).mp3
  → Don Omar & Gilberto Santa Rosa - Los Hombres Tienen La Culpa.mp3
  ♬ Don Omar & Gilberto Santa Rosa — Los Hombres Tienen La Culpa, album : Los Cocorocos, année : 2006, genre : Latino
[189/1381] 027 - Culture Beat - World in Your Hands (Original Radio Edit).mp3
  ♪ Culture Beat — World in Your Hands (Original Radio Edit) (World in Your Hands) [1994]  [SongRec]
  027 - Culture Beat - World in Your Hands (Original Radio Edit).mp3
  → Culture Beat - World in Your Hands (Original Radio Edit).mp3
  ♬ Culture Beat — World in Your Hands (Original Radio Edit), album : World in Your Hands, année : 1994, genre : Dance
[190/1381] 02_Italian Fireflies (Rebotini Detroit Remix).mp3
  ♪ Blackstrobe — Italian Firefiles (Original Mix)  [SongRec]
  02_Italian Fireflies (Rebotini Detroit Remix).mp3
  → Blackstrobe - Italian Firefiles (Original Mix).mp3
  ♬ Blackstrobe — Italian Firefiles (Original Mix)
[191/1381] 02_benjamin theves - texas (patrick alavi rerox).mp3
  ♪ Benjamin Theves — Texas (Patrick Alavi ReroX) (Texas (Patrick Alavi ReroX) - Single) [2005]  [SongRec]
  02_benjamin theves - texas (patrick alavi rerox).mp3
  → Benjamin Theves - Texas (Patrick Alavi ReroX).mp3
  ♬ Benjamin Theves — Texas (Patrick Alavi ReroX), album : Texas (Patrick Alavi ReroX) - Single, année : 2005, genre : Dance
[192/1381] 03 - All She Wants Is (Euro House Mix).mp3
  ♪ Duran Duran — All She Wants Is (Euro Dub Mix) (All She Wants Is) [1988]  [SongRec]
  03 - All She Wants Is (Euro House Mix).mp3
  → Duran Duran - All She Wants Is (Euro Dub Mix).mp3
  ♬ Duran Duran — All She Wants Is (Euro Dub Mix), album : All She Wants Is, année : 1988, genre : Pop
[193/1381] 03 - Always Come Back To Your Love (Definitive Mix) - Samantha Mumba.mp3
  ♪ Samantha Mumba — Always Come Back to Your Love (Definitive mix) ([Unknown Album])  [tags existants]
  03 - Always Come Back To Your Love (Definitive Mix) - Samantha Mumba.mp3
  → Samantha Mumba - Always Come Back to Your Love (Definitive mix).mp3
  ♬ Samantha Mumba — Always Come Back to Your Love (Definitive mix), album : [Unknown Album]
[194/1381] 03 - Amerie - Crunk Didi (Losing U) (feat. Willy Denzey & Six Co.mp3
  ♪ Amerie — Crunk Didi (Losing U) [feat. Willy Denzey & Six Coups MC] (Raï'n'B Fever 2) [2006]  [SongRec]
  03 - Amerie - Crunk Didi (Losing U) (feat. Willy Denzey & Six Co.mp3
  → Amerie - Crunk Didi (Losing U) [feat. Willy Denzey & Six Coups MC].mp3
  ♬ Amerie — Crunk Didi (Losing U) [feat. Willy Denzey & Six Coups MC], album : Raï'n'B Fever 2, année : 2006, genre : Pop
[195/1381] 03 - Baby Boy.dsf
  ✗ non reconnu (ni SongRec ni tags)
[196/1381] 03 - Biguine lélé.mp3
  ♪ Celine Fleriag — Biguine lélé (Karamel) [1994]  [SongRec]
  03 - Biguine lélé.mp3
  → Celine Fleriag - Biguine lélé.mp3
  ♬ Celine Fleriag — Biguine lélé, album : Karamel, année : 1994, genre : Caribbean
[197/1381] 03 - Chris de Burgh - The Lady In Red.dsf
  ✗ non reconnu (ni SongRec ni tags)
[198/1381] 03 - Coração Tambor (Swag's Disco Ritmo Dub Mix).mp3
  ♪ Ian Pooley — Coração Tambor (Swag Remix) (Since Then. 2017) [2017]  [SongRec]
  03 - Coração Tambor (Swag's Disco Ritmo Dub Mix).mp3
  → Ian Pooley - Coração Tambor (Swag Remix).mp3
  ♬ Ian Pooley — Coração Tambor (Swag Remix), album : Since Then. 2017, année : 2017, genre : House
[199/1381] 03 - Dangereuse Liaison (feat. Calbo & Rockin' Squat).mp3
  ♪ Rockin' Squat — Dangereuse liaison (feat. Calbo) (Excuse My French, Vol. 2) [2013]  [SongRec]
  03 - Dangereuse Liaison (feat. Calbo & Rockin' Squat).mp3
  → Rockin' Squat - Dangereuse liaison (feat. Calbo).mp3
  ♬ Rockin' Squat — Dangereuse liaison (feat. Calbo), album : Excuse My French, Vol. 2, année : 2013, genre : Hip-Hop/Rap
[200/1381] 03 - Eternal - Angel of mine [Blacksmith Eternal meets D&D mix].mp3
  ♪ Eternal — Angel of Mine (Angel of Mine - EP) [1997]  [SongRec]
  03 - Eternal - Angel of mine [Blacksmith Eternal meets D&D mix].mp3
  → Eternal - Angel of Mine.mp3
  ♬ Eternal — Angel of Mine, album : Angel of Mine - EP, année : 1997, genre : Pop
[201/1381] 03 - Everyday Is Like Sunday.mp3
  ♪ Morrissey — Everyday Is Like Sunday (Everyday Is Like Sunday / Disappointed [Digital 45]) [1987]  [SongRec]
  03 - Everyday Is Like Sunday.mp3
  → Morrissey - Everyday Is Like Sunday.mp3
  ♬ Morrissey — Everyday Is Like Sunday, album : Everyday Is Like Sunday / Disappointed [Digital 45], année : 1987, genre : College Rock
[202/1381] 03 - FYTB.mp3
  ♪ Key Glock — FYTB (Son of a Gun) [2020]  [SongRec]
  03 - FYTB.mp3
  → Key Glock - FYTB.mp3
  ♬ Key Glock — FYTB, album : Son of a Gun, année : 2020, genre : Hip-Hop/Rap
[203/1381] 03 - Ghetto Romance (Groove Chronicles Mix).mp3
  ♪ El-B & J Da Flex — When I Fall In Love (Vocal Mix)  [SongRec]
  03 - Ghetto Romance (Groove Chronicles Mix).mp3
  → El-B & J Da Flex - When I Fall In Love (Vocal Mix).mp3
  ♬ El-B & J Da Flex — When I Fall In Love (Vocal Mix)
[204/1381] 03 - Gusto - Discòs Revenge - Short Dirty Mix.mp3
  ♪ Gusto — Disco's Revenge (Mole Hole Dirty Mix) (Disco's Revenge) [1995]  [SongRec]
  03 - Gusto - Discòs Revenge - Short Dirty Mix.mp3
  → Gusto - Disco's Revenge (Mole Hole Dirty Mix).mp3
  ♬ Gusto — Disco's Revenge (Mole Hole Dirty Mix), album : Disco's Revenge, année : 1995, genre : House
[205/1381] 03 - Here Comes The Night Time.mp3
  ♪ Arcade Fire — Here Comes the Night Time (Reflektor) [2013]  [SongRec]
  03 - Here Comes The Night Time.mp3
  → Arcade Fire - Here Comes the Night Time.mp3
  ♬ Arcade Fire — Here Comes the Night Time, album : Reflektor, année : 2013, genre : Alternative
[206/1381] 03 - I Won't Hold You Back.dsf
  ✗ non reconnu (ni SongRec ni tags)
[207/1381] 03 - Ici Paris - Le Centre Du Monde.mp3
  ♪ Ici Paris — Le Centre Du Monde (My Girlfriend Was A Punk! (Rare Early Female Punkrockers)) [2000]  [tags existants]
  03 - Ici Paris - Le Centre Du Monde.mp3
  → Ici Paris - Le Centre Du Monde.mp3
  ♬ Ici Paris — Le Centre Du Monde, album : My Girlfriend Was A Punk! (Rare Early Female Punkrockers), année : 2000
[208/1381] 03 - James Blake - Life Round Here.mp3
  ♪ James Blake — Life Round Here (feat. Chance The Rapper) (Life Round Here (feat. Chance The Rapper) - Single) [2013]  [SongRec]
  03 - James Blake - Life Round Here.mp3
  → James Blake - Life Round Here (feat. Chance The Rapper).mp3
  ♬ James Blake — Life Round Here (feat. Chance The Rapper), album : Life Round Here (feat. Chance The Rapper) - Single, année : 2013, genre : Electronic
[209/1381] 03 - Just The Way You Are.dsf
  ✗ non reconnu (ni SongRec ni tags)
[210/1381] 03 - Kite (live from Telstra Stadium, Sydney).mp3
  ♪ U2 — Kite (Live From Sydney) (Window In The Skies - Single) [2007]  [SongRec]
  03 - Kite (live from Telstra Stadium, Sydney).mp3
  → U2 - Kite (Live From Sydney).mp3
  ♬ U2 — Kite (Live From Sydney), album : Window In The Skies - Single, année : 2007, genre : Rock
[211/1381] 03 - Le coup de soleil.mp3
  ♪ Gianni Polizzi — Le Coup De Soleil (Le Coup De Soleil - Single) [2011]  [SongRec]
  03 - Le coup de soleil.mp3
  → Gianni Polizzi - Le Coup De Soleil.mp3
  ♬ Gianni Polizzi — Le Coup De Soleil, album : Le Coup De Soleil - Single, année : 2011, genre : Adult Contemporary
[212/1381] 03 - Mabel.mp3
  ♪ Los Pibes Chorros — Mabel (Pibes Chorros:Discografía Completa, Vol. 1) [2003]  [SongRec]
  03 - Mabel.mp3
  → Los Pibes Chorros - Mabel.mp3
  ♬ Los Pibes Chorros — Mabel, album : Pibes Chorros:Discografía Completa, Vol. 1, année : 2003, genre : Latino
[213/1381] 03 - Matt Houston - Dans La Peau D'un Dealer.mp3
  ♪ Matt — Dans la peau d'un dealer (R&B 2 Rue) [2001]  [SongRec]
  03 - Matt Houston - Dans La Peau D'un Dealer.mp3
  → Matt - Dans la peau d'un dealer.mp3
  ♬ Matt — Dans la peau d'un dealer, album : R&B 2 Rue, année : 2001, genre : Hip-Hop/Rap
[214/1381] 03 - Morrissey - Everyday Is Like Sunday (2011 Remaster).mp3
  ♪ Morrissey — Everyday Is Like Sunday (Everyday Is Like Sunday / Disappointed [Digital 45]) [1987]  [SongRec]
  ⚠ conflit : Morrissey - Everyday Is Like Sunday.mp3 existe déjà, ignoré
  ♬ Morrissey — Everyday Is Like Sunday, album : Everyday Is Like Sunday / Disappointed [Digital 45], année : 1987, genre : College Rock
[215/1381] 03 - My New Band Believe - Heart of Darkness.mp3
  ♪ My New Band Believe — Heart of Darkness (My New Band Believe) [2026]  [SongRec]
  03 - My New Band Believe - Heart of Darkness.mp3
  → My New Band Believe - Heart of Darkness.mp3
  ♬ My New Band Believe — Heart of Darkness, album : My New Band Believe, année : 2026, genre : Alternative
[216/1381] 03 - One Last Song.mp3
  ♪ Sam Smith — One Last Song (The Thrill of It All) [2017]  [SongRec]
  03 - One Last Song.mp3
  → Sam Smith - One Last Song.mp3
  ♬ Sam Smith — One Last Song, album : The Thrill of It All, année : 2017, genre : Pop
[217/1381] 03 - Stephane Pompougnac - Latin Cha Cha.mp3
  ♪ Stéphane Pompougnac — Latin Cha Cha (Hôtel Costes 12) [2009]  [SongRec]
  03 - Stephane Pompougnac - Latin Cha Cha.mp3
  → Stéphane Pompougnac - Latin Cha Cha.mp3
  ♬ Stéphane Pompougnac — Latin Cha Cha, album : Hôtel Costes 12, année : 2009, genre : Electronic
[218/1381] 03 - Take it easy.mp3
  ♪ Roch Voisine — Take It Easy (Americana II) [2009]  [SongRec]
  03 - Take it easy.mp3
  → Roch Voisine - Take It Easy.mp3
  ♬ Roch Voisine — Take It Easy, album : Americana II, année : 2009, genre : French Pop
[219/1381] 03 - The Ian Carey Project - Get Shaky [Ian Carey Original Radio Edit].mp3
  ♪ The Ian Carey Project — Get Shaky (Get Shaky) [2008]  [SongRec]
  03 - The Ian Carey Project - Get Shaky [Ian Carey Original Radio Edit].mp3
  → The Ian Carey Project - Get Shaky.mp3
  ♬ The Ian Carey Project — Get Shaky, album : Get Shaky, année : 2008, genre : Dance
[220/1381] 03 - The Railway Children - Every Beat of the Heart.mp3
  ♪ The Railway Children — Every Beat of the Heart (Native Place) [1990]  [SongRec]
  03 - The Railway Children - Every Beat of the Heart.mp3
  → The Railway Children - Every Beat of the Heart.mp3
  ♬ The Railway Children — Every Beat of the Heart, album : Native Place, année : 1990, genre : Pop
[221/1381] 03 - Two Tribes (Cassingle Mix).mp3
  ♪ Frankie Goes to Hollywood — Two Tribes (Annihilation)  [SongRec]
  03 - Two Tribes (Cassingle Mix).mp3
  → Frankie Goes to Hollywood - Two Tribes (Annihilation).mp3
  ♬ Frankie Goes to Hollywood — Two Tribes (Annihilation), genre : Pop
[222/1381] 03 - Variety Lab - Soda pop confusion.mp3
  ♪ Variety Lab & Kidsaredead — Soda Pop Confusion (Team Up!) [2009]  [SongRec]
  03 - Variety Lab - Soda pop confusion.mp3
  → Variety Lab & Kidsaredead - Soda Pop Confusion.mp3
  ♬ Variety Lab & Kidsaredead — Soda Pop Confusion, album : Team Up!, année : 2009, genre : Pop
[223/1381] 03 - Warrior.mp3
  ♪ Skazi — Warrior (feat. soul j) (My Way) [2011]  [SongRec]
  03 - Warrior.mp3
  → Skazi - Warrior (feat. soul j).mp3
  ♬ Skazi — Warrior (feat. soul j), album : My Way, année : 2011, genre : Trance
[224/1381] 03 - כתם הפרי.mp3
  ♪ Ethnix — כתם הפרי (מסאלה) [1991]  [SongRec]
  03 - כתם הפרי.mp3
  → Ethnix - כתם הפרי.mp3
  ♬ Ethnix — כתם הפרי, album : מסאלה, année : 1991, genre : Pop
[225/1381] 03 Adore You.mp3
  ♪ Harry Styles — Adore You (Fine Line) [2019]  [SongRec]
  03 Adore You.mp3
  → Harry Styles - Adore You.mp3
  ♬ Harry Styles — Adore You, album : Fine Line, année : 2019, genre : Pop
[226/1381] 03 Calm Down Dearest.mp3
  ♪ Jamie T — Calm Down Dearest (Panic Prevention) [2007]  [SongRec]
  03 Calm Down Dearest.mp3
  → Jamie T - Calm Down Dearest.mp3
  ♬ Jamie T — Calm Down Dearest, album : Panic Prevention, année : 2007, genre : Pop
[227/1381] 03 Come Back To What You Know.mp3
  ♪ Embrace — Come Back to What You Know (Alexandra Palace Theatre, London - 06 Dec 2019) [2019]  [tags existants]
  03 Come Back To What You Know.mp3
  → Embrace - Come Back to What You Know.mp3
  ♬ Embrace — Come Back to What You Know, album : Alexandra Palace Theatre, London - 06 Dec 2019, année : 2019
[228/1381] 03 Going Home - Black Magic Woman-Gypsy Queen - Oye Como Va - Incident At Neshabur.mp3
  ♪ Santana — Santana Segment 1 (1974 Kbfh Show) [1974]  [tags existants]
  03 Going Home - Black Magic Woman-Gypsy Queen - Oye Como Va - Incident At Neshabur.mp3
  → Santana - Santana Segment 1.mp3
  ♬ Santana — Santana Segment 1, album : 1974 Kbfh Show, année : 1974
[229/1381] 03 Going Home - Black Magic Woman-Gypsy Queen - Oye Como Va - Incident At Neshabur_639160627964249139.mp3
  ♪ Santana — Santana Segment 1 (1974 Kbfh Show) [1974]  [tags existants]
  ⚠ conflit : Santana - Santana Segment 1.mp3 existe déjà, ignoré
  ♬ Santana — Santana Segment 1, album : 1974 Kbfh Show, année : 1974
[230/1381] 03 Grand Corps Malade, Laura Smet - Un verre à la main.mp3
  ♪ Grand Corps Malade & Laura Smet — Un verre à la main (Mesdames) [2020]  [SongRec]
  03 Grand Corps Malade, Laura Smet - Un verre à la main.mp3
  → Grand Corps Malade & Laura Smet - Un verre à la main.mp3
  ♬ Grand Corps Malade & Laura Smet — Un verre à la main, album : Mesdames, année : 2020, genre : French Pop
[231/1381] 03 Gros câlin.mp3
  ♪ Raphaël Enthoven — Gros CâLin (Romain Gary) [2010]  [tags existants]
  03 Gros câlin.mp3
  → Raphaël Enthoven - Gros CâLin.mp3
  ♬ Raphaël Enthoven — Gros CâLin, album : Romain Gary, année : 2010
[232/1381] 03 Moby - Porcelain (2006 Remastered Version).mp3
  ♪ Moby — Porcelain (Porcelain - Single) [1999]  [SongRec]
  03 Moby - Porcelain (2006 Remastered Version).mp3
  → Moby - Porcelain.mp3
  ♬ Moby — Porcelain, album : Porcelain - Single, année : 1999, genre : Dance
[233/1381] 03 Ready For The Weekend (Dave Spoon Remix).mp3
  ♪ HERIKANT — Jesus (Jesus - EP) [2025]  [SongRec]
  03 Ready For The Weekend (Dave Spoon Remix).mp3
  → HERIKANT - Jesus.mp3
  ♬ HERIKANT — Jesus, album : Jesus - EP, année : 2025, genre : Christian & Gospel
[234/1381] 03 Sobri (Notre Destin) (Extended Version).mp3
  ♪ Rai'n'B Fever — Sobri (Notre destin) [Radio Edit] (Rai 'N' B Fever) [2004]  [SongRec]
  03 Sobri (Notre Destin) (Extended Version).mp3
  → Rai'n'B Fever - Sobri (Notre destin) [Radio Edit].mp3
  ♬ Rai'n'B Fever — Sobri (Notre destin) [Radio Edit], album : Rai 'N' B Fever, année : 2004, genre : R&B/Soul
[235/1381] 03 Someday.mp3
  ♪ Nickelback — Someday (The Best of Nickelback, Vol. 1) [2003]  [SongRec]
  03 Someday.mp3
  → Nickelback - Someday.mp3
  ♬ Nickelback — Someday, album : The Best of Nickelback, Vol. 1, année : 2003, genre : Rock
[236/1381] 03 Texas.mp3
  ♪ Tami Neilson — Texas (Dynamite!) [2014]  [SongRec]
  03 Texas.mp3
  → Tami Neilson - Texas.mp3
  ♬ Tami Neilson — Texas, album : Dynamite!, année : 2014, genre : Country
[237/1381] 03 Trouble in Town.mp3
  ♪ Coldplay — Trouble In Town (Everyday Life) [2019]  [SongRec]
  03 Trouble in Town.mp3
  → Coldplay - Trouble In Town.mp3
  ♬ Coldplay — Trouble In Town, album : Everyday Life, année : 2019, genre : Alternative
[238/1381] 03 Unsuccessfully Trying To Feel Pleasure Through Physical Pain.mp3
  ♪ Venta Protesix — Unsuccessfully Trying to Feel Pleasure Through Physical Pain (Soundtrack to an Android's Dreams) [2020]  [tags existants]
  03 Unsuccessfully Trying To Feel Pleasure Through Physical Pain.mp3
  → Venta Protesix - Unsuccessfully Trying to Feel Pleasure Through Physical Pain.mp3
  ♬ Venta Protesix — Unsuccessfully Trying to Feel Pleasure Through Physical Pain, album : Soundtrack to an Android's Dreams, année : 2020
[239/1381] 03 Waterfall-mch.mp3
  ♪ Wendy & Lisa — Waterfall (Wendy and Lisa (Expanded)) [1987]  [SongRec]
  03 Waterfall-mch.mp3
  → Wendy & Lisa - Waterfall.mp3
  ♬ Wendy & Lisa — Waterfall, album : Wendy and Lisa (Expanded), année : 1987, genre : Pop
[240/1381] 03-Smile Like You Mean It.mp3
  ♪ The Killers — Smile Like You Mean It (Hot Fuss) [2004]  [SongRec]
  03-Smile Like You Mean It.mp3
  → The Killers - Smile Like You Mean It.mp3
  ♬ The Killers — Smile Like You Mean It, album : Hot Fuss, année : 2004, genre : Rock
[241/1381] 03-madness-round_and_round_(2010_remaster).mp3
  ♪ Madness — Round And Round (2010 Remaster) (Lovestruck (2010 Remaster) - EP) [1999]  [SongRec]
  03-madness-round_and_round_(2010_remaster).mp3
  → Madness - Round And Round (2010 Remaster).mp3
  ♬ Madness — Round And Round (2010 Remaster), album : Lovestruck (2010 Remaster) - EP, année : 1999, genre : Pop
[242/1381] 03-nuttea-elle_te_rend_dingue_(poom_poom_short).mp3
  ♪ Nuttea — Elle te rend dingue (Poom Poom Short) (Un signe du temps) [2000]  [SongRec]
  03-nuttea-elle_te_rend_dingue_(poom_poom_short).mp3
  → Nuttea - Elle te rend dingue (Poom Poom Short).mp3
  ♬ Nuttea — Elle te rend dingue (Poom Poom Short), album : Un signe du temps, année : 2000, genre : Reggae
[243/1381] 03-sureal-you_take_my_breath_away__tiesto_remix-l4l.mp3
  ♪ Sureal — You Take My Breath Away (Tiësto Remix) (You Take My Breath Away) [2000]  [SongRec]
  03-sureal-you_take_my_breath_away__tiesto_remix-l4l.mp3
  → Sureal - You Take My Breath Away (Tiësto Remix).mp3
  ♬ Sureal — You Take My Breath Away (Tiësto Remix), album : You Take My Breath Away, année : 2000, genre : Trance
[244/1381] 03. 05. Raft - Yaka danse.mp3
  ♪ Raft — Yaka danse (Les années 80 en France) [2021]  [SongRec]
  03. 05. Raft - Yaka danse.mp3
  → Raft - Yaka danse.mp3
  ♬ Raft — Yaka danse, album : Les années 80 en France, année : 2021, genre : Electronic
[245/1381] 03. AWB - Average White Band - Pick Up The Pieces.mp3
  ♪ Average White Band — Pick Up the Pieces (AWB) [1974]  [SongRec]
  03. AWB - Average White Band - Pick Up The Pieces.mp3
  → Average White Band - Pick Up the Pieces.mp3
  ♬ Average White Band — Pick Up the Pieces, album : AWB, année : 1974, genre : R&B/Soul
[246/1381] 03. Backstreet Boys - Everybody (Backstreet's Back)  (Extended Version).mp3
  ♪ Backstreet Boys — Everybody (Backstreet's Back) [Extended Version] (Backstreet Boys) [1997]  [SongRec]
  03. Backstreet Boys - Everybody (Backstreet's Back)  (Extended Version).mp3
  → Backstreet Boys - Everybody (Backstreet's Back) [Extended Version].mp3
  ♬ Backstreet Boys — Everybody (Backstreet's Back) [Extended Version], album : Backstreet Boys, année : 1997, genre : Pop
[247/1381] 03. Charlotte Gainsbourg - Trick Pony.mp3
  ♪ Charlotte Gainsbourg — Trick Pony (Irm) [2009]  [SongRec]
  03. Charlotte Gainsbourg - Trick Pony.mp3
  → Charlotte Gainsbourg - Trick Pony.mp3
  ♬ Charlotte Gainsbourg — Trick Pony, album : Irm, année : 2009, genre : Pop
[248/1381] 03. Girls Aloud - The Whole Damn Show Megamix 131.mp3
  ♪ Girls Aloud — The Whole Damn Show Megamix 131 (Dmc Commercial Collection 497) [2024]  [tags existants]
  03. Girls Aloud - The Whole Damn Show Megamix 131.mp3
  → Girls Aloud - The Whole Damn Show Megamix 131.mp3
  ♬ Girls Aloud — The Whole Damn Show Megamix 131, album : Dmc Commercial Collection 497, année : 2024
[249/1381] 03. Ladysmith Black Mambazo -  Swing Low Sweet Chariot.mp3
  ♪ Ladysmith Black Mambazo — Swing Low Sweet Chariot (feat. China Black) (Ladysmith Black Mambazo & Friends) [1994]  [SongRec]
  03. Ladysmith Black Mambazo -  Swing Low Sweet Chariot.mp3
  → Ladysmith Black Mambazo - Swing Low Sweet Chariot (feat. China Black).mp3
  ♬ Ladysmith Black Mambazo — Swing Low Sweet Chariot (feat. China Black), album : Ladysmith Black Mambazo & Friends, année : 1994
[250/1381] 03. Lucio Battisti - E penso a te.mp3
  ♪ Lucio Battisti — E penso a te (Umanamente uomo: il sogno) [1972]  [SongRec]
  03. Lucio Battisti - E penso a te.mp3
  → Lucio Battisti - E penso a te.mp3
  ♬ Lucio Battisti — E penso a te, album : Umanamente uomo: il sogno, année : 1972, genre : Pop
[251/1381] 03. Neumodel, Sirius Trema - Dicaprio On Acid.mp3
  ♪ neumodel — Dicaprio on Acid (feat. Sirius Trema) (Dicaprio on Acid (feat. Sirius Trema) - Single) [2015]  [SongRec]
  03. Neumodel, Sirius Trema - Dicaprio On Acid.mp3
  → neumodel - Dicaprio on Acid (feat. Sirius Trema).mp3
  ♬ neumodel — Dicaprio on Acid (feat. Sirius Trema), album : Dicaprio on Acid (feat. Sirius Trema) - Single, année : 2015, genre : Dance
[252/1381] 03. Night Stomp.mp3
  ♪ Albert King — Night Stomp (Live Wire / Blues Power (Remastered)) [1968]  [SongRec]
  03. Night Stomp.mp3
  → Albert King - Night Stomp.mp3
  ♬ Albert King — Night Stomp, album : Live Wire / Blues Power (Remastered), année : 1968, genre : Blues
[253/1381] 035 - Boyzone - Father and Son.mp3
  ♪ Boyzone — Father and Son (Said and Done) [1995]  [SongRec]
  035 - Boyzone - Father and Son.mp3
  → Boyzone - Father and Son.mp3
  ♬ Boyzone — Father and Son, album : Said and Done, année : 1995, genre : Pop
[254/1381] 04 - Amnesia (Zion Train 359 Amhurst Road Mix).mp3
  ♪ Chumbawamba — Amnesia (Zion Train 359 Amhurst Road mix) (Amnesia) [1997]  [tags existants]
  04 - Amnesia (Zion Train 359 Amhurst Road Mix).mp3
  → Chumbawamba - Amnesia (Zion Train 359 Amhurst Road mix).mp3
  ♬ Chumbawamba — Amnesia (Zion Train 359 Amhurst Road mix), album : Amnesia, année : 1997
[255/1381] 04 - Amnesia (Zion Train 359 Amhurst Road Mix)_639159317721547767.mp3
  ♪ Chumbawamba — Amnesia (Zion Train 359 Amhurst Road mix) (Amnesia - Cd1) [1997]  [tags existants]
  ⚠ conflit : Chumbawamba - Amnesia (Zion Train 359 Amhurst Road mix).mp3 existe déjà, ignoré
  ♬ Chumbawamba — Amnesia (Zion Train 359 Amhurst Road mix), album : Amnesia - Cd1, année : 1997
[256/1381] 04 - Bubbling Hot (Beatmasters Searchin' Remix).mp3
  ♪ Pato Banton — Bubbling Hot (Universal Love) [1992]  [SongRec]
  04 - Bubbling Hot (Beatmasters Searchin' Remix).mp3
  → Pato Banton - Bubbling Hot.mp3
  ♬ Pato Banton — Bubbling Hot, album : Universal Love, année : 1992, genre : Electronic
[257/1381] 04 - By‐Tor & The Snow Dog - I. At the Tobes of Hades + II. Across the Styx + III. Of the Battle + IV. Epilogue.mp3
  ♪ Rush — By-Tor and the Snow Dog (Retrospective I (1974-1980)) [1975]  [SongRec]
  04 - By‐Tor & The Snow Dog - I. At the Tobes of Hades + II. Across the Styx + III. Of the Battle + IV. Epilogue.mp3
  → Rush - By-Tor and the Snow Dog.mp3
  ♬ Rush — By-Tor and the Snow Dog, album : Retrospective I (1974-1980), année : 1975, genre : Hard Rock
[258/1381] 04 - Can't Give You Anything (But My Love).mp3
  ♪ Ron Carter — Can't Give You Anything (But My Love) (Anything Goes) [1975]  [SongRec]
  04 - Can't Give You Anything (But My Love).mp3
  → Ron Carter - Can't Give You Anything (But My Love).mp3
  ♬ Ron Carter — Can't Give You Anything (But My Love), album : Anything Goes, année : 1975, genre : Jazz
[259/1381] 04 - Comme un film.mp3
  ♪ Vitaa & Slimane — Comme un film (VersuS) [2019]  [SongRec]
  04 - Comme un film.mp3
  → Vitaa & Slimane - Comme un film.mp3
  ♬ Vitaa & Slimane — Comme un film, album : VersuS, année : 2019, genre : French Pop
[260/1381] 04 - Crazy Chance (12'' Mastermix).mp3
  ♪ Kavana — Crazy Chance (Crazy Chance 97’) [1997]  [SongRec]
  04 - Crazy Chance (12'' Mastermix).mp3
  → Kavana - Crazy Chance.mp3
  ♬ Kavana — Crazy Chance, album : Crazy Chance 97’, année : 1997, genre : Pop
[261/1381] 04 - Den Förföljdes Gryning.mp3
  ♪ Daniel Rozenhall — Den Förföljdes Gryning (Presents the Unfathomable Delights of Sex, Drugs and Electroacoustic Music) [2025]  [tags existants]
  04 - Den Förföljdes Gryning.mp3
  → Daniel Rozenhall - Den Förföljdes Gryning.mp3
  ♬ Daniel Rozenhall — Den Förföljdes Gryning, album : Presents the Unfathomable Delights of Sex, Drugs and Electroacoustic Music, année : 2025
[262/1381] 04 - Don’t Blame Me.mp3
  ♪ Taylor Swift — Don’t Blame Me (reputation (Big Machine Radio Release Special)) [2017]  [SongRec]
  04 - Don’t Blame Me.mp3
  → Taylor Swift - Don’t Blame Me.mp3
  ♬ Taylor Swift — Don’t Blame Me, album : reputation (Big Machine Radio Release Special), année : 2017, genre : Pop
[263/1381] 04 - I Don’t Want You.mp3
  ♪ Ramones — I Don't Want You (Road to Ruin) [1978]  [SongRec]
  04 - I Don’t Want You.mp3
  → Ramones - I Don't Want You.mp3
  ♬ Ramones — I Don't Want You, album : Road to Ruin, année : 1978, genre : Punk
[264/1381] 04 - Idir avec Akhenaton - Marche sur Jérusalem.mp3
  ♪ Idir — Marche sur Jérusalem (feat. Akhenaton) (La France des couleurs) [2007]  [SongRec]
  04 - Idir avec Akhenaton - Marche sur Jérusalem.mp3
  → Idir - Marche sur Jérusalem (feat. Akhenaton).mp3
  ♬ Idir — Marche sur Jérusalem (feat. Akhenaton), album : La France des couleurs, année : 2007, genre : Hip-Hop/Rap
[265/1381] 04 - In a Perfect World_639158326346294298.mp3
  ♪ Jjos — In a Perfect World (Come into My Space) [2011]  [SongRec]
  ⚠ conflit : Jjos - In a Perfect World.mp3 existe déjà, ignoré
  ♬ Jjos — In a Perfect World, album : Come into My Space, année : 2011, genre : Electronic
[266/1381] 04 - Nelly - Just a Dream (Main).mp3
  ♪ Nelly — Just A Dream (Main) (Nelly Slow Jams) [2010]  [SongRec]
  04 - Nelly - Just a Dream (Main).mp3
  → Nelly - Just A Dream (Main).mp3
  ♬ Nelly — Just A Dream (Main), album : Nelly Slow Jams, année : 2010, genre : Pop
[267/1381] 04 - Nothing At All.dsf
  ✗ non reconnu (ni SongRec ni tags)
[268/1381] 04 - One Better Day.mp3
  ♪ Madness — One Better Day (Keep Moving) [1984]  [SongRec]
  04 - One Better Day.mp3
  → Madness - One Better Day.mp3
  ♬ Madness — One Better Day, album : Keep Moving, année : 1984, genre : Pop
[269/1381] 04 - Overprotected (Album Version) (Radio Edit).mp3
  ♪ Britney Spears — Overprotected (Britney (Deluxe Version)) [2001]  [SongRec]
  04 - Overprotected (Album Version) (Radio Edit).mp3
  → Britney Spears - Overprotected.mp3
  ♬ Britney Spears — Overprotected, album : Britney (Deluxe Version), année : 2001, genre : Pop
[270/1381] 04 - Pink Floyd - Time.dsf
  ✗ non reconnu (ni SongRec ni tags)
[271/1381] 04 - Poupée Psychédélique.mp3
  ♪ Thierry Hazard — Medley Pop  [SongRec]
  04 - Poupée Psychédélique.mp3
  → Thierry Hazard - Medley Pop.mp3
  ♬ Thierry Hazard — Medley Pop, genre : Pop
[272/1381] 04 - Rent.dsf
  ✗ non reconnu (ni SongRec ni tags)
[273/1381] 04 - Shimmer (NL) - Music Last Forever.mp3
  ♪ Shimmer (NL) — Music Last Forever (Shadows - EP) [2013]  [SongRec]
  04 - Shimmer (NL) - Music Last Forever.mp3
  → Shimmer (NL) - Music Last Forever.mp3
  ♬ Shimmer (NL) — Music Last Forever, album : Shadows - EP, année : 2013, genre : Dance
[274/1381] 04 - Slimane - Ne me quitte pas .mp3
  ♪ Slimane — Ne me quitte pas (Brel - Ces gens-là) [2019]  [SongRec]
  04 - Slimane - Ne me quitte pas .mp3
  → Slimane - Ne me quitte pas.mp3
  ♬ Slimane — Ne me quitte pas, album : Brel - Ces gens-là, année : 2019, genre : Jazz
[275/1381] 04 - Some Kinda Rush (Radio Edit).mp3
  ♪ Booty Luv — Some Kinda Rush (Radio Edit) (Boogie 2Nite) [2007]  [SongRec]
  04 - Some Kinda Rush (Radio Edit).mp3
  → Booty Luv - Some Kinda Rush (Radio Edit).mp3
  ♬ Booty Luv — Some Kinda Rush (Radio Edit), album : Boogie 2Nite, année : 2007, genre : Dance
[276/1381] 04 - Stormzy - Big for Your Boots.mp3
  ♪ Stormzy — Big For Your Boots (Gang Signs & Prayer) [2017]  [SongRec]
  04 - Stormzy - Big for Your Boots.mp3
  → Stormzy - Big For Your Boots.mp3
  ♬ Stormzy — Big For Your Boots, album : Gang Signs & Prayer, année : 2017, genre : Hip-Hop/Rap
[277/1381] 04 - The Pleasure Of The Text.mp3
  ♪ Sema — The Pleasure of the Text (Time Will Say Nothing (1982 - 1984) Vod 103.3 Extract From Rosa Silber) [2012]  [tags existants]
  04 - The Pleasure Of The Text.mp3
  → Sema - The Pleasure of the Text.mp3
  ♬ Sema — The Pleasure of the Text, album : Time Will Say Nothing (1982 - 1984) Vod 103.3 Extract From Rosa Silber, année : 2012
[278/1381] 04 - Tina Arena - Si Tu Veux Mon Coeur.mp3
  ♪ Tina Arena — Si Tu Veux Mon Coeur (Un autre univers) [2005]  [SongRec]
  04 - Tina Arena - Si Tu Veux Mon Coeur.mp3
  → Tina Arena - Si Tu Veux Mon Coeur.mp3
  ♬ Tina Arena — Si Tu Veux Mon Coeur, album : Un autre univers, année : 2005, genre : French Pop
[279/1381] 04 - Why Did I Choose You.dsf
  ✗ non reconnu (ni SongRec ni tags)
[280/1381] 04 - Within.dsf
  ✗ non reconnu (ni SongRec ni tags)
[281/1381] 04 - drivers license.mp3
  ♪ Olivia Rodrigo — drivers license (Live From Glastonbury (A BBC Recording))  [SongRec]
  04 - drivers license.mp3
  → Olivia Rodrigo - drivers license (Live From Glastonbury (A BBC Recording)).mp3
  ♬ Olivia Rodrigo — drivers license (Live From Glastonbury (A BBC Recording)), genre : Pop
[282/1381] 04 And Then You Kissed Me.mp3
  ♪ The Cardigans — And Then You Kissed Me (Long Gone Before Daylight (U.K. Version)) [2002]  [SongRec]
  04 And Then You Kissed Me.mp3
  → The Cardigans - And Then You Kissed Me.mp3
  ♬ The Cardigans — And Then You Kissed Me, album : Long Gone Before Daylight (U.K. Version), année : 2002, genre : Pop
[283/1381] 04 Animals - 2020 Remaster.mp3
  ♪ Nickelback — Animals (All the Right Reasons) [2005]  [SongRec]
  04 Animals - 2020 Remaster.mp3
  → Nickelback - Animals.mp3
  ♬ Nickelback — Animals, album : All the Right Reasons, année : 2005, genre : Rock
[284/1381] 04 Break the Man.dsf
  ✗ non reconnu (ni SongRec ni tags)
[285/1381] 04 Break the Man_639159696736720242.dsf
  ✗ non reconnu (ni SongRec ni tags)
[286/1381] 04 Chelsea Dagger.aif
  ✗ non reconnu (ni SongRec ni tags)
[287/1381] 04 Fix You.aif
  ✗ non reconnu (ni SongRec ni tags)
[288/1381] 04 Garde-le pour toi (Thee Loving Hand mix, Parts I + II).mp3
  ♪ Paradis — Garde-le Pour Toi (Thee Loving Hand mix Parts I + Ii) (Couleurs Primaires) [2015]  [tags existants]
  04 Garde-le pour toi (Thee Loving Hand mix, Parts I + II).mp3
  → Paradis - Garde-le Pour Toi (Thee Loving Hand mix Parts I + Ii).mp3
  ♬ Paradis — Garde-le Pour Toi (Thee Loving Hand mix Parts I + Ii), album : Couleurs Primaires, année : 2015
[289/1381] 04 Génération Consciente.mp3
  ♪ Tiken Jah Fakoly — Génération  [SongRec]
  04 Génération Consciente.mp3
  → Tiken Jah Fakoly - Génération.mp3
  ♬ Tiken Jah Fakoly — Génération, genre : World
[290/1381] 04 I Juswanna Chill.mp3
  ♪ Large Professor — I Juswanna Chill (The LP) [2002]  [SongRec]
  04 I Juswanna Chill.mp3
  → Large Professor - I Juswanna Chill.mp3
  ♬ Large Professor — I Juswanna Chill, album : The LP, année : 2002, genre : Hip-Hop/Rap
[291/1381] 04 Moving.mp3
  ♪ Supergrass — Moving (Live 2020) (Live on Other Planets (Live 2020)) [2020]  [SongRec]
  04 Moving.mp3
  → Supergrass - Moving (Live 2020).mp3
  ♬ Supergrass — Moving (Live 2020), album : Live on Other Planets (Live 2020), année : 2020, genre : Rock
[292/1381] 04 Nose , Menelik - Quelle Aventure.mp3
  ♪ Pino D'Angiò — Ma Quale Idea (Ma Quale Idea - Single) [1981]  [SongRec]
  04 Nose , Menelik - Quelle Aventure.mp3
  → Pino D'Angiò - Ma Quale Idea.mp3
  ♬ Pino D'Angiò — Ma Quale Idea, album : Ma Quale Idea - Single, année : 1981, genre : Disco
[293/1381] 04 Philippe Lavil - Il tape sur des bambous.mp3
  ♪ Done Again — Il Tape Sur Des Bambous (Il Tape Sur Des Bambous - Single) [2013]  [SongRec]
  04 Philippe Lavil - Il tape sur des bambous.mp3
  → Done Again - Il Tape Sur Des Bambous.mp3
  ♬ Done Again — Il Tape Sur Des Bambous, album : Il Tape Sur Des Bambous - Single, année : 2013, genre : Tribute
[294/1381] 04 Push Comes To Shove.mp3
  ♪ Solmania — Push Comes to Shove (Dlo) [2013]  [tags existants]
  04 Push Comes To Shove.mp3
  → Solmania - Push Comes to Shove.mp3
  ♬ Solmania — Push Comes to Shove, album : Dlo, année : 2013
[295/1381] 04 Sweet Lady.mp3
  ♪ Tyrese — Sweet Lady (Tyrese) [1998]  [SongRec]
  04 Sweet Lady.mp3
  → Tyrese - Sweet Lady.mp3
  ♬ Tyrese — Sweet Lady, album : Tyrese, année : 1998, genre : R&B/Soul
[296/1381] 04 מחרוזת- אשת חיל.mp3
  ♪ Zohar Argov — מחרוזת: הרחק ביער-בהופעה (שירת חייו בהופעה) [1988]  [SongRec]
  04 מחרוזת- אשת חיל.mp3
  → Zohar Argov - מחרוזת הרחק ביער-בהופעה.mp3
  ♬ Zohar Argov — מחרוזת: הרחק ביער-בהופעה, album : שירת חייו בהופעה, année : 1988, genre : Pop
[297/1381] 04-angine_de_poitrine-ababa_hotel.mp3
  ♪ Angine de Poitrine — Ababa hôtel (Vol.1) [2024]  [SongRec]
  04-angine_de_poitrine-ababa_hotel.mp3
  → Angine de Poitrine - Ababa hôtel.mp3
  ♬ Angine de Poitrine — Ababa hôtel, album : Vol.1, année : 2024, genre : Rock
[298/1381] 04. 911 - The Day We Find Love (Extended Mix).mp3
  ♪ 911 — The Day We Find Love (The Journey) [1997]  [SongRec]
  04. 911 - The Day We Find Love (Extended Mix).mp3
  → 911 - The Day We Find Love.mp3
  ♬ 911 — The Day We Find Love, album : The Journey, année : 1997, genre : Pop
[299/1381] 04. Always On My Mind-In My House (LP Version) - 9B - 125.mp3
  ♪ Pet Shop Boys — Always On My Mind / In My House (Introspective: Further Listening 1988-1989 (Deluxe Edition) [2018 Remaster]) [1988]  [SongRec]
  04. Always On My Mind-In My House (LP Version) - 9B - 125.mp3
  → Pet Shop Boys - Always On My Mind In My House.mp3
  ♬ Pet Shop Boys — Always On My Mind / In My House, album : Introspective: Further Listening 1988-1989 (Deluxe Edition) [2018 Remaster], année : 1988, genre : Electronic
[300/1381] 04. Flashback.mp3
  ♪ Mister You — Flashback (Hasta la muerte) [2019]  [SongRec]
  04. Flashback.mp3
  → Mister You - Flashback.mp3
  ♬ Mister You — Flashback, album : Hasta la muerte, année : 2019, genre : Hip-Hop/Rap
[301/1381] 04. House On Fire.mp3
  ♪ Mimi Webb — House On Fire (Amelia) [2022]  [SongRec]
  04. House On Fire.mp3
  → Mimi Webb - House On Fire.mp3
  ♬ Mimi Webb — House On Fire, album : Amelia, année : 2022, genre : Pop
[302/1381] 04. Hungry Like The Wolf.dsf
  ✗ non reconnu (ni SongRec ni tags)
[303/1381] 04. I Wanna Wake Up With You.mp3
  ♪ Boris Gardiner — I Want To Wake Up With You (This Is Boris Gardiner) [1986]  [SongRec]
  04. I Wanna Wake Up With You.mp3
  → Boris Gardiner - I Want To Wake Up With You.mp3
  ♬ Boris Gardiner — I Want To Wake Up With You, album : This Is Boris Gardiner, année : 1986, genre : Reggae
[304/1381] 04. Medley- Mode D -Trio And Group Dancers - Mode E- Single Solos And Group Dance - Mode F - Group And Solo Dance.dsf
  ✗ non reconnu (ni SongRec ni tags)
[305/1381] 04. Moonlight (Maxi RMX).mp3
  ♪ Down Low — Moonlight (Light Mix) (Moonlight - EP) [1997]  [SongRec]
  04. Moonlight (Maxi RMX).mp3
  → Down Low - Moonlight (Light Mix).mp3
  ♬ Down Low — Moonlight (Light Mix), album : Moonlight - EP, année : 1997, genre : R&B/Soul
[306/1381] 04. Pharrell Williams - Happy  (From ''Despicable Me 2'').mp3
  ♪ Pharrell Williams — Happy (From "Despicable Me 2") (G I R L) [2013]  [SongRec]
  04. Pharrell Williams - Happy  (From ''Despicable Me 2'').mp3
  → Pharrell Williams - Happy (From Despicable Me 2).mp3
  ♬ Pharrell Williams — Happy (From "Despicable Me 2"), album : G I R L, année : 2013, genre : Pop
[307/1381] 04. Shallou - Truth (FLAC).mp3
  ♪ Shallou — Truth (All Becomes Okay - EP) [2017]  [SongRec]
  04. Shallou - Truth (FLAC).mp3
  → Shallou - Truth.mp3
  ♬ Shallou — Truth, album : All Becomes Okay - EP, année : 2017, genre : Electronic
[308/1381] 04. Slaï - La dernière danse (Ne rentre pas chez toi ce soir) (Radio Edit).mp3
  ♪ Slaï — La dernière danse (Ne rentre pas chez toi ce soir) [Radio Edit] (Florilège (Edition deluxe)) [2004]  [SongRec]
  04. Slaï - La dernière danse (Ne rentre pas chez toi ce soir) (Radio Edit).mp3
  → Slaï - La dernière danse (Ne rentre pas chez toi ce soir) [Radio Edit].mp3
  ♬ Slaï — La dernière danse (Ne rentre pas chez toi ce soir) [Radio Edit], album : Florilège (Edition deluxe), année : 2004, genre : Latino
[309/1381] 04..Dina.Carroll.-.Escaping.(Radio.Edit).mp3
  ♪ Dina Carroll — Escaping (Only Human) [1996]  [SongRec]
  04..Dina.Carroll.-.Escaping.(Radio.Edit).mp3
  → Dina Carroll - Escaping.mp3
  ♬ Dina Carroll — Escaping, album : Only Human, année : 1996, genre : Pop
[310/1381] 048 Forget You  CeeLo Green.mp3
  ♪ CeeLo Green — F**k You (The Lady Killer) [2010]  [SongRec]
  048 Forget You  CeeLo Green.mp3
  → CeeLo Green - Fk You.mp3
  ♬ CeeLo Green — F**k You, album : The Lady Killer, année : 2010, genre : R&B/Soul
[311/1381] 05 (B1) - Cool Down The Pace.mp3
  ♪ Gregory Isaacs — Cool Down the Pace (Night Nurse (Bonus Tracks Edition)) [1982]  [SongRec]
  05 (B1) - Cool Down The Pace.mp3
  → Gregory Isaacs - Cool Down the Pace.mp3
  ♬ Gregory Isaacs — Cool Down the Pace, album : Night Nurse (Bonus Tracks Edition), année : 1982, genre : Reggae
[312/1381] 05 (B1) - Cool Down The Pace_639158484260569613.mp3
  ♪ Gregory Isaacs — Cool Down the Pace (Night Nurse (Bonus Tracks Edition)) [1982]  [SongRec]
  ⚠ conflit : Gregory Isaacs - Cool Down the Pace.mp3 existe déjà, ignoré
  ♬ Gregory Isaacs — Cool Down the Pace, album : Night Nurse (Bonus Tracks Edition), année : 1982, genre : Reggae
[313/1381] 05 -  I Want To Break Free (Single Version).mp3
  ♪ Queen — I Want to Break Free (The Works) [1984]  [SongRec]
  05 -  I Want To Break Free (Single Version).mp3
  → Queen - I Want to Break Free.mp3
  ♬ Queen — I Want to Break Free, album : The Works, année : 1984, genre : Rock
[314/1381] 05 - Aldo Romano - Caruso.mp3
  ♪ Aldo Romano — Caruso  [SongRec]
  05 - Aldo Romano - Caruso.mp3
  → Aldo Romano - Caruso.mp3
  ♬ Aldo Romano — Caruso, genre : Latino
[315/1381] 05 - Do You Love What You Feel (Duane Bradley Album Mix).mp3
  ♪ Inner City — Do You Love What You Feel (Duane Bradley Mix) (Good Life - The Best of Inner City) [1989]  [SongRec]
  05 - Do You Love What You Feel (Duane Bradley Album Mix).mp3
  → Inner City - Do You Love What You Feel (Duane Bradley Mix).mp3
  ♬ Inner City — Do You Love What You Feel (Duane Bradley Mix), album : Good Life - The Best of Inner City, année : 1989, genre : Dance
[316/1381] 05 - Freedom Dub - Emotional Rescue (2 Many Beats Mix).mp3
  ♪ Hotel Costes & Freedom Dub — Emotional Rescue (2 Many Beats Mix) (Hôtel Costes A Decade) [2005]  [SongRec]
  05 - Freedom Dub - Emotional Rescue (2 Many Beats Mix).mp3
  → Hotel Costes & Freedom Dub - Emotional Rescue (2 Many Beats Mix).mp3
  ♬ Hotel Costes & Freedom Dub — Emotional Rescue (2 Many Beats Mix), album : Hôtel Costes A Decade, année : 2005, genre : Electronic
[317/1381] 05 - Freya Skye - Lose My Head (United Kingdom).mp3
  ♪ Freya Skye — Lose My Head (Lose My Head - Single) [2022]  [SongRec]
  05 - Freya Skye - Lose My Head (United Kingdom).mp3
  → Freya Skye - Lose My Head.mp3
  ♬ Freya Skye — Lose My Head, album : Lose My Head - Single, année : 2022, genre : Pop
[318/1381] 05 - Gotta Be Where You Are.mp3
  ♪ David Matthews — Gotta Be Where You Are  [SongRec]
  05 - Gotta Be Where You Are.mp3
  → David Matthews - Gotta Be Where You Are.mp3
  ♬ David Matthews — Gotta Be Where You Are, genre : Jazz
[319/1381] 05 - I Don't Need No Doctor.mp3
  ♪ John Mayer — I Don't Need No Doctor (Live at the Nokia Theatre, Los Angeles, CA - December 2007) (Where the Light Is: John Mayer Live In Los Angeles) [2008]  [SongRec]
  05 - I Don't Need No Doctor.mp3
  → John Mayer - I Don't Need No Doctor (Live at the Nokia Theatre, Los Angeles, CA - December 2007).mp3
  ♬ John Mayer — I Don't Need No Doctor (Live at the Nokia Theatre, Los Angeles, CA - December 2007), album : Where the Light Is: John Mayer Live In Los Angeles, année : 2008, genre : Pop
[320/1381] 05 - Keep Warm (Short Version).mp3
  ♪ Jinny — Keep Warm (Extended Mix) (Keep Warm - EP) [1991]  [SongRec]
  05 - Keep Warm (Short Version).mp3
  → Jinny - Keep Warm (Extended Mix).mp3
  ♬ Jinny — Keep Warm (Extended Mix), album : Keep Warm - EP, année : 1991, genre : Dance
[321/1381] 05 - Laisse-moi Vivre Ma Vie.dsf
  ✗ non reconnu (ni SongRec ni tags)
[322/1381] 05 - Marcus Maison & Will Dragen - Road To Euphoria (Radio Edit).mp3
  ♪ Marcus Maison & Will Dragen — Road To Euphoria (Original Mix) (Armada Weekly 2011 - 08 (This Week's New Single Releases)) [2011]  [SongRec]
  05 - Marcus Maison & Will Dragen - Road To Euphoria (Radio Edit).mp3
  → Marcus Maison & Will Dragen - Road To Euphoria (Original Mix).mp3
  ♬ Marcus Maison & Will Dragen — Road To Euphoria (Original Mix), album : Armada Weekly 2011 - 08 (This Week's New Single Releases), année : 2011, genre : Dance
[323/1381] 05 - Michal Kanka,Jaromir Klepac - REVERIE,transcribed for Cello and Piano.dsf
  ✗ non reconnu (ni SongRec ni tags)
[324/1381] 05 - Missy Elliott - Get Ur Freak On.mp3
  ♪ Missy Elliott — Get Ur Freak On (Miss E... So Addictive) [2001]  [SongRec]
  05 - Missy Elliott - Get Ur Freak On.mp3
  → Missy Elliott - Get Ur Freak On.mp3
  ♬ Missy Elliott — Get Ur Freak On, album : Miss E... So Addictive, année : 2001, genre : R&B/Soul
[325/1381] 05 - Night Riders (Reiter der Nacht Remix von Boole).mp3
  ♪ Stromkern — Night Riders (Reiter Der Nacht Remix Von Boole) (Standup (Single)) [2005]  [SongRec]
  05 - Night Riders (Reiter der Nacht Remix von Boole).mp3
  → Stromkern - Night Riders (Reiter Der Nacht Remix Von Boole).mp3
  ♬ Stromkern — Night Riders (Reiter Der Nacht Remix Von Boole), album : Standup (Single), année : 2005, genre : Industrial
[326/1381] 05 - Petit Franck (Album Version).mp3
  ♪ François Feldman — Petit Franck (Une présence) [1989]  [SongRec]
  05 - Petit Franck (Album Version).mp3
  → François Feldman - Petit Franck.mp3
  ♬ François Feldman — Petit Franck, album : Une présence, année : 1989, genre : French Pop
[327/1381] 05 - Pioneers Over C.mp3
  ♪ Van Der Graaf Generator — Pioneers Over C (H to He Who Am the Only One 2005 Release) [1970]  [SongRec]
  05 - Pioneers Over C.mp3
  → Van Der Graaf Generator - Pioneers Over C.mp3
  ♬ Van Der Graaf Generator — Pioneers Over C, album : H to He Who Am the Only One 2005 Release, année : 1970, genre : Rock
[328/1381] 05 - Red Dress (Radio Edit).mp3
  ♪ Sugababes — Red Dress (Overloaded: The Singles Collection) [2005]  [SongRec]
  05 - Red Dress (Radio Edit).mp3
  → Sugababes - Red Dress.mp3
  ♬ Sugababes — Red Dress, album : Overloaded: The Singles Collection, année : 2005, genre : Pop
[329/1381] 05 - Shalamar - Dancing In the Sheets (From -Footloose- Soundtrack).mp3
  ♪ Shalamar — Dancing In the Sheets (Heart Break) [1984]  [SongRec]
  05 - Shalamar - Dancing In the Sheets (From -Footloose- Soundtrack).mp3
  → Shalamar - Dancing In the Sheets.mp3
  ♬ Shalamar — Dancing In the Sheets, album : Heart Break, année : 1984, genre : Dance
[330/1381] 05 - Take That - It Only Takes A Minute (Wright Vocal Mix).mp3
  ♪ Take That — It Only Takes a Minute (Take That and Party (Expanded Edition)) [1992]  [SongRec]
  05 - Take That - It Only Takes A Minute (Wright Vocal Mix).mp3
  → Take That - It Only Takes a Minute.mp3
  ♬ Take That — It Only Takes a Minute, album : Take That and Party (Expanded Edition), année : 1992, genre : Pop
[331/1381] 05 - Temptation.mp3
  ♪ Billy Joel — Temptation (The Bridge) [1986]  [SongRec]
  05 - Temptation.mp3
  → Billy Joel - Temptation.mp3
  ♬ Billy Joel — Temptation, album : The Bridge, année : 1986, genre : Pop
[332/1381] 05 - Too Much Love Will Kill You.mp3
  ♪ Brian May — Too Much Love Will Kill You (Too Much Love Will Kill You - Single) [1992]  [SongRec]
  05 - Too Much Love Will Kill You.mp3
  → Brian May - Too Much Love Will Kill You.mp3
  ♬ Brian May — Too Much Love Will Kill You, album : Too Much Love Will Kill You - Single, année : 1992, genre : Rock
[333/1381] 05 - Tunnel Of Love (With Extract from "The Carousel Waltz").mp3
  ♪ Dire Straits — Tunnel of Love (Making Movies) [1980]  [SongRec]
  05 - Tunnel Of Love (With Extract from "The Carousel Waltz").mp3
  → Dire Straits - Tunnel of Love.mp3
  ♬ Dire Straits — Tunnel of Love, album : Making Movies, année : 1980, genre : Rock
[334/1381] 05 Big River.mp3
  ♪ Jimmy Nail — Big River (Big River) [1992]  [SongRec]
  05 Big River.mp3
  → Jimmy Nail - Big River.mp3
  ♬ Jimmy Nail — Big River, album : Big River, année : 1992, genre : Pop
[335/1381] 05 Claudia Silva - Je te donne mon coeur.mp3
  ♪ Jérôme — Je Te Donne Mon cœur (Infiniment Zouk, Vol. 2) [2002]  [SongRec]
  05 Claudia Silva - Je te donne mon coeur.mp3
  → Jérôme - Je Te Donne Mon cœur.mp3
  ♬ Jérôme — Je Te Donne Mon cœur, album : Infiniment Zouk, Vol. 2, année : 2002, genre : World
[336/1381] 05 I Want Your Love.mp3
  ♪ Chic — I Want Your Love (Good Times: The Very Best of Chic & Sister Sledge) [1978]  [SongRec]
  05 I Want Your Love.mp3
  → Chic - I Want Your Love.mp3
  ♬ Chic — I Want Your Love, album : Good Times: The Very Best of Chic & Sister Sledge, année : 1978, genre : Pop
[337/1381] 05 IAM - Petit frère.mp3
  ♪ IAM — Petit Frère (Platinum) [1997]  [SongRec]
  05 IAM - Petit frère.mp3
  → IAM - Petit Frère.mp3
  ♬ IAM — Petit Frère, album : Platinum, année : 1997, genre : World
[338/1381] 05 Jerry Harrison： Casual Gods - Sleep Angel.mp3
  ♪ Jerry Harrison & Casual Gods — Sleep Angel (Walk On Water) [1990]  [SongRec]
  05 Jerry Harrison： Casual Gods - Sleep Angel.mp3
  → Jerry Harrison & Casual Gods - Sleep Angel.mp3
  ♬ Jerry Harrison & Casual Gods — Sleep Angel, album : Walk On Water, année : 1990, genre : Pop
[339/1381] 05 The Shapeshifters - Back to basics (Director's Cut Signature mix).mp3
  ♪ Nic Fanciulli — La Luna (Extended Mix) (La Luna - Single) [2025]  [SongRec]
  05 The Shapeshifters - Back to basics (Director's Cut Signature mix).mp3
  → Nic Fanciulli - La Luna (Extended Mix).mp3
  ♬ Nic Fanciulli — La Luna (Extended Mix), album : La Luna - Single, année : 2025, genre : Dance
[340/1381] 05-anggun-la_rose_des_vents.mp3
  ♪ Anggun — La rose des vents (Au nom de la lune) [1997]  [SongRec]
  05-anggun-la_rose_des_vents.mp3
  → Anggun - La rose des vents.mp3
  ♬ Anggun — La rose des vents, album : Au nom de la lune, année : 1997, genre : French Pop
[341/1381] 05-tribal_jam-remind_me.mp3
  ♪ Tribal Jam — Remind Me (Teardrops) (Demarre le show) [2000]  [SongRec]
  05-tribal_jam-remind_me.mp3
  → Tribal Jam - Remind Me (Teardrops).mp3
  ♬ Tribal Jam — Remind Me (Teardrops), album : Demarre le show, année : 2000, genre : Pop
[342/1381] 05. 20. Florent Pagny - Ca fait des nuits.mp3
  ♪ Florent Pagny — Ça fait des nuits (Merci) [1990]  [SongRec]
  05. 20. Florent Pagny - Ca fait des nuits.mp3
  → Florent Pagny - Ça fait des nuits.mp3
  ♬ Florent Pagny — Ça fait des nuits, album : Merci, année : 1990, genre : Pop
[343/1381] 05. 20. Florent Pagny - Ca fait des nuits_639157530149064380.mp3
  ♪ Florent Pagny — Ça fait des nuits (Merci) [1990]  [SongRec]
  ⚠ conflit : Florent Pagny - Ça fait des nuits.mp3 existe déjà, ignoré
  ♬ Florent Pagny — Ça fait des nuits, album : Merci, année : 1990, genre : Pop
[344/1381] 05. Agrume & Lounes - Music & Waves (Feat. The Clever Move).mp3
  ♪ Agrume & Lounes — Music & Waves (feat. The Clever Move) (Music & Waves (feat. The Clever Move) - Single) [2015]  [SongRec]
  05. Agrume & Lounes - Music & Waves (Feat. The Clever Move).mp3
  → Agrume & Lounes - Music & Waves (feat. The Clever Move).mp3
  ♬ Agrume & Lounes — Music & Waves (feat. The Clever Move), album : Music & Waves (feat. The Clever Move) - Single, année : 2015, genre : House
[345/1381] 05. Jo Bisso - I Wanna Love (Al Kent Re-Edit).mp3
  ♪ Jo Bisso — I Wanna Love (Al Kent Edit) (Disco Demands, Pt. 6) [2020]  [SongRec]
  05. Jo Bisso - I Wanna Love (Al Kent Re-Edit).mp3
  → Jo Bisso - I Wanna Love (Al Kent Edit).mp3
  ♬ Jo Bisso — I Wanna Love (Al Kent Edit), album : Disco Demands, Pt. 6, année : 2020, genre : Funk
[346/1381] 05. KnR & Agrume - Seine.mp3
  ♪ Agrume & KnR — Seine (Seine - EP) [2016]  [SongRec]
  05. KnR & Agrume - Seine.mp3
  → Agrume & KnR - Seine.mp3
  ♬ Agrume & KnR — Seine, album : Seine - EP, année : 2016, genre : House
[347/1381] 05. Lara Fabian - Adagio.mp3
  ♪ Lara Fabian — Adagio (Lara Fabian) [1999]  [SongRec]
  05. Lara Fabian - Adagio.mp3
  → Lara Fabian - Adagio.mp3
  ♬ Lara Fabian — Adagio, album : Lara Fabian, année : 1999, genre : Pop
[348/1381] 05. Le chevalier.mp3
  ♪ Raoul Petite — Le chevalier (Rire c'est pas sérieux) [1998]  [SongRec]
  05. Le chevalier.mp3
  → Raoul Petite - Le chevalier.mp3
  ♬ Raoul Petite — Le chevalier, album : Rire c'est pas sérieux, année : 1998, genre : French Pop
[349/1381] 05. Melanie C - Northern Star.mp3
  ♪ Melanie C — Northern Star (Northern Star) [1999]  [SongRec]
  05. Melanie C - Northern Star.mp3
  → Melanie C - Northern Star.mp3
  ♬ Melanie C — Northern Star, album : Northern Star, année : 1999, genre : Pop
[350/1381] 05. Monica.mp3
  ♪ Kuami Eugene — Monica (LOVE AND CHAOS) [2023]  [SongRec]
  05. Monica.mp3
  → Kuami Eugene - Monica.mp3
  ♬ Kuami Eugene — Monica, album : LOVE AND CHAOS, année : 2023, genre : African
[351/1381] 05. Paradise.mp3
  ♪ George Ezra — Paradise (Staying at Tamara's) [2018]  [SongRec]
  05. Paradise.mp3
  → George Ezra - Paradise.mp3
  ♬ George Ezra — Paradise, album : Staying at Tamara's, année : 2018, genre : Singer/Songwriter
[352/1381] 05. Quentin Mosimann - Luxuria (Slideback Remix) rez.mp3
  ♪ Mosimann — Luxuria (Slideback Remix) (Luxuria (Slideback Remix) - Single) [2014]  [SongRec]
  05. Quentin Mosimann - Luxuria (Slideback Remix) rez.mp3
  → Mosimann - Luxuria (Slideback Remix).mp3
  ♬ Mosimann — Luxuria (Slideback Remix), album : Luxuria (Slideback Remix) - Single, année : 2014, genre : Dance
[353/1381] 05. Take My Hand (Joshua Tree Version).mp3
  ♪ 5 Seconds of Summer — Take My Hand (Joshua Tree Version) (5SOS5) [2022]  [SongRec]
  05. Take My Hand (Joshua Tree Version).mp3
  → 5 Seconds of Summer - Take My Hand (Joshua Tree Version).mp3
  ♬ 5 Seconds of Summer — Take My Hand (Joshua Tree Version), album : 5SOS5, année : 2022, genre : Pop
[354/1381] 05. Vald - FEELINGS (Explicit).mp3
  ♪ Vald — FEELINGS (VV5) [2022]  [SongRec]
  05. Vald - FEELINGS (Explicit).mp3
  → Vald - FEELINGS.mp3
  ♬ Vald — FEELINGS, album : VV5, année : 2022, genre : Hip-Hop/Rap
[355/1381] 06 -  Breakthru.mp3
  ♪ Queen — Breakthru (The Miracle) [1989]  [SongRec]
  06 -  Breakthru.mp3
  → Queen - Breakthru.mp3
  ♬ Queen — Breakthru, album : The Miracle, année : 1989, genre : Rock
[356/1381] 06 - Brother John - Iko Iko.mp3
  ♪ The Neville Brothers — Brother John/Iko Iko (Fiyo On The Bayou) [1981]  [SongRec]
  06 - Brother John - Iko Iko.mp3
  → The Neville Brothers - Brother JohnIko Iko.mp3
  ♬ The Neville Brothers — Brother John/Iko Iko, album : Fiyo On The Bayou, année : 1981, genre : R&B/Soul
[357/1381] 06 - Club House - Light My Fire Remixes (Km.1972 Mix).mp3
  ♪ Club House — Light My Fire Remixes (Km.1972 mix) (Demo Cd 2 (Dance)) [2010]  [tags existants]
  06 - Club House - Light My Fire Remixes (Km.1972 Mix).mp3
  → Club House - Light My Fire Remixes (Km.1972 mix).mp3
  ♬ Club House — Light My Fire Remixes (Km.1972 mix), album : Demo Cd 2 (Dance), année : 2010
[358/1381] 06 - Confessions nocturnes.mp3
  ♪ Vitaa — Confessions nocturnes (Live à Lyon / 2021) (Versus : L’ultime chapitre) [2021]  [SongRec]
  06 - Confessions nocturnes.mp3
  → Vitaa - Confessions nocturnes (Live à Lyon 2021).mp3
  ♬ Vitaa — Confessions nocturnes (Live à Lyon / 2021), album : Versus : L’ultime chapitre, année : 2021, genre : R&B/Soul
[359/1381] 06 - Humour Me.mp3
  ♪ The Return — New Day (Lights out / New Day - EP) [2007]  [SongRec]
  06 - Humour Me.mp3
  → The Return - New Day.mp3
  ♬ The Return — New Day, album : Lights out / New Day - EP, année : 2007, genre : Dance
[360/1381] 06 - Lanu feat․ Megan Washington - Beautiful Trash.mp3
  ♪ Lanu & Meg Washington — Beautiful Trash (Her 12 Faces) [2010]  [SongRec]
  06 - Lanu feat․ Megan Washington - Beautiful Trash.mp3
  → Lanu & Meg Washington - Beautiful Trash.mp3
  ♬ Lanu & Meg Washington — Beautiful Trash, album : Her 12 Faces, année : 2010, genre : Indie Pop
[361/1381] 06 - Lift Me Up (Almighty Mix) - Geri Halliwell.mp3
  ♪ Geri Halliwell — Lift Me Up (Almighty Edit) (Lift Me Up - EP) [1999]  [SongRec]
  06 - Lift Me Up (Almighty Mix) - Geri Halliwell.mp3
  → Geri Halliwell - Lift Me Up (Almighty Edit).mp3
  ♬ Geri Halliwell — Lift Me Up (Almighty Edit), album : Lift Me Up - EP, année : 1999, genre : Pop
[362/1381] 06 - Mansun - Wide Open Space (Trouser Enthusiasts' Hermaphrodite Circus Mix).mp3
  ♪ Paraje — Animalaction (Macho Mix) (Animalaction - Single) [1993]  [SongRec]
  06 - Mansun - Wide Open Space (Trouser Enthusiasts' Hermaphrodite Circus Mix).mp3
  → Paraje - Animalaction (Macho Mix).mp3
  ♬ Paraje — Animalaction (Macho Mix), album : Animalaction - Single, année : 1993, genre : Dance
[363/1381] 06 - Me Quede Con las Ganas.mp3
  ♪ Mike G — Me Quedé Con las Ganas (Long Tall Chuco) [2010]  [SongRec]
  06 - Me Quede Con las Ganas.mp3
  → Mike G - Me Quedé Con las Ganas.mp3
  ♬ Mike G — Me Quedé Con las Ganas, album : Long Tall Chuco, année : 2010, genre : Regional Mexican
[364/1381] 06 - Obsesion.dsf
  ✗ non reconnu (ni SongRec ni tags)
[365/1381] 06 - Oyé Sapapaya (Feat. Doc Gyneco).mp3
  ♪ Stomy Bugsy — Oyé sapapaya (feat. Doc Gynéco) (Quelques balles de plus pour... le calibre qu'il te faut) [1998]  [SongRec]
  06 - Oyé Sapapaya (Feat. Doc Gyneco).mp3
  → Stomy Bugsy - Oyé sapapaya (feat. Doc Gynéco).mp3
  ♬ Stomy Bugsy — Oyé sapapaya (feat. Doc Gynéco), album : Quelques balles de plus pour... le calibre qu'il te faut, année : 1998, genre : Hip-Hop/Rap
[366/1381] 06 - The Shamen - Ebeneezer Goode (Beat Edit).mp3
  ♪ The Shamen — Ebeneezer Goode (Beat Edit) (Ebeneezer Goode) [1992]  [SongRec]
  06 - The Shamen - Ebeneezer Goode (Beat Edit).mp3
  → The Shamen - Ebeneezer Goode (Beat Edit).mp3
  ♬ The Shamen — Ebeneezer Goode (Beat Edit), album : Ebeneezer Goode, année : 1992, genre : Dance
[367/1381] 06 And Through the Wire.dsf
  ✗ non reconnu (ni SongRec ni tags)
[368/1381] 06 Bambro Koyo Ganda.mp3
  ♪ Bonobo — Bambro Koyo Ganda (feat. Innov Gnawa) (Migration) [2017]  [SongRec]
  06 Bambro Koyo Ganda.mp3
  → Bonobo - Bambro Koyo Ganda (feat. Innov Gnawa).mp3
  ♬ Bonobo — Bambro Koyo Ganda (feat. Innov Gnawa), album : Migration, année : 2017, genre : Electronic
[369/1381] 06 Delilah.aif
  ✗ non reconnu (ni SongRec ni tags)
[370/1381] 06 FOR YOUR BABIES.mp3
  ♪ Simply Red — For Your Babies (Stars) [1991]  [SongRec]
  06 FOR YOUR BABIES.mp3
  → Simply Red - For Your Babies.mp3
  ♬ Simply Red — For Your Babies, album : Stars, année : 1991, genre : Pop
[371/1381] 06 Farewell My Summer Love.mp3
  ♪ Michael Jackson — Farewell My Summer Love (Anthology: The Best of Michael Jackson) [1984]  [SongRec]
  06 Farewell My Summer Love.mp3
  → Michael Jackson - Farewell My Summer Love.mp3
  ♬ Michael Jackson — Farewell My Summer Love, album : Anthology: The Best of Michael Jackson, année : 1984, genre : Pop
[372/1381] 06 Finally Found a Home.mp3
  ♪ Huey Lewis & The News — Finally Found a Home (Sports (2013 Remaster)) [1983]  [SongRec]
  06 Finally Found a Home.mp3
  → Huey Lewis & The News - Finally Found a Home.mp3
  ♬ Huey Lewis & The News — Finally Found a Home, album : Sports (2013 Remaster), année : 1983, genre : Rock
[373/1381] 06 James Arthur - Train Wreck.mp3
  ♪ James Arthur — Train Wreck (Back from the Edge) [2016]  [SongRec]
  06 James Arthur - Train Wreck.mp3
  → James Arthur - Train Wreck.mp3
  ♬ James Arthur — Train Wreck, album : Back from the Edge, année : 2016, genre : Pop
[374/1381] 06 Paradise City.mp3
  ♪ Guns N' Roses — Paradise City (Appetite For Destruction) [1987]  [SongRec]
  06 Paradise City.mp3
  → Guns N' Roses - Paradise City.mp3
  ♬ Guns N' Roses — Paradise City, album : Appetite For Destruction, année : 1987, genre : Rock
[375/1381] 06 Sing My Song.aif
  ✗ non reconnu (ni SongRec ni tags)
[376/1381] 06 Wild (feat. Alessia Cara) (Young Bombs Remix).mp3
  ♪ Troye Sivan — Wild (feat. Alessia Cara & Young Bombs) [Young Bombs Remix] (Blue Neighbourhood (The Remixes)) [2016]  [SongRec]
  06 Wild (feat. Alessia Cara) (Young Bombs Remix).mp3
  → Troye Sivan - Wild (feat. Alessia Cara & Young Bombs) [Young Bombs Remix].mp3
  ♬ Troye Sivan — Wild (feat. Alessia Cara & Young Bombs) [Young Bombs Remix], album : Blue Neighbourhood (The Remixes), année : 2016, genre : Pop
[377/1381] 06 Will Smith - Prince Ali.mp3
  ♪ Will Smith — Prince Ali (Aladdin (Original Motion Picture Soundtrack) [with Benj Pasek, Justin Paul & Pasek & Paul]) [2019]  [SongRec]
  06 Will Smith - Prince Ali.mp3
  → Will Smith - Prince Ali.mp3
  ♬ Will Smith — Prince Ali, album : Aladdin (Original Motion Picture Soundtrack) [with Benj Pasek, Justin Paul & Pasek & Paul], année : 2019, genre : Musicals
[378/1381] 06. 911 - Hold On.mp3
  ♪ 911 — Hold On (Moving On) [1998]  [SongRec]
  06. 911 - Hold On.mp3
  → 911 - Hold On.mp3
  ♬ 911 — Hold On, album : Moving On, année : 1998, genre : Pop
[379/1381] 06. Bordo - So Hot Wit Me (UNDEUX Remix).mp3
  ♪ Kid Fonque & Jonny Miller — Tshinela  (feat. Khensy & Fernando Damon) [Fka Mash Re-Glitch] (Tshinela   (feat. Khensy & Fernando Damon) - Single) [2021]  [SongRec]
  06. Bordo - So Hot Wit Me (UNDEUX Remix).mp3
  → Kid Fonque & Jonny Miller - Tshinela (feat. Khensy & Fernando Damon) [Fka Mash Re-Glitch].mp3
  ♬ Kid Fonque & Jonny Miller — Tshinela  (feat. Khensy & Fernando Damon) [Fka Mash Re-Glitch], album : Tshinela   (feat. Khensy & Fernando Damon) - Single, année : 2021, genre : Dance
[380/1381] 06. Bordo - So Hot Wit Me (UNDEUX Remix)_639158005670826737.mp3
  ♪ Kid Fonque & Jonny Miller — Tshinela  (feat. Khensy & Fernando Damon) [Fka Mash Re-Glitch] (Tshinela   (feat. Khensy & Fernando Damon) - Single) [2021]  [SongRec]
  ⚠ conflit : Kid Fonque & Jonny Miller - Tshinela (feat. Khensy & Fernando Damon) [Fka Mash Re-Glitch].mp3 existe déjà, ignoré
  ♬ Kid Fonque & Jonny Miller — Tshinela  (feat. Khensy & Fernando Damon) [Fka Mash Re-Glitch], album : Tshinela   (feat. Khensy & Fernando Damon) - Single, année : 2021, genre : Dance
[381/1381] 06. BtheLick & Jamie Mccool - You My Friend.mp3
  ♪ Bthelick & Jamie McCool — You My Friend (BtheLick vs. Jamie McCool)  [SongRec]
  06. BtheLick & Jamie Mccool - You My Friend.mp3
  → Bthelick & Jamie McCool - You My Friend (BtheLick vs. Jamie McCool).mp3
  ♬ Bthelick & Jamie McCool — You My Friend (BtheLick vs. Jamie McCool), genre : Dance
[382/1381] 06. Colours of You.mp3
  ♪ Baby Queen — Colours Of You (Quarter Life Crisis (Deluxe)) [2023]  [SongRec]
  06. Colours of You.mp3
  → Baby Queen - Colours Of You.mp3
  ♬ Baby Queen — Colours Of You, album : Quarter Life Crisis (Deluxe), année : 2023, genre : Pop
[383/1381] 06. KUSMEE - Natural Something.mp3
  ♪ KUSMEE — Natural Something (Natural Something - EP) [2016]  [SongRec]
  06. KUSMEE - Natural Something.mp3
  → KUSMEE - Natural Something.mp3
  ♬ KUSMEE — Natural Something, album : Natural Something - EP, année : 2016, genre : Electronic
[384/1381] 06. Michel Camilo - Hurry Up And Wait.dsf
  ✗ non reconnu (ni SongRec ni tags)
[385/1381] 06. Nelly - My Place (Radio Edit) (feat. Jaheim).mp3
  ♪ Nelly — My Place (feat. Jaheim) (Suit) [2004]  [SongRec]
  06. Nelly - My Place (Radio Edit) (feat. Jaheim).mp3
  → Nelly - My Place (feat. Jaheim).mp3
  ♬ Nelly — My Place (feat. Jaheim), album : Suit, année : 2004, genre : Hip-Hop/Rap
[386/1381] 06. Tony Christie - (Is This The Way To) Amarillo (Single Version).mp3
  ♪ Tony Christie — (Is This The Way To) Amarillo (With Loving Feeling) [1972]  [SongRec]
  06. Tony Christie - (Is This The Way To) Amarillo (Single Version).mp3
  → Tony Christie - (Is This The Way To) Amarillo.mp3
  ♬ Tony Christie — (Is This The Way To) Amarillo, album : With Loving Feeling, année : 1972, genre : Pop
[387/1381] 0637 - Royal Pop Of Sound - Love Can Build a Bridge.mp3
  ♪ The Sheltons — Love Can Build A Bridge (Country Groups) [2006]  [SongRec]
  0637 - Royal Pop Of Sound - Love Can Build a Bridge.mp3
  → The Sheltons - Love Can Build A Bridge.mp3
  ♬ The Sheltons — Love Can Build A Bridge, album : Country Groups, année : 2006, genre : Country
[388/1381] 06_teenage fantasy (glen check remix) [feat. gibbz].mp3
  ♪ Cherokee — Teenage Fantasy (Glen Check Remix) [feat. Gibbz] (Teenage Fantasy - EP) [2015]  [SongRec]
  06_teenage fantasy (glen check remix) [feat. gibbz].mp3
  → Cherokee - Teenage Fantasy (Glen Check Remix) [feat. Gibbz].mp3
  ♬ Cherokee — Teenage Fantasy (Glen Check Remix) [feat. Gibbz], album : Teenage Fantasy - EP, année : 2015, genre : Dance
[389/1381] 07  (I'll Do Anything To Keep Me) Close To You.mp3
  ♪ Las Trillizas de Oro — (I'll Do Anything to Keep Me) Close to You (In This Universe) [1982]  [SongRec]
  07  (I'll Do Anything To Keep Me) Close To You.mp3
  → Las Trillizas de Oro - (I'll Do Anything to Keep Me) Close to You.mp3
  ♬ Las Trillizas de Oro — (I'll Do Anything to Keep Me) Close to You, album : In This Universe, année : 1982, genre : Pop
[390/1381] 07 - Alors souris.mp3
  ♪ Navii — Alors souris (Tout se donner) [2014]  [SongRec]
  07 - Alors souris.mp3
  → Navii - Alors souris.mp3
  ♬ Navii — Alors souris, album : Tout se donner, année : 2014, genre : Pop
[391/1381] 07 - Au Bout de Mes Rêves - Emmanuel Moire & Amandine Bourgeois.mp3
  ♪ Emmanuel Moire & Amandine Bourgeois — Au bout de mes rêves (Génération Goldman) [2012]  [SongRec]
  07 - Au Bout de Mes Rêves - Emmanuel Moire & Amandine Bourgeois.mp3
  → Emmanuel Moire & Amandine Bourgeois - Au bout de mes rêves.mp3
  ♬ Emmanuel Moire & Amandine Bourgeois — Au bout de mes rêves, album : Génération Goldman, année : 2012, genre : French Pop
[392/1381] 07 - Happier.mp3
  ♪ Ed Sheeran — Happier (÷) [2017]  [SongRec]
  07 - Happier.mp3
  → Ed Sheeran - Happier.mp3
  ♬ Ed Sheeran — Happier, album : ÷, année : 2017, genre : Pop
[393/1381] 07 - Inconnu (ft.David lee).mp3
  ♪ Rymz — Inconnu (feat. David Lee) (Indélébile) [2014]  [SongRec]
  07 - Inconnu (ft.David lee).mp3
  → Rymz - Inconnu (feat. David Lee).mp3
  ♬ Rymz — Inconnu (feat. David Lee), album : Indélébile, année : 2014, genre : Hip-Hop/Rap
[394/1381] 07 - Legacy (Radio Edit).mp3
  ♪ Mansun — Legacy (Six) [1998]  [SongRec]
  07 - Legacy (Radio Edit).mp3
  → Mansun - Legacy.mp3
  ♬ Mansun — Legacy, album : Six, année : 1998, genre : Alternative
[395/1381] 07 - Morrissey - Suedehead (2011 Remaster).mp3
  ♪ Morrissey — Suedehead (Suedehead / I Know Very Well How I Got My Name [Digital 45]) [1988]  [SongRec]
  07 - Morrissey - Suedehead (2011 Remaster).mp3
  → Morrissey - Suedehead.mp3
  ♬ Morrissey — Suedehead, album : Suedehead / I Know Very Well How I Got My Name [Digital 45], année : 1988, genre : College Rock
[396/1381] 07 - Orion.mp3
  ♪ Rodrigo y Gabriela — Orion (Rodrigo y Gabriela) [2006]  [SongRec]
  07 - Orion.mp3
  → Rodrigo y Gabriela - Orion.mp3
  ♬ Rodrigo y Gabriela — Orion, album : Rodrigo y Gabriela, année : 2006, genre : World
[397/1381] 07 - Queen - Heaven For Everyone (Remastered 2011).mp3
  ♪ Queen — Heaven for Everyone (Made In Heaven) [1995]  [SongRec]
  07 - Queen - Heaven For Everyone (Remastered 2011).mp3
  → Queen - Heaven for Everyone.mp3
  ♬ Queen — Heaven for Everyone, album : Made In Heaven, année : 1995, genre : Rock
[398/1381] 07 - Return To Innocence.dsf
  ✗ non reconnu (ni SongRec ni tags)
[399/1381] 07 - Rihanna - Pon De Replay (5.1 mix).mp3
  ♪ Rihanna — Pon de Replay (Music of the Sun) [2005]  [SongRec]
  07 - Rihanna - Pon De Replay (5.1 mix).mp3
  → Rihanna - Pon de Replay.mp3
  ♬ Rihanna — Pon de Replay, album : Music of the Sun, année : 2005, genre : Pop
[400/1381] 07 - Runaway Boys_639160714829188502.dsf
  ✗ non reconnu (ni SongRec ni tags)
[401/1381] 07 - Sophie Lennon - Solas (Ireland).mp3
  ♪ Sophie Lennon — Solas (Solas - Single) [2022]  [SongRec]
  07 - Sophie Lennon - Solas (Ireland).mp3
  → Sophie Lennon - Solas.mp3
  ♬ Sophie Lennon — Solas, album : Solas - Single, année : 2022, genre : Pop
[402/1381] 07 - Without love.mp3
  ♪ Bon Jovi — Without Love (Slippery When Wet) [1986]  [SongRec]
  07 - Without love.mp3
  → Bon Jovi - Without Love.mp3
  ♬ Bon Jovi — Without Love, album : Slippery When Wet, année : 1986, genre : Hard Rock
[403/1381] 07 Lovefool (Radio Edit) - The Cardigans.dsf
  ✗ non reconnu (ni SongRec ni tags)
[404/1381] 07 Speed of Sound.aif
  ✗ non reconnu (ni SongRec ni tags)
[405/1381] 07 Street Life.mp3
  ♪ Beenie Man — Street Life (Tropical Storm) [2002]  [SongRec]
  07 Street Life.mp3
  → Beenie Man - Street Life.mp3
  ♬ Beenie Man — Street Life, album : Tropical Storm, année : 2002, genre : World
[406/1381] 07 The Original - I Luv U Baby (Radio Mix).mp3
  ♪ Gigi D'Agostino — Elisir (L'amour Toujours) [1998]  [SongRec]
  07 The Original - I Luv U Baby (Radio Mix).mp3
  → Gigi D'Agostino - Elisir.mp3
  ♬ Gigi D'Agostino — Elisir, album : L'amour Toujours, année : 1998, genre : Dance
[407/1381] 07. Agrume - Fantasme_639157988125437161.mp3
  ♪ Blonde — I Loved You (feat. Melissa Steel) (I Loved You (feat. Melissa Steel) - Single) [2014]  [SongRec]
  07. Agrume - Fantasme_639157988125437161.mp3
  → Blonde - I Loved You (feat. Melissa Steel).mp3
  ♬ Blonde — I Loved You (feat. Melissa Steel), album : I Loved You (feat. Melissa Steel) - Single, année : 2014, genre : Dance
[408/1381] 07. Carole Fredericks ／ Jean-Jacques Goldman ／ Michael Jones - Des vôtres.mp3
  ♪ Carole Fredericks, Jean-Jacques Goldman & Michael Jones — Des vôtres (Fredericks, Goldman, Jones : Rouge) [1991]  [SongRec]
  07. Carole Fredericks ／ Jean-Jacques Goldman ／ Michael Jones - Des vôtres.mp3
  → Carole Fredericks, Jean-Jacques Goldman & Michael Jones - Des vôtres.mp3
  ♬ Carole Fredericks, Jean-Jacques Goldman & Michael Jones — Des vôtres, album : Fredericks, Goldman, Jones : Rouge, année : 1991, genre : French Pop
[409/1381] 07. How Do You Sleep (take 1).mp3
  ♪ John Lennon — How Do You Sleep? (Take 1 / Raw Studio Mix) (Imagine (The Raw Studio Mixes)) [1971]  [SongRec]
  07. How Do You Sleep (take 1).mp3
  → John Lennon - How Do You Sleep (Take 1 Raw Studio Mix).mp3
  ♬ John Lennon — How Do You Sleep? (Take 1 / Raw Studio Mix), album : Imagine (The Raw Studio Mixes), année : 1971, genre : Rock
[410/1381] 07. Lucio Battisti - Gente per bene e gente per male.mp3
  ♪ Lucio Battisti — Gente per bene e gente per male (Il mio canto libero) [1972]  [SongRec]
  07. Lucio Battisti - Gente per bene e gente per male.mp3
  → Lucio Battisti - Gente per bene e gente per male.mp3
  ♬ Lucio Battisti — Gente per bene e gente per male, album : Il mio canto libero, année : 1972, genre : Singer/Songwriter
[411/1381] 07. The Circus (Remix).mp3
  ♪ Erasure — The Circus (The Circus) [1987]  [SongRec]
  07. The Circus (Remix).mp3
  → Erasure - The Circus.mp3
  ♬ Erasure — The Circus, album : The Circus, année : 1987, genre : Pop
[412/1381] 075 tous les cris les sos.mp3
  ♪ ZAZ — Tous les cris les SOS (Sur la route) [2016]  [SongRec]
  075 tous les cris les sos.mp3
  → ZAZ - Tous les cris les SOS.mp3
  ♬ ZAZ — Tous les cris les SOS, album : Sur la route, année : 2016, genre : French Pop
[413/1381] 075 tous les cris les sos_639158754829398529.mp3
  ♪ ZAZ — Tous les cris les SOS (Sur la route) [2016]  [SongRec]
  ⚠ conflit : ZAZ - Tous les cris les SOS.mp3 existe déjà, ignoré
  ♬ ZAZ — Tous les cris les SOS, album : Sur la route, année : 2016, genre : French Pop
[414/1381] 08 - David Bowie - Hang On To Yourself.dsf
  ✗ non reconnu (ni SongRec ni tags)
[415/1381] 08 - Enae Volare Mezzo (Album Version).mp3
  ♪ ERA — Enae Volare Mezzo (Remix) (Era I) [1996]  [SongRec]
  08 - Enae Volare Mezzo (Album Version).mp3
  → ERA - Enae Volare Mezzo (Remix).mp3
  ♬ ERA — Enae Volare Mezzo (Remix), album : Era I, année : 1996, genre : Electronic
[416/1381] 08 - Patrice Rushen - Remind Me (Remastered).mp3
  ♪ Patrice Rushen — Remind Me (Straight from the Heart) [1982]  [SongRec]
  08 - Patrice Rushen - Remind Me (Remastered).mp3
  → Patrice Rushen - Remind Me.mp3
  ♬ Patrice Rushen — Remind Me, album : Straight from the Heart, année : 1982, genre : R&B/Soul
[417/1381] 08 - Prends ce que tu veux (Remasterisé en 2015).mp3
  ♪ Téléphone — Prends ce que tu veux (Remasterisé en 2015) (Telephone (Remasterisé en 2015)) [1977]  [SongRec]
  08 - Prends ce que tu veux (Remasterisé en 2015).mp3
  → Téléphone - Prends ce que tu veux (Remasterisé en 2015).mp3
  ♬ Téléphone — Prends ce que tu veux (Remasterisé en 2015), album : Telephone (Remasterisé en 2015), année : 1977, genre : Rock
[418/1381] 08 - Queen - Too Much Love Will Kill You (Remastered 2011).mp3
  ♪ Queen — Too Much Love Will Kill You (Made In Heaven) [1995]  [SongRec]
  08 - Queen - Too Much Love Will Kill You (Remastered 2011).mp3
  → Queen - Too Much Love Will Kill You.mp3
  ♬ Queen — Too Much Love Will Kill You, album : Made In Heaven, année : 1995, genre : Rock
[419/1381] 08 - Solid Groove - Jus Everybody.mp3
  ♪ JT Donaldson & Lance Desardi — Jus' Everybody  [SongRec]
  08 - Solid Groove - Jus Everybody.mp3
  → JT Donaldson & Lance Desardi - Jus' Everybody.mp3
  ♬ JT Donaldson & Lance Desardi — Jus' Everybody, genre : Dance
[420/1381] 08 - Stang_s Swang.dsf
  ✗ non reconnu (ni SongRec ni tags)
[421/1381] 08 - These Are The Times.mp3
  ♪ Dru Hill — These Are the Times (Enter the Dru) [1996]  [SongRec]
  08 - These Are The Times.mp3
  → Dru Hill - These Are the Times.mp3
  ♬ Dru Hill — These Are the Times, album : Enter the Dru, année : 1996, genre : Hip-Hop/Rap
[422/1381] 08 - Ton confort.mp3
  ♪ Francky Vincent — Ton confort (Mon fest' of) [1998]  [SongRec]
  08 - Ton confort.mp3
  → Francky Vincent - Ton confort.mp3
  ♬ Francky Vincent — Ton confort, album : Mon fest' of, année : 1998, genre : France
[423/1381] 08 - Un simple gars.mp3
  ♪ Roch Voisine — Un simple gars (Album de Noël) [1999]  [SongRec]
  08 - Un simple gars.mp3
  → Roch Voisine - Un simple gars.mp3
  ♬ Roch Voisine — Un simple gars, album : Album de Noël, année : 1999, genre : Christmas
[424/1381] 08 - dreadzone - little britain (black star liner mix).mp3
  ♪ Dreadzone — Little Britain (Black Star Liner Mix) (Dreadzone: The Remixes) [2007]  [SongRec]
  08 - dreadzone - little britain (black star liner mix).mp3
  → Dreadzone - Little Britain (Black Star Liner Mix).mp3
  ♬ Dreadzone — Little Britain (Black Star Liner Mix), album : Dreadzone: The Remixes, année : 2007, genre : Dance
[425/1381] 08 Alena - Turn it around (Another mix).mp3
  ♪ Alena — Turn It Around (Another Mix) (Turn It Around) [1999]  [SongRec]
  08 Alena - Turn it around (Another mix).mp3
  → Alena - Turn It Around (Another Mix).mp3
  ♬ Alena — Turn It Around (Another Mix), album : Turn It Around, année : 1999, genre : Dance
[426/1381] 08 Bloodless.mp3
  ♪ Defeatist — Bloodless (Sharp Blade Sinks Deep Into Dull Minds) [2009]  [SongRec]
  08 Bloodless.mp3
  → Defeatist - Bloodless.mp3
  ♬ Defeatist — Bloodless, album : Sharp Blade Sinks Deep Into Dull Minds, année : 2009, genre : Rock
[427/1381] 08 Bootie Call (Single Version).aif
  ✗ non reconnu (ni SongRec ni tags)
[428/1381] 08 Jeremy Healy & Amos - Stamp (Original Mix).mp3
  ♪ Jeremy Healy & Amos — Stamp! (Radio Edit) (Stamp! (Radio Edit) - Single) [2005]  [SongRec]
  08 Jeremy Healy & Amos - Stamp (Original Mix).mp3
  → Jeremy Healy & Amos - Stamp! (Radio Edit).mp3
  ♬ Jeremy Healy & Amos — Stamp! (Radio Edit), album : Stamp! (Radio Edit) - Single, année : 2005, genre : Pop
[429/1381] 08 Welcome To The Jungle.mp3
  ♪ JAŸ-Z & Kanye West — Welcome to the Jungle (Watch the Throne) [2011]  [SongRec]
  08 Welcome To The Jungle.mp3
  → JAŸ-Z & Kanye West - Welcome to the Jungle.mp3
  ♬ JAŸ-Z & Kanye West — Welcome to the Jungle, album : Watch the Throne, année : 2011, genre : Hip-Hop/Rap
[430/1381] 08 richard darbyshire - this i swear - a tom moulton mix.mp3
  ♪ Richard Darbyshire — This I Swear - A Tom Moulton Mix (The Tom Moulton Unreleased Mixes Volume One) [2020]  [tags existants]
  08 richard darbyshire - this i swear - a tom moulton mix.mp3
  → Richard Darbyshire - This I Swear - A Tom Moulton Mix.mp3
  ♬ Richard Darbyshire — This I Swear - A Tom Moulton Mix, album : The Tom Moulton Unreleased Mixes Volume One, année : 2020
[431/1381] 08. All The Small Things.mp3
  ♪ blink-182 — All The Small Things (Greatest Hits) [1999]  [SongRec]
  08. All The Small Things.mp3
  → blink-182 - All The Small Things.mp3
  ♬ blink-182 — All The Small Things, album : Greatest Hits, année : 1999, genre : Rock
[432/1381] 08. Human - The Killers.mp3
  ♪ The Killers — Human (Day & Age) [2008]  [SongRec]
  08. Human - The Killers.mp3
  → The Killers - Human.mp3
  ♬ The Killers — Human, album : Day & Age, année : 2008, genre : Alternative
[433/1381] 08. NiVNAL - Immersion_639159837194108366.mp3
  ♪ NiVNAL — Immersion (Immersion - Single) [2015]  [SongRec]
  08. NiVNAL - Immersion_639159837194108366.mp3
  → NiVNAL - Immersion.mp3
  ♬ NiVNAL — Immersion, album : Immersion - Single, année : 2015, genre : Electronic
[434/1381] 08. PANG! - Walking in the Sun.mp3
  ♪ PANG! — Walking in the Sun (Walking in the Sun - Single) [2015]  [SongRec]
  08. PANG! - Walking in the Sun.mp3
  → PANG! - Walking in the Sun.mp3
  ♬ PANG! — Walking in the Sun, album : Walking in the Sun - Single, année : 2015, genre : Dance
[435/1381] 08. Paul Young - Right About Now.mp3
  ♪ Paul Young — Right About Now (Other Voices) [1990]  [SongRec]
  08. Paul Young - Right About Now.mp3
  → Paul Young - Right About Now.mp3
  ♬ Paul Young — Right About Now, album : Other Voices, année : 1990, genre : Pop
[436/1381] 08. Still Loving You.mp3
  ♪ Scorpions — Still Loving You (Love at First Sting) [1984]  [SongRec]
  08. Still Loving You.mp3
  → Scorpions - Still Loving You.mp3
  ♬ Scorpions — Still Loving You, album : Love at First Sting, année : 1984, genre : Hard Rock
[437/1381] 09 - Calin Davullari.mp3
  ♪ Savina Yannatou & Primavera en Salonico — Calin Davullari (Songs of Thessaloniki) [2015]  [SongRec]
  09 - Calin Davullari.mp3
  → Savina Yannatou & Primavera en Salonico - Calin Davullari.mp3
  ♬ Savina Yannatou & Primavera en Salonico — Calin Davullari, album : Songs of Thessaloniki, année : 2015, genre : Jazz
[438/1381] 09 - Chanteur De Jazz.mp3
  ♪ Michel Sardou — Chanteur De Jazz (L'essentiel des albums studio) [1985]  [SongRec]
  09 - Chanteur De Jazz.mp3
  → Michel Sardou - Chanteur De Jazz.mp3
  ♬ Michel Sardou — Chanteur De Jazz, album : L'essentiel des albums studio, année : 1985, genre : Pop
[439/1381] 09 - Coeur de loup.mp3
  ♪ Philippe Lafontaine — Cœur de Loup (Fond de Scènes) [1999]  [tags existants]
  09 - Coeur de loup.mp3
  → Philippe Lafontaine - Cœur de Loup.mp3
  ♬ Philippe Lafontaine — Cœur de Loup, album : Fond de Scènes, année : 1999
[440/1381] 09 - Country Girl - A) Whiskey Boot Hill B) Down, Down, Down C) Country Girl (I Think You're Pretty) (2021 Remaster).mp3
  ♪ Crosby, Stills, Nash & Young — Country Girl: A. Whiskey Boot Hill / B. Down, Down, Down / C. "Country Girl" (I Think You're Pretty) (Déjà Vu) [1970]  [SongRec]
  09 - Country Girl - A) Whiskey Boot Hill B) Down, Down, Down C) Country Girl (I Think You're Pretty) (2021 Remaster).mp3
  → Crosby, Stills, Nash & Young - Country Girl A. Whiskey Boot Hill B. Down, Down, Down C. Country Girl (I Think You're Pretty).mp3
  ♬ Crosby, Stills, Nash & Young — Country Girl: A. Whiskey Boot Hill / B. Down, Down, Down / C. "Country Girl" (I Think You're Pretty), album : Déjà Vu, année : 1970, genre : Rock
[441/1381] 09 - Embrace - All You Good Good People (Radio Edit).mp3
  ♪ Embrace — All You Good Good People (The Good Will Out) [1998]  [SongRec]
  09 - Embrace - All You Good Good People (Radio Edit).mp3
  → Embrace - All You Good Good People.mp3
  ♬ Embrace — All You Good Good People, album : The Good Will Out, année : 1998, genre : Rock
[442/1381] 09 - Frankie goes to Hollywood - Relax.dsf
  ✗ non reconnu (ni SongRec ni tags)
[443/1381] 09 - Janet Jackson - Escapade.mp3
  ♪ Janet Jackson — Escapade (Rhythm Nation 1814) [1989]  [SongRec]
  09 - Janet Jackson - Escapade.mp3
  → Janet Jackson - Escapade.mp3
  ♬ Janet Jackson — Escapade, album : Rhythm Nation 1814, année : 1989, genre : Pop
[444/1381] 09 - Kaas Patricia - Mademoiselle chante le blues.dsf
  ✗ non reconnu (ni SongRec ni tags)
[445/1381] 09 - On croit rêver.mp3
  ♪ Louisy Joseph — On croit rêver (La saison des amours) [2008]  [SongRec]
  09 - On croit rêver.mp3
  → Louisy Joseph - On croit rêver.mp3
  ♬ Louisy Joseph — On croit rêver, album : La saison des amours, année : 2008, genre : French Pop
[446/1381] 09 - PPA.mp3
  ♪ Paulo Araújo — City Lights (City Lights - Single) [2024]  [SongRec]
  09 - PPA.mp3
  → Paulo Araújo - City Lights.mp3
  ♬ Paulo Araújo — City Lights, album : City Lights - Single, année : 2024, genre : Electronica
[447/1381] 09 - Suddenly I See.mp3
  ♪ KT Tunstall — Suddenly I See (Eye To the Telescope) [2004]  [SongRec]
  09 - Suddenly I See.mp3
  → KT Tunstall - Suddenly I See.mp3
  ♬ KT Tunstall — Suddenly I See, album : Eye To the Telescope, année : 2004, genre : Rock
[448/1381] 09 - You're Coming Home.mp3
  ♪ The Jeff Healey Band — You're Coming Home (Feel This) [1992]  [SongRec]
  09 - You're Coming Home.mp3
  → The Jeff Healey Band - You're Coming Home.mp3
  ♬ The Jeff Healey Band — You're Coming Home, album : Feel This, année : 1992, genre : Rock
[449/1381] 09 - cherokee.mp3
  ♪ Bud Powell — Cherokee (Jazz Giant ((Original Recording Remastered))) [1951]  [SongRec]
  09 - cherokee.mp3
  → Bud Powell - Cherokee.mp3
  ♬ Bud Powell — Cherokee, album : Jazz Giant ((Original Recording Remastered)), année : 1951, genre : Jazz
[450/1381] 09 Bob Marley & The Wailers - One Love - People Get Ready (Medley).mp3
  ♪ Bob Marley & the Wailers — One Love / People Get Ready (The Complete Collection: the Island Years) [2020]  [tags existants]
  09 Bob Marley & The Wailers - One Love - People Get Ready (Medley).mp3
  → Bob Marley & the Wailers - One Love People Get Ready.mp3
  ♬ Bob Marley & the Wailers — One Love / People Get Ready, album : The Complete Collection: the Island Years, année : 2020
[451/1381] 09 Cream - As You Said.mp3
  ♪ Cream — As You Said (Wheels of Fire) [1968]  [SongRec]
  09 Cream - As You Said.mp3
  → Cream - As You Said.mp3
  ♬ Cream — As You Said, album : Wheels of Fire, année : 1968, genre : Rock
[452/1381] 09 Intro (Renaissance).mp3
  ♪ Soprano — Intro (Renaissance) (Phoenix) [2018]  [SongRec]
  09 Intro (Renaissance).mp3
  → Soprano - Intro (Renaissance).mp3
  ♬ Soprano — Intro (Renaissance), album : Phoenix, année : 2018, genre : Hip-Hop/Rap
[453/1381] 09 Road to Nowhere.mp3
  ♪ Talking Heads — Road to Nowhere (Little Creatures) [1985]  [SongRec]
  09 Road to Nowhere.mp3
  → Talking Heads - Road to Nowhere.mp3
  ♬ Talking Heads — Road to Nowhere, album : Little Creatures, année : 1985, genre : Rock
[454/1381] 09 The Housemartins - Think For A Minute.mp3
  ♪ The Housemartins — Think For a Minute (London 0 Hull 4) [1986]  [SongRec]
  09 The Housemartins - Think For A Minute.mp3
  → The Housemartins - Think For a Minute.mp3
  ♬ The Housemartins — Think For a Minute, album : London 0 Hull 4, année : 1986, genre : Rock
[455/1381] 09 Violencia [16-44.1 kHz].mp3
  ♪ Agarrate Catalina — La Violencia (En Vivo) (El Fin del Mundo (En Vivo)) [2014]  [SongRec]
  09 Violencia [16-44.1 kHz].mp3
  → Agarrate Catalina - La Violencia (En Vivo).mp3
  ♬ Agarrate Catalina — La Violencia (En Vivo), album : El Fin del Mundo (En Vivo), année : 2014, genre : South America
[456/1381] 09 Volveras (MTV Unplugged Version).mp3
  ♪ Ricky Martin — Volveras (MTV Unplugged Version) (Ricky Martin MTV Unplugged) [2006]  [SongRec]
  09 Volveras (MTV Unplugged Version).mp3
  → Ricky Martin - Volveras (MTV Unplugged Version).mp3
  ♬ Ricky Martin — Volveras (MTV Unplugged Version), album : Ricky Martin MTV Unplugged, année : 2006, genre : Latino
[457/1381] 09-jenifer-je_danse_(2024).mp3
  ♪ Jenifer — Je danse (2024) (JUKEBOX) [2024]  [SongRec]
  09-jenifer-je_danse_(2024).mp3
  → Jenifer - Je danse (2024).mp3
  ♬ Jenifer — Je danse (2024), album : JUKEBOX, année : 2024, genre : French Pop
[458/1381] 09. Biosphere - Altostratus.mp3
  ♪ Biosphere — Altostratus (Dropsonde) [2006]  [SongRec]
  09. Biosphere - Altostratus.mp3
  → Biosphere - Altostratus.mp3
  ♬ Biosphere — Altostratus, album : Dropsonde, année : 2006, genre : Electronic
[459/1381] 09. Daft Punk - Technologic.mp3
  ♪ Daft Punk — Technologic (Human After All) [2005]  [SongRec]
  09. Daft Punk - Technologic.mp3
  → Daft Punk - Technologic.mp3
  ♬ Daft Punk — Technologic, album : Human After All, année : 2005, genre : Dance
[460/1381] 09. Eric Carmen - Hungry Eyes (From 'Dirty Dancing' Soundtrack).mp3
  ♪ Eric Carmen — Hungry Eyes (The Definitive Collection) [1997]  [SongRec]
  09. Eric Carmen - Hungry Eyes (From 'Dirty Dancing' Soundtrack).mp3
  → Eric Carmen - Hungry Eyes.mp3
  ♬ Eric Carmen — Hungry Eyes, album : The Definitive Collection, année : 1997, genre : Pop
[461/1381] 09. Fire.mp3
  ♪ Kasabian — Fire (Live!) [2012]  [tags existants]
  09. Fire.mp3
  → Kasabian - Fire.mp3
  ♬ Kasabian — Fire, album : Live!, année : 2012
[462/1381] 09. Joy Enriquez - Tell Me How You Feel (Radio Mix).mp3
  ♪ Joy Enriquez — Tell Me How You Feel (Joy Enriquez) [2001]  [SongRec]
  ⚠ conflit : Joy Enriquez - Tell Me How You Feel.mp3 existe déjà, ignoré
  ♬ Joy Enriquez — Tell Me How You Feel, album : Joy Enriquez, année : 2001, genre : Pop
[463/1381] 09. Joy Enriquez - Tell Me How You Feel (Radio Mix)_639159001066663000.mp3
  ♪ Joy Enriquez — Tell Me How You Feel (Joy Enriquez) [2001]  [SongRec]
  ⚠ conflit : Joy Enriquez - Tell Me How You Feel.mp3 existe déjà, ignoré
  ♬ Joy Enriquez — Tell Me How You Feel, album : Joy Enriquez, année : 2001, genre : Pop
[464/1381] 09. La Légende Oochigeas (en duo avec Lynda Lemay).mp3
  ♪ Roch Voisine — La légende Oochigeas (en duo avec Lynda Lemay) [with Lynda Lemay]  [SongRec]
  09. La Légende Oochigeas (en duo avec Lynda Lemay).mp3
  → Roch Voisine - La légende Oochigeas (en duo avec Lynda Lemay) [with Lynda Lemay].mp3
  ♬ Roch Voisine — La légende Oochigeas (en duo avec Lynda Lemay) [with Lynda Lemay], genre : French Pop
[465/1381] 09. Louder (7th Heaven Club Mix) - DJ Fresh ft. Sian Evans.mp3
  ♪ DJ Fresh — Louder (feat. Sian Evans) [7th Heaven Club Mix]  [SongRec]
  09. Louder (7th Heaven Club Mix) - DJ Fresh ft. Sian Evans.mp3
  → DJ Fresh - Louder (feat. Sian Evans) [7th Heaven Club Mix].mp3
  ♬ DJ Fresh — Louder (feat. Sian Evans) [7th Heaven Club Mix], genre : Dance
[466/1381] 09. Obsessed With You.mp3
  ♪ X-Ray Spex — Obsessed with You (Germ Free Adolescents) [1978]  [SongRec]
  09. Obsessed With You.mp3
  → X-Ray Spex - Obsessed with You.mp3
  ♬ X-Ray Spex — Obsessed with You, album : Germ Free Adolescents, année : 1978, genre : Alternative
[467/1381] 09. Since You've Been Gone.mp3
  ♪ Rainbow — Since You Been Gone (Down to Earth) [1979]  [SongRec]
  09. Since You've Been Gone.mp3
  → Rainbow - Since You Been Gone.mp3
  ♬ Rainbow — Since You Been Gone, album : Down to Earth, année : 1979, genre : Hard Rock
[468/1381] 09. Young At Heart (Extended Version) (Remastered).mp3
  ♪ The Bluebells — Young At Heart (Sisters (Remastered Deluxe Edition)) [1984]  [SongRec]
  09. Young At Heart (Extended Version) (Remastered).mp3
  → The Bluebells - Young At Heart.mp3
  ♬ The Bluebells — Young At Heart, album : Sisters (Remastered Deluxe Edition), année : 1984, genre : Pop
[469/1381] 098 - Peer Pressure - One Night.mp3
  ♪ Peer Pressure — One Night (One Night - Single) [2024]  [SongRec]
  098 - Peer Pressure - One Night.mp3
  → Peer Pressure - One Night.mp3
  ♬ Peer Pressure — One Night, album : One Night - Single, année : 2024, genre : Dance
[470/1381] 1 - 05 Want You Back.mp3
  ♪ Maisie Peters — Want You Back (The Good Witch) [2023]  [SongRec]
  1 - 05 Want You Back.mp3
  → Maisie Peters - Want You Back.mp3
  ♬ Maisie Peters — Want You Back, album : The Good Witch, année : 2023, genre : Alternative
[471/1381] 1 - 18 Perfect 10.mp3
  ♪ The Beautiful South — Perfect 10 (Quench) [1998]  [SongRec]
  1 - 18 Perfect 10.mp3
  → The Beautiful South - Perfect 10.mp3
  ♬ The Beautiful South — Perfect 10, album : Quench, année : 1998, genre : Alternative
[472/1381] 1 - Cartouche - Feel the Groove (Original Mix).mp3
  ♪ 2 Unlimited — Get Ready (Orchestral Mix) (Get Ready) [1992]  [SongRec]
  1 - Cartouche - Feel the Groove (Original Mix).mp3
  → 2 Unlimited - Get Ready (Orchestral Mix).mp3
  ♬ 2 Unlimited — Get Ready (Orchestral Mix), album : Get Ready, année : 1992, genre : Pop
[473/1381] 1- 12 - Captain Hollywood Project - More And More (Single Version).mp3
  ♪ Captain Hollywood Project — More and More (Single Version) (More and More) [1991]  [SongRec]
  1- 12 - Captain Hollywood Project - More And More (Single Version).mp3
  → Captain Hollywood Project - More and More (Single Version).mp3
  ♬ Captain Hollywood Project — More and More (Single Version), album : More and More, année : 1991, genre : Dance
[474/1381] 1- It Feels So Good (Radio Edit).mp3
  ♪ Sonique — It Feels so Good (Hear My Cry) [1998]  [SongRec]
  1- It Feels So Good (Radio Edit).mp3
  → Sonique - It Feels so Good.mp3
  ♬ Sonique — It Feels so Good, album : Hear My Cry, année : 1998, genre : Dance
[475/1381] 1-01 Loca People (Radio Edit).mp3
  ♪ Sak Noel — Loca People (What the F**k!) (Loca People - EP) [2011]  [SongRec]
  1-01 Loca People (Radio Edit).mp3
  → Sak Noel - Loca People (What the Fk!).mp3
  ♬ Sak Noel — Loca People (What the F**k!), album : Loca People - EP, année : 2011, genre : Dance
[476/1381] 1-01 Matthäus-Passion_ Chori_ Kommt, Ihr Töchter, Helft Mir Klagen.dsf
  ✗ non reconnu (ni SongRec ni tags)
[477/1381] 1-01 Taste The Feeling (Avicii Vs. Conrad Sewell).mp3
  ♪ Avicii & Conrad Sewell — Taste the Feeling (Avicii vs. Conrad Sewell) (Taste the Feeling (Avicii vs. Conrad Sewell) - Single) [2016]  [SongRec]
  1-01 Taste The Feeling (Avicii Vs. Conrad Sewell).mp3
  → Avicii & Conrad Sewell - Taste the Feeling (Avicii vs. Conrad Sewell).mp3
  ♬ Avicii & Conrad Sewell — Taste the Feeling (Avicii vs. Conrad Sewell), album : Taste the Feeling (Avicii vs. Conrad Sewell) - Single, année : 2016, genre : Dance
[478/1381] 1-02 National Express.mp3
  ♪ The Divine Comedy — National Express (Fin de Siecle) [1998]  [SongRec]
  1-02 National Express.mp3
  → The Divine Comedy - National Express.mp3
  ♬ The Divine Comedy — National Express, album : Fin de Siecle, année : 1998, genre : Pop
[479/1381] 1-02. The Game Of Love.dsf
  ✗ non reconnu (ni SongRec ni tags)
[480/1381] 1-03 - S'Il Vous Plait_639158030846371745.mp3
  ♪ Fantastic Plastic Machine — S'il vous plait (Sushi 4004) [1998]  [SongRec]
  1-03 - S'Il Vous Plait_639158030846371745.mp3
  → Fantastic Plastic Machine - S'il vous plait.mp3
  ♬ Fantastic Plastic Machine — S'il vous plait, album : Sushi 4004, année : 1998, genre : Electronic
[481/1381] 1-06 Khalid - Faded.mp3
  ♪ Khalid — Faded (Sincere (Deluxe)) [2024]  [SongRec]
  1-06 Khalid - Faded.mp3
  → Khalid - Faded.mp3
  ♬ Khalid — Faded, album : Sincere (Deluxe), année : 2024, genre : R&B/Soul
[482/1381] 1-06 Too Late for Goodbyes_5.1.mp3
  ♪ Julian Lennon — Too Late for Goodbyes (Valotte) [1984]  [SongRec]
  1-06 Too Late for Goodbyes_5.1.mp3
  → Julian Lennon - Too Late for Goodbyes.mp3
  ♬ Julian Lennon — Too Late for Goodbyes, album : Valotte, année : 1984, genre : Pop
[483/1381] 1-08 - Another Sad Love Song.mp3
  ♪ Toni Braxton — Another Sad Love Song (Toni Braxton) [1993]  [SongRec]
  1-08 - Another Sad Love Song.mp3
  → Toni Braxton - Another Sad Love Song.mp3
  ♬ Toni Braxton — Another Sad Love Song, album : Toni Braxton, année : 1993, genre : R&B/Soul
[484/1381] 1-08 Everywhere (Radio Edit).mp3
  ♪ John Dahlbäck — Everywhere (Everywhere - Single) [2007]  [SongRec]
  1-08 Everywhere (Radio Edit).mp3
  → John Dahlbäck - Everywhere.mp3
  ♬ John Dahlbäck — Everywhere, album : Everywhere - Single, année : 2007, genre : Dance
[485/1381] 1-09 Will Downing - A Love Supreme (Razormaid Edit).mp3
  ♪ Will Downing — A Love Supreme (Will Downing) [1988]  [SongRec]
  1-09 Will Downing - A Love Supreme (Razormaid Edit).mp3
  → Will Downing - A Love Supreme.mp3
  ♬ Will Downing — A Love Supreme, album : Will Downing, année : 1988, genre : R&B/Soul
[486/1381] 1-12 - Neptunica & Corona - The Rhythm of the Night.mp3
  ♪ Corona — Rhythm of the Night (Lee Marrow Space Mix) (The Rhythm of the Night) [1995]  [SongRec]
  1-12 - Neptunica & Corona - The Rhythm of the Night.mp3
  → Corona - Rhythm of the Night (Lee Marrow Space Mix).mp3
  ♬ Corona — Rhythm of the Night (Lee Marrow Space Mix), album : The Rhythm of the Night, année : 1995, genre : Dance
[487/1381] 1-13 Your Love.mp3
  ♪ Azana — Your Love (Ingoma) [2020]  [SongRec]
  1-13 Your Love.mp3
  → Azana - Your Love.mp3
  ♬ Azana — Your Love, album : Ingoma, année : 2020
[488/1381] 1-16 - If I Could Turn Back the Hands of Time (Radio Edit).mp3
  ♪ R. Kelly — If I Could Turn Back the Hands of Time (Radio Edit) (The Essential R. Kelly) [2000]  [SongRec]
  1-16 - If I Could Turn Back the Hands of Time (Radio Edit).mp3
  → R. Kelly - If I Could Turn Back the Hands of Time (Radio Edit).mp3
  ♬ R. Kelly — If I Could Turn Back the Hands of Time (Radio Edit), album : The Essential R. Kelly, année : 2000, genre : R&B/Soul
[489/1381] 1-18 Cruel Summer ('89 Swing Beat Dub).mp3
  ♪ Bananarama — Cruel Summer ('89 Swing Beat Dub) (The Greatest Hits Collection (Collector Edition)) [1988]  [SongRec]
  1-18 Cruel Summer ('89 Swing Beat Dub).mp3
  → Bananarama - Cruel Summer ('89 Swing Beat Dub).mp3
  ♬ Bananarama — Cruel Summer ('89 Swing Beat Dub), album : The Greatest Hits Collection (Collector Edition), année : 1988, genre : Pop
[490/1381] 1-24 - Too Good To Be Forgotten (Extended Version) [Bonus Track].mp3
  ♪ Amazulu — Too Good To Be Forgotten (Amazulu) [1986]  [SongRec]
  1-24 - Too Good To Be Forgotten (Extended Version) [Bonus Track].mp3
  → Amazulu - Too Good To Be Forgotten.mp3
  ♬ Amazulu — Too Good To Be Forgotten, album : Amazulu, année : 1986, genre : Pop
[491/1381] 1. Far Nearer x Lost in Space (feat. Charli XCX).mp3
  ♪ Starkey — Lost in Space Feat. Charli XCX (Space Traitor, Vol. 2) [2011]  [SongRec]
  1. Far Nearer x Lost in Space (feat. Charli XCX).mp3
  → Starkey - Lost in Space Feat. Charli XCX.mp3
  ♬ Starkey — Lost in Space Feat. Charli XCX, album : Space Traitor, Vol. 2, année : 2011, genre : Dubstep
[492/1381] 1. Haley Joelle - Memory Lane.mp3
  ♪ Haley Joelle — Memory Lane (Memory Lane - Single) [2022]  [SongRec]
  1. Haley Joelle - Memory Lane.mp3
  → Haley Joelle - Memory Lane.mp3
  ♬ Haley Joelle — Memory Lane, album : Memory Lane - Single, année : 2022, genre : Pop
[493/1381] 1. The Look - Roxette.dsf
  ✗ non reconnu (ni SongRec ni tags)
[494/1381] 1. Virtual Insanity.mp3
  ♪ Jamiroquai — Virtual Insanity (Travelling Without Moving (20th Anniversary Edition) [2016 Remaster]) [1996]  [SongRec]
  1. Virtual Insanity.mp3
  → Jamiroquai - Virtual Insanity.mp3
  ♬ Jamiroquai — Virtual Insanity, album : Travelling Without Moving (20th Anniversary Edition) [2016 Remaster], année : 1996, genre : Pop
[495/1381] 1.01 - A Seldom-Seen Means of Displacing Information a Trembling Time Surely Glimpsed Far Ahead - Give Me Back All That Was Me Here Where I Left My Soul Awhile - Angō (1996 version)- Entering Into Depths Where Meaning Cannot Exist.mp3
  ♪ Fushitsusha — A Seldom-Seen Means of Displacing Information A Trembling Time Surely Glimpsed Far Ahead / Give Me Back All That Was Me Here Where I Left My Soul Awhile / Angō (1996 Version): Entering Into Depths Where Meaning Cannot Exist (Nothing Changes No One Can Change Anything, I Am Ever-Changing Only You Can Change Yourself) [2014]  [tags existants]
  1.01 - A Seldom-Seen Means of Displacing Information a Trembling Time Surely Glimpsed Far Ahead - Give Me Back All That Was Me Here Where I Left My Soul Awhile - Angō (1996 version)- Entering Into Depths Where Meaning Cannot Exist.mp3
  → Fushitsusha - A Seldom-Seen Means of Displacing Information A Trembling Time Surely Glimpsed Far Ahead Give Me Back All That Was Me Here Where I Left My Soul Awhile Angō (1996 Version) Entering Into Depths Where Meaning Cannot Exist.mp3
  ♬ Fushitsusha — A Seldom-Seen Means of Displacing Information A Trembling Time Surely Glimpsed Far Ahead / Give Me Back All That Was Me Here Where I Left My Soul Awhile / Angō (1996 Version): Entering Into Depths Where Meaning Cannot Exist, album : Nothing Changes No One Can Change Anything, I Am Ever-Changing Only You Can Change Yourself, année : 2014
[496/1381] 1.01 BBE - Flash.mp3
  ♪ Mothers Pride — Learning to Fly (Trouser Enthusiasts Remix)  [SongRec]
  1.01 BBE - Flash.mp3
  → Mothers Pride - Learning to Fly (Trouser Enthusiasts Remix).mp3
  ♬ Mothers Pride — Learning to Fly (Trouser Enthusiasts Remix), genre : Electronic
[497/1381] 1.02 - Higher Ground.mp3
  ♪ Red Hot Chili Peppers — Higher Ground (Mother's Milk) [1989]  [SongRec]
  1.02 - Higher Ground.mp3
  → Red Hot Chili Peppers - Higher Ground.mp3
  ♬ Red Hot Chili Peppers — Higher Ground, album : Mother's Milk, année : 1989, genre : Alternative
[498/1381] 1.02. DJ Abdel - Get Down Samedi Soir.mp3
  ♪ DJ Abdel — Get Down Samedi Soir (feat. Rohff & Oliver Cheatam)  [SongRec]
  1.02. DJ Abdel - Get Down Samedi Soir.mp3
  → DJ Abdel - Get Down Samedi Soir (feat. Rohff & Oliver Cheatam).mp3
  ♬ DJ Abdel — Get Down Samedi Soir (feat. Rohff & Oliver Cheatam), genre : Funk
[499/1381] 1.04. Keeping My Fingers Crossed.mp3
  ♪ The Stylistics — Keeping My Fingers Crossed  [SongRec]
  1.04. Keeping My Fingers Crossed.mp3
  → The Stylistics - Keeping My Fingers Crossed.mp3
  ♬ The Stylistics — Keeping My Fingers Crossed, genre : Soul
[500/1381] 1.07 - Maitre Gims & Black M - Pas de nouvelle bonne nouvelle.mp3
  ♪ DJ Abdel — Pas de nouvelle bonne nouvelle (feat. Maître Gims & Black M)  [SongRec]
  1.07 - Maitre Gims & Black M - Pas de nouvelle bonne nouvelle.mp3
  → DJ Abdel - Pas de nouvelle bonne nouvelle (feat. Maître Gims & Black M).mp3
  ♬ DJ Abdel — Pas de nouvelle bonne nouvelle (feat. Maître Gims & Black M), genre : Hip-Hop/Rap
[501/1381] 1.11. This Is Also You.flac
  ♪ Carl Petter Opsahl — This Is Also You (Mystery of Listening) [2023]  [tags existants]
  1.11. This Is Also You.flac
  → Carl Petter Opsahl - This Is Also You.flac
  ♬ Carl Petter Opsahl — This Is Also You, album : Mystery of Listening, année : 2023
[502/1381] 1.11. This Is Also You.mp3
  ♪ Carl Petter Opsahl — This Is Also You (Mystery of Listening) [2023]  [tags existants]
  1.11. This Is Also You.mp3
  → Carl Petter Opsahl - This Is Also You.mp3
  ♬ Carl Petter Opsahl — This Is Also You, album : Mystery of Listening, année : 2023
[503/1381] 1.18 - Willy William - Te Quiero (Radio Edit).mp3
  ♪ Willy William — Te Quiero (Radio Edit) (Une seule vie) [2015]  [SongRec]
  1.18 - Willy William - Te Quiero (Radio Edit).mp3
  → Willy William - Te Quiero (Radio Edit).mp3
  ♬ Willy William — Te Quiero (Radio Edit), album : Une seule vie, année : 2015, genre : R&B/Soul
[504/1381] 10 - Echoes.mp3
  ♪ Pink Floyd — Echoes (Live at the Palais Des Sports, Poitiers, France 29 Nov 1972) [2022]  [tags existants]
  10 - Echoes.mp3
  → Pink Floyd - Echoes.mp3
  ♬ Pink Floyd — Echoes, album : Live at the Palais Des Sports, Poitiers, France 29 Nov 1972, année : 2022
[505/1381] 10 - Is It Really Me - Gotta Go Home.mp3
  ♪ Status Quo — Is It Really Me / Gotta Go Home (Ma Kelly's Greasy Spoon) [1970]  [SongRec]
  10 - Is It Really Me - Gotta Go Home.mp3
  → Status Quo - Is It Really Me Gotta Go Home.mp3
  ♬ Status Quo — Is It Really Me / Gotta Go Home, album : Ma Kelly's Greasy Spoon, année : 1970, genre : Rock
[506/1381] 10 - Love Has Something Else To Say (With Kissing My Love).mp3
  ♪ Tedeschi Trucks Band — Love Has Something Else to Say (with Kissing My Love) [Live] (Live: Everybody's Talkin') [2012]  [SongRec]
  10 - Love Has Something Else To Say (With Kissing My Love).mp3
  → Tedeschi Trucks Band - Love Has Something Else to Say (with Kissing My Love) [Live].mp3
  ♬ Tedeschi Trucks Band — Love Has Something Else to Say (with Kissing My Love) [Live], album : Live: Everybody's Talkin', année : 2012, genre : Blues
[507/1381] 10 - On se retrouvera (Live).mp3
  ♪ Francis Lalanne — On se retrouvera (Francis Lalanne au Casino de Paris (live)) [2006]  [SongRec]
  10 - On se retrouvera (Live).mp3
  → Francis Lalanne - On se retrouvera.mp3
  ♬ Francis Lalanne — On se retrouvera, album : Francis Lalanne au Casino de Paris (live), année : 2006, genre : French Pop
[508/1381] 10 - Sans moi.mp3
  ♪ Franglish & Aya Nakamura — Sans moi (Vibe) [2021]  [SongRec]
  10 - Sans moi.mp3
  → Franglish & Aya Nakamura - Sans moi.mp3
  ♬ Franglish & Aya Nakamura — Sans moi, album : Vibe, année : 2021, genre : Hip-Hop/Rap
[509/1381] 10 - The Power to Forgive (2004 Remaster).mp3
  ♪ Kajagoogoo — The Power To Forgive (Islands) [1984]  [SongRec]
  10 - The Power to Forgive (2004 Remaster).mp3
  → Kajagoogoo - The Power To Forgive.mp3
  ♬ Kajagoogoo — The Power To Forgive, album : Islands, année : 1984, genre : Rock
[510/1381] 10 - Wolfgang Mozart - 12 Variations on 'Ah! Vous dirais-je, maman' K 265.mp3
  ♪ 칸타타 (Cantata) — Mozart: 12 Variations On Ah Vous Dirai-Je Maman K.265  [SongRec]
  10 - Wolfgang Mozart - 12 Variations on 'Ah! Vous dirais-je, maman' K 265.mp3
  → 칸타타 (Cantata) - Mozart 12 Variations On Ah Vous Dirai-Je Maman K.265.mp3
  ♬ 칸타타 (Cantata) — Mozart: 12 Variations On Ah Vous Dirai-Je Maman K.265
[511/1381] 10 Charles Schillings & Pompon F -No Communication No Love (Street Corner Symphony Mix).mp3
  ♪ Gladys Knight & The Pips — I Will Survive (Touch) [1981]  [SongRec]
  10 Charles Schillings & Pompon F -No Communication No Love (Street Corner Symphony Mix).mp3
  → Gladys Knight & The Pips - I Will Survive.mp3
  ♬ Gladys Knight & The Pips — I Will Survive, album : Touch, année : 1981, genre : R&B/Soul
[512/1381] 10 Good Times Gone.mp3
  ♪ Nickelback — Good Times Gone (Silver Side Up) [2001]  [SongRec]
  10 Good Times Gone.mp3
  → Nickelback - Good Times Gone.mp3
  ♬ Nickelback — Good Times Gone, album : Silver Side Up, année : 2001, genre : Rock
[513/1381] 10 Mais Qui Est La Belette-.mp3
  ♪ Manau — Mais Qui Est La Belette (Panique celtique) [1998]  [SongRec]
  10 Mais Qui Est La Belette-.mp3
  → Manau - Mais Qui Est La Belette.mp3
  ♬ Manau — Mais Qui Est La Belette, album : Panique celtique, année : 1998, genre : Hip-Hop/Rap
[514/1381] 10 Mon enfant.mp3
  ♪ Grégoire — Mon enfant (Le même soleil) [2010]  [SongRec]
  10 Mon enfant.mp3
  → Grégoire - Mon enfant.mp3
  ♬ Grégoire — Mon enfant, album : Le même soleil, année : 2010, genre : French Pop
[515/1381] 10 OneRepublic - Rescue Me.mp3
  ♪ OneRepublic — Rescue Me (Rescue Me - Single) [2019]  [SongRec]
  10 OneRepublic - Rescue Me.mp3
  → OneRepublic - Rescue Me.mp3
  ♬ OneRepublic — Rescue Me, album : Rescue Me - Single, année : 2019, genre : Pop
[516/1381] 10 September All Over (UK Radio Edit.mp3
  ♪ September — September All Over (Cry For You) [2009]  [SongRec]
  10 September All Over (UK Radio Edit.mp3
  → September - September All Over.mp3
  ♬ September — September All Over, album : Cry For You, année : 2009, genre : Pop
[517/1381] 10 Sharon Redd - In the Name of Love (Hot Trax Mix).mp3
  ♪ Sharon Redd — In the Name of Love (Hot Trax Mix) (Master Mixes) [1979]  [SongRec]
  10 Sharon Redd - In the Name of Love (Hot Trax Mix).mp3
  → Sharon Redd - In the Name of Love (Hot Trax Mix).mp3
  ♬ Sharon Redd — In the Name of Love (Hot Trax Mix), album : Master Mixes, année : 1979, genre : R&B/Soul
[518/1381] 10- Même combat.mp3
  ♪ Bisso Na Bisso — Même combat (feat. Sizzla) (Africa) [2009]  [SongRec]
  10- Même combat.mp3
  → Bisso Na Bisso - Même combat (feat. Sizzla).mp3
  ♬ Bisso Na Bisso — Même combat (feat. Sizzla), album : Africa, année : 2009, genre : African
[519/1381] 10. All I Needed.mp3
  ♪ American Aquarium — All I Needed (Chicamacomico) [2022]  [SongRec]
  10. All I Needed.mp3
  → American Aquarium - All I Needed.mp3
  ♬ American Aquarium — All I Needed, album : Chicamacomico, année : 2022, genre : Country
[520/1381] 10. Joe Burns - Let Go (Feat. Skinner) (Vocal Mix).mp3
  ♪ Joe Burns — Let Go (feat. Skinner) [Vocal Mix] (We Go Deep (Remix Edition - Mixed by the Avener)) [2015]  [SongRec]
  10. Joe Burns - Let Go (Feat. Skinner) (Vocal Mix).mp3
  → Joe Burns - Let Go (feat. Skinner) [Vocal Mix].mp3
  ♬ Joe Burns — Let Go (feat. Skinner) [Vocal Mix], album : We Go Deep (Remix Edition - Mixed by the Avener), année : 2015, genre : Electronic
[521/1381] 10. KUSMEE - Velvet Ivory (UNDEUX Remix)_639159832732781880.mp3
  ♪ Diplo & SIDEPIECE — On My Mind (Diplo) [2019]  [SongRec]
  10. KUSMEE - Velvet Ivory (UNDEUX Remix)_639159832732781880.mp3
  → Diplo & SIDEPIECE - On My Mind.mp3
  ♬ Diplo & SIDEPIECE — On My Mind, album : Diplo, année : 2019, genre : Dance
[522/1381] 10. La poupée qui fait non.mp3
  ♪ Michel Polnareff — La Poupée Qui Fait Non (Nos maux mots d'amour) [1966]  [SongRec]
  10. La poupée qui fait non.mp3
  → Michel Polnareff - La Poupée Qui Fait Non.mp3
  ♬ Michel Polnareff — La Poupée Qui Fait Non, album : Nos maux mots d'amour, année : 1966, genre : Pop
[523/1381] 10. Le jardinier (feat. Steve Normandin).mp3
  ♪ Francois Couture — Le jardinier (feat. Steve Normandin) (My Little Book - Tome 3) [2022]  [SongRec]
  10. Le jardinier (feat. Steve Normandin).mp3
  → Francois Couture - Le jardinier (feat. Steve Normandin).mp3
  ♬ Francois Couture — Le jardinier (feat. Steve Normandin), album : My Little Book - Tome 3, année : 2022, genre : Jazz
[524/1381] 10. Philipp Münch - Roses, Red and Black.mp3
  ♪ Philipp Münch — Roses, Red and Black (Into the Absurd) [2011]  [tags existants]
  10. Philipp Münch - Roses, Red and Black.mp3
  → Philipp Münch - Roses, Red and Black.mp3
  ♬ Philipp Münch — Roses, Red and Black, album : Into the Absurd, année : 2011
[525/1381] 10. Sugar Mice.mp3
  ♪ Marillion — Sugar Mice (Marillion.Cl / En.El.Marquee) [2019]  [SongRec]
  10. Sugar Mice.mp3
  → Marillion - Sugar Mice.mp3
  ♬ Marillion — Sugar Mice, album : Marillion.Cl / En.El.Marquee, année : 2019, genre : Rock
[526/1381] 10. U2 – MLK.mp3
  ♪ U2 — MLK (The Unforgettable Fire) [1984]  [SongRec]
  10. U2 – MLK.mp3
  → U2 - MLK.mp3
  ♬ U2 — MLK, album : The Unforgettable Fire, année : 1984, genre : Rock
[527/1381] 10. Walking In The Sun.mp3
  ♪ Paranormal Attack — Walking in the Sun (Walking in the Sun - Single) [2007]  [SongRec]
  10. Walking In The Sun.mp3
  → Paranormal Attack - Walking in the Sun.mp3
  ♬ Paranormal Attack — Walking in the Sun, album : Walking in the Sun - Single, année : 2007, genre : Trance
[528/1381] 10.Joe.Budden.Pump.It.Up.[Radio.Edit]-TDG.mp3
  ♪ Joe Budden — Pump It Up (Joe Budden) [2003]  [SongRec]
  10.Joe.Budden.Pump.It.Up.[Radio.Edit]-TDG.mp3
  → Joe Budden - Pump It Up.mp3
  ♬ Joe Budden — Pump It Up, album : Joe Budden, année : 2003, genre : R&B/Soul
[529/1381] 100. Mon fils ma bataille (Live au Palais des Sports - 1984).mp3
  ♪ Daniel Balavoine — Mon Fils Ma Bataille (Live)  [SongRec]
  100. Mon fils ma bataille (Live au Palais des Sports - 1984).mp3
  → Daniel Balavoine - Mon Fils Ma Bataille (Live).mp3
  ♬ Daniel Balavoine — Mon Fils Ma Bataille (Live), genre : Pop
[530/1381] 101-JD Twitch-The Underground Sound Of Glasgow (Continuous Mix).mp3
  ♪ Various Artists — Optimo: the Underground Sound of Glasgow (Continuous Dj mix by Jd Twitch)  [tags existants]
  101-JD Twitch-The Underground Sound Of Glasgow (Continuous Mix).mp3
  → Various Artists - Optimo the Underground Sound of Glasgow (Continuous Dj mix by Jd Twitch).mp3
  ♬ Various Artists — Optimo: the Underground Sound of Glasgow (Continuous Dj mix by Jd Twitch)
[531/1381] 104-backstreet_boys-larger_than_life_(keith_litman_dub_mix).mp3
  ♪ Backstreet Boys — Larger Than Life (Keith Litman Dub mix) (Larger Than Life) [1999]  [tags existants]
  104-backstreet_boys-larger_than_life_(keith_litman_dub_mix).mp3
  → Backstreet Boys - Larger Than Life (Keith Litman Dub mix).mp3
  ♬ Backstreet Boys — Larger Than Life (Keith Litman Dub mix), album : Larger Than Life, année : 1999
[532/1381] 108-ken_doh-nakasaki_(i_need_a_lover_tonight)_(12_mix).mp3
  ♪ Tobu — Higher (Higher - Single) [2013]  [SongRec]
  108-ken_doh-nakasaki_(i_need_a_lover_tonight)_(12_mix).mp3
  → Tobu - Higher.mp3
  ♬ Tobu — Higher, album : Higher - Single, année : 2013, genre : House
[533/1381] 10A - Sia - Courage To Change (Isak Salaza-1.mp3
  ♪ Sia — Courage to Change (Music - Songs From and Inspired By the Motion Picture) [2020]  [SongRec]
  10A - Sia - Courage To Change (Isak Salaza-1.mp3
  → Sia - Courage to Change.mp3
  ♬ Sia — Courage to Change, album : Music - Songs From and Inspired By the Motion Picture, année : 2020, genre : Pop
[534/1381] 11 - Eric Serra - Let Them Try.mp3
  ♪ Eric Serra — Let Them Try (Dialog Version) (Le Grand Bleu (Version Longue)) [1988]  [SongRec]
  11 - Eric Serra - Let Them Try.mp3
  → Eric Serra - Let Them Try (Dialog Version).mp3
  ♬ Eric Serra — Let Them Try (Dialog Version), album : Le Grand Bleu (Version Longue), année : 1988, genre : Soundtrack
[535/1381] 11 - In My Head (2016 Platinum Hits Edition).mp3
  ♪ Jason Derulo — In My Head (Jason Derulo) [2009]  [SongRec]
  11 - In My Head (2016 Platinum Hits Edition).mp3
  → Jason Derulo - In My Head.mp3
  ♬ Jason Derulo — In My Head, album : Jason Derulo, année : 2009, genre : Pop
[536/1381] 11 - Julia Michaels - Issues.mp3
  ♪ Julia Michaels — Issues (Nervous System) [2017]  [SongRec]
  11 - Julia Michaels - Issues.mp3
  → Julia Michaels - Issues.mp3
  ♬ Julia Michaels — Issues, album : Nervous System, année : 2017, genre : Pop
[537/1381] 11 - Lis dans mes yeux.mp3
  ♪ Garou — Lis dans mes yeux (Seul) [2000]  [SongRec]
  11 - Lis dans mes yeux.mp3
  → Garou - Lis dans mes yeux.mp3
  ♬ Garou — Lis dans mes yeux, album : Seul, année : 2000, genre : French Pop
[538/1381] 11 - Mademoiselle chante le blues.mp3
  ♪ Patricia Kaas — Mademoiselle chante de Blues (Toute la musique) [2001]  [SongRec]
  11 - Mademoiselle chante le blues.mp3
  → Patricia Kaas - Mademoiselle chante de Blues.mp3
  ♬ Patricia Kaas — Mademoiselle chante de Blues, album : Toute la musique, année : 2001, genre : French Pop
[539/1381] 11 - Os Detroia - Bela  .mp3
  ♪ Os Detroia — Bela (Não Faz Isso) (Bela (Não Faz Isso) - Single) [2014]  [SongRec]
  11 - Os Detroia - Bela  .mp3
  → Os Detroia - Bela (Não Faz Isso).mp3
  ♬ Os Detroia — Bela (Não Faz Isso), album : Bela (Não Faz Isso) - Single, année : 2014, genre : Dance
[540/1381] 11 - Overdose.mp3
  ♪ John Coghlan — Overdose (John Coghlan Performs Status Quo (Greatest Hits)) [2014]  [SongRec]
  11 - Overdose.mp3
  → John Coghlan - Overdose.mp3
  ♬ John Coghlan — Overdose, album : John Coghlan Performs Status Quo (Greatest Hits), année : 2014, genre : Electronic
[541/1381] 11 - Rosa.mp3
  ♪ Pascal Obispo — Rosa (1980 - Single) [2005]  [SongRec]
  11 - Rosa.mp3
  → Pascal Obispo - Rosa.mp3
  ♬ Pascal Obispo — Rosa, album : 1980 - Single, année : 2005, genre : French Pop
[542/1381] 11 - Sanguine.mp3
  ♪ Arthur H & Nicolas Repac — Sanguine (L'Or d'Eros) [2014]  [SongRec]
  11 - Sanguine.mp3
  → Arthur H & Nicolas Repac - Sanguine.mp3
  ♬ Arthur H & Nicolas Repac — Sanguine, album : L'Or d'Eros, année : 2014, genre : French Pop
[543/1381] 11 - Your Girl.mp3
  ♪ Reverend and the Makers — Your Girl (Thirtytwo) [2014]  [SongRec]
  11 - Your Girl.mp3
  → Reverend and the Makers - Your Girl.mp3
  ♬ Reverend and the Makers — Your Girl, album : Thirtytwo, année : 2014, genre : Rock
[544/1381] 11 Course contre la honte.mp3
  ♪ Grand Corps Malade & Richard Bohringer — Course contre la honte (Funambule) [2013]  [SongRec]
  11 Course contre la honte.mp3
  → Grand Corps Malade & Richard Bohringer - Course contre la honte.mp3
  ♬ Grand Corps Malade & Richard Bohringer — Course contre la honte, album : Funambule, année : 2013, genre : French Pop
[545/1381] 11 IAM - Chez le mac.mp3
  ♪ IAM — Chez le mac (L'école du micro d'argent (Edition Collector)) [1997]  [SongRec]
  11 IAM - Chez le mac.mp3
  → IAM - Chez le mac.mp3
  ♬ IAM — Chez le mac, album : L'école du micro d'argent (Edition Collector), année : 1997, genre : Hip-Hop/Rap
[546/1381] 11 Mount & Nicolas Haelg - Something Good (Radio Edit)(musicbolt.com).mp3
  ♪ MOUNT & Nicolas Haelg — Something Good (Radio Edit) (Armada Deep - Amsterdam Dance Event 2015) [2015]  [SongRec]
  11 Mount & Nicolas Haelg - Something Good (Radio Edit)(musicbolt.com).mp3
  → MOUNT & Nicolas Haelg - Something Good (Radio Edit).mp3
  ♬ MOUNT & Nicolas Haelg — Something Good (Radio Edit), album : Armada Deep - Amsterdam Dance Event 2015, année : 2015, genre : Dance
[547/1381] 11 Requiem pour un fou.mp3
  ♪ Johnny Hallyday — Requiem Pour Un Fou (Best Of 70) [1976]  [SongRec]
  11 Requiem pour un fou.mp3
  → Johnny Hallyday - Requiem Pour Un Fou.mp3
  ♬ Johnny Hallyday — Requiem Pour Un Fou, album : Best Of 70, année : 1976, genre : Rock
[548/1381] 11 Right Where It Belongs.mp3
  ♪ Nine Inch Nails — Right Where It Belongs (Live: Beside You in Time) [2007]  [tags existants]
  11 Right Where It Belongs.mp3
  → Nine Inch Nails - Right Where It Belongs.mp3
  ♬ Nine Inch Nails — Right Where It Belongs, album : Live: Beside You in Time, année : 2007
[549/1381] 11 Rockstar.mp3
  ♪ Nickelback — Rockstar (All the Right Reasons) [2005]  [SongRec]
  11 Rockstar.mp3
  → Nickelback - Rockstar.mp3
  ♬ Nickelback — Rockstar, album : All the Right Reasons, année : 2005, genre : Rock
[550/1381] 11 אני גיטרה.mp3
  ♪ Dudu Tassa — אני גיטרה (בדיוק בזמן) [2004]  [SongRec]
  11 אני גיטרה.mp3
  → Dudu Tassa - אני גיטרה.mp3
  ♬ Dudu Tassa — אני גיטרה, album : בדיוק בזמן, année : 2004, genre : Rock
[551/1381] 11-Farruko - Obsesionado.mp3
  ♪ Julio X — Reggaeton Royalty Iv (feat. El Nene La Amenaza, Shadow Blow, Anuel AA, Jory Boy, Farruko, Ozuna, Daddy Yankee, Nicky Jam & De La Ghetto)  [SongRec]
  11-Farruko - Obsesionado.mp3
  → Julio X - Reggaeton Royalty Iv (feat. El Nene La Amenaza, Shadow Blow, Anuel AA, Jory Boy, Farruko, Ozuna, Daddy Yankee, Nicky Jam & De La Ghetto).mp3
  ♬ Julio X — Reggaeton Royalty Iv (feat. El Nene La Amenaza, Shadow Blow, Anuel AA, Jory Boy, Farruko, Ozuna, Daddy Yankee, Nicky Jam & De La Ghetto), genre : Latin Urban
[552/1381] 11-super_mal_feat._luciana-bigger_than_big_(radio_edit).mp3
  ♪ Super Mal — Bigger than Big (feat. Luciana) [Vocal Club Mix] (Bigger Than Big (feat. Luciana) - Single) [2025]  [SongRec]
  11-super_mal_feat._luciana-bigger_than_big_(radio_edit).mp3
  → Super Mal - Bigger than Big (feat. Luciana) [Vocal Club Mix].mp3
  ♬ Super Mal — Bigger than Big (feat. Luciana) [Vocal Club Mix], album : Bigger Than Big (feat. Luciana) - Single, année : 2025, genre : House
[553/1381] 11. Lara Fabian - Tu Es Mon Autre (Avec Maurane).mp3
  ♪ Lara Fabian — Tu es mon autre (Live) [feat. Maurane] (En toute intimité) [2003]  [SongRec]
  11. Lara Fabian - Tu Es Mon Autre (Avec Maurane).mp3
  → Lara Fabian - Tu es mon autre (Live) [feat. Maurane].mp3
  ♬ Lara Fabian — Tu es mon autre (Live) [feat. Maurane], album : En toute intimité, année : 2003, genre : French Pop
[554/1381] 11. Lullaby Of Birdland.mp3
  ♪ Mel Tormé — Lullaby of Birdland (Mel Tormé and the Marty Paich Dek-Tette (Remastered 2013)) [1956]  [SongRec]
  11. Lullaby Of Birdland.mp3
  → Mel Tormé - Lullaby of Birdland.mp3
  ♬ Mel Tormé — Lullaby of Birdland, album : Mel Tormé and the Marty Paich Dek-Tette (Remastered 2013), année : 1956, genre : Pop
[555/1381] 11. Sinusic - Downtown_639158153671148848.mp3
  ♪ Sinusic — Downtown (We Go Deep, Saison 3 (Mixed by the Avener)) [2016]  [SongRec]
  11. Sinusic - Downtown_639158153671148848.mp3
  → Sinusic - Downtown.mp3
  ♬ Sinusic — Downtown, album : We Go Deep, Saison 3 (Mixed by the Avener), année : 2016, genre : Electronic
[556/1381] 11. The Style Council - Promised Land (Radio Edit).mp3
  ♪ The Style Council — Promised Land (Longer Extended Version / Juan Atkins/ Club Mix) (The Complete Adventures of the Style Council (Box Set)) [1998]  [SongRec]
  11. The Style Council - Promised Land (Radio Edit).mp3
  → The Style Council - Promised Land (Longer Extended Version Juan Atkins Club Mix).mp3
  ♬ The Style Council — Promised Land (Longer Extended Version / Juan Atkins/ Club Mix), album : The Complete Adventures of the Style Council (Box Set), année : 1998, genre : Pop
[557/1381] 11. You Know Me.mp3
  ♪ Skepta — You Know Me (Blacklisted) [2012]  [SongRec]
  11. You Know Me.mp3
  → Skepta - You Know Me.mp3
  ♬ Skepta — You Know Me, album : Blacklisted, année : 2012, genre : Hip-Hop/Rap
[558/1381] 11.I Know Him So Well.dsf
  ✗ non reconnu (ni SongRec ni tags)
[559/1381] 110 - No Surprises (Remastered).mp3
  ♪ Radiohead — No Surprises (OK Computer) [1997]  [SongRec]
  110 - No Surprises (Remastered).mp3
  → Radiohead - No Surprises.mp3
  ♬ Radiohead — No Surprises, album : OK Computer, année : 1997, genre : Alternative
[560/1381] 110-stomy_bugsy-mon_papa_a_moi_est_un_gangster.mp3
  ♪ Secteur Ä & Stomy Bugsy — Mon Papa À Moi Est Un Gangster (Le meilleur du live à l'Olympia) [1998]  [SongRec]
  110-stomy_bugsy-mon_papa_a_moi_est_un_gangster.mp3
  → Secteur Ä & Stomy Bugsy - Mon Papa À Moi Est Un Gangster.mp3
  ♬ Secteur Ä & Stomy Bugsy — Mon Papa À Moi Est Un Gangster, album : Le meilleur du live à l'Olympia, année : 1998, genre : Hip-Hop/Rap
[561/1381] 111 - Lucky (Remastered).mp3
  ♪ Radiohead — Lucky (OK Computer) [1997]  [SongRec]
  111 - Lucky (Remastered).mp3
  → Radiohead - Lucky.mp3
  ♬ Radiohead — Lucky, album : OK Computer, année : 1997, genre : Alternative
[562/1381] 111 - Ti amo.mp3
  ♪ Soprano — Ti amo (Cosmopolitanie (Cosmo Tour Edition)) [2014]  [SongRec]
  111 - Ti amo.mp3
  → Soprano - Ti amo.mp3
  ♬ Soprano — Ti amo, album : Cosmopolitanie (Cosmo Tour Edition), année : 2014, genre : Hip-Hop/Rap
[563/1381] 112-mase-what_you_want-0mni.mp3
  ♪ Mase — What You Want (feat. Total) (Harlem World) [1997]  [SongRec]
  112-mase-what_you_want-0mni.mp3
  → Mase - What You Want (feat. Total).mp3
  ♬ Mase — What You Want (feat. Total), album : Harlem World, année : 1997, genre : Hip-Hop/Rap
[564/1381] 112-mase-what_you_want-0mni_639158621442951331.mp3
  ♪ Mase — What You Want (feat. Total) (Harlem World) [1997]  [SongRec]
  ⚠ conflit : Mase - What You Want (feat. Total).mp3 existe déjà, ignoré
  ♬ Mase — What You Want (feat. Total), album : Harlem World, année : 1997, genre : Hip-Hop/Rap
[565/1381] 113 - Au summum.mp3
  ♪ 113 — Au summum (113 dans l'urgence) [2003]  [SongRec]
  = nom déjà correct
  ♬ 113 — Au summum, album : 113 dans l'urgence, année : 2003, genre : Hip-Hop/Rap
[566/1381] 113. Noble art (featuring Method Man et Redman).mp3
  ♪ IAM — Noble Art (feat. Method Man & Redman) (revoir un printemps) [2003]  [SongRec]
  113. Noble art (featuring Method Man et Redman).mp3
  → IAM - Noble Art (feat. Method Man & Redman).mp3
  ♬ IAM — Noble Art (feat. Method Man & Redman), album : revoir un printemps, année : 2003, genre : Hip-Hop/Rap
[567/1381] 114 - Luna.mp3
  ♪ Soprano — Luna (Cosmopolitanie (Cosmo Tour Edition)) [2014]  [SongRec]
  114 - Luna.mp3
  → Soprano - Luna.mp3
  ♬ Soprano — Luna, album : Cosmopolitanie (Cosmo Tour Edition), année : 2014, genre : Hip-Hop/Rap
[568/1381] 115 - Faithless - Insomnia 2.0 (Avicii remix radio edit).mp3
  ♪ Faithless — Insomnia 2.0 (Avicii Remix) [Radio Edit] (Insomnia 2.0 (Avicii Remix) [Radio Edit] - Single) [2015]  [SongRec]
  115 - Faithless - Insomnia 2.0 (Avicii remix radio edit).mp3
  → Faithless - Insomnia 2.0 (Avicii Remix) [Radio Edit].mp3
  ♬ Faithless — Insomnia 2.0 (Avicii Remix) [Radio Edit], album : Insomnia 2.0 (Avicii Remix) [Radio Edit] - Single, année : 2015, genre : Electronic
[569/1381] 11B - 127 - Christian Löffler - Pop Ambient 2018 - 01 Pigment (Fresco & Pfeiffer Remix).mp3
  ♪ Christian Löffler — Pigment (Fresco & Pfeiffer Remix) (Pop Ambient 2018) [2017]  [SongRec]
  11B - 127 - Christian Löffler - Pop Ambient 2018 - 01 Pigment (Fresco & Pfeiffer Remix).mp3
  → Christian Löffler - Pigment (Fresco & Pfeiffer Remix).mp3
  ♬ Christian Löffler — Pigment (Fresco & Pfeiffer Remix), album : Pop Ambient 2018, année : 2017, genre : Electronic
[570/1381] 11B - 127 - Christian Löffler - Pop Ambient 2018 - 01 Pigment (Fresco & Pfeiffer Remix)_639158143745804077.mp3
  ♪ Christian Löffler — Pigment (Fresco & Pfeiffer Remix) (Pop Ambient 2018) [2017]  [SongRec]
  ⚠ conflit : Christian Löffler - Pigment (Fresco & Pfeiffer Remix).mp3 existe déjà, ignoré
  ♬ Christian Löffler — Pigment (Fresco & Pfeiffer Remix), album : Pop Ambient 2018, année : 2017, genre : Electronic
[571/1381] 11_sundance_-_wont_let_this_feeling_go_(original_radio_edit).mp3
  ♪ Sundance — Won't Let This Feeling Go (Original Radio Edit) (Won't Let This Feeling Go - Single) [1999]  [SongRec]
  11_sundance_-_wont_let_this_feeling_go_(original_radio_edit).mp3
  → Sundance - Won't Let This Feeling Go (Original Radio Edit).mp3
  ♬ Sundance — Won't Let This Feeling Go (Original Radio Edit), album : Won't Let This Feeling Go - Single, année : 1999, genre : Electronic
[572/1381] 12 - Chorus (2009 Remastered Version).mp3
  ♪ Erasure — Chorus (Chorus) [1991]  [SongRec]
  12 - Chorus (2009 Remastered Version).mp3
  → Erasure - Chorus.mp3
  ♬ Erasure — Chorus, album : Chorus, année : 1991, genre : Pop
[573/1381] 12 - Could You Be Loved (Errol Brown and Alex Sadkin Remix  Bonus Track).mp3
  ♪ Bob Marley & The Wailers — Could You Be Loved (Uprising) [1980]  [SongRec]
  12 - Could You Be Loved (Errol Brown and Alex Sadkin Remix  Bonus Track).mp3
  → Bob Marley & The Wailers - Could You Be Loved.mp3
  ♬ Bob Marley & The Wailers — Could You Be Loved, album : Uprising, année : 1980, genre : Reggae
[574/1381] 12 - I Will Always Love You (from the original motion picture soundtrack album The Best Little Whorehouse in Texas).mp3
  ♪ Dolly Parton — I Will Always Love You (Jolene) [1974]  [SongRec]
  12 - I Will Always Love You (from the original motion picture soundtrack album The Best Little Whorehouse in Texas).mp3
  → Dolly Parton - I Will Always Love You.mp3
  ♬ Dolly Parton — I Will Always Love You, album : Jolene, année : 1974, genre : Country
[575/1381] 12 - Jackie Wilson - Reet Petite.mp3
  ♪ Jackie Wilson — Reet Petite (He's So Fine) [1958]  [SongRec]
  12 - Jackie Wilson - Reet Petite.mp3
  → Jackie Wilson - Reet Petite.mp3
  ♬ Jackie Wilson — Reet Petite, album : He's So Fine, année : 1958, genre : R&B/Soul
[576/1381] 12 - Je n'ai plus rien à te donner.mp3
  ♪ Marc Lavoine — Je n'ai plus rien à te donner (Best of Marc Lavoine) [1989]  [SongRec]
  12 - Je n'ai plus rien à te donner.mp3
  → Marc Lavoine - Je n'ai plus rien à te donner.mp3
  ♬ Marc Lavoine — Je n'ai plus rien à te donner, album : Best of Marc Lavoine, année : 1989, genre : French Pop
[577/1381] 12 - Love Walked In.dsf
  ✗ non reconnu (ni SongRec ni tags)
[578/1381] 12 - Nature Boy.mp3
  ♪ Ella Fitzgerald & Joe Pass — Nature Boy (Fitzgerald & Pass...Again) [1976]  [SongRec]
  12 - Nature Boy.mp3
  → Ella Fitzgerald & Joe Pass - Nature Boy.mp3
  ♬ Ella Fitzgerald & Joe Pass — Nature Boy, album : Fitzgerald & Pass...Again, année : 1976, genre : Jazz
[579/1381] 12 - Taken by the Hand.mp3
  ♪ ...And You Will Know Us By the Trail of Dead — Taken by the Hand (XI: BLEED HERE NOW) [2022]  [SongRec]
  12 - Taken by the Hand.mp3
  → ...And You Will Know Us By the Trail of Dead - Taken by the Hand.mp3
  ♬ ...And You Will Know Us By the Trail of Dead — Taken by the Hand, album : XI: BLEED HERE NOW, année : 2022, genre : Rock
[580/1381] 12 - The Lovers (In The Face Of The Sun, In The Dark, Babalon).mp3
  ♪ Tribe After Tribe — The Lovers III:Babalon  [SongRec]
  12 - The Lovers (In The Face Of The Sun, In The Dark, Babalon).mp3
  → Tribe After Tribe - The Lovers IIIBabalon.mp3
  ♬ Tribe After Tribe — The Lovers III:Babalon
[581/1381] 12 Hard To Get.aif
  ✗ non reconnu (ni SongRec ni tags)
[582/1381] 12 Hugh Jackman, Keala Settle, Zac Efron, Zendaya & The Greatest Showman Ensemble - The Greatest Show.mp3
  ♪ Hugh Jackman, Keala Settle, Zac Efron, Zendaya & The Greatest Showman Ensemble — The Greatest Show (The Greatest Showman (Original Motion Picture Soundtrack)) [2017]  [SongRec]
  12 Hugh Jackman, Keala Settle, Zac Efron, Zendaya & The Greatest Showman Ensemble - The Greatest Show.mp3
  → Hugh Jackman, Keala Settle, Zac Efron, Zendaya & The Greatest Showman Ensemble - The Greatest Show.mp3
  ♬ Hugh Jackman, Keala Settle, Zac Efron, Zendaya & The Greatest Showman Ensemble — The Greatest Show, album : The Greatest Showman (Original Motion Picture Soundtrack), année : 2017, genre : Soundtrack
[583/1381] 12 Los Del Mar - Macarena.mp3
  ♪ Los del Mar — Macarena (Los del Mar (feat. Josè Garcia)) [2010]  [SongRec]
  12 Los Del Mar - Macarena.mp3
  → Los del Mar - Macarena.mp3
  ♬ Los del Mar — Macarena, album : Los del Mar (feat. Josè Garcia), année : 2010, genre : Pop in Spanish
[584/1381] 12 Moby - We Are All Made of Stars (2006 Remastered Version).mp3
  ♪ Moby — We Are All Made Of Stars (We Are All Made of Stars) [2002]  [SongRec]
  12 Moby - We Are All Made of Stars (2006 Remastered Version).mp3
  → Moby - We Are All Made Of Stars.mp3
  ♬ Moby — We Are All Made Of Stars, album : We Are All Made of Stars, année : 2002, genre : Dance
[585/1381] 12 Quebradinha (Joel Nascimento,Arthur Moreira Lima,Conjunto Época de Ouro,Zé da Velha).mp3
  ♪ Arthur Moreira Lima — Quebradinha (Grandes Compositores: Ernesto Nazareth) [1979]  [SongRec]
  12 Quebradinha (Joel Nascimento,Arthur Moreira Lima,Conjunto Época de Ouro,Zé da Velha).mp3
  → Arthur Moreira Lima - Quebradinha.mp3
  ♬ Arthur Moreira Lima — Quebradinha, album : Grandes Compositores: Ernesto Nazareth, année : 1979, genre : Choro
[586/1381] 12 Reckoning Song.mp3
  ♪ Mike Oldfield — Taurus II (Live In Cologne/ 6th December 1982/ Five Miles Out Tour) (Five Miles Out (Deluxe Edition)) [2013]  [SongRec]
  12 Reckoning Song.mp3
  → Mike Oldfield - Taurus II (Live In Cologne 6th December 1982 Five Miles Out Tour).mp3
  ♬ Mike Oldfield — Taurus II (Live In Cologne/ 6th December 1982/ Five Miles Out Tour), album : Five Miles Out (Deluxe Edition), année : 2013, genre : Rock
[587/1381] 12 Sia - Cheap Thrills (7.1 mix).mp3
  ♪ Sia — Cheap Thrills (This Is Acting) [2015]  [SongRec]
  12 Sia - Cheap Thrills (7.1 mix).mp3
  → Sia - Cheap Thrills.mp3
  ♬ Sia — Cheap Thrills, album : This Is Acting, année : 2015, genre : Pop
[588/1381] 12) Do Dumpin' ( Extended Zig Mix).mp3
  ♪ Eddie Baytos & the Nervis Bros — Do Dumpin' ( Extended Zig mix) (Take Some Mambo Time) [1991]  [tags existants]
  12) Do Dumpin' ( Extended Zig Mix).mp3
  → Eddie Baytos & the Nervis Bros - Do Dumpin' ( Extended Zig mix).mp3
  ♬ Eddie Baytos & the Nervis Bros — Do Dumpin' ( Extended Zig mix), album : Take Some Mambo Time, année : 1991
[589/1381] 12. Catatonia - Road Rage (radio edit).mp3
  ♪ Catatonia — Road Rage (International Velvet) [1998]  [SongRec]
  12. Catatonia - Road Rage (radio edit).mp3
  → Catatonia - Road Rage.mp3
  ♬ Catatonia — Road Rage, album : International Velvet, année : 1998, genre : Rock
[590/1381] 12. Désenchantée.mp3
  ♪ Mylène Farmer — Désenchantée (L'autre) [1991]  [SongRec]
  12. Désenchantée.mp3
  → Mylène Farmer - Désenchantée.mp3
  ♬ Mylène Farmer — Désenchantée, album : L'autre, année : 1991, genre : French Pop
[591/1381] 12. Mike Oldfield - Moonlight Shadow (12" Single - Remastered 2013).mp3
  ♪ Mike Oldfield — Moonlight Shadow (The Mike Oldfield Collection) [1983]  [SongRec]
  12. Mike Oldfield - Moonlight Shadow (12" Single - Remastered 2013).mp3
  → Mike Oldfield - Moonlight Shadow.mp3
  ♬ Mike Oldfield — Moonlight Shadow, album : The Mike Oldfield Collection, année : 1983, genre : Rock
[592/1381] 12. Stitches (Live).mp3
  ♪ Shawn Mendes — Stitches (Live) (Live at Madison Square Garden) [2016]  [SongRec]
  12. Stitches (Live).mp3
  → Shawn Mendes - Stitches (Live).mp3
  ♬ Shawn Mendes — Stitches (Live), album : Live at Madison Square Garden, année : 2016, genre : Pop
[593/1381] 12. VS - Love You Like Mad.mp3
  ♪ VS — Love You Like Mad  [SongRec]
  12. VS - Love You Like Mad.mp3
  → VS - Love You Like Mad.mp3
  ♬ VS — Love You Like Mad, genre : Pop
[594/1381] 12.Blue (Bonus) - Fine Young Cannibals.mp3
  ♪ Fine Young Cannibals — Blue (Fine Young Cannibals) [1985]  [SongRec]
  12.Blue (Bonus) - Fine Young Cannibals.mp3
  → Fine Young Cannibals - Blue.mp3
  ♬ Fine Young Cannibals — Blue, album : Fine Young Cannibals, année : 1985, genre : Pop
[595/1381] 121-nick_brewer_feat._bibi_bourelly-talk_to_me.mp3
  ♪ Nick Brewer — Talk to Me (feat. Bibi Bourelly) (Talk to Me (feat. Bibi Bourelly) - Single) [2015]  [SongRec]
  121-nick_brewer_feat._bibi_bourelly-talk_to_me.mp3
  → Nick Brewer - Talk to Me (feat. Bibi Bourelly).mp3
  ♬ Nick Brewer — Talk to Me (feat. Bibi Bourelly), album : Talk to Me (feat. Bibi Bourelly) - Single, année : 2015, genre : Pop
[596/1381] 123 - NICONE - CAJE [FEAT. NARRA] (ORGINAL VERSION).mp3
  ♪ Niconé & Sascha Braemer — Caje (Album Edit) [feat. Narra] (Romantic Thrills) [2011]  [SongRec]
  123 - NICONE - CAJE [FEAT. NARRA] (ORGINAL VERSION).mp3
  → Niconé & Sascha Braemer - Caje (Album Edit) [feat. Narra].mp3
  ♬ Niconé & Sascha Braemer — Caje (Album Edit) [feat. Narra], album : Romantic Thrills, année : 2011, genre : Electronic
[597/1381] 124 - maesic - rica.mp3
  ♪ Maesic, Leli Hernandez & Rio Santana — Rica (Rica - Single) [2021]  [SongRec]
  124 - maesic - rica.mp3
  → Maesic, Leli Hernandez & Rio Santana - Rica.mp3
  ♬ Maesic, Leli Hernandez & Rio Santana — Rica, album : Rica - Single, année : 2021, genre : Latin Urban
[598/1381] 13 - Bosnia.mp3
  ♪ The Cranberries — Bosnia (To the Faithful Departed) [1996]  [SongRec]
  13 - Bosnia.mp3
  → The Cranberries - Bosnia.mp3
  ♬ The Cranberries — Bosnia, album : To the Faithful Departed, année : 1996, genre : Pop
[599/1381] 13 - Breeze Off The Pond.mp3
  ♪ Justin Timberlake — Breeze Off the Pond (Man of the Woods) [2018]  [SongRec]
  13 - Breeze Off The Pond.mp3
  → Justin Timberlake - Breeze Off the Pond.mp3
  ♬ Justin Timberlake — Breeze Off the Pond, album : Man of the Woods, année : 2018, genre : Pop
[600/1381] 13 - FRANKIE GOES TO HOLLYWOOD - The Power Of Love.dsf
  ✗ non reconnu (ni SongRec ni tags)
[601/1381] 13 - Four Seasons In One Day.mp3
  ♪ Cromia — Prism Shore (Velvet Skies) [2025]  [SongRec]
  13 - Four Seasons In One Day.mp3
  → Cromia - Prism Shore.mp3
  ♬ Cromia — Prism Shore, album : Velvet Skies, année : 2025, genre : Electronic
[602/1381] 13 - Hiphip Chinchin (Maxim Illion Mix).mp3
  ♪ Club des Belugas — Hiphip Chinchin (Maxim Illion Mix) (Minority Tunes) [2003]  [SongRec]
  13 - Hiphip Chinchin (Maxim Illion Mix).mp3
  → Club des Belugas - Hiphip Chinchin (Maxim Illion Mix).mp3
  ♬ Club des Belugas — Hiphip Chinchin (Maxim Illion Mix), album : Minority Tunes, année : 2003, genre : Electronic
[603/1381] 13 - Oh Happy Day.mp3
  ♪ Florent Pagny & Carole Fredericks — Oh Happy Day  [SongRec]
  13 - Oh Happy Day.mp3
  → Florent Pagny & Carole Fredericks - Oh Happy Day.mp3
  ♬ Florent Pagny & Carole Fredericks — Oh Happy Day, genre : Pop
[604/1381] 13 - PINBALL WIZARD.dsf
  ✗ non reconnu (ni SongRec ni tags)
[605/1381] 13 - Richard (Conduit).mp3
  ♪ Ambrose Akinmusire — Richard (Conduit) (the imagined savior is far easier to paint) [2014]  [SongRec]
  13 - Richard (Conduit).mp3
  → Ambrose Akinmusire - Richard (Conduit).mp3
  ♬ Ambrose Akinmusire — Richard (Conduit), album : the imagined savior is far easier to paint, année : 2014, genre : Jazz
[606/1381] 13 Booba - Petite fille.mp3
  ♪ Booba — Petite fille (Trône (Deluxe)) [2017]  [SongRec]
  13 Booba - Petite fille.mp3
  → Booba - Petite fille.mp3
  ♬ Booba — Petite fille, album : Trône (Deluxe), année : 2017, genre : Hip-Hop/Rap
[607/1381] 13 Endzeit Bunkertracks Act III Cd 01 Damage Sessions - Caustic - MMM Papscraper I Love You (Cervello Elettronico Mix).mp3
  ♪ Demarkus Lewis — Body Tonic (The Topshelf - Single) [2005]  [SongRec]
  13 Endzeit Bunkertracks Act III Cd 01 Damage Sessions - Caustic - MMM Papscraper I Love You (Cervello Elettronico Mix).mp3
  → Demarkus Lewis - Body Tonic.mp3
  ♬ Demarkus Lewis — Body Tonic, album : The Topshelf - Single, année : 2005, genre : House
[608/1381] 13 Gérard Blanc - Une Autre Histoire (Spécial Remix Club).mp3
  ♪ Gérard Blanc — Une autre histoire (Ailleurs pour un ailleurs ...) [2003]  [SongRec]
  13 Gérard Blanc - Une Autre Histoire (Spécial Remix Club).mp3
  → Gérard Blanc - Une autre histoire.mp3
  ♬ Gérard Blanc — Une autre histoire, album : Ailleurs pour un ailleurs ..., année : 2003, genre : French Pop
[609/1381] 13 Gérard Blanc - Une Autre Histoire (Spécial Remix Club)_639159897629084737.mp3
  ♪ Gérard Blanc — Une autre histoire (Ailleurs pour un ailleurs ...) [2003]  [SongRec]
  ⚠ conflit : Gérard Blanc - Une autre histoire.mp3 existe déjà, ignoré
  ♬ Gérard Blanc — Une autre histoire, album : Ailleurs pour un ailleurs ..., année : 2003, genre : French Pop
[610/1381] 13 You And I (Stripped).aif
  ✗ non reconnu (ni SongRec ni tags)
[611/1381] 13-Andrey Exx & Troitski - One Night in Heaven, Vol. 11 (Continuous Mix).mp3
  ♪ DiscoRocks — Waiting (Waiting - Single) [2015]  [SongRec]
  13-Andrey Exx & Troitski - One Night in Heaven, Vol. 11 (Continuous Mix).mp3
  → DiscoRocks - Waiting.mp3
  ♬ DiscoRocks — Waiting, album : Waiting - Single, année : 2015, genre : House
[612/1381] 13-va-serious_intention_-_you_dont_know_(crissy_kybosh_remix)_-_(bbe_music).mp3
  ♪ Serious Intention — You Don't Know (Crissy Kybosh Remix) (DJ Andy Smith Presents Reach Up - Disco Wonderland, Vol. 2) [2020]  [SongRec]
  13-va-serious_intention_-_you_dont_know_(crissy_kybosh_remix)_-_(bbe_music).mp3
  → Serious Intention - You Don't Know (Crissy Kybosh Remix).mp3
  ♬ Serious Intention — You Don't Know (Crissy Kybosh Remix), album : DJ Andy Smith Presents Reach Up - Disco Wonderland, Vol. 2, année : 2020, genre : Funk
[613/1381] 13.  Turning Japanese.mp3
  ♪ The Vapors — Turning Japanese (1980-09-11 - 15 Lansdowne, Boston, Ma (24-96 - Wbcn Fm Broadcast Reel Master))  [tags existants]
  ⚠ conflit : The Vapors - Turning Japanese.mp3 existe déjà, ignoré
  ♬ The Vapors — Turning Japanese, album : 1980-09-11 - 15 Lansdowne, Boston, Ma (24-96 - Wbcn Fm Broadcast Reel Master)
[614/1381] 13. Balla et ses Balladins - Paulette.mp3
  ♪ Balla et ses Balladins — Paulette (Objectif perfection) [1980]  [SongRec]
  13. Balla et ses Balladins - Paulette.mp3
  → Balla et ses Balladins - Paulette.mp3
  ♬ Balla et ses Balladins — Paulette, album : Objectif perfection, année : 1980, genre : African
[615/1381] 13. Precious - Say it Again.mp3
  ♪ Precious — Say It Again (Cutfather & Joe Mix) (Say It Again (Cutfather & Joe Mix) - Single) [1999]  [SongRec]
  13. Precious - Say it Again.mp3
  → Precious - Say It Again (Cutfather & Joe Mix).mp3
  ♬ Precious — Say It Again (Cutfather & Joe Mix), album : Say It Again (Cutfather & Joe Mix) - Single, année : 1999, genre : Pop
[616/1381] 13. The Lovecats.mp3
  ♪ The Cure — The Lovecats (Greatest Hits) [1983]  [SongRec]
  13. The Lovecats.mp3
  → The Cure - The Lovecats.mp3
  ♬ The Cure — The Lovecats, album : Greatest Hits, année : 1983, genre : Alternative
[617/1381] 13. The Tailors - Remember This_639159833091239844.mp3
  ♪ The Tailors — Remember This (Dance with Me - Single) [2014]  [SongRec]
  13. The Tailors - Remember This_639159833091239844.mp3
  → The Tailors - Remember This.mp3
  ♬ The Tailors — Remember This, album : Dance with Me - Single, année : 2014, genre : Electronic
[618/1381] 13. Track Star.mp3
  ♪ Mooski, Chris Brown & A Boogie wit da Hoodie — Track Star (feat. Yung Bleu) [Remix 2.0] (Melodic Therapy 4 The Broken) [2021]  [SongRec]
  13. Track Star.mp3
  → Mooski, Chris Brown & A Boogie wit da Hoodie - Track Star (feat. Yung Bleu) [Remix 2.0].mp3
  ♬ Mooski, Chris Brown & A Boogie wit da Hoodie — Track Star (feat. Yung Bleu) [Remix 2.0], album : Melodic Therapy 4 The Broken, année : 2021, genre : R&B/Soul
[619/1381] 13_-_MAMA.mp3
  ♪ Maska — Mama (Espace-temps) [2014]  [SongRec]
  13_-_MAMA.mp3
  → Maska - Mama.mp3
  ♬ Maska — Mama, album : Espace-temps, année : 2014, genre : Hip-Hop/Rap
[620/1381] 14 (Corrs, The) What Can I Do_.mp3
  ♪ The Corrs — What Can I Do? (Live) (The Corrs Unplugged (Live)) [1999]  [SongRec]
  14 (Corrs, The) What Can I Do_.mp3
  → The Corrs - What Can I Do (Live).mp3
  ♬ The Corrs — What Can I Do? (Live), album : The Corrs Unplugged (Live), année : 1999, genre : Pop
[621/1381] 14 - Arlequin dans sa boutique.mp3
  ♪ Claude Lombard — Arlequin dans sa boutique (Le top des enfants, vol. 1) [1993]  [SongRec]
  14 - Arlequin dans sa boutique.mp3
  → Claude Lombard - Arlequin dans sa boutique.mp3
  ♬ Claude Lombard — Arlequin dans sa boutique, album : Le top des enfants, vol. 1, année : 1993, genre : Children's Music
[622/1381] 14 - Haircut 100 - Fantastic Day_639160548708315345.dsf
  ✗ non reconnu (ni SongRec ni tags)
[623/1381] 14 - Heaven Is A Halfpipe.mp3
  ♪ Birdman: or the Unexpected Virtue of A Tony Hawk Pro Skater Cover Band — Heaven Is A Halfpipe (27.01.2024 - Thps25 @ the Fortitude Music Hall) [2024]  [tags existants]
  14 - Heaven Is A Halfpipe.mp3
  → Birdman or the Unexpected Virtue of A Tony Hawk Pro Skater Cover Band - Heaven Is A Halfpipe.mp3
  ♬ Birdman: or the Unexpected Virtue of A Tony Hawk Pro Skater Cover Band — Heaven Is A Halfpipe, album : 27.01.2024 - Thps25 @ the Fortitude Music Hall, année : 2024
[624/1381] 14 - Les sunlights des tropiques (live).mp3
  ♪ Gilbert Montagné — Les Sunlights Des Tropiques (Gilbert Montagné : Gold) [2001]  [SongRec]
  14 - Les sunlights des tropiques (live).mp3
  → Gilbert Montagné - Les Sunlights Des Tropiques.mp3
  ♬ Gilbert Montagné — Les Sunlights Des Tropiques, album : Gilbert Montagné : Gold, année : 2001, genre : Karaoke
[625/1381] 14 - Movement - Ivory.mp3
  ♪ MOVEMENT — Ivory (MOVEMENT - EP) [2014]  [SongRec]
  14 - Movement - Ivory.mp3
  → MOVEMENT - Ivory.mp3
  ♬ MOVEMENT — Ivory, album : MOVEMENT - EP, année : 2014, genre : Electronic
[626/1381] 14 - Requiem For A Prince (Les Princes De La Ville).mp3
  ♪ GENER8ION — REQUIEM FOR A PRINCE (Les princes de la ville) (ATHENA (Soundtrack from the Netflix Film)) [2022]  [SongRec]
  14 - Requiem For A Prince (Les Princes De La Ville).mp3
  → GENER8ION - REQUIEM FOR A PRINCE (Les princes de la ville).mp3
  ♬ GENER8ION — REQUIEM FOR A PRINCE (Les princes de la ville), album : ATHENA (Soundtrack from the Netflix Film), année : 2022, genre : Soundtrack
[627/1381] 14 - Skip to my Lou.mp3
  ♪ Dan Zanes — Skip To My Lou  [SongRec]
  14 - Skip to my Lou.mp3
  → Dan Zanes - Skip To My Lou.mp3
  ♬ Dan Zanes — Skip To My Lou
[628/1381] 14 - The Script - Breakeven.mp3
  ♪ The Script — Breakeven (The Script) [2008]  [SongRec]
  14 - The Script - Breakeven.mp3
  → The Script - Breakeven.mp3
  ♬ The Script — Breakeven, album : The Script, année : 2008, genre : Pop
[629/1381] 14 - Tu Vas Me Manquer.mp3
  ♪ GIMS — Tu vas me manquer (Pilule Bleue) (Mon cœur avait raison) [2015]  [SongRec]
  14 - Tu Vas Me Manquer.mp3
  → GIMS - Tu vas me manquer (Pilule Bleue).mp3
  ♬ GIMS — Tu vas me manquer (Pilule Bleue), album : Mon cœur avait raison, année : 2015, genre : Hip-Hop/Rap
[630/1381] 14 - U Can Be Touched.mp3
  ♪ 2Pac & Outlawz — U Can Be Touched (Still I Rise) [1999]  [SongRec]
  14 - U Can Be Touched.mp3
  → 2Pac & Outlawz - U Can Be Touched.mp3
  ♬ 2Pac & Outlawz — U Can Be Touched, album : Still I Rise, année : 1999, genre : Hardcore Rap
[631/1381] 14 Mmm Mmm Mmm Mmm.mp3
  ✗ non reconnu (ni SongRec ni tags)
[632/1381] 14 Night Boat To Cairo.mp3
  ♪ Madness — Night Boat to Cairo (Glastonbury Festival.) [2016]  [tags existants]
  14 Night Boat To Cairo.mp3
  → Madness - Night Boat to Cairo.mp3
  ♬ Madness — Night Boat to Cairo, album : Glastonbury Festival., année : 2016
[633/1381] 14 OneRepublic - Stop and Stare.mp3
  ♪ OneRepublic — Stop And Stare (Dreaming Out Loud) [2007]  [SongRec]
  14 OneRepublic - Stop and Stare.mp3
  → OneRepublic - Stop And Stare.mp3
  ♬ OneRepublic — Stop And Stare, album : Dreaming Out Loud, année : 2007, genre : Pop
[634/1381] 14 Sunrise.mp3
  ♪ Rose Royce — Sunrise (Car Wash (Soundtrack from the Motion Picture)) [1976]  [SongRec]
  14 Sunrise.mp3
  → Rose Royce - Sunrise.mp3
  ♬ Rose Royce — Sunrise, album : Car Wash (Soundtrack from the Motion Picture), année : 1976, genre : Soundtrack
[635/1381] 14. Agrume & Lounes - Back To Me (Feat. The Clever Move).mp3
  ♪ Agrume & Lounes — Back to Me (feat. The Clever Move) (We Go Deep, Saison 3 (Mixed by the Avener)) [2016]  [SongRec]
  14. Agrume & Lounes - Back To Me (Feat. The Clever Move).mp3
  → Agrume & Lounes - Back to Me (feat. The Clever Move).mp3
  ♬ Agrume & Lounes — Back to Me (feat. The Clever Move), album : We Go Deep, Saison 3 (Mixed by the Avener), année : 2016, genre : Electronic
[636/1381] 14. Agrume & Lounes - Back To Me (Feat. The Clever Move)_639158154556831694.mp3
  ♪ Agrume & Lounes — Back to Me (feat. The Clever Move) (We Go Deep, Saison 3 (Mixed by the Avener)) [2016]  [SongRec]
  ⚠ conflit : Agrume & Lounes - Back to Me (feat. The Clever Move).mp3 existe déjà, ignoré
  ♬ Agrume & Lounes — Back to Me (feat. The Clever Move), album : We Go Deep, Saison 3 (Mixed by the Avener), année : 2016, genre : Electronic
[637/1381] 14. Enya - Book of Days (2009 Remaster) (Remastered 2009).mp3
  ♪ Enya — Book of Days (Shepherd Moons) [1991]  [SongRec]
  14. Enya - Book of Days (2009 Remaster) (Remastered 2009).mp3
  → Enya - Book of Days.mp3
  ♬ Enya — Book of Days, album : Shepherd Moons, année : 1991, genre : Pop
[638/1381] 14. Robert Francis - Junebug.mp3
  ♪ Robert Francis — Junebug (Before Nightfall) [2009]  [SongRec]
  14. Robert Francis - Junebug.mp3
  → Robert Francis - Junebug.mp3
  ♬ Robert Francis — Junebug, album : Before Nightfall, année : 2009, genre : Alternative
[639/1381] 14. Track 10 (Live).mp3
  ♪ Charli xcx — Track 10 (Pop 2) [2017]  [SongRec]
  14. Track 10 (Live).mp3
  → Charli xcx - Track 10.mp3
  ♬ Charli xcx — Track 10, album : Pop 2, année : 2017, genre : Pop
[640/1381] 144 - Goldbæk - Stay.mp3
  ♪ Lars Roos — Wonderful Copenhagen (Örongodis jorden runt) [1990]  [SongRec]
  144 - Goldbæk - Stay.mp3
  → Lars Roos - Wonderful Copenhagen.mp3
  ♬ Lars Roos — Wonderful Copenhagen, album : Örongodis jorden runt, année : 1990, genre : Easy Listening
[641/1381] 15  Jehro - All I Want (24-48) 2005.mp3
  ♪ Jehro — All I Want (Hôtel Costes 9) [2006]  [SongRec]
  15  Jehro - All I Want (24-48) 2005.mp3
  → Jehro - All I Want.mp3
  ♬ Jehro — All I Want, album : Hôtel Costes 9, année : 2006, genre : Electronic
[642/1381] 15 - As Long As You Love Me.mp3
  ♪ Backstreet Boys — Show Me the Meaning of Being Lonely (Millennium) [1999]  [SongRec]
  15 - As Long As You Love Me.mp3
  → Backstreet Boys - Show Me the Meaning of Being Lonely.mp3
  ♬ Backstreet Boys — Show Me the Meaning of Being Lonely, album : Millennium, année : 1999, genre : Pop
[643/1381] 15 - Don't Say Goodnight (It's Time for Love) (Live).mp3
  ♪ The Isley Brothers — Don't Say Goodnight (It's Time for Love) [Live] (Wild In Woodstock: Live At Bearsville Sound Studio (1980)) [2015]  [SongRec]
  15 - Don't Say Goodnight (It's Time for Love) (Live).mp3
  → The Isley Brothers - Don't Say Goodnight (It's Time for Love) [Live].mp3
  ♬ The Isley Brothers — Don't Say Goodnight (It's Time for Love) [Live], album : Wild In Woodstock: Live At Bearsville Sound Studio (1980), année : 2015, genre : R&B/Soul
[644/1381] 15 - Kool & The Gang - Cherish.dsf
  ✗ non reconnu (ni SongRec ni tags)
[645/1381] 15 - Oliver Cheatham -Get Down Saturday Night.mp3
  ♪ Oliver Cheatham — Get Down Saturday Night (Saturday Night (Expanded Edition)) [1983]  [SongRec]
  15 - Oliver Cheatham -Get Down Saturday Night.mp3
  → Oliver Cheatham - Get Down Saturday Night.mp3
  ♬ Oliver Cheatham — Get Down Saturday Night, album : Saturday Night (Expanded Edition), année : 1983, genre : R&B/Soul
[646/1381] 15 - Oliver Cheatham -Get Down Saturday Night_639157756471919363.mp3
  ♪ Oliver Cheatham — Get Down Saturday Night (Saturday Night (Expanded Edition)) [1983]  [SongRec]
  ⚠ conflit : Oliver Cheatham - Get Down Saturday Night.mp3 existe déjà, ignoré
  ♬ Oliver Cheatham — Get Down Saturday Night, album : Saturday Night (Expanded Edition), année : 1983, genre : R&B/Soul
[647/1381] 15 - Oliver Cheatham -Get Down Saturday Night_639158120226722034.mp3
  ♪ Oliver Cheatham — Get Down Saturday Night (Saturday Night (Expanded Edition)) [1983]  [SongRec]
  ⚠ conflit : Oliver Cheatham - Get Down Saturday Night.mp3 existe déjà, ignoré
  ♬ Oliver Cheatham — Get Down Saturday Night, album : Saturday Night (Expanded Edition), année : 1983, genre : R&B/Soul
[648/1381] 15 - Steve Winwood - Higher Love (Single Version).mp3
  ♪ Steve Winwood — Higher Love (Back In the High Life) [1986]  [SongRec]
  15 - Steve Winwood - Higher Love (Single Version).mp3
  → Steve Winwood - Higher Love.mp3
  ♬ Steve Winwood — Higher Love, album : Back In the High Life, année : 1986, genre : Pop
[649/1381] 15 Fat Les - Vindaloo.mp3
  ♪ Fat Les — Vindaloo (Vindaloo) [1998]  [SongRec]
  15 Fat Les - Vindaloo.mp3
  → Fat Les - Vindaloo.mp3
  ♬ Fat Les — Vindaloo, album : Vindaloo, année : 1998, genre : Pop
[650/1381] 15 It Means Nothing.mp3
  ♪ Stereophonics — It Means Nothing (Pull the Pin) [2007]  [SongRec]
  15 It Means Nothing.mp3
  → Stereophonics - It Means Nothing.mp3
  ♬ Stereophonics — It Means Nothing, album : Pull the Pin, année : 2007, genre : Rock
[651/1381] 15 Jacques A Dit [Remix].mp3
  ♪ Christophe Willem — Jacques a dit (remix) (Inventaire) [2007]  [SongRec]
  15 Jacques A Dit [Remix].mp3
  → Christophe Willem - Jacques a dit (remix).mp3
  ♬ Christophe Willem — Jacques a dit (remix), album : Inventaire, année : 2007, genre : French Pop
[652/1381] 15 אור הירח (Live).mp3
  ♪ Aviv Geffen — אור הירח (Live) (Live) [2008]  [SongRec]
  15 אור הירח (Live).mp3
  → Aviv Geffen - אור הירח (Live).mp3
  ♬ Aviv Geffen — אור הירח (Live), album : Live, année : 2008, genre : Pop
[653/1381] 15-war-you_got_the_power-06f943d2.mp3
  ♪ War — You Got The Power (Greatest Hits 2.0) [2021]  [SongRec]
  15-war-you_got_the_power-06f943d2.mp3
  → War - You Got The Power.mp3
  ♬ War — You Got The Power, album : Greatest Hits 2.0, année : 2021, genre : Rock
[654/1381] 15. Camille Lellouche - Je remercie mon ex.mp3
  ♪ Camille Lellouche — Je remercie mon ex (Je remercie mon ex - Single) [2020]  [SongRec]
  15. Camille Lellouche - Je remercie mon ex.mp3
  → Camille Lellouche - Je remercie mon ex.mp3
  ♬ Camille Lellouche — Je remercie mon ex, album : Je remercie mon ex - Single, année : 2020, genre : French Pop
[655/1381] 15. The Avener - To Let Myself Go (Feat. Ane Brun) (Don Rimini Sweet Home Version).mp3
  ♪ Ane Brun — To Let Myself Go (Dennis Ferrer Remix) (To Let Myself Go (Remixes) - Single) [2014]  [SongRec]
  15. The Avener - To Let Myself Go (Feat. Ane Brun) (Don Rimini Sweet Home Version).mp3
  → Ane Brun - To Let Myself Go (Dennis Ferrer Remix).mp3
  ♬ Ane Brun — To Let Myself Go (Dennis Ferrer Remix), album : To Let Myself Go (Remixes) - Single, année : 2014, genre : Dance
[656/1381] 15.-Blue.Hotel.mp3
  ♪ Chris Isaak — Blue Hotel (Chris Isaak) [1986]  [SongRec]
  15.-Blue.Hotel.mp3
  → Chris Isaak - Blue Hotel.mp3
  ♬ Chris Isaak — Blue Hotel, album : Chris Isaak, année : 1986, genre : Rock
[657/1381] 16 - Benjamin Theves - Texas (SebastiAn Remix).mp3
  ♪ Benjamin Theves — Texas (SebastiAn Remix) (Kitsuné: Texas - Single) [2005]  [SongRec]
  16 - Benjamin Theves - Texas (SebastiAn Remix).mp3
  → Benjamin Theves - Texas (SebastiAn Remix).mp3
  ♬ Benjamin Theves — Texas (SebastiAn Remix), album : Kitsuné: Texas - Single, année : 2005, genre : Electronic
[658/1381] 16 - Coupable.mp3
  ♪ Eric Virgal — Coupable (Best of (Jusqu'à la Fin Des Temps)) [1996]  [SongRec]
  16 - Coupable.mp3
  → Eric Virgal - Coupable.mp3
  ♬ Eric Virgal — Coupable, album : Best of (Jusqu'à la Fin Des Temps), année : 1996, genre : French Pop
[659/1381] 16 - L.S.F. (Live From XFM).mp3
  ♪ Kasabian — L.S.F. (Live From XFM) (Empire (Bonus Track Version)) [2006]  [SongRec]
  16 - L.S.F. (Live From XFM).mp3
  → Kasabian - L.S.F. (Live From XFM).mp3
  ♬ Kasabian — L.S.F. (Live From XFM), album : Empire (Bonus Track Version), année : 2006, genre : Alternative
[660/1381] 16 - La famille Kinder (live).mp3
  ♪ Florent Marchet — La famille kinder (Live) (Courchevel (Édition deluxe)) [2011]  [SongRec]
  16 - La famille Kinder (live).mp3
  → Florent Marchet - La famille kinder (Live).mp3
  ♬ Florent Marchet — La famille kinder (Live), album : Courchevel (Édition deluxe), année : 2011, genre : French Pop
[661/1381] 16 - Sharks.mp3
  ♪ Imagine Dragons — Sharks (Live in Vegas) (Imagine Dragons Live in Vegas) [2023]  [SongRec]
  16 - Sharks.mp3
  → Imagine Dragons - Sharks (Live in Vegas).mp3
  ♬ Imagine Dragons — Sharks (Live in Vegas), album : Imagine Dragons Live in Vegas, année : 2023, genre : Alternative
[662/1381] 16 - This House (Key version).mp3
  ♪ Alison Moyet — This House (Key Version) (Key (Moyet Moments Edition)) [2024]  [SongRec]
  16 - This House (Key version).mp3
  → Alison Moyet - This House (Key Version).mp3
  ♬ Alison Moyet — This House (Key Version), album : Key (Moyet Moments Edition), année : 2024, genre : Pop
[663/1381] 16 Alicia Keys feat. Mos Def & Common _ Alicia Keys with Damian Marley, Mos Def, Common & Friends - Love It or Leave It Alone _ Welcome to Jamrock.dsf
  ✗ non reconnu (ni SongRec ni tags)
[664/1381] 16 Call of the Wild - Extended Version.mp3
  ♪ Midge Ure — Call of the Wild (No Regrets) [1986]  [SongRec]
  16 Call of the Wild - Extended Version.mp3
  → Midge Ure - Call of the Wild.mp3
  ♬ Midge Ure — Call of the Wild, album : No Regrets, année : 1986, genre : Pop
[665/1381] 16 It Must Be Love.mp3
  ♪ Madness — It Must be Love (Glastonbury Festival.) [2016]  [tags existants]
  16 It Must Be Love.mp3
  → Madness - It Must be Love.mp3
  ♬ Madness — It Must be Love, album : Glastonbury Festival., année : 2016
[666/1381] 16 Love Song for a Vampire (as used in the film Bram Stroker_s Dracula.aif
  ✗ non reconnu (ni SongRec ni tags)
[667/1381] 16 Sun Hits the Sky.mp3
  ♪ Supergrass — Sun Hits the Sky (Live 2020) (Live on Other Planets (Live 2020)) [2020]  [SongRec]
  16 Sun Hits the Sky.mp3
  → Supergrass - Sun Hits the Sky (Live 2020).mp3
  ♬ Supergrass — Sun Hits the Sky (Live 2020), album : Live on Other Planets (Live 2020), année : 2020, genre : Rock
[668/1381] 16. Chase & Status - End Credits (VIP Mix).mp3
  ♪ Chase & Status — End Credits (feat. Plan B) (No More Idols) [2009]  [SongRec]
  16. Chase & Status - End Credits (VIP Mix).mp3
  → Chase & Status - End Credits (feat. Plan B).mp3
  ♬ Chase & Status — End Credits (feat. Plan B), album : No More Idols, année : 2009, genre : Alternative
[669/1381] 16. Liam Payne - Sunshine (From The Motion Picture 'Ron's Gone Wrong').mp3
  ♪ Liam Payne — Sunshine (From the Motion Picture “Ron’s Gone Wrong”) (Sunshine (From the Motion Picture “Ron’s Gone Wrong” / Acoustic) - Single) [2021]  [SongRec]
  16. Liam Payne - Sunshine (From The Motion Picture 'Ron's Gone Wrong').mp3
  → Liam Payne - Sunshine (From the Motion Picture “Ron’s Gone Wrong”).mp3
  ♬ Liam Payne — Sunshine (From the Motion Picture “Ron’s Gone Wrong”), album : Sunshine (From the Motion Picture “Ron’s Gone Wrong” / Acoustic) - Single, année : 2021, genre : Pop
[670/1381] 16. Should I Stay or Should I Go.mp3
  ♪ The Clash — Should I Stay or Should I Go (Combat Rock) [1982]  [SongRec]
  16. Should I Stay or Should I Go.mp3
  → The Clash - Should I Stay or Should I Go.mp3
  ♬ The Clash — Should I Stay or Should I Go, album : Combat Rock, année : 1982, genre : Punk
[671/1381] 17 - A la vie.mp3
  ♪ Vitaa, Slimane & Amel Bent — A la vie (A la vie - Single) [2019]  [SongRec]
  17 - A la vie.mp3
  → Vitaa, Slimane & Amel Bent - A la vie.mp3
  ♬ Vitaa, Slimane & Amel Bent — A la vie, album : A la vie - Single, année : 2019, genre : French Pop
[672/1381] 17 - Fritz Reiner, conductor; Chicago Symphony Orchestra - Interlude.mp3
  ♪ Manuel de Falla — La Vida Breve (Intermedio) [Remastered] (Obras Completas (Remastered)) [2000]  [SongRec]
  17 - Fritz Reiner, conductor; Chicago Symphony Orchestra - Interlude.mp3
  → Manuel de Falla - La Vida Breve (Intermedio) [Remastered].mp3
  ♬ Manuel de Falla — La Vida Breve (Intermedio) [Remastered], album : Obras Completas (Remastered), année : 2000, genre : Classical
[673/1381] 17 - I Shot the Sheriff.mp3
  ♪ Warren G — I Shot the Sheriff (Take a Look Over Your Shoulder (Reality)) [1997]  [SongRec]
  17 - I Shot the Sheriff.mp3
  → Warren G - I Shot the Sheriff.mp3
  ♬ Warren G — I Shot the Sheriff, album : Take a Look Over Your Shoulder (Reality), année : 1997, genre : Hip-Hop/Rap
[674/1381] 17 - Le Dormeur - Le dormeur doit se réveiller.mp3
  ♪ Le Dormeur — Le Dormeur Doit Se Réveiller  [SongRec]
  17 - Le Dormeur - Le dormeur doit se réveiller.mp3
  → Le Dormeur - Le Dormeur Doit Se Réveiller.mp3
  ♬ Le Dormeur — Le Dormeur Doit Se Réveiller, genre : Dance
[675/1381] 17 - This Cowboy Song.mp3
  ♪ Sting — This Cowboy Song (Fields of Gold: The Best of Sting 1984-1994) [1993]  [SongRec]
  17 - This Cowboy Song.mp3
  → Sting - This Cowboy Song.mp3
  ♬ Sting — This Cowboy Song, album : Fields of Gold: The Best of Sting 1984-1994, année : 1993, genre : Rock
[676/1381] 17 Love Like a River (dance mix).mp3
  ♪ Climie Fisher — Love Like a River (Love Changes Everything) [1988]  [SongRec]
  17 Love Like a River (dance mix).mp3
  → Climie Fisher - Love Like a River.mp3
  ♬ Climie Fisher — Love Like a River, album : Love Changes Everything, année : 1988, genre : Pop
[677/1381] 17. Aggro Santos - Candy (feat. Kimberly Wyatt) [Radio Edit].mp3
  ♪ Scott C. — Tonight (Tonight - Single) [2018]  [SongRec]
  17. Aggro Santos - Candy (feat. Kimberly Wyatt) [Radio Edit].mp3
  → Scott C. - Tonight.mp3
  ♬ Scott C. — Tonight, album : Tonight - Single, année : 2018, genre : Dance
[678/1381] 17. DJ Fresh feat. Sian Evans - Louder.mp3
  ♪ Benny Benassi — Cinema (feat. Gary Go) [Skrillex Remix] (Electroman) [2011]  [SongRec]
  17. DJ Fresh feat. Sian Evans - Louder.mp3
  → Benny Benassi - Cinema (feat. Gary Go) [Skrillex Remix].mp3
  ♬ Benny Benassi — Cinema (feat. Gary Go) [Skrillex Remix], album : Electroman, année : 2011, genre : Dance
[679/1381] 17. Le collège des cœurs brisés.mp3
  ♪ Dorothée — Le collège des coeurs brisés (Les neiges de l'Himalaya) [1991]  [SongRec]
  17. Le collège des cœurs brisés.mp3
  → Dorothée - Le collège des coeurs brisés.mp3
  ♬ Dorothée — Le collège des coeurs brisés, album : Les neiges de l'Himalaya, année : 1991, genre : French Pop
[680/1381] 17. We Are the Champions.dsf
  ✗ non reconnu (ni SongRec ni tags)
[681/1381] 18 - Savoir aimer.mp3
  ♪ Florent Pagny & Pascal Obispo — Savoir aimer (2bis) [2023]  [SongRec]
  18 - Savoir aimer.mp3
  → Florent Pagny & Pascal Obispo - Savoir aimer.mp3
  ♬ Florent Pagny & Pascal Obispo — Savoir aimer, album : 2bis, année : 2023, genre : French Pop
[682/1381] 18 - limahl - never ending story(12'' dance mix).mp3
  ♪ Limahl — Never Ending Story (Never Ending Story - EP) [1984]  [SongRec]
  18 - limahl - never ending story(12'' dance mix).mp3
  → Limahl - Never Ending Story.mp3
  ♬ Limahl — Never Ending Story, album : Never Ending Story - EP, année : 1984, genre : Pop
[683/1381] 18 Fresh Four Featuring Lizz E - Wishing On A Star {Now 16 Disc 2}.mp3
  ♪ Fresh Four — Wishing On a Star (Wishing On a Star - Single) [1989]  [SongRec]
  18 Fresh Four Featuring Lizz E - Wishing On A Star {Now 16 Disc 2}.mp3
  → Fresh Four - Wishing On a Star.mp3
  ♬ Fresh Four — Wishing On a Star, album : Wishing On a Star - Single, année : 1989, genre : Dance
[684/1381] 18 Pumping on Your Stereo.mp3
  ♪ Supergrass — Pumping on Your Stereo (Live 2020) (Live on Other Planets (Live 2020)) [2020]  [SongRec]
  18 Pumping on Your Stereo.mp3
  → Supergrass - Pumping on Your Stereo (Live 2020).mp3
  ♬ Supergrass — Pumping on Your Stereo (Live 2020), album : Live on Other Planets (Live 2020), année : 2020, genre : Rock
[685/1381] 18- Avenues & Alleyways.mp3
  ♪ Rancid — Avenues & Alleyways (...and out Come the Wolves) [1995]  [SongRec]
  18- Avenues & Alleyways.mp3
  → Rancid - Avenues & Alleyways.mp3
  ♬ Rancid — Avenues & Alleyways, album : ...and out Come the Wolves, année : 1995, genre : Rock
[686/1381] 18-Un petit cochon pendu au plafond.mp3
  ♪ Chanteurs Pour Enfants — Un Petit Cochon Pendu Au Plafond (Mes Plus Belles Chanson D'Enfant 5) [2006]  [SongRec]
  18-Un petit cochon pendu au plafond.mp3
  → Chanteurs Pour Enfants - Un Petit Cochon Pendu Au Plafond.mp3
  ♬ Chanteurs Pour Enfants — Un Petit Cochon Pendu Au Plafond, album : Mes Plus Belles Chanson D'Enfant 5, année : 2006, genre : Children's Music
[687/1381] 18. Boostee - Hello Aloha_639159130540777696.mp3
  ♪ MaxGaming — Future (feat. MaxSbMusic) (Future (feat. MaxSbMusic) - Single) [2014]  [SongRec]
  18. Boostee - Hello Aloha_639159130540777696.mp3
  → MaxGaming - Future (feat. MaxSbMusic).mp3
  ♬ MaxGaming — Future (feat. MaxSbMusic), album : Future (feat. MaxSbMusic) - Single, année : 2014, genre : House
[688/1381] 18. Hi Ho Silver Lining (Single A-Side, Stereo Remix).mp3
  ♪ Jeff Beck — Hi Ho Silver Lining (Beckology) [1991]  [SongRec]
  18. Hi Ho Silver Lining (Single A-Side, Stereo Remix).mp3
  → Jeff Beck - Hi Ho Silver Lining.mp3
  ♬ Jeff Beck — Hi Ho Silver Lining, album : Beckology, année : 1991, genre : Pop
[689/1381] 18. Jamais Je Ne Vivrai Sans Toi.mp3
  ♪ Paul Mauriat — Io Che Non Vivo Senza Te (Les 40 plus belles chansons de Paul Mauriat) [2016]  [SongRec]
  18. Jamais Je Ne Vivrai Sans Toi.mp3
  → Paul Mauriat - Io Che Non Vivo Senza Te.mp3
  ♬ Paul Mauriat — Io Che Non Vivo Senza Te, album : Les 40 plus belles chansons de Paul Mauriat, année : 2016, genre : Pop
[690/1381] 18. Placebo - Running Up That Hill.mp3
  ♪ Placebo — Running Up That Hill (Covers) [2003]  [SongRec]
  18. Placebo - Running Up That Hill.mp3
  → Placebo - Running Up That Hill.mp3
  ♬ Placebo — Running Up That Hill, album : Covers, année : 2003, genre : Rock
[691/1381] 18. Shaggy feat. Grand Puba - Why You Treat me so Bad.mp3
  ♪ Shaggy — Why You Treat Me So Bad (feat. Puba Grand) (Boombastic) [1995]  [SongRec]
  18. Shaggy feat. Grand Puba - Why You Treat me so Bad.mp3
  → Shaggy - Why You Treat Me So Bad (feat. Puba Grand).mp3
  ♬ Shaggy — Why You Treat Me So Bad (feat. Puba Grand), album : Boombastic, année : 1995, genre : Reggae
[692/1381] 18. Somechords - Bowed Time (Extended Mix).mp3
  ♪ Somechords — Bowed Time (Radio Edit) (Bowed Time - Single) [2016]  [SongRec]
  18. Somechords - Bowed Time (Extended Mix).mp3
  → Somechords - Bowed Time (Radio Edit).mp3
  ♬ Somechords — Bowed Time (Radio Edit), album : Bowed Time - Single, année : 2016, genre : Electronic
[693/1381] 18. Wet Wet Wet - Sweet Surrender (Short Version).mp3
  ♪ Wet Wet Wet — Sweet Surrender (Holding Back the River) [1989]  [SongRec]
  18. Wet Wet Wet - Sweet Surrender (Short Version).mp3
  → Wet Wet Wet - Sweet Surrender.mp3
  ♬ Wet Wet Wet — Sweet Surrender, album : Holding Back the River, année : 1989, genre : Pop
[694/1381] 182. Next - Be My Wifey (2000).mp3
  ♪ Next — Wifey (Platinum & Gold Collection: Next) [2004]  [SongRec]
  ⚠ conflit : Next - Wifey.mp3 existe déjà, ignoré
  ♬ Next — Wifey, album : Platinum & Gold Collection: Next, année : 2004, genre : R&B/Soul
[695/1381] 19 - Fonky Family, Le 3eme OEil, Faf Larage, K. Rhyme Le Roi, Freeman & Akhenaton - Le Retour du Shit Squad.mp3
  ♪ Fonky Family — Le retour du shit squad (feat. Le 3ème Oeil, Faf Larage, K Rhyme Le Roi, Freeman & Akhenaton) (Best Of) [2024]  [SongRec]
  19 - Fonky Family, Le 3eme OEil, Faf Larage, K. Rhyme Le Roi, Freeman & Akhenaton - Le Retour du Shit Squad.mp3
  → Fonky Family - Le retour du shit squad (feat. Le 3ème Oeil, Faf Larage, K Rhyme Le Roi, Freeman & Akhenaton).mp3
  ♬ Fonky Family — Le retour du shit squad (feat. Le 3ème Oeil, Faf Larage, K Rhyme Le Roi, Freeman & Akhenaton), album : Best Of, année : 2024, genre : Hip-Hop/Rap
[696/1381] 19 - Simply Red - Holding Back The Years(Single Version - 2008 Remaster).mp3
  ♪ Simply Red — Holding Back the Years (Picture Book) [1985]  [SongRec]
  19 - Simply Red - Holding Back The Years(Single Version - 2008 Remaster).mp3
  → Simply Red - Holding Back the Years.mp3
  ♬ Simply Red — Holding Back the Years, album : Picture Book, année : 1985, genre : Pop
[697/1381] 19 All Fired Up.mp3
  ♪ Tralala — All Fired Up (Tralala) [2001]  [SongRec]
  19 All Fired Up.mp3
  → Tralala - All Fired Up.mp3
  ♬ Tralala — All Fired Up, album : Tralala, année : 2001, genre : Alternative
[698/1381] 19 Tomorrow Never Dies (Full Length Version).mp3
  ♪ Sheryl Crow — Tomorrow Never Dies (Hits and Rarities (Deluxe Edition)) [1997]  [SongRec]
  19 Tomorrow Never Dies (Full Length Version).mp3
  → Sheryl Crow - Tomorrow Never Dies.mp3
  ♬ Sheryl Crow — Tomorrow Never Dies, album : Hits and Rarities (Deluxe Edition), année : 1997, genre : Soundtrack
[699/1381] 19 Vitry nocturne feat Vitry Allstar.mp3
  ♪ 113 — Vitry nocturne (feat. Vitry All Star) (113 Degrés) [2005]  [SongRec]
  19 Vitry nocturne feat Vitry Allstar.mp3
  → 113 - Vitry nocturne (feat. Vitry All Star).mp3
  ♬ 113 — Vitry nocturne (feat. Vitry All Star), album : 113 Degrés, année : 2005, genre : Hip-Hop/Rap
[700/1381] 19. Julien Dyne Feat. Mara Tk - Layer.mp3
  ♪ Julien Dyne — Glisten Up (Glimpse) [1969]  [SongRec]
  19. Julien Dyne Feat. Mara Tk - Layer.mp3
  → Julien Dyne - Glisten Up.mp3
  ♬ Julien Dyne — Glisten Up, album : Glimpse, année : 1969, genre : Electronic
[701/1381] 19. Weep You No More, Sad Fountains.mp3
  ♪ Sting & Edin Karamazov — Weep You No. More, Sad Fountains (Songs from the Labyrinth (Tour Edition)) [2006]  [SongRec]
  19. Weep You No More, Sad Fountains.mp3
  → Sting & Edin Karamazov - Weep You No. More, Sad Fountains.mp3
  ♬ Sting & Edin Karamazov — Weep You No. More, Sad Fountains, album : Songs from the Labyrinth (Tour Edition), année : 2006, genre : Classical
[702/1381] 1993-Captain Hollywood Project - More And More (Single Version)-32bit-192Khz.wv
  ✗ non reconnu (ni SongRec ni tags)
[703/1381] 1994 - Gilles Floro - Karamel.mp3
  ♪ Gilles Floro — Karamel (Les Trésors du Zouk) [1996]  [SongRec]
  1994 - Gilles Floro - Karamel.mp3
  → Gilles Floro - Karamel.mp3
  ♬ Gilles Floro — Karamel, album : Les Trésors du Zouk, année : 1996, genre : World
[704/1381] 2 - I Want Someone To Love (Raw Re-mix).mp3
  ♪ Jennifer Cihi, Patricia Tollett, Ronald Aaron Wasserman & Sandy Howell — I Want Someone To Love (RAW RE-MIX)  [SongRec]
  2 - I Want Someone To Love (Raw Re-mix).mp3
  → Jennifer Cihi, Patricia Tollett, Ronald Aaron Wasserman & Sandy Howell - I Want Someone To Love (RAW RE-MIX).mp3
  ♬ Jennifer Cihi, Patricia Tollett, Ronald Aaron Wasserman & Sandy Howell — I Want Someone To Love (RAW RE-MIX)
[705/1381] 2-02 I Don_t Believe You (She Acts Like We Never Have Met).aif
  ✗ non reconnu (ni SongRec ni tags)
[706/1381] 2-03 Her and the Car and the Mobile Home.mp3
  ♪ Porter Wagoner & Dolly Parton — Her and the Car and the Mobile Home (The Right Combination) [1972]  [SongRec]
  2-03 Her and the Car and the Mobile Home.mp3
  → Porter Wagoner & Dolly Parton - Her and the Car and the Mobile Home.mp3
  ♬ Porter Wagoner & Dolly Parton — Her and the Car and the Mobile Home, album : The Right Combination, année : 1972, genre : Country
[707/1381] 2-06 The Reflex (Single Version; 2010 Remaster).mp3
  ♪ Duran Duran — The Reflex (Seven and the Ragged Tiger) [1983]  [SongRec]
  2-06 The Reflex (Single Version; 2010 Remaster).mp3
  → Duran Duran - The Reflex.mp3
  ♬ Duran Duran — The Reflex, album : Seven and the Ragged Tiger, année : 1983, genre : New Wave
[708/1381] 2-08 - Happy People (Radio Edit).mp3
  ♪ R. Kelly — Happy People (Radio Edit) (The Essential R. Kelly) [2004]  [SongRec]
  2-08 - Happy People (Radio Edit).mp3
  → R. Kelly - Happy People (Radio Edit).mp3
  ♬ R. Kelly — Happy People (Radio Edit), album : The Essential R. Kelly, année : 2004, genre : R&B/Soul
[709/1381] 2-08 Everybody Knows (Except You).mp3
  ♪ The Divine Comedy — Everybody Knows (Except You) (A Short Album About Love) [1997]  [SongRec]
  2-08 Everybody Knows (Except You).mp3
  → The Divine Comedy - Everybody Knows (Except You).mp3
  ♬ The Divine Comedy — Everybody Knows (Except You), album : A Short Album About Love, année : 1997, genre : Pop
[710/1381] 2-10. Massivan - Daydream.mp3
  ♪ Massivan — Daydream (Wide (Special Digital Edition)) [2007]  [SongRec]
  2-10. Massivan - Daydream.mp3
  → Massivan - Daydream.mp3
  ♬ Massivan — Daydream, album : Wide (Special Digital Edition), année : 2007, genre : Downtempo
[711/1381] 2-11 I Get Lonely (Janet vs. Jason The Club Remix).mp3
  ♪ Janet Jackson — I Get Lonely (Janet vs. Jason The Club Remix) (The Velvet Rope (Deluxe Edition)) [1997]  [SongRec]
  2-11 I Get Lonely (Janet vs. Jason The Club Remix).mp3
  → Janet Jackson - I Get Lonely (Janet vs. Jason The Club Remix).mp3
  ♬ Janet Jackson — I Get Lonely (Janet vs. Jason The Club Remix), album : The Velvet Rope (Deluxe Edition), année : 1997, genre : Dance
[712/1381] 2-12. Pig & Dan + John Dahlbäck - Touch + Everywhere (Chill Mix).mp3
  ♪ Pig&Dan — Touch (Sessions) [2007]  [tags existants]
  2-12. Pig & Dan + John Dahlbäck - Touch + Everywhere (Chill Mix).mp3
  → Pig&Dan - Touch.mp3
  ♬ Pig&Dan — Touch, album : Sessions, année : 2007
[713/1381] 2-14 Banquet (Cornelius remix).mp3
  ♪ Bloc Party — Banquet (Cornelius Remix) (Silent Alarm) [2005]  [tags existants]
  2-14 Banquet (Cornelius remix).mp3
  → Bloc Party - Banquet (Cornelius Remix).mp3
  ♬ Bloc Party — Banquet (Cornelius Remix), album : Silent Alarm, année : 2005
[714/1381] 2-17. Florent Pagny - Savoir Aimer.mp3
  ♪ Florent Pagny — Savoir aimer (Savoir aimer) [1997]  [SongRec]
  2-17. Florent Pagny - Savoir Aimer.mp3
  → Florent Pagny - Savoir aimer.mp3
  ♬ Florent Pagny — Savoir aimer, album : Savoir aimer, année : 1997, genre : Pop
[715/1381] 2. Menace & Adam - Missile Test  (Extended Mix).mp3
  ♪ Menace & Adam — Missile Test (Extended Mix) (Missile Test - Single) [2005]  [SongRec]
  2. Menace & Adam - Missile Test  (Extended Mix).mp3
  → Menace & Adam - Missile Test (Extended Mix).mp3
  ♬ Menace & Adam — Missile Test (Extended Mix), album : Missile Test - Single, année : 2005, genre : Electronic
[716/1381] 2.05.Abdel Kader (Live à Bercy, Paris - 1998) (Rachid Taha, Faudel, Khaled).mp3
  ♪ Rachid Taha, Khaled & Faudel — Abdel Kader (Live à Bercy / 1998) (L'essentiel Faudel) [2007]  [SongRec]
  2.05.Abdel Kader (Live à Bercy, Paris - 1998) (Rachid Taha, Faudel, Khaled).mp3
  → Rachid Taha, Khaled & Faudel - Abdel Kader (Live à Bercy 1998).mp3
  ♬ Rachid Taha, Khaled & Faudel — Abdel Kader (Live à Bercy / 1998), album : L'essentiel Faudel, année : 2007, genre : World
[717/1381] 2.15 - Bisso Na Bisso - [2 Bal].mp3
  ♪ Bisso Na Bisso — Bisso Na Bisso (Racines) [1999]  [SongRec]
  2.15 - Bisso Na Bisso - [2 Bal].mp3
  → Bisso Na Bisso - Bisso Na Bisso.mp3
  ♬ Bisso Na Bisso — Bisso Na Bisso, album : Racines, année : 1999, genre : Hip-Hop/Rap
[718/1381] 20 - Coldplay - Clocks (Radio Edit).mp3
  ♪ Coldplay — Clocks (A Rush of Blood to the Head) [2002]  [SongRec]
  20 - Coldplay - Clocks (Radio Edit).mp3
  → Coldplay - Clocks.mp3
  ♬ Coldplay — Clocks, album : A Rush of Blood to the Head, année : 2002, genre : Alternative
[719/1381] 20 - Nelson Mandela (2002 Remaster).mp3
  ♪ The Specials — Nelson Mandela (A Special Collection) [1999]  [SongRec]
  20 - Nelson Mandela (2002 Remaster).mp3
  → The Specials - Nelson Mandela.mp3
  ♬ The Specials — Nelson Mandela, album : A Special Collection, année : 1999, genre : Pop
[720/1381] 20. Living In A Box - Blow The House Down.mp3
  ♪ Living In a Box — Blow The House Down (Living In A Box) [1989]  [SongRec]
  20. Living In A Box - Blow The House Down.mp3
  → Living In a Box - Blow The House Down.mp3
  ♬ Living In a Box — Blow The House Down, album : Living In A Box, année : 1989, genre : Pop
[721/1381] 201-brian_may-driven_by_you.mp3
  ♪ Brian May — Driven By You (Too Much Love Will Kill You - Single) [1991]  [SongRec]
  201-brian_may-driven_by_you.mp3
  → Brian May - Driven By You.mp3
  ♬ Brian May — Driven By You, album : Too Much Love Will Kill You - Single, année : 1991, genre : Rock
[722/1381] 2011-Doop - Doop (Dooper Than Doop)-16bit-44.1Khz.mp3
  ♪ Doop — Jean Lejeux Et Son Orchestre (Circus Doop) [1994]  [SongRec]
  2011-Doop - Doop (Dooper Than Doop)-16bit-44.1Khz.mp3
  → Doop - Jean Lejeux Et Son Orchestre.mp3
  ♬ Doop — Jean Lejeux Et Son Orchestre, album : Circus Doop, année : 1994, genre : Dance
[723/1381] 20120309 Mark Ronson.mp3
  ♪ Stevie Wonder — I Don't Know Why (For Once in My Life) [1968]  [SongRec]
  20120309 Mark Ronson.mp3
  → Stevie Wonder - I Don't Know Why.mp3
  ♬ Stevie Wonder — I Don't Know Why, album : For Once in My Life, année : 1968, genre : R&B/Soul
[724/1381] 2013-Avicii - Hey Brother-DSD128.dsf
  ✗ non reconnu (ni SongRec ni tags)
[725/1381] 2013-Avicii - Wake Me Up-DSD128.dsf
  ✗ non reconnu (ni SongRec ni tags)
[726/1381] 2014 02 - Samba de Janeiro (Sean Finn Radio Edit).mp3
  ♪ Bellini — Samba de Janeiro (Samba de Janeiro) [1997]  [SongRec]
  2014 02 - Samba de Janeiro (Sean Finn Radio Edit).mp3
  → Bellini - Samba de Janeiro.mp3
  ♬ Bellini — Samba de Janeiro, album : Samba de Janeiro, année : 1997, genre : Dance
[727/1381] 2014-Calvin Harris & Alesso - Under Control (Feat. Hurts)-24bit-192Khz.mp3
  ♪ Calvin Harris & Alesso — Under Control (feat. Hurts) (Motion) [2013]  [SongRec]
  2014-Calvin Harris & Alesso - Under Control (Feat. Hurts)-24bit-192Khz.mp3
  → Calvin Harris & Alesso - Under Control (feat. Hurts).mp3
  ♬ Calvin Harris & Alesso — Under Control (feat. Hurts), album : Motion, année : 2013, genre : Dance
[728/1381] 2018-Snap! - Rhythm Is A Dancer (12'' Mix)-32bit-192Khz.wv
  ♪ Snap! — Rhythm Is A Dancer (12'' Mix) (The Madman's Return) [2018]  [tags existants]
  2018-Snap! - Rhythm Is A Dancer (12'' Mix)-32bit-192Khz.wv
  → Snap! - Rhythm Is A Dancer (12'' Mix).wv
  ♬ Snap! — Rhythm Is A Dancer (12'' Mix), album : The Madman's Return, année : 2018
[729/1381] 2025.05.11 - you're finally found the secret safe room....mp3
  ♪ Klr — You're Finally Found the Secret Safe Room... (Klrdreams) [2025]  [tags existants]
  2025.05.11 - you're finally found the secret safe room....mp3
  → Klr - You're Finally Found the Secret Safe Room....mp3
  ♬ Klr — You're Finally Found the Secret Safe Room..., album : Klrdreams, année : 2025
[730/1381] 204-passi-le_maton_me_guette.mp3
  ♪ Passi — Le maton me guette (Les tentations) [1997]  [SongRec]
  204-passi-le_maton_me_guette.mp3
  → Passi - Le maton me guette.mp3
  ♬ Passi — Le maton me guette, album : Les tentations, année : 1997, genre : Hip-Hop/Rap
[731/1381] 205-passi-les_flammes_du_mal.mp3
  ♪ Passi & Secteur Ä — Les Flammes Du Mal (Le meilleur du live à l'Olympia) [1998]  [SongRec]
  205-passi-les_flammes_du_mal.mp3
  → Passi & Secteur Ä - Les Flammes Du Mal.mp3
  ♬ Passi & Secteur Ä — Les Flammes Du Mal, album : Le meilleur du live à l'Olympia, année : 1998, genre : Hip-Hop/Rap
[732/1381] 206 - Interlude (Le bistro du coin).mp3
  ♪ Soprano — Interlude (Le Bistro du coin) (Cosmopolitanie (Deluxe Edition)) [2015]  [SongRec]
  206 - Interlude (Le bistro du coin).mp3
  → Soprano - Interlude (Le Bistro du coin).mp3
  ♬ Soprano — Interlude (Le Bistro du coin), album : Cosmopolitanie (Deluxe Edition), année : 2015, genre : Hip-Hop/Rap
[733/1381] 208. Mr Tout Le Monde, Nounours - Now You Know.mp3
  ♪ MR TOUT LE MONDE & Nounours — Now You Know (Now You Know - Single) [2021]  [SongRec]
  208. Mr Tout Le Monde, Nounours - Now You Know.mp3
  → MR TOUT LE MONDE & Nounours - Now You Know.mp3
  ♬ MR TOUT LE MONDE & Nounours — Now You Know, album : Now You Know - Single, année : 2021, genre : House
[734/1381] 209-kadans-varyasyon.mp3
  ♪ Kadan's — Varyasyon (Metew Ka Danse) [1995]  [SongRec]
  209-kadans-varyasyon.mp3
  → Kadan's - Varyasyon.mp3
  ♬ Kadan's — Varyasyon, album : Metew Ka Danse, année : 1995, genre : World
[735/1381] 21-06 Howie B - Duet.mp3
  ♪ Howie B — Duet  [SongRec]
  21-06 Howie B - Duet.mp3
  → Howie B - Duet.mp3
  ♬ Howie B — Duet, genre : Electronic
[736/1381] 212-singuila-ay_mama.mp3
  ♪ Singuila — Ay mama (Ay mama - Single) [2017]  [SongRec]
  212-singuila-ay_mama.mp3
  → Singuila - Ay mama.mp3
  ♬ Singuila — Ay mama, album : Ay mama - Single, année : 2017, genre : R&B/Soul
[737/1381] 214-disco_inferno_(12_dub)_(2023_remaster).mp3
  ♪ Tina Turner — Disco Inferno (12" Dub) (What's Love Got to Do with It (30th Anniversary Deluxe Edition)) [2023]  [SongRec]
  214-disco_inferno_(12_dub)_(2023_remaster).mp3
  → Tina Turner - Disco Inferno (12 Dub).mp3
  ♬ Tina Turner — Disco Inferno (12" Dub), album : What's Love Got to Do with It (30th Anniversary Deluxe Edition), année : 2023, genre : R&B/Soul
[738/1381] 22 - Heading Home.mp3
  ♪ Brenda Lee — Bill Bailey, Won't You Please Come Home (Love You!) [1963]  [SongRec]
  22 - Heading Home.mp3
  → Brenda Lee - Bill Bailey, Won't You Please Come Home.mp3
  ♬ Brenda Lee — Bill Bailey, Won't You Please Come Home, album : Love You!, année : 1963, genre : Pop
[739/1381] 22 - Izzy Bizu - White Tiger (Single Version).mp3
  ♪ Izzy Bizu — White Tiger (White Tiger - Single) [2015]  [SongRec]
  22 - Izzy Bizu - White Tiger (Single Version).mp3
  → Izzy Bizu - White Tiger.mp3
  ♬ Izzy Bizu — White Tiger, album : White Tiger - Single, année : 2015, genre : R&B/Soul
[740/1381] 22 - Massivan - Daydream (Original Mix).mp3
  ♪ Massivan — Daydream (Wide (Special Digital Edition)) [2007]  [SongRec]
  ⚠ conflit : Massivan - Daydream.mp3 existe déjà, ignoré
  ♬ Massivan — Daydream, album : Wide (Special Digital Edition), année : 2007, genre : Downtempo
[741/1381] 22 - Mc Poze do Rodo, Bielzin, Mainstreet, MC Cabelinho, PL Quest, Neo Beats - A Cara do Crime (Nós Incomoda).mp3
  ♪ Mc Poze do Rodo, Bielzin, MC Cabelinho, PL Quest & Neo Beats — A Cara do Crime (Nós Incomoda) (A Cara do Crime (Nós Incomoda) - Single) [2021]  [SongRec]
  22 - Mc Poze do Rodo, Bielzin, Mainstreet, MC Cabelinho, PL Quest, Neo Beats - A Cara do Crime (Nós Incomoda).mp3
  → Mc Poze do Rodo, Bielzin, MC Cabelinho, PL Quest & Neo Beats - A Cara do Crime (Nós Incomoda).mp3
  ♬ Mc Poze do Rodo, Bielzin, MC Cabelinho, PL Quest & Neo Beats — A Cara do Crime (Nós Incomoda), album : A Cara do Crime (Nós Incomoda) - Single, année : 2021, genre : Hip-Hop/Rap
[742/1381] 22 Bad Habits (feat. Bring Me The Horizon).mp3
  ♪ Ed Sheeran — Bad Habits (feat. Bring Me The Horizon) (Bad Habits (feat. Bring Me The Horizon) - Single) [2022]  [SongRec]
  22 Bad Habits (feat. Bring Me The Horizon).mp3
  → Ed Sheeran - Bad Habits (feat. Bring Me The Horizon).mp3
  ♬ Ed Sheeran — Bad Habits (feat. Bring Me The Horizon), album : Bad Habits (feat. Bring Me The Horizon) - Single, année : 2022, genre : Pop
[743/1381] 22 Boulbi.mp3
  ♪ Booba — Boulbi (Ouest Side) [2006]  [SongRec]
  22 Boulbi.mp3
  → Booba - Boulbi.mp3
  ♬ Booba — Boulbi, album : Ouest Side, année : 2006, genre : Hip-Hop/Rap
[744/1381] 22. X Factor Finalists 2008 - Hero.mp3
  ♪ X Factor Finalists 2008 — Hero  [SongRec]
  22. X Factor Finalists 2008 - Hero.mp3
  → X Factor Finalists 2008 - Hero.mp3
  ♬ X Factor Finalists 2008 — Hero, genre : Pop
[745/1381] 23 Something Got Me Started - E-Smoove's Late Night Mix; 2008 Remaster.mp3
  ♪ Simply Red — Something Got Me Started (Esmoove's Late Night Mix) (Stars (Collectors Edition) [Remastered] {Audio Version}) [2008]  [SongRec]
  23 Something Got Me Started - E-Smoove's Late Night Mix; 2008 Remaster.mp3
  → Simply Red - Something Got Me Started (Esmoove's Late Night Mix).mp3
  ♬ Simply Red — Something Got Me Started (Esmoove's Late Night Mix), album : Stars (Collectors Edition) [Remastered] {Audio Version}, année : 2008, genre : Rock
[746/1381] 23. La Yegros - Viene de Mi  (El Búho Weird Flute Edit).mp3
  ✗ non reconnu (ni SongRec ni tags)
[747/1381] 235. Amy Winehouse & Mark Ronson - Valerie (Version Revisited).mp3
  ♪ Mark Ronson & Amy Winehouse — Valerie (Version Revisited) (Version) [2007]  [SongRec]
  235. Amy Winehouse & Mark Ronson - Valerie (Version Revisited).mp3
  → Mark Ronson & Amy Winehouse - Valerie (Version Revisited).mp3
  ♬ Mark Ronson & Amy Winehouse — Valerie (Version Revisited), album : Version, année : 2007, genre : Pop
[748/1381] 24 - Gavin James - The Book Of Love.mp3
  ♪ Gavin James — The Book of Love (Bitter Pill) [2014]  [SongRec]
  24 - Gavin James - The Book Of Love.mp3
  → Gavin James - The Book of Love.mp3
  ♬ Gavin James — The Book of Love, album : Bitter Pill, année : 2014, genre : Singer/Songwriter
[749/1381] 25 - Hold Back The River - James Bay.mp3
  ♪ James Bay — Hold Back the River (Live At Hammersmith Apollo / 2016)  [SongRec]
  25 - Hold Back The River - James Bay.mp3
  → James Bay - Hold Back the River (Live At Hammersmith Apollo 2016).mp3
  ♬ James Bay — Hold Back the River (Live At Hammersmith Apollo / 2016), genre : Singer/Songwriter
[750/1381] 25. Noel Holler - Big Trouble_639159806050188577.mp3
  ♪ Noel Holler — Big Trouble (Big Trouble - Single) [2022]  [SongRec]
  25. Noel Holler - Big Trouble_639159806050188577.mp3
  → Noel Holler - Big Trouble.mp3
  ♬ Noel Holler — Big Trouble, album : Big Trouble - Single, année : 2022, genre : Pop
[751/1381] 259. TLC - Waterfalls (Single Edit).mp3
  ♪ TLC — Waterfalls (CrazySexyCool) [1994]  [SongRec]
  259. TLC - Waterfalls (Single Edit).mp3
  → TLC - Waterfalls.mp3
  ♬ TLC — Waterfalls, album : CrazySexyCool, année : 1994, genre : R&B/Soul
[752/1381] 26 - Talk Talk - It’s My Life (5.1 mix).mp3
  ♪ Talk Talk — It's My Life (Essential) [1984]  [SongRec]
  26 - Talk Talk - It’s My Life (5.1 mix).mp3
  → Talk Talk - It's My Life.mp3
  ♬ Talk Talk — It's My Life, album : Essential, année : 1984, genre : Pop
[753/1381] 268 - roman kouder - bonjour.mp3
  ♪ Roman Kouder & Marian Hill — Bonjour (Bonjour - Single) [2020]  [SongRec]
  268 - roman kouder - bonjour.mp3
  → Roman Kouder & Marian Hill - Bonjour.mp3
  ♬ Roman Kouder & Marian Hill — Bonjour, album : Bonjour - Single, année : 2020, genre : Electronic
[754/1381] 27  Human League - Tell Me When (2012 Remaster).mp3
  ♪ The Human League — Tell Me When (Octopus) [1995]  [SongRec]
  27  Human League - Tell Me When (2012 Remaster).mp3
  → The Human League - Tell Me When.mp3
  ♬ The Human League — Tell Me When, album : Octopus, année : 1995, genre : Pop
[755/1381] 28-johnny_hallyday-la_ville_des_ames_en_peine_(live_vegas_96_-_version_2003).mp3
  ♪ Johnny Hallyday — La Ville Des Ames En Peine (Live Vegas 96 / Version 2003) (Le concert de sa vie) [2018]  [SongRec]
  28-johnny_hallyday-la_ville_des_ames_en_peine_(live_vegas_96_-_version_2003).mp3
  → Johnny Hallyday - La Ville Des Ames En Peine (Live Vegas 96 Version 2003).mp3
  ♬ Johnny Hallyday — La Ville Des Ames En Peine (Live Vegas 96 / Version 2003), album : Le concert de sa vie, année : 2018, genre : Pop
[756/1381] 29 - Miguel Campbell - Not That Kind of Girl.mp3
  ♪ Skream — All Gone Pete Tong & Skream Miami 2013 (Skream Mix)  [SongRec]
  29 - Miguel Campbell - Not That Kind of Girl.mp3
  → Skream - All Gone Pete Tong & Skream Miami 2013 (Skream Mix).mp3
  ♬ Skream — All Gone Pete Tong & Skream Miami 2013 (Skream Mix), genre : Dance
[757/1381] 2B or 2A - 127 - 17 - Faul & WAD AD vs. PNAU - Changes (Robin Schulz Remix).mp3
  ♪ Gigi D'Agostino — L'amour Toujours (L'amour Toujours) [2000]  [SongRec]
  2B or 2A - 127 - 17 - Faul & WAD AD vs. PNAU - Changes (Robin Schulz Remix).mp3
  → Gigi D'Agostino - L'amour Toujours.mp3
  ♬ Gigi D'Agostino — L'amour Toujours, album : L'amour Toujours, année : 2000, genre : Dance
[758/1381] 3-01. Labrinth - Jealous.mp3
  ♪ Labrinth — Jealous (Jealous - EP) [2014]  [SongRec]
  3-01. Labrinth - Jealous.mp3
  → Labrinth - Jealous.mp3
  ♬ Labrinth — Jealous, album : Jealous - EP, année : 2014, genre : Pop
[759/1381] 3-08 Try and Love Again (5.1 mix).dsf
  ✗ non reconnu (ni SongRec ni tags)
[760/1381] 3-12 One Day at a Time (5.1 mix).dsf
  ✗ non reconnu (ni SongRec ni tags)
[761/1381] 3. Solo.dsf
  ✗ non reconnu (ni SongRec ni tags)
[762/1381] 30 - Have You Made Up Your Mind (live for BBC Radio 2 In Concert 14-11-2008).mp3
  ♪ Paul Weller — Have You Made Up Your Mind (Live for Bbc Radio 2 in Concert 14-11-2008) (Weller at the Bbc Vol 2) [2026]  [tags existants]
  30 - Have You Made Up Your Mind (live for BBC Radio 2 In Concert 14-11-2008).mp3
  → Paul Weller - Have You Made Up Your Mind (Live for Bbc Radio 2 in Concert 14-11-2008).mp3
  ♬ Paul Weller — Have You Made Up Your Mind (Live for Bbc Radio 2 in Concert 14-11-2008), album : Weller at the Bbc Vol 2, année : 2026
[763/1381] 30-paul_mccartney-my_brave_face_(1988_demo)-7e527185.mp3
  ♪ Paul McCartney — My Brave Face (1988 Demo) (Flowers In The Dirt (Archive Collection) [2017 Remaster]) [1989]  [SongRec]
  30-paul_mccartney-my_brave_face_(1988_demo)-7e527185.mp3
  → Paul McCartney - My Brave Face (1988 Demo).mp3
  ♬ Paul McCartney — My Brave Face (1988 Demo), album : Flowers In The Dirt (Archive Collection) [2017 Remaster], année : 1989, genre : Rock
[764/1381] 30. You Take Me Up (High Plains Mixer) (US 12inch Version).mp3
  ♪ Thompson Twins — You Take Me Up (Into the Gap) [1984]  [SongRec]
  30. You Take Me Up (High Plains Mixer) (US 12inch Version).mp3
  → Thompson Twins - You Take Me Up.mp3
  ♬ Thompson Twins — You Take Me Up, album : Into the Gap, année : 1984, genre : Pop
[765/1381] 31. Vivre Pour Le Meilleur.mp3
  ♪ Johnny Hallyday — Vivre pour le meilleur (Sang pour sang) [1999]  [SongRec]
  31. Vivre Pour Le Meilleur.mp3
  → Johnny Hallyday - Vivre pour le meilleur.mp3
  ♬ Johnny Hallyday — Vivre pour le meilleur, album : Sang pour sang, année : 1999, genre : Rock
[766/1381] 312-paul_weller-peacock_suit_(single__album__version).mp3
  ♪ Paul Weller — Peacock Suit (Single Version) (Hit Parade Box Set (4 Volume Set)) [1998]  [SongRec]
  312-paul_weller-peacock_suit_(single__album__version).mp3
  → Paul Weller - Peacock Suit (Single Version).mp3
  ♬ Paul Weller — Peacock Suit (Single Version), album : Hit Parade Box Set (4 Volume Set), année : 1998, genre : Rock
[767/1381] 319_Nancy_Noise_Made_With_Love_2.mp3
  ♪ Nancy Noise — Made With Love 2 (Test Pressing) [2013]  [tags existants]
  319_Nancy_Noise_Made_With_Love_2.mp3
  → Nancy Noise - Made With Love 2.mp3
  ♬ Nancy Noise — Made With Love 2, album : Test Pressing, année : 2013
[768/1381] 32  C chô, ça brûle !!!.mp3
  ♪ Magic System — C Chô, Ça Brûle !!! (feat. Akil, شاب بلال & Big Ali) (Raï'n'B Fever 2) [2006]  [SongRec]
  32  C chô, ça brûle !!!.mp3
  → Magic System - C Chô, Ça Brûle !!! (feat. Akil, شاب بلال & Big Ali).mp3
  ♬ Magic System — C Chô, Ça Brûle !!! (feat. Akil, شاب بلال & Big Ali), album : Raï'n'B Fever 2, année : 2006, genre : Hip-Hop/Rap
[769/1381] 34 - C. Jérôme - Et Tu Danses Avec Lui.mp3
  ♪ C. Jérôme — Et tu danses avec lui (L'album Souvenir, Vol. 1) [1985]  [SongRec]
  34 - C. Jérôme - Et Tu Danses Avec Lui.mp3
  → C. Jérôme - Et tu danses avec lui.mp3
  ♬ C. Jérôme — Et tu danses avec lui, album : L'album Souvenir, Vol. 1, année : 1985, genre : French Pop
[770/1381] 35. Knock You Down !!.mp3
  ♪ Toby Fox — Knock You Down !! (Deltarune Chapter 2 (Original Game Soundtrack)) [2021]  [SongRec]
  35. Knock You Down !!.mp3
  → Toby Fox - Knock You Down !!.mp3
  ♬ Toby Fox — Knock You Down !!, album : Deltarune Chapter 2 (Original Game Soundtrack), année : 2021, genre : Soundtrack
[771/1381] 369. Logan Paul - SANTA DISS TRACK (Official Music Video).mp3
  ♪ Logan Paul — Santa Diss Track (Santa Diss Track - Single) [2017]  [SongRec]
  369. Logan Paul - SANTA DISS TRACK (Official Music Video).mp3
  → Logan Paul - Santa Diss Track.mp3
  ♬ Logan Paul — Santa Diss Track, album : Santa Diss Track - Single, année : 2017, genre : Pop
[772/1381] 37. miskeyz - under the sun_639159075338189676.mp3
  ♪ David Forbes — Harpoon (Original Mix;Asot 367)  [SongRec]
  37. miskeyz - under the sun_639159075338189676.mp3
  → David Forbes - Harpoon (Original Mix;Asot 367).mp3
  ♬ David Forbes — Harpoon (Original Mix;Asot 367)
[773/1381] 39. Hyperlogic - Only Me (Doug Laurent Mix).mp3
  ♪ Hyperlogic — Only Me (Red Jerry Mix) (Only Me - EP) [1995]  [SongRec]
  39. Hyperlogic - Only Me (Doug Laurent Mix).mp3
  → Hyperlogic - Only Me (Red Jerry Mix).mp3
  ♬ Hyperlogic — Only Me (Red Jerry Mix), album : Only Me - EP, année : 1995, genre : Dance
[774/1381] 4-09 Lucky Man.mp3
  ♪ The Verve — Lucky Man (Live From The Haigh Hall Concert Hall) (Urban Hymns (Super Deluxe / Remastered 2016)) [1997]  [SongRec]
  4-09 Lucky Man.mp3
  → The Verve - Lucky Man (Live From The Haigh Hall Concert Hall).mp3
  ♬ The Verve — Lucky Man (Live From The Haigh Hall Concert Hall), album : Urban Hymns (Super Deluxe / Remastered 2016), année : 1997, genre : Pop
[775/1381] 4. Magic System Feat. Akil, Cheb Bilal & Big Ali - C Chô, Ça Brûle.mp3
  ♪ Magic System — C Chô, Ça Brûle !!! (feat. Akil, شاب بلال & Big Ali) (Raï'n'B Fever 2) [2006]  [SongRec]
  ⚠ conflit : Magic System - C Chô, Ça Brûle !!! (feat. Akil, شاب بلال & Big Ali).mp3 existe déjà, ignoré
  ♬ Magic System — C Chô, Ça Brûle !!! (feat. Akil, شاب بلال & Big Ali), album : Raï'n'B Fever 2, année : 2006, genre : Hip-Hop/Rap
[776/1381] 401 - Luniz - I Got 5 On It - Bay Ballas Remix {Tone Capone, 1995} (Dru Down, Numskull, Richie Rich, E-40, Yukmouth, Shock G, Spice 1, Michael Marshall).mp3
  ♪ Luniz — 5 On It (Remix) (B Sides and Bootlegs) [1995]  [SongRec]
  401 - Luniz - I Got 5 On It - Bay Ballas Remix {Tone Capone, 1995} (Dru Down, Numskull, Richie Rich, E-40, Yukmouth, Shock G, Spice 1, Michael Marshall).mp3
  → Luniz - 5 On It (Remix).mp3
  ♬ Luniz — 5 On It (Remix), album : B Sides and Bootlegs, année : 1995, genre : Hip-Hop/Rap
[777/1381] 43. Requiem pour un fou.mp3
  ♪ Johnny Hallyday — Requiem pour un fou (Live) (Johnny Hallyday : Pavillon de Paris (1979) [Live]) [1979]  [SongRec]
  43. Requiem pour un fou.mp3
  → Johnny Hallyday - Requiem pour un fou (Live).mp3
  ♬ Johnny Hallyday — Requiem pour un fou (Live), album : Johnny Hallyday : Pavillon de Paris (1979) [Live], année : 1979, genre : Rock
[778/1381] 43. Tu me plais beaucoup.mp3
  ♪ Daniel Balavoine — Tu Me Plais Beaucoup (Les 100 plus belles chansons de Daniel Balavoine) [1979]  [SongRec]
  43. Tu me plais beaucoup.mp3
  → Daniel Balavoine - Tu Me Plais Beaucoup.mp3
  ♬ Daniel Balavoine — Tu Me Plais Beaucoup, album : Les 100 plus belles chansons de Daniel Balavoine, année : 1979, genre : French Pop
[779/1381] 45. Various Artists - Let It Roll  Drum & Bass Vol. 2 (Continuous Mix 2 (Mixed by Suki)).mp3
  ♪ Counterstrike — Let It Roll : Drum & Bass Vol. 2 (Continuous mix 2 (Mixed by Suki)) (Let It Roll : Drum & Bass, Vol. 2)  [tags existants]
  45. Various Artists - Let It Roll  Drum & Bass Vol. 2 (Continuous Mix 2 (Mixed by Suki)).mp3
  → Counterstrike - Let It Roll Drum & Bass Vol. 2 (Continuous mix 2 (Mixed by Suki)).mp3
  ♬ Counterstrike — Let It Roll : Drum & Bass Vol. 2 (Continuous mix 2 (Mixed by Suki)), album : Let It Roll : Drum & Bass, Vol. 2
[780/1381] 48. Jacana People - Era (Edit).mp3
  ♪ Jacana People — Era (Edit) (Era - Single) [2021]  [SongRec]
  48. Jacana People - Era (Edit).mp3
  → Jacana People - Era (Edit).mp3
  ♬ Jacana People — Era (Edit), album : Era - Single, année : 2021, genre : Electronica
[781/1381] 5-Lambert Wilson-Enfants De La Balle.mp3
  ♪ Jean Jacques Sage & Jean Philippe Bernaux — Enfants De La Balle  [SongRec]
  5-Lambert Wilson-Enfants De La Balle.mp3
  → Jean Jacques Sage & Jean Philippe Bernaux - Enfants De La Balle.mp3
  ♬ Jean Jacques Sage & Jean Philippe Bernaux — Enfants De La Balle, genre : Classical
[782/1381] 508 - Combien ca va.mp3
  ♪ Florent Pagny — Combien ça va (Savoir aimer) [1997]  [SongRec]
  508 - Combien ca va.mp3
  → Florent Pagny - Combien ça va.mp3
  ♬ Florent Pagny — Combien ça va, album : Savoir aimer, année : 1997, genre : Pop
[783/1381] 65 - storm - Time To Burn (Radio Edit).mp3
  ♪ Storm — Time To Burn (Stormjunkie) [2000]  [SongRec]
  65 - storm - Time To Burn (Radio Edit).mp3
  → Storm - Time To Burn.mp3
  ♬ Storm — Time To Burn, album : Stormjunkie, année : 2000, genre : Dance
[784/1381] 65 - storm - Time To Burn (Radio Edit)_639160415739915657.mp3
  ♪ Storm — Time To Burn (Stormjunkie) [2000]  [SongRec]
  ⚠ conflit : Storm - Time To Burn.mp3 existe déjà, ignoré
  ♬ Storm — Time To Burn, album : Stormjunkie, année : 2000, genre : Dance
[785/1381] 75 chansons comptines et jeux de doigts - 50 - Hélène Bohy & Agnès Chaumié - Bonjour ma cousine.mp3
  ♪ Hélène Bohy & Agnès Chaumié — Bonjour ma cousine (feat. Éric Perche) (75 chansons comptines et jeux de doigts - Enfance et Musique (feat. Éric Perche)) [1987]  [SongRec]
  75 chansons comptines et jeux de doigts - 50 - Hélène Bohy & Agnès Chaumié - Bonjour ma cousine.mp3
  → Hélène Bohy & Agnès Chaumié - Bonjour ma cousine (feat. Éric Perche).mp3
  ♬ Hélène Bohy & Agnès Chaumié — Bonjour ma cousine (feat. Éric Perche), album : 75 chansons comptines et jeux de doigts - Enfance et Musique (feat. Éric Perche), année : 1987, genre : French Pop
[786/1381] 8 - Giorgio Moroder - Paul's Theme (Jogging Chase).mp3
  ♪ Giorgio Moroder — Paul's Theme (Jogging Chase) (Cat People (Original Motion Picture Soundtrack)) [1982]  [SongRec]
  8 - Giorgio Moroder - Paul's Theme (Jogging Chase).mp3
  → Giorgio Moroder - Paul's Theme (Jogging Chase).mp3
  ♬ Giorgio Moroder — Paul's Theme (Jogging Chase), album : Cat People (Original Motion Picture Soundtrack), année : 1982, genre : Soundtrack
[787/1381] 8.13.Do Sal & Sol Eu Sou (Afrobombas).mp3
  ♪ Afrobombass — Do Sal E Sol Eu Sou  [SongRec]
  8.13.Do Sal & Sol Eu Sou (Afrobombas).mp3
  → Afrobombass - Do Sal E Sol Eu Sou.mp3
  ♬ Afrobombass — Do Sal E Sol Eu Sou, genre : Indie Pop
[788/1381] 83. The Wee Papa Girl Rappers - Wee Rule.mp3
  ♪ Wee Papa Girl Rappers — Wee Rule (Wee Rule - Single) [1988]  [SongRec]
  83. The Wee Papa Girl Rappers - Wee Rule.mp3
  → Wee Papa Girl Rappers - Wee Rule.mp3
  ♬ Wee Papa Girl Rappers — Wee Rule, album : Wee Rule - Single, année : 1988, genre : Dance
[789/1381] 9 - Le Parking Des Anges (Live Olympia 2003).mp3
  ♪ Marc Lavoine — Le parking des anges (Live Olympia 2003) (Olympia Deuxmilletrois (Live)) [2003]  [SongRec]
  9 - Le Parking Des Anges (Live Olympia 2003).mp3
  → Marc Lavoine - Le parking des anges (Live Olympia 2003).mp3
  ♬ Marc Lavoine — Le parking des anges (Live Olympia 2003), album : Olympia Deuxmilletrois (Live), année : 2003, genre : French Pop
[790/1381] 9 - The Wanderer (Sharon The Nag Mix).mp3
  ♪ Status Quo — The Wanderer (Second Thoughts) [1984]  [SongRec]
  9 - The Wanderer (Sharon The Nag Mix).mp3
  → Status Quo - The Wanderer.mp3
  ♬ Status Quo — The Wanderer, album : Second Thoughts, année : 1984, genre : Electronic
[791/1381] 9. Blinding Lights.dsf
  ✗ non reconnu (ni SongRec ni tags)
[792/1381] 99 Souls - The Girl Is Mine (Extended Remix).mp3
  ♪ 99 Souls — The Girl Is Mine (feat. Destiny's Child & Brandy) (The Girl Is Mine (feat. Destiny's Child & Brandy) [Remixes] - EP) [2016]  [SongRec]
  99 Souls - The Girl Is Mine (Extended Remix).mp3
  → 99 Souls - The Girl Is Mine (feat. Destiny's Child & Brandy).mp3
  ♬ 99 Souls — The Girl Is Mine (feat. Destiny's Child & Brandy), album : The Girl Is Mine (feat. Destiny's Child & Brandy) [Remixes] - EP, année : 2016, genre : Dance
[793/1381] 99 Souls - The Girl Is Mine (Extended Remix)_639159722600315076.mp3
  ♪ 99 Souls — The Girl Is Mine (feat. Destiny's Child & Brandy) (The Girl Is Mine (feat. Destiny's Child & Brandy) [Remixes] - EP) [2016]  [SongRec]
  ⚠ conflit : 99 Souls - The Girl Is Mine (feat. Destiny's Child & Brandy).mp3 existe déjà, ignoré
  ♬ 99 Souls — The Girl Is Mine (feat. Destiny's Child & Brandy), album : The Girl Is Mine (feat. Destiny's Child & Brandy) [Remixes] - EP, année : 2016, genre : Dance
[794/1381] 9A - 120 - Calypso Queen - Mo Laudi Remix - Calypso Rose.mp3
  ♪ Calypso Rose — Calypso Queen (Mo Laudi Remix) (Soundsystem Remixes - EP) [2016]  [SongRec]
  9A - 120 - Calypso Queen - Mo Laudi Remix - Calypso Rose.mp3
  → Calypso Rose - Calypso Queen (Mo Laudi Remix).mp3
  ♬ Calypso Rose — Calypso Queen (Mo Laudi Remix), album : Soundsystem Remixes - EP, année : 2016, genre : Electronic
[795/1381] A la base.mp3
  ♪ PLK — A la base (Enna Boost) [2021]  [SongRec]
  A la base.mp3
  → PLK - A la base.mp3
  ♬ PLK — A la base, album : Enna Boost, année : 2021, genre : Hip-Hop/Rap
[796/1381] A01 High (Higher Mix).mp3
  ♪ The Cure — High (Higher Mix) [2022 Remaster] (Wish (30th Anniversary Deluxe Edition)) [1992]  [SongRec]
  A01 High (Higher Mix).mp3
  → The Cure - High (Higher Mix) [2022 Remaster].mp3
  ♬ The Cure — High (Higher Mix) [2022 Remaster], album : Wish (30th Anniversary Deluxe Edition), année : 1992, genre : Alternative
[797/1381] A01 How Do You Do! (Bomkrash 12 inch Remix).mp3
  ♪ Roxette — How Do You Do! (Bomkrash US Mix) (ROX RMX (Remixes From The Roxette Vaults)) [1992]  [SongRec]
  A01 How Do You Do! (Bomkrash 12 inch Remix).mp3
  → Roxette - How Do You Do! (Bomkrash US Mix).mp3
  ♬ Roxette — How Do You Do! (Bomkrash US Mix), album : ROX RMX (Remixes From The Roxette Vaults), année : 1992, genre : Pop
[798/1381] A05 - City Of Blinding Lights.mp3
  ♪ U2 — City of Blinding Lights (How to Dismantle an Atomic Bomb (Bonus Track Version)) [2004]  [SongRec]
  A05 - City Of Blinding Lights.mp3
  → U2 - City of Blinding Lights.mp3
  ♬ U2 — City of Blinding Lights, album : How to Dismantle an Atomic Bomb (Bonus Track Version), année : 2004, genre : Rock
[799/1381] A1  What Is Love (12 Mix).dsf
  ✗ non reconnu (ni SongRec ni tags)
[800/1381] A1 - Ocean Colour Scene - Hundred Mile High City.mp3
  ♪ Ocean Colour Scene — Hundred Mile High City (Marchin' Already) [1997]  [SongRec]
  A1 - Ocean Colour Scene - Hundred Mile High City.mp3
  → Ocean Colour Scene - Hundred Mile High City.mp3
  ♬ Ocean Colour Scene — Hundred Mile High City, album : Marchin' Already, année : 1997, genre : Alternative
[801/1381] A1 Stay With Me Till Dawn (Translucid Sunset Remix).mp3
  ♪ Lucid — Stay with Me Till Dawn (Translucid Remix)  [SongRec]
  A1 Stay With Me Till Dawn (Translucid Sunset Remix).mp3
  → Lucid - Stay with Me Till Dawn (Translucid Remix).mp3
  ♬ Lucid — Stay with Me Till Dawn (Translucid Remix), genre : Dance
[802/1381] A1. The Gap Band - Big Fun (Mega Mix).mp3
  ♪ The Gap Band — Big Fun (Gap Band 8) [1986]  [SongRec]
  A1. The Gap Band - Big Fun (Mega Mix).mp3
  → The Gap Band - Big Fun.mp3
  ♬ The Gap Band — Big Fun, album : Gap Band 8, année : 1986, genre : R&B/Soul
[803/1381] A2 - Down To Earth.mp3
  ♪ Curiosity Killed the Cat — Down to Earth (Very Best) [1986]  [SongRec]
  A2 - Down To Earth.mp3
  → Curiosity Killed the Cat - Down to Earth.mp3
  ♬ Curiosity Killed the Cat — Down to Earth, album : Very Best, année : 1986, genre : Rock
[804/1381] A2 - I Put A Spell On You [Sonique Remix].mp3
  ♪ Sonique — I Put A Spell on You [Sonique Remix] (I Put A Spell on You) [2000]  [tags existants]
  A2 - I Put A Spell On You [Sonique Remix].mp3
  → Sonique - I Put A Spell on You [Sonique Remix].mp3
  ♬ Sonique — I Put A Spell on You [Sonique Remix], album : I Put A Spell on You, année : 2000
[805/1381] A2-Rock That Body.dsf
  ✗ non reconnu (ni SongRec ni tags)
[806/1381] A2. Big Trouble In Little China.mp3
  ♪ Municipal Waste — A2. Big Trouble in Little China (Tango and Thrash + Monster Ball People of Earth) [2003]  [tags existants]
  A2. Big Trouble In Little China.mp3
  → Municipal Waste - A2. Big Trouble in Little China.mp3
  ♬ Municipal Waste — A2. Big Trouble in Little China, album : Tango and Thrash + Monster Ball People of Earth, année : 2003
[807/1381] A3 Everywhere.dsf
  ✗ non reconnu (ni SongRec ni tags)
[808/1381] A3 Hymn For The Weekend.dsf
  ✗ non reconnu (ni SongRec ni tags)
[809/1381] A4 - Let Me Love You Like A Woman.mp3
  ♪ Lana Del Rey — Let Me Love You Like a Woman (Chemtrails Over the Country Club) [2020]  [SongRec]
  A4 - Let Me Love You Like A Woman.mp3
  → Lana Del Rey - Let Me Love You Like a Woman.mp3
  ♬ Lana Del Rey — Let Me Love You Like a Woman, album : Chemtrails Over the Country Club, année : 2020, genre : Alternative
[810/1381] A4 Drive.dsf
  ✗ non reconnu (ni SongRec ni tags)
[811/1381] A4.Exposition_We Can Work It Out.dsf
  ✗ non reconnu (ni SongRec ni tags)
[812/1381] ANIMAL - Treekoo ft. Jortyz DJ [Maria Becerra x Cazzu].mp3
  ♪ Wally Music — Animalx (Remix)  [SongRec]
  ANIMAL - Treekoo ft. Jortyz DJ [Maria Becerra x Cazzu].mp3
  → Wally Music - Animalx (Remix).mp3
  ♬ Wally Music — Animalx (Remix), genre : Latino
[813/1381] ANNA - From The Air (Original Mix).mp3
  ♪ DeepFlow — Arabica Deep House 2026 This Sound Is Addictive | Desert Flow (Arabica Deep House 2026 This Sound Is Addictive | Desert Flow) [2026]  [SongRec]
  ANNA - From The Air (Original Mix).mp3
  → DeepFlow - Arabica Deep House 2026 This Sound Is Addictive Desert Flow.mp3
  ♬ DeepFlow — Arabica Deep House 2026 This Sound Is Addictive | Desert Flow, album : Arabica Deep House 2026 This Sound Is Addictive | Desert Flow, année : 2026, genre : House
[814/1381] ANNA - From The Air (Original Mix)_639158330304600517.mp3
  ♪ DeepFlow — Arabica Deep House 2026 This Sound Is Addictive | Desert Flow (Arabica Deep House 2026 This Sound Is Addictive | Desert Flow) [2026]  [SongRec]
  ⚠ conflit : DeepFlow - Arabica Deep House 2026 This Sound Is Addictive Desert Flow.mp3 existe déjà, ignoré
  ♬ DeepFlow — Arabica Deep House 2026 This Sound Is Addictive | Desert Flow, album : Arabica Deep House 2026 This Sound Is Addictive | Desert Flow, année : 2026, genre : House
[815/1381] ANNA - From The Air (Original Mix)_639158389605897226.mp3
  ♪ DeepFlow — Arabica Deep House 2026 This Sound Is Addictive | Desert Flow (Arabica Deep House 2026 This Sound Is Addictive | Desert Flow) [2026]  [SongRec]
  ⚠ conflit : DeepFlow - Arabica Deep House 2026 This Sound Is Addictive Desert Flow.mp3 existe déjà, ignoré
  ♬ DeepFlow — Arabica Deep House 2026 This Sound Is Addictive | Desert Flow, album : Arabica Deep House 2026 This Sound Is Addictive | Desert Flow, année : 2026, genre : House
[816/1381] ANNA - From The Air (Original Mix)_639158451375794444.mp3
  ♪ DeepFlow — Arabica Deep House 2026 This Sound Is Addictive | Desert Flow (Arabica Deep House 2026 This Sound Is Addictive | Desert Flow) [2026]  [SongRec]
  ⚠ conflit : DeepFlow - Arabica Deep House 2026 This Sound Is Addictive Desert Flow.mp3 existe déjà, ignoré
  ♬ DeepFlow — Arabica Deep House 2026 This Sound Is Addictive | Desert Flow, album : Arabica Deep House 2026 This Sound Is Addictive | Desert Flow, année : 2026, genre : House
[817/1381] ANNA - From The Air (Original Mix)_639159193202804308.mp3
  ♪ DeepFlow — Arabica Deep House 2026 This Sound Is Addictive | Desert Flow (Arabica Deep House 2026 This Sound Is Addictive | Desert Flow) [2026]  [SongRec]
  ⚠ conflit : DeepFlow - Arabica Deep House 2026 This Sound Is Addictive Desert Flow.mp3 existe déjà, ignoré
  ♬ DeepFlow — Arabica Deep House 2026 This Sound Is Addictive | Desert Flow, album : Arabica Deep House 2026 This Sound Is Addictive | Desert Flow, année : 2026, genre : House
[818/1381] Ace Of Base - The Sign.mp3
  ♪ Ace of Base — Wheel of Fortune (2009) (Wheel of Fortune (The Remixes) - EP) [1992]  [SongRec]
  Ace Of Base - The Sign.mp3
  → Ace of Base - Wheel of Fortune (2009).mp3
  ♬ Ace of Base — Wheel of Fortune (2009), album : Wheel of Fortune (The Remixes) - EP, année : 1992, genre : Pop
[819/1381] Adam Ten, Mita Gami - Night Shift (Original Mix).mp3
  ♪ Adam Ten & Mita Gami — Night Shift (High On - Single) [2022]  [SongRec]
  Adam Ten, Mita Gami - Night Shift (Original Mix).mp3
  → Adam Ten & Mita Gami - Night Shift.mp3
  ♬ Adam Ten & Mita Gami — Night Shift, album : High On - Single, année : 2022, genre : Techno
[820/1381] Adeva - I Thank You (Love To Infinity Mix).mp3
  ♪ Adeva — I Thank You (Adeva) [1989]  [SongRec]
  Adeva - I Thank You (Love To Infinity Mix).mp3
  → Adeva - I Thank You.mp3
  ♬ Adeva — I Thank You, album : Adeva, année : 1989, genre : Dance
[821/1381] Adina Howard - Freak Like Me (Joshwa Remix).mp3
  ♪ MCAVOY — GOOD 4 ME (GOOD 4 ME - Single) [2022]  [SongRec]
  Adina Howard - Freak Like Me (Joshwa Remix).mp3
  → MCAVOY - GOOD 4 ME.mp3
  ♬ MCAVOY — GOOD 4 ME, album : GOOD 4 ME - Single, année : 2022, genre : Electronic
[822/1381] Adina Howard - Freak Like Me (Joshwa Remix)_639158163233478576.mp3
  ♪ MCAVOY — GOOD 4 ME (GOOD 4 ME - Single) [2022]  [SongRec]
  ⚠ conflit : MCAVOY - GOOD 4 ME.mp3 existe déjà, ignoré
  ♬ MCAVOY — GOOD 4 ME, album : GOOD 4 ME - Single, année : 2022, genre : Electronic
[823/1381] Agustin Galiana - Por Que Te Vas.mp3
  ♪ Agustín Galiana — Por Que Te Vas (Plein soleil) [2020]  [SongRec]
  Agustin Galiana - Por Que Te Vas.mp3
  → Agustín Galiana - Por Que Te Vas.mp3
  ♬ Agustín Galiana — Por Que Te Vas, album : Plein soleil, année : 2020, genre : French Pop
[824/1381] Alex Party - Wrap Me Up (Original Mix).mp3
  ♪ Alex Party — Wrap Me Up (Alex Party) [1994]  [SongRec]
  Alex Party - Wrap Me Up (Original Mix).mp3
  → Alex Party - Wrap Me Up.mp3
  ♬ Alex Party — Wrap Me Up, album : Alex Party, année : 1994, genre : House
[825/1381] Alio Die ~ Arianna Tondo (Landing On Earth)-[----------]-[02]-Landing On Earth.mp3
  ♪ Alio Die ~ Arianna Tondo — Landing on Earth (Landing on Earth) [2021]  [tags existants]
  Alio Die ~ Arianna Tondo (Landing On Earth)-[----------]-[02]-Landing On Earth.mp3
  → Alio Die ~ Arianna Tondo - Landing on Earth.mp3
  ♬ Alio Die ~ Arianna Tondo — Landing on Earth, album : Landing on Earth, année : 2021
[826/1381] All Night Long (All Night) Mike Gudmann, Nippandab, Medon All Night Long (All Night).mp3
  ♪ Mike Gudmann, Nippandab & Medon — All Night Long (All Night) (All Night Long (All Night) - Single) [2022]  [SongRec]
  All Night Long (All Night) Mike Gudmann, Nippandab, Medon All Night Long (All Night).mp3
  → Mike Gudmann, Nippandab & Medon - All Night Long (All Night).mp3
  ♬ Mike Gudmann, Nippandab & Medon — All Night Long (All Night), album : All Night Long (All Night) - Single, année : 2022, genre : Dance
[827/1381] All Saints, Nelle Hooper - Under the Bridge.mp3
  ♪ All Saints — Under the Bridge (All Saints) [1997]  [SongRec]
  All Saints, Nelle Hooper - Under the Bridge.mp3
  → All Saints - Under the Bridge.mp3
  ♬ All Saints — Under the Bridge, album : All Saints, année : 1997, genre : Dance
[828/1381] Allan Rayman - Much Too Much.mp3
  ♪ Allan Rayman — Much Too Much (Much Too Much - Single) [2016]  [SongRec]
  = nom déjà correct
  ♬ Allan Rayman — Much Too Much, album : Much Too Much - Single, année : 2016, genre : Alternative
[829/1381] Ameriie - 1 Thing.mp3
  ♪ Amerie — 1 Thing (Touch) [2005]  [SongRec]
  Ameriie - 1 Thing.mp3
  → Amerie - 1 Thing.mp3
  ♬ Amerie — 1 Thing, album : Touch, année : 2005, genre : R&B/Soul
[830/1381] Amy Macdonald - This Is The Life [Disc 1].mp3
  ♪ Amy Macdonald — Let's Start a Band (This Is the Life) [2007]  [SongRec]
  Amy Macdonald - This Is The Life [Disc 1].mp3
  → Amy Macdonald - Let's Start a Band.mp3
  ♬ Amy Macdonald — Let's Start a Band, album : This Is the Life, année : 2007, genre : Pop
[831/1381] Amy Studt - Misfit.mp3
  ♪ Amy Studt — Misfit (False Smiles (New Version)) [2002]  [SongRec]
  = nom déjà correct
  ♬ Amy Studt — Misfit, album : False Smiles (New Version), année : 2002, genre : Pop
[832/1381] Anaklein - Emotion (Radio Edit 2).mp3
  ♪ Anaklein — Emotion (Radio Edit 2) (I've Got the Music - EP) [2003]  [SongRec]
  = nom déjà correct
  ♬ Anaklein — Emotion (Radio Edit 2), album : I've Got the Music - EP, année : 2003, genre : Electronic
[833/1381] Anderson Paak, Kaytranada - Glowed Up (Chris Grooves x Mijos Edit).[Hood Politics Records].mp3
  ♪ Karla Bonoff — Anderson Paak, Kaytranada - Glowed Up (Chris Grooves X Mijos Edit).[Hood Politics Records] (Unknown Album)  [tags existants]
  Anderson Paak, Kaytranada - Glowed Up (Chris Grooves x Mijos Edit).[Hood Politics Records].mp3
  → Karla Bonoff - Anderson Paak, Kaytranada - Glowed Up (Chris Grooves X Mijos Edit).[Hood Politics Records].mp3
  ♬ Karla Bonoff — Anderson Paak, Kaytranada - Glowed Up (Chris Grooves X Mijos Edit).[Hood Politics Records], album : Unknown Album
[834/1381] Andrew Liles - COLOSSUS (PART TWO- 1994 - 2018) - 16 Right Round (Narration by M S Waldron).mp3
  ♪ Andrew Liles — Right Round (Narration by M S Waldron) (Colossus (Part Two: 1994 - 2018)) [2019]  [tags existants]
  Andrew Liles - COLOSSUS (PART TWO- 1994 - 2018) - 16 Right Round (Narration by M S Waldron).mp3
  → Andrew Liles - Right Round (Narration by M S Waldron).mp3
  ♬ Andrew Liles — Right Round (Narration by M S Waldron), album : Colossus (Part Two: 1994 - 2018), année : 2019
[835/1381] Ane Brun vs NuDisorder - One Last Try (Original Mix).mp3
  ♪ Ane Brun — One Last Try (Do You Remember - EP) [2011]  [SongRec]
  Ane Brun vs NuDisorder - One Last Try (Original Mix).mp3
  → Ane Brun - One Last Try.mp3
  ♬ Ane Brun — One Last Try, album : Do You Remember - EP, année : 2011, genre : Pop
[836/1381] Angine de Poitrine - ANGINE DE POITRINE - VOL.1 - 04 Ababa Hotel.mp3
  ♪ Angine de Poitrine — Ababa hôtel (Vol.1) [2024]  [SongRec]
  ⚠ conflit : Angine de Poitrine - Ababa hôtel.mp3 existe déjà, ignoré
  ♬ Angine de Poitrine — Ababa hôtel, album : Vol.1, année : 2024, genre : Rock
[837/1381] Ann Lee, Will Atkinson - 2 Times (Extended M.mp3
  ♪ Dimitri Vegas, Steve Aoki & Ann Lee — 2 Times (feat. Sound Of Legend) (2 Times (feat. Sound Of Legend) - Single) [2024]  [SongRec]
  Ann Lee, Will Atkinson - 2 Times (Extended M.mp3
  → Dimitri Vegas, Steve Aoki & Ann Lee - 2 Times (feat. Sound Of Legend).mp3
  ♬ Dimitri Vegas, Steve Aoki & Ann Lee — 2 Times (feat. Sound Of Legend), album : 2 Times (feat. Sound Of Legend) - Single, année : 2024, genre : Dance
[838/1381] Annie2016-39 - 05-10-2016 - Annie Nightingale - Jagwar Ma Quest Mix, Infinity Ink Ignition Mix.mp3
  ♪ Annie Nightingale, Jagwar Ma, Infinity Ink — Annie Nightingale on Bbc Radio1 - 2016-10-05 [2016]  [tags existants]
  Annie2016-39 - 05-10-2016 - Annie Nightingale - Jagwar Ma Quest Mix, Infinity Ink Ignition Mix.mp3
  → Annie Nightingale, Jagwar Ma, Infinity Ink - Annie Nightingale on Bbc Radio1 - 2016-10-05.mp3
  ♬ Annie Nightingale, Jagwar Ma, Infinity Ink — Annie Nightingale on Bbc Radio1 - 2016-10-05, année : 2016
[839/1381] Annie2016-39 - 05-10-2016 - Annie Nightingale - Jagwar Ma Quest Mix, Infinity Ink Ignition Mix_639158535606538911.mp3
  ♪ Annie Nightingale, Jagwar Ma, Infinity Ink — Annie Nightingale on Bbc Radio1 - 2016-10-05 [2016]  [tags existants]
  ⚠ conflit : Annie Nightingale, Jagwar Ma, Infinity Ink - Annie Nightingale on Bbc Radio1 - 2016-10-05.mp3 existe déjà, ignoré
  ♬ Annie Nightingale, Jagwar Ma, Infinity Ink — Annie Nightingale on Bbc Radio1 - 2016-10-05, année : 2016
[840/1381] Annie2016-39 - 05-10-2016 - Annie Nightingale - Jagwar Ma Quest Mix, Infinity Ink Ignition Mix_639158671145824938.mp3
  ♪ Annie Nightingale, Jagwar Ma, Infinity Ink — Annie Nightingale on Bbc Radio1 - 2016-10-05 [2016]  [tags existants]
  ⚠ conflit : Annie Nightingale, Jagwar Ma, Infinity Ink - Annie Nightingale on Bbc Radio1 - 2016-10-05.mp3 existe déjà, ignoré
  ♬ Annie Nightingale, Jagwar Ma, Infinity Ink — Annie Nightingale on Bbc Radio1 - 2016-10-05, année : 2016
[841/1381] Annie2016-39 - 05-10-2016 - Annie Nightingale - Jagwar Ma Quest Mix, Infinity Ink Ignition Mix_639158734158872382.mp3
  ♪ Annie Nightingale, Jagwar Ma, Infinity Ink — Annie Nightingale on Bbc Radio1 - 2016-10-05 [2016]  [tags existants]
  ⚠ conflit : Annie Nightingale, Jagwar Ma, Infinity Ink - Annie Nightingale on Bbc Radio1 - 2016-10-05.mp3 existe déjà, ignoré
  ♬ Annie Nightingale, Jagwar Ma, Infinity Ink — Annie Nightingale on Bbc Radio1 - 2016-10-05, année : 2016
[842/1381] Annie2016-39 - 05-10-2016 - Annie Nightingale - Jagwar Ma Quest Mix, Infinity Ink Ignition Mix_639158759562621090.mp3
  ♪ Annie Nightingale, Jagwar Ma, Infinity Ink — Annie Nightingale on Bbc Radio1 - 2016-10-05 [2016]  [tags existants]
  ⚠ conflit : Annie Nightingale, Jagwar Ma, Infinity Ink - Annie Nightingale on Bbc Radio1 - 2016-10-05.mp3 existe déjà, ignoré
  ♬ Annie Nightingale, Jagwar Ma, Infinity Ink — Annie Nightingale on Bbc Radio1 - 2016-10-05, année : 2016
[843/1381] Annie2016-39 - 05-10-2016 - Annie Nightingale - Jagwar Ma Quest Mix, Infinity Ink Ignition Mix_639158864467789937.mp3
  ♪ Annie Nightingale, Jagwar Ma, Infinity Ink — Annie Nightingale on Bbc Radio1 - 2016-10-05 [2016]  [tags existants]
  ⚠ conflit : Annie Nightingale, Jagwar Ma, Infinity Ink - Annie Nightingale on Bbc Radio1 - 2016-10-05.mp3 existe déjà, ignoré
  ♬ Annie Nightingale, Jagwar Ma, Infinity Ink — Annie Nightingale on Bbc Radio1 - 2016-10-05, année : 2016
[844/1381] Arrested Development - People Everyday (Speech Metamorphosis Mix).mp3
  ♪ Arrested Development — People Everyday (3 Years, 5 Months and 2 Days In the Life Of...) [1992]  [SongRec]
  Arrested Development - People Everyday (Speech Metamorphosis Mix).mp3
  → Arrested Development - People Everyday.mp3
  ♬ Arrested Development — People Everyday, album : 3 Years, 5 Months and 2 Days In the Life Of..., année : 1992, genre : Hip-Hop/Rap
[845/1381] Arrested Development - People Everyday (Speech Metamorphosis Mix)_639157567068374392.mp3
  ♪ Arrested Development — People Everyday (3 Years, 5 Months and 2 Days In the Life Of...) [1992]  [SongRec]
  ⚠ conflit : Arrested Development - People Everyday.mp3 existe déjà, ignoré
  ♬ Arrested Development — People Everyday, album : 3 Years, 5 Months and 2 Days In the Life Of..., année : 1992, genre : Hip-Hop/Rap
[846/1381] Ashanti - Rock Wit U (Awww Baby) [Pound Boys Club Mix].mp3
  ♪ Ashanti — Rock Wit U (Awww Baby) [Pound Boys Club Mix] (Rock Wit U (Awww Baby) [Pound Boys Club Mix] - Single) [2003]  [SongRec]
  = nom déjà correct
  ♬ Ashanti — Rock Wit U (Awww Baby) [Pound Boys Club Mix], album : Rock Wit U (Awww Baby) [Pound Boys Club Mix] - Single, année : 2003, genre : Dance
[847/1381] Atomic Kitten - Eternal Flame (Single Version).mp3
  ♪ Atomic Kitten — Eternal Flame (Right Now) [1999]  [SongRec]
  Atomic Kitten - Eternal Flame (Single Version).mp3
  → Atomic Kitten - Eternal Flame.mp3
  ♬ Atomic Kitten — Eternal Flame, album : Right Now, année : 1999, genre : Rock
[848/1381] Axel Johansson - Adagio For Strings (Radio Edit).mp3
  ♪ Axel Johansson — Adagio For Strings (Adagio For Strings - Single) [2024]  [SongRec]
  Axel Johansson - Adagio For Strings (Radio Edit).mp3
  → Axel Johansson - Adagio For Strings.mp3
  ♬ Axel Johansson — Adagio For Strings, album : Adagio For Strings - Single, année : 2024, genre : Dance
[849/1381] B - Exhalation (DJ Sprinkles' Deep Breath Mix).mp3
  ♪ Parallax Beat Brothers, Pete Lockett & Scanner — Exhalation (Autek (2007 Edition)) [2005]  [SongRec]
  B - Exhalation (DJ Sprinkles' Deep Breath Mix).mp3
  → Parallax Beat Brothers, Pete Lockett & Scanner - Exhalation.mp3
  ♬ Parallax Beat Brothers, Pete Lockett & Scanner — Exhalation, album : Autek (2007 Edition), année : 2005, genre : Electronic
[850/1381] B. Faith Evans - Love Like This (T-Project Remix).mp3
  ♪ Goldsound & Danny Groove — Love Like This (Love Like This - Single) [2025]  [SongRec]
  B. Faith Evans - Love Like This (T-Project Remix).mp3
  → Goldsound & Danny Groove - Love Like This.mp3
  ♬ Goldsound & Danny Groove — Love Like This, album : Love Like This - Single, année : 2025, genre : House
[851/1381] B1 - Diesel Power.dsf
  ✗ non reconnu (ni SongRec ni tags)
[852/1381] B1 - Diesel Power_639157922225974010.dsf
  ✗ non reconnu (ni SongRec ni tags)
[853/1381] B1 - Limbo.mp3
  ♪ Royal Blood — Limbo (Typhoons) [2021]  [SongRec]
  B1 - Limbo.mp3
  → Royal Blood - Limbo.mp3
  ♬ Royal Blood — Limbo, album : Typhoons, année : 2021, genre : Rock
[854/1381] B1 - Little Monster.mp3
  ♪ Royal Blood — Little Monster (Royal Blood) [2014]  [SongRec]
  B1 - Little Monster.mp3
  → Royal Blood - Little Monster.mp3
  ♬ Royal Blood — Little Monster, album : Royal Blood, année : 2014, genre : Alternative
[855/1381] B1 Friends.dsf
  ✗ non reconnu (ni SongRec ni tags)
[856/1381] B1 Gonna Fly Now.dsf
  ✗ non reconnu (ni SongRec ni tags)
[857/1381] B1 MLK.mp3
  ♪ U2 — MLK (Live at Madison Square Garden, NY, 09/28/87) (The Joshua Tree (30th Anniversary Super Deluxe Edition)) [1987]  [SongRec]
  B1 MLK.mp3
  → U2 - MLK (Live at Madison Square Garden, NY, 092887).mp3
  ♬ U2 — MLK (Live at Madison Square Garden, NY, 09/28/87), album : The Joshua Tree (30th Anniversary Super Deluxe Edition), année : 1987, genre : Rock
[858/1381] B1. Saudade - Little Suzy (Original Mix).mp3
  ♪ Saudade — Little Suzy (Major Boys Mix)  [SongRec]
  B1. Saudade - Little Suzy (Original Mix).mp3
  → Saudade - Little Suzy (Major Boys Mix).mp3
  ♬ Saudade — Little Suzy (Major Boys Mix)
[859/1381] B2 Cheerleader.mp3
  ♪ Grizzly Bear — Cheerleader (Veckatimest) [2009]  [SongRec]
  B2 Cheerleader.mp3
  → Grizzly Bear - Cheerleader.mp3
  ♬ Grizzly Bear — Cheerleader, album : Veckatimest, année : 2009, genre : Alternative
[860/1381] B2. Lonnie Gordon - Gonna Catch You (The Blue Circle).mp3
  ♪ Lonnie Gordon — Gonna Catch You (Bad Mood) [1993]  [SongRec]
  B2. Lonnie Gordon - Gonna Catch You (The Blue Circle).mp3
  → Lonnie Gordon - Gonna Catch You.mp3
  ♬ Lonnie Gordon — Gonna Catch You, album : Bad Mood, année : 1993, genre : Dance
[861/1381] B3 - If You Want My Love (Here It Is) (More Than Enuff Love Mix).mp3
  ♪ The Cover Girls — If You Want My Love (Here It Is) [More Than Enuff Love Mix] (If You Want My Love (Here It Is)) [1992]  [SongRec]
  B3 - If You Want My Love (Here It Is) (More Than Enuff Love Mix).mp3
  → The Cover Girls - If You Want My Love (Here It Is) [More Than Enuff Love Mix].mp3
  ♬ The Cover Girls — If You Want My Love (Here It Is) [More Than Enuff Love Mix], album : If You Want My Love (Here It Is), année : 1992, genre : Dance
[862/1381] B5. Jaki Graham - Set Me Free (Special Extended Mix).mp3
  ♪ Jaki Graham — Set Me Free (Breaking Away) [1986]  [SongRec]
  B5. Jaki Graham - Set Me Free (Special Extended Mix).mp3
  → Jaki Graham - Set Me Free.mp3
  ♬ Jaki Graham — Set Me Free, album : Breaking Away, année : 1986, genre : R&B/Soul
[863/1381] B5. Lullaby.dsf
  ✗ non reconnu (ni SongRec ni tags)
[864/1381] B6 - Since U Been Gone_639160512033524552.mp3
  ♪ A Day to Remember — Since U Been Gone (For Those Who Have Heart (Deluxe Edition)) [2007]  [SongRec]
  B6 - Since U Been Gone_639160512033524552.mp3
  → A Day to Remember - Since U Been Gone.mp3
  ♬ A Day to Remember — Since U Been Gone, album : For Those Who Have Heart (Deluxe Edition), année : 2007, genre : Rock
[865/1381] BALEARIC CHILL OUT VIBES SESSION Jjos (Balearic Cafe Chillout Island Lounge) Chill Out chillstep.mp3
  ♪ Jjos — Around Control (feat. Manu López) [Lounge Mix] (Around Control (feat. Manu López) [Lounge Mix] - Single) [2013]  [SongRec]
  BALEARIC CHILL OUT VIBES SESSION Jjos (Balearic Cafe Chillout Island Lounge) Chill Out chillstep.mp3
  → Jjos - Around Control (feat. Manu López) [Lounge Mix].mp3
  ♬ Jjos — Around Control (feat. Manu López) [Lounge Mix], album : Around Control (feat. Manu López) [Lounge Mix] - Single, année : 2013, genre : Electronic
[866/1381] BALEARIC CHILL OUT VIBES SESSION Jjos (Balearic Cafe Chillout Island Lounge) Chill Out chillstep_639159147324489062.mp3
  ♪ Jjos — Around Control (feat. Manu López) [Lounge Mix] (Around Control (feat. Manu López) [Lounge Mix] - Single) [2013]  [SongRec]
  ⚠ conflit : Jjos - Around Control (feat. Manu López) [Lounge Mix].mp3 existe déjà, ignoré
  ♬ Jjos — Around Control (feat. Manu López) [Lounge Mix], album : Around Control (feat. Manu López) [Lounge Mix] - Single, année : 2013, genre : Electronic
[867/1381] BYOR, Imanbek - Belly Dancer (LUM!X Extended Remix) [Musical Freedom].mp3
  ♪ Imanbek & BYOR — Belly Dancer (LUM!X Remix) (Belly Dancer (LUM!X Remix) - Single) [2022]  [SongRec]
  BYOR, Imanbek - Belly Dancer (LUM!X Extended Remix) [Musical Freedom].mp3
  → Imanbek & BYOR - Belly Dancer (LUM!X Remix).mp3
  ♬ Imanbek & BYOR — Belly Dancer (LUM!X Remix), album : Belly Dancer (LUM!X Remix) - Single, année : 2022, genre : Dance
[868/1381] Baby D - Let me be your fantasy ( Younger Than Me 90's Wax Edit ).mp3
  ♪ Baby D — Let Me Be Your Fantasy (Deliverance - EP) [1992]  [SongRec]
  Baby D - Let me be your fantasy ( Younger Than Me 90's Wax Edit ).mp3
  → Baby D - Let Me Be Your Fantasy.mp3
  ♬ Baby D — Let Me Be Your Fantasy, album : Deliverance - EP, année : 1992, genre : Pop
[869/1381] Bad Tuner - Coast.mp3
  ♪ bad tuner — Coast (Coast / Sourire - Single) [2020]  [SongRec]
  Bad Tuner - Coast.mp3
  → bad tuner - Coast.mp3
  ♬ bad tuner — Coast, album : Coast / Sourire - Single, année : 2020, genre : Electronic
[870/1381] Bananarama - Venus (12'' Version) (5.1).mp3
  ♪ Bananarama — Venus (Venus (Boys Noize Rework) - Single) [1986]  [SongRec]
  Bananarama - Venus (12'' Version) (5.1).mp3
  → Bananarama - Venus.mp3
  ♬ Bananarama — Venus, album : Venus (Boys Noize Rework) - Single, année : 1986, genre : Pop
[871/1381] Barac @ Club Eden, Bucharest _ Romania 15.04.2015.mp3
  ♪ Karla Bonoff — Barac @ Club Eden, Bucharest : Romania 15.04.2015  10 Hours Set (Unknown Album)  [tags existants]
  Barac @ Club Eden, Bucharest _ Romania 15.04.2015.mp3
  → Karla Bonoff - Barac @ Club Eden, Bucharest Romania 15.04.2015 10 Hours Set.mp3
  ♬ Karla Bonoff — Barac @ Club Eden, Bucharest : Romania 15.04.2015  10 Hours Set, album : Unknown Album
[872/1381] Barry White-1983-Love Songs (Barry White & Love Unlimited Also Feat. The Love Unlimited Orchestra) - 10 - You See The Trouble With Me-24bit-192Khz.mp3
  ♪ Barry White — You See The Trouble With Me (Let The Music Play) [1976]  [SongRec]
  Barry White-1983-Love Songs (Barry White & Love Unlimited Also Feat. The Love Unlimited Orchestra) - 10 - You See The Trouble With Me-24bit-192Khz.mp3
  → Barry White - You See The Trouble With Me.mp3
  ♬ Barry White — You See The Trouble With Me, album : Let The Music Play, année : 1976, genre : R&B/Soul
[873/1381] Bassjackers, Jaxx & Vega & Futuristic Polar Bears-2020-Run Away-16bit-44,1Khz.mp3
  ♪ Bassjackers, Jaxx & Vega & Futuristic Polar Bears — Run Away (Run Away - Single) [2020]  [SongRec]
  Bassjackers, Jaxx & Vega & Futuristic Polar Bears-2020-Run Away-16bit-44,1Khz.mp3
  → Bassjackers, Jaxx & Vega & Futuristic Polar Bears - Run Away.mp3
  ♬ Bassjackers, Jaxx & Vega & Futuristic Polar Bears — Run Away, album : Run Away - Single, année : 2020, genre : Electronic
[874/1381] Beauz, JKRS - My Humps (Extended Mix).mp3
  ♪ BEAUZ & JKRS — My Humps (My Humps - Single) [2024]  [SongRec]
  Beauz, JKRS - My Humps (Extended Mix).mp3
  → BEAUZ & JKRS - My Humps.mp3
  ♬ BEAUZ & JKRS — My Humps, album : My Humps - Single, année : 2024, genre : Techno
[875/1381] Belinda Carlisle - In Too Deep.mp3
  ♪ Belinda Carlisle — In Too Deep (A Woman and a Man) [1996]  [SongRec]
  = nom déjà correct
  ♬ Belinda Carlisle — In Too Deep, album : A Woman and a Man, année : 1996, genre : Pop
[876/1381] Ben Pearce - What I Might Do (Radio Edit).mp3
  ♪ Ben Pearce — What I Might Do (Club Mix)  [SongRec]
  Ben Pearce - What I Might Do (Radio Edit).mp3
  → Ben Pearce - What I Might Do (Club Mix).mp3
  ♬ Ben Pearce — What I Might Do (Club Mix), genre : Electronic
[877/1381] Berlin - Take My Breath Away (Love Theme From Top Gun).dsf
  ✗ non reconnu (ni SongRec ni tags)
[878/1381] Best of 2022  ELECTRO SWING! Year End Review ◈ New 3 Hour Swingin' Hot Mix! ◈ Vol. 2! - .mp3
  ♪ Karla Bonoff — Best of 2022 | Electro Swing!| Year End Review ◈ New 3 Hour Swingin' Hot mix! ◈ Vol. 2! (Unknown Album)  [tags existants]
  Best of 2022  ELECTRO SWING! Year End Review ◈ New 3 Hour Swingin' Hot Mix! ◈ Vol. 2! - .mp3
  → Karla Bonoff - Best of 2022 Electro Swing! Year End Review ◈ New 3 Hour Swingin' Hot mix! ◈ Vol. 2!.mp3
  ♬ Karla Bonoff — Best of 2022 | Electro Swing!| Year End Review ◈ New 3 Hour Swingin' Hot mix! ◈ Vol. 2!, album : Unknown Album
[879/1381] Betty Boo - Let Me Take You There (John Coxon Take U There Mix).mp3
  ♪ Betty Boo — Let Me Take You There (Take U There Mix) (Grrr! It's Betty Boo (Expanded)) [1992]  [SongRec]
  Betty Boo - Let Me Take You There (John Coxon Take U There Mix).mp3
  → Betty Boo - Let Me Take You There (Take U There Mix).mp3
  ♬ Betty Boo — Let Me Take You There (Take U There Mix), album : Grrr! It's Betty Boo (Expanded), année : 1992, genre : Pop
[880/1381] Billy Idol -  Mony Mony (Downtown Mix).mp3
  ♪ Billy Idol — Mony Mony (Don't Stop - EP) [1981]  [SongRec]
  Billy Idol -  Mony Mony (Downtown Mix).mp3
  → Billy Idol - Mony Mony.mp3
  ♬ Billy Idol — Mony Mony, album : Don't Stop - EP, année : 1981, genre : Pop
[881/1381] Birdy - Skinny Love.mp3
  ♪ Birdy — Skinny Love (Fire Within) [2011]  [SongRec]
  = nom déjà correct
  ♬ Birdy — Skinny Love, album : Fire Within, année : 2011, genre : Alternative
[882/1381] Block & Crown, Lissat, Paul Parsons - Take Me To Funkytown (Original Mix).mp3
  ♪ Lipps, Inc. — Funkytown (Long Version) (Funkyworld - The Best of Lipps, Inc.) [1979]  [SongRec]
  Block & Crown, Lissat, Paul Parsons - Take Me To Funkytown (Original Mix).mp3
  → Lipps, Inc. - Funkytown (Long Version).mp3
  ♬ Lipps, Inc. — Funkytown (Long Version), album : Funkyworld - The Best of Lipps, Inc., année : 1979, genre : R&B/Soul
[883/1381] Blur - Coffee + TV TOCP-61023 (Japan Edition).mp3
  ♪ Blur — Bugman (13) [1999]  [SongRec]
  Blur - Coffee + TV TOCP-61023 (Japan Edition).mp3
  → Blur - Bugman.mp3
  ♬ Blur — Bugman, album : 13, année : 1999, genre : Rock
[884/1381] Blur - Song 2 (Japan TOCP-50174).mp3
  ♪ Blur — Beetlebum (Blur (2012 Remaster)) [1997]  [SongRec]
  Blur - Song 2 (Japan TOCP-50174).mp3
  → Blur - Beetlebum.mp3
  ♬ Blur — Beetlebum, album : Blur (2012 Remaster), année : 1997, genre : Alternative
[885/1381] Bob Harrison ‎– Yellow Moon.mp3
  ♪ Bob Harrison — Singing In Her Car (Yellow Moon) [2025]  [SongRec]
  Bob Harrison ‎– Yellow Moon.mp3
  → Bob Harrison - Singing In Her Car.mp3
  ♬ Bob Harrison — Singing In Her Car, album : Yellow Moon, année : 2025, genre : Rock
[886/1381] Bob Sinclar - World Hold On feat. Steve Edwa.mp3
  ♪ Steve Edwards, Bob Sinclar & Sly & Robbie — World Hold On (Made in Jamaica) [2010]  [SongRec]
  Bob Sinclar - World Hold On feat. Steve Edwa.mp3
  → Steve Edwards, Bob Sinclar & Sly & Robbie - World Hold On.mp3
  ♬ Steve Edwards, Bob Sinclar & Sly & Robbie — World Hold On, album : Made in Jamaica, année : 2010, genre : Electronic
[887/1381] Bobby Brown - Don't Be Cruel - 06 Every Little Step.mp3
  ♪ Bobby Brown — Every Little Step (Don't Be Cruel) [1988]  [SongRec]
  Bobby Brown - Don't Be Cruel - 06 Every Little Step.mp3
  → Bobby Brown - Every Little Step.mp3
  ♬ Bobby Brown — Every Little Step, album : Don't Be Cruel, année : 1988, genre : Pop
[888/1381] Bobby Brown - Every Little Step (Roy McLeod Funkymix Remix).mp3
  ♪ Bobby Brown — Every Little Step (Don't Be Cruel) [1988]  [SongRec]
  ⚠ conflit : Bobby Brown - Every Little Step.mp3 existe déjà, ignoré
  ♬ Bobby Brown — Every Little Step, album : Don't Be Cruel, année : 1988, genre : Pop
[889/1381] Bobby Brown - On Our Own.mp3
  ♪ Bobby Brown — On Our Own (Gold) [1989]  [SongRec]
  = nom déjà correct
  ♬ Bobby Brown — On Our Own, album : Gold, année : 1989, genre : R&B/Soul
[890/1381] Bobby Brown-1988-Don't Be Cruel - 06 - Every Little Step-32bit-384Khz.mp3
  ♪ Bobby Brown — Every Little Step (Don't Be Cruel) [1988]  [SongRec]
  ⚠ conflit : Bobby Brown - Every Little Step.mp3 existe déjà, ignoré
  ♬ Bobby Brown — Every Little Step, album : Don't Be Cruel, année : 1988, genre : Pop
[891/1381] Bobby Brown-1989-Dance!...ya Know It! - 06 - On Our Own-32bit-384Khz.mp3
  ♪ Bobby Brown — On Our Own (Gold) [1989]  [SongRec]
  ⚠ conflit : Bobby Brown - On Our Own.mp3 existe déjà, ignoré
  ♬ Bobby Brown — On Our Own, album : Gold, année : 1989, genre : R&B/Soul
[892/1381] Booty Luv - Boogie 2Nite (Seamus Haji Big Love Edit).mp3
  ♪ Booty Luv — Boogie 2Nite (Seamus Haji Big Love Edit) (Boogie 2Nite) [2006]  [SongRec]
  = nom déjà correct
  ♬ Booty Luv — Boogie 2Nite (Seamus Haji Big Love Edit), album : Boogie 2Nite, année : 2006, genre : Dance
[893/1381] Boulevard Des Airs - Je Me Dis Que Toi Aussi.mp3
  ♪ Boulevard des Airs — Je me dis que toi aussi (Je me dis que toi aussi) [2018]  [SongRec]
  Boulevard Des Airs - Je Me Dis Que Toi Aussi.mp3
  → Boulevard des Airs - Je me dis que toi aussi.mp3
  ♬ Boulevard des Airs — Je me dis que toi aussi, album : Je me dis que toi aussi, année : 2018, genre : French Pop
[894/1381] Boulevard Des Airs - Je Me Dis Que Toi Aussi_639158382207494350.mp3
  ♪ Boulevard des Airs — Je me dis que toi aussi (Je me dis que toi aussi) [2018]  [SongRec]
  ⚠ conflit : Boulevard des Airs - Je me dis que toi aussi.mp3 existe déjà, ignoré
  ♬ Boulevard des Airs — Je me dis que toi aussi, album : Je me dis que toi aussi, année : 2018, genre : French Pop
[895/1381] Brian OwensThomas Owens - A Change Is Gonna Come feat - Thomas Owens.mp3
  ♪ Brian Owens — A Change Is Gonna Come (feat. Thomas Owens) (A Change Is Gonna Come (feat. Thomas Owens) - Single) [2017]  [SongRec]
  Brian OwensThomas Owens - A Change Is Gonna Come feat - Thomas Owens.mp3
  → Brian Owens - A Change Is Gonna Come (feat. Thomas Owens).mp3
  ♬ Brian Owens — A Change Is Gonna Come (feat. Thomas Owens), album : A Change Is Gonna Come (feat. Thomas Owens) - Single, année : 2017, genre : R&B/Soul
[896/1381] Brian OwensThomas Owens - A Change Is Gonna Come feat - Thomas Owens_639158719990405542.mp3
  ♪ Brian Owens — A Change Is Gonna Come (feat. Thomas Owens) (A Change Is Gonna Come (feat. Thomas Owens) - Single) [2017]  [SongRec]
  ⚠ conflit : Brian Owens - A Change Is Gonna Come (feat. Thomas Owens).mp3 existe déjà, ignoré
  ♬ Brian Owens — A Change Is Gonna Come (feat. Thomas Owens), album : A Change Is Gonna Come (feat. Thomas Owens) - Single, année : 2017, genre : R&B/Soul
[897/1381] Brian OwensThomas Owens - A Change Is Gonna Come feat - Thomas Owens_639158905574365752.mp3
  ♪ Brian Owens — A Change Is Gonna Come (feat. Thomas Owens) (A Change Is Gonna Come (feat. Thomas Owens) - Single) [2017]  [SongRec]
  ⚠ conflit : Brian Owens - A Change Is Gonna Come (feat. Thomas Owens).mp3 existe déjà, ignoré
  ♬ Brian Owens — A Change Is Gonna Come (feat. Thomas Owens), album : A Change Is Gonna Come (feat. Thomas Owens) - Single, année : 2017, genre : R&B/Soul
[898/1381] Bruno Mars - Treasure.mp3
  ♪ Bruno Mars — Treasure (Unorthodox Jukebox) [2012]  [SongRec]
  = nom déjà correct
  ♬ Bruno Mars — Treasure, album : Unorthodox Jukebox, année : 2012, genre : Pop
[899/1381] Bryson Tiller - Exchange (Flava D Edit).mp3
  ♪ Bryson Tiller — Exchange (T R A P S O U L) [2015]  [SongRec]
  Bryson Tiller - Exchange (Flava D Edit).mp3
  → Bryson Tiller - Exchange.mp3
  ♬ Bryson Tiller — Exchange, album : T R A P S O U L, année : 2015, genre : R&B/Soul
[900/1381] Bubble - Spa Street Sounds Vs Beenie Man - Dude.mp3
  ♪ Ayup Dub — Handle Your Business (Handle Your Business - Single) [2023]  [SongRec]
  Bubble - Spa Street Sounds Vs Beenie Man - Dude.mp3
  → Ayup Dub - Handle Your Business.mp3
  ♬ Ayup Dub — Handle Your Business, album : Handle Your Business - Single, année : 2023, genre : Garage
[901/1381] C1 - Soul Surfing.mp3
  ♪ Fatboy Slim — Build It Up - Tear It Down (You've Come a Long Way Baby) [1998]  [SongRec]
  C1 - Soul Surfing.mp3
  → Fatboy Slim - Build It Up - Tear It Down.mp3
  ♬ Fatboy Slim — Build It Up - Tear It Down, album : You've Come a Long Way Baby, année : 1998, genre : Dance
[902/1381] C1 Summer Girl.dsf
  ✗ non reconnu (ni SongRec ni tags)
[903/1381] C1 You Could Be Mine.dsf
  ✗ non reconnu (ni SongRec ni tags)
[904/1381] CD1.mp3
  ♪ Faith No More — Ugly In the Morning (King for a Day, Fool for a Lifetime) [1995]  [SongRec]
  CD1.mp3
  → Faith No More - Ugly In the Morning.mp3
  ♬ Faith No More — Ugly In the Morning, album : King for a Day, Fool for a Lifetime, année : 1995, genre : Hard Rock
[905/1381] CDImage.ape
  ✗ non reconnu (ni SongRec ni tags)
[906/1381] CDImage.flac
  ✗ non reconnu (ni SongRec ni tags)
[907/1381] CDImage.mp3
  ♪ Everything But the Girl — Missing (Amplified Heart) [1994]  [SongRec]
  CDImage.mp3
  → Everything But the Girl - Missing.mp3
  ♬ Everything But the Girl — Missing, album : Amplified Heart, année : 1994, genre : Pop
[908/1381] CDImage_639160616291670453.mp3
  ♪ Ike & Tina Turner — I Idolize You (Dynamite!) [1962]  [SongRec]
  CDImage_639160616291670453.mp3
  → Ike & Tina Turner - I Idolize You.mp3
  ♬ Ike & Tina Turner — I Idolize You, album : Dynamite!, année : 1962, genre : R&B/Soul
[909/1381] CJ - WHOOPTY - JAMES HYPE VIP - DIRTY.mp3
  ♪ Joe Montana — Electric Dreams (Car Wash EP) [2006]  [SongRec]
  CJ - WHOOPTY - JAMES HYPE VIP - DIRTY.mp3
  → Joe Montana - Electric Dreams.mp3
  ♬ Joe Montana — Electric Dreams, album : Car Wash EP, année : 2006, genre : Dance
[910/1381] Calvin Harris - Feel So Close (Radio Edit).mp3
  ♪ Calvin Harris — Feel So Close (Radio Edit) (18 Months) [2011]  [SongRec]
  = nom déjà correct
  ♬ Calvin Harris — Feel So Close (Radio Edit), album : 18 Months, année : 2011, genre : Dance
[911/1381] Cappella Mediterranea - Leonardo Garcia Alarcon - Virtuossima Compositrice.ape
  ✗ non reconnu (ni SongRec ni tags)
[912/1381] Cappella-2011-Move on baby (radio mix)-16bit-44,1Khz.mp3
  ♪ Cappella — Move On Baby (Mars Plastic Mix) (Move On Baby - EP) [2026]  [SongRec]
  Cappella-2011-Move on baby (radio mix)-16bit-44,1Khz.mp3
  → Cappella - Move On Baby (Mars Plastic Mix).mp3
  ♬ Cappella — Move On Baby (Mars Plastic Mix), album : Move On Baby - EP, année : 2026, genre : House
[913/1381] Cast - Beat Mama (Fire Island Classic Boys Own Dub).mp3
  ♪ Farley & Heller — Cast - Beat Mama (Fire Island Classic Boys Own Dub) (The Remix Collection) [2014]  [tags existants]
  Cast - Beat Mama (Fire Island Classic Boys Own Dub).mp3
  → Farley & Heller - Cast - Beat Mama (Fire Island Classic Boys Own Dub).mp3
  ♬ Farley & Heller — Cast - Beat Mama (Fire Island Classic Boys Own Dub), album : The Remix Collection, année : 2014
[914/1381] Cathy Dennis - Move To This (Polydor Expanded Edition) - 12 - Too Many Walls.mp3
  ♪ Cathy Dennis — Too Many Walls (Move To This (Polydor Expanded Edition)) [1990]  [SongRec]
  Cathy Dennis - Move To This (Polydor Expanded Edition) - 12 - Too Many Walls.mp3
  → Cathy Dennis - Too Many Walls.mp3
  ♬ Cathy Dennis — Too Many Walls, album : Move To This (Polydor Expanded Edition), année : 1990, genre : Pop
[915/1381] CeCe Peniston - Finally (Sweet Mercy DMC Remix).mp3
  ♪ Karla Bonoff — Cece Peniston - Finally (Sweet Mercy Dmc Remix) ([Unknown Album])  [tags existants]
  CeCe Peniston - Finally (Sweet Mercy DMC Remix).mp3
  → Karla Bonoff - Cece Peniston - Finally (Sweet Mercy Dmc Remix).mp3
  ♬ Karla Bonoff — Cece Peniston - Finally (Sweet Mercy Dmc Remix), album : [Unknown Album]
[916/1381] CeCe Peniston - We Got A Love Thang (Maurice Joshua Dub Mix).mp3
  ♪ DJ Fere — Weekend 1 (Weekend 1) [2016]  [SongRec]
  CeCe Peniston - We Got A Love Thang (Maurice Joshua Dub Mix).mp3
  → DJ Fere - Weekend 1.mp3
  ♬ DJ Fere — Weekend 1, album : Weekend 1, année : 2016, genre : Pop
[917/1381] Celeste - Stop This Flame (MK Remix).mp3
  ♪ Celeste & MK — Stop This Flame (Celeste x MK) (Stop This Flame (Celeste x MK) - Single) [2021]  [SongRec]
  Celeste - Stop This Flame (MK Remix).mp3
  → Celeste & MK - Stop This Flame (Celeste x MK).mp3
  ♬ Celeste & MK — Stop This Flame (Celeste x MK), album : Stop This Flame (Celeste x MK) - Single, année : 2021, genre : Dance
[918/1381] Chase & Status - Lost & Not Found ft. Louis Mattrs (Radio Rip).mp3
  ♪ Chase & Status — Lost & Not Found (feat. Louis M^ttrs) (Brand New Machine) [2013]  [SongRec]
  Chase & Status - Lost & Not Found ft. Louis Mattrs (Radio Rip).mp3
  → Chase & Status - Lost & Not Found (feat. Louis M^ttrs).mp3
  ♬ Chase & Status — Lost & Not Found (feat. Louis M^ttrs), album : Brand New Machine, année : 2013, genre : Electronic
[919/1381] Cher - It’s a Man’s World - 15 - One by One (Junior Vasquez club vocal mix).mp3
  ♪ Cher — One By One (Junior Vasquez Vocal Edit) [Remix] (Divas Dance) [2004]  [SongRec]
  Cher - It’s a Man’s World - 15 - One by One (Junior Vasquez club vocal mix).mp3
  → Cher - One By One (Junior Vasquez Vocal Edit) [Remix].mp3
  ♬ Cher — One By One (Junior Vasquez Vocal Edit) [Remix], album : Divas Dance, année : 2004, genre : Pop
[920/1381] Chic-1977-Chic (2018 Remaster) - 01 - Dance, Dance, Dance (Yowsah, Yowsah, Yowsah) (2018 Remaster)-24bit-192Khz.mp3
  ♪ Chic — Dance, Dance, Dance (Yowsah, Yowsah, Yowsah) (Chic (Remastered)) [1977]  [SongRec]
  Chic-1977-Chic (2018 Remaster) - 01 - Dance, Dance, Dance (Yowsah, Yowsah, Yowsah) (2018 Remaster)-24bit-192Khz.mp3
  → Chic - Dance, Dance, Dance (Yowsah, Yowsah, Yowsah).mp3
  ♬ Chic — Dance, Dance, Dance (Yowsah, Yowsah, Yowsah), album : Chic (Remastered), année : 1977, genre : Disco
[921/1381] China Black - Searching (Ronin Mix).mp3
  ♪ China Black — Searching (Reggae Lovers Rock) [1999]  [SongRec]
  China Black - Searching (Ronin Mix).mp3
  → China Black - Searching.mp3
  ♬ China Black — Searching, album : Reggae Lovers Rock, année : 1999, genre : Reggae
[922/1381] Chris Rea - Auberge - Disc 2.mp3
  ♪ Chris Rea — Working On It (Live at NEC Birmingham 1991) [2019 Remaster] (Auberge (Deluxe Edition) [2019 Remaster]) [1991]  [SongRec]
  Chris Rea - Auberge - Disc 2.mp3
  → Chris Rea - Working On It (Live at NEC Birmingham 1991) [2019 Remaster].mp3
  ♬ Chris Rea — Working On It (Live at NEC Birmingham 1991) [2019 Remaster], album : Auberge (Deluxe Edition) [2019 Remaster], année : 1991, genre : Pop
[923/1381] Chris Zippel & Michael Ritter - Shut Off The Lights (Jeremiah McKnight Extended Remix).aif
  ✗ non reconnu (ni SongRec ni tags)
[924/1381] Christina Milian Feat. Joe Budden - Whatever You Want (Radio Version With Rap).mp3
  ♪ Christina Milian Feat. Joe Budden — Whatever You Want (Radio Version With Rap) (Whatever You Want Cd Single 1 2004) [2004]  [tags existants]
  = nom déjà correct
  ♬ Christina Milian Feat. Joe Budden — Whatever You Want (Radio Version With Rap), album : Whatever You Want Cd Single 1 2004, année : 2004
[925/1381] Chuck Jackson - Goin' Back to Chuck Jackson - 04 - Loving You Is Sweeter Than Ever.mp3
  ♪ Chuck Jackson — Loving You Is Sweeter Than Ever (Goin' Back To Chuck Jackson) [1969]  [SongRec]
  Chuck Jackson - Goin' Back to Chuck Jackson - 04 - Loving You Is Sweeter Than Ever.mp3
  → Chuck Jackson - Loving You Is Sweeter Than Ever.mp3
  ♬ Chuck Jackson — Loving You Is Sweeter Than Ever, album : Goin' Back To Chuck Jackson, année : 1969, genre : R&B/Soul
[926/1381] Classic Chicago Detroit House - The Weekend - Clubhouse.mp3
  ♪ Erb — The Weekend (Vocal Mix)  [SongRec]
  Classic Chicago Detroit House - The Weekend - Clubhouse.mp3
  → Erb - The Weekend (Vocal Mix).mp3
  ♬ Erb — The Weekend (Vocal Mix), genre : House
[927/1381] Club 77 Sydney - Close Counters B2B Golden Vessel 5 hour set live from Club 77.mp3
  ♪ Club 77 Sydney — Close Counters B2b Golden Vessel 5 Hour Set Live From Club 77 (Unknown Album) [2022]  [tags existants]
  Club 77 Sydney - Close Counters B2B Golden Vessel 5 hour set live from Club 77.mp3
  → Club 77 Sydney - Close Counters B2b Golden Vessel 5 Hour Set Live From Club 77.mp3
  ♬ Club 77 Sydney — Close Counters B2b Golden Vessel 5 Hour Set Live From Club 77, album : Unknown Album, année : 2022
[928/1381] Clubbers Guide Summer 2006, Part 1_.ogg
  ✗ non reconnu (ni SongRec ni tags)
[929/1381] Coldplay - Mylo Xyloto - 03 - Paradise.mp3
  ♪ Coldplay — Paradise (Mylo Xyloto) [2011]  [SongRec]
  Coldplay - Mylo Xyloto - 03 - Paradise.mp3
  → Coldplay - Paradise.mp3
  ♬ Coldplay — Paradise, album : Mylo Xyloto, année : 2011, genre : Alternative
[930/1381] Color Me Badd - New Jack City (Music from the Motion Picture) - 08 - I Wanna Sex You Up (Single Mix).mp3
  ♪ Color Me Badd — I Wanna Sex You Up (I Wanna Sex You Up) [1991]  [SongRec]
  Color Me Badd - New Jack City (Music from the Motion Picture) - 08 - I Wanna Sex You Up (Single Mix).mp3
  → Color Me Badd - I Wanna Sex You Up.mp3
  ♬ Color Me Badd — I Wanna Sex You Up, album : I Wanna Sex You Up, année : 1991, genre : R&B/Soul
[931/1381] Comme Disait Le Poète.mp3
  ♪ Ralph Thamar — Comme disait le poète (Caraïbes) [1991]  [SongRec]
  Comme Disait Le Poète.mp3
  → Ralph Thamar - Comme disait le poète.mp3
  ♬ Ralph Thamar — Comme disait le poète, album : Caraïbes, année : 1991, genre : World
[932/1381] Connie - Funky Little Beat (20 Dolla Julio Acapella in Edit).mp3
  ♪ Connie — Funky Little Beat (Thump Pick Six Connie - EP) [2002]  [SongRec]
  Connie - Funky Little Beat (20 Dolla Julio Acapella in Edit).mp3
  → Connie - Funky Little Beat.mp3
  ♬ Connie — Funky Little Beat, album : Thump Pick Six Connie - EP, année : 2002, genre : Dance
[933/1381] Crazy Frog - Axel F (Radio Edit).mp3
  ♪ Crazy Frog — Axel F (Best of Crazy Hits) [2000]  [SongRec]
  Crazy Frog - Axel F (Radio Edit).mp3
  → Crazy Frog - Axel F.mp3
  ♬ Crazy Frog — Axel F, album : Best of Crazy Hits, année : 2000, genre : Pop
[934/1381] Culture Club & Dolly Parton - Your Kisses Are Charity (Blouse And Skirt Mix).mp3
  ♪ Culture Club — Your Kisses Are Charity (Blouse and Skirt Mix) (Don't Mind If I Do) [1999]  [SongRec]
  Culture Club & Dolly Parton - Your Kisses Are Charity (Blouse And Skirt Mix).mp3
  → Culture Club - Your Kisses Are Charity (Blouse and Skirt Mix).mp3
  ♬ Culture Club — Your Kisses Are Charity (Blouse and Skirt Mix), album : Don't Mind If I Do, année : 1999, genre : Pop/Rock
[935/1381] Culture Club - Colour by Numbers - 01 - Karma Chameleon – Remastered 2002.mp3
  ♪ Culture Club — Karma Chameleon (Colour By Numbers) [1983]  [SongRec]
  Culture Club - Colour by Numbers - 01 - Karma Chameleon – Remastered 2002.mp3
  → Culture Club - Karma Chameleon.mp3
  ♬ Culture Club — Karma Chameleon, album : Colour By Numbers, année : 1983, genre : Rock
[936/1381] D-Mob Feat. LRS & DC Sarome - It Is Time To Get Funky (12 Version).mp3
  ♪ Mastermixers — Rave to the Rhythm (Mega Bass Vol 2 (The Ultimate Megamix)) [2021]  [SongRec]
  D-Mob Feat. LRS & DC Sarome - It Is Time To Get Funky (12 Version).mp3
  → Mastermixers - Rave to the Rhythm.mp3
  ♬ Mastermixers — Rave to the Rhythm, album : Mega Bass Vol 2 (The Ultimate Megamix), année : 2021, genre : Disco
[937/1381] D02. C Sol - The Taken.mp3
  ♪ C Sol — The Taken (Iicmp Compilation Vol. Ii) [1997]  [tags existants]
  D02. C Sol - The Taken.mp3
  → C Sol - The Taken.mp3
  ♬ C Sol — The Taken, album : Iicmp Compilation Vol. Ii, année : 1997
[938/1381] D3 - Red Zone (Part 1).mp3
  ♪ Robert Miles — Red Zone (Dreamland) [1995]  [SongRec]
  D3 - Red Zone (Part 1).mp3
  → Robert Miles - Red Zone.mp3
  ♬ Robert Miles — Red Zone, album : Dreamland, année : 1995, genre : Dance
[939/1381] DAVID GUETTA, MORTEN - Kill Me Slow (Extended Mix).mp3
  ♪ David Guetta & MORTEN — Kill Me Slow (New Rave - EP) [2020]  [SongRec]
  DAVID GUETTA, MORTEN - Kill Me Slow (Extended Mix).mp3
  → David Guetta & MORTEN - Kill Me Slow.mp3
  ♬ David Guetta & MORTEN — Kill Me Slow, album : New Rave - EP, année : 2020, genre : Dance
[940/1381] DESESPERADOS (Remix) - Treekoo ft. Maxi Jayat [Rauw Alejandro, Chencho Corleone].mp3
  ♪ Mike Morato — Desesperados (Desesperados - Single) [2022]  [SongRec]
  DESESPERADOS (Remix) - Treekoo ft. Maxi Jayat [Rauw Alejandro, Chencho Corleone].mp3
  → Mike Morato - Desesperados.mp3
  ♬ Mike Morato — Desesperados, album : Desesperados - Single, année : 2022, genre : Latin Urban
[941/1381] Daft Punk - One more time (long radio edit).mp3
  ♪ Daft Punk — One More Time (Discovery) [2000]  [SongRec]
  Daft Punk - One more time (long radio edit).mp3
  → Daft Punk - One More Time.mp3
  ♬ Daft Punk — One More Time, album : Discovery, année : 2000, genre : Dance
[942/1381] Daft Punk - Technologic + Indo Silver Club + Burnin’ Remixes - 01 - Burnin’ (DJ Sneak remix).mp3
  ♪ Todd Terry — Groove For Life (Retrospective 2) [2024]  [SongRec]
  Daft Punk - Technologic + Indo Silver Club + Burnin’ Remixes - 01 - Burnin’ (DJ Sneak remix).mp3
  → Todd Terry - Groove For Life.mp3
  ♬ Todd Terry — Groove For Life, album : Retrospective 2, année : 2024, genre : Dance
[943/1381] Damien Rice - The Blower's Daughter_Cannonball.mp3
  ♪ Damien Rice — Cannonball (O) [2002]  [SongRec]
  Damien Rice - The Blower's Daughter_Cannonball.mp3
  → Damien Rice - Cannonball.mp3
  ♬ Damien Rice — Cannonball, album : O, année : 2002, genre : Singer/Songwriter
[944/1381] Danny Darko  -  Stand Up (KarlK Remix).mp3
  ♪ Danny Darko — Stand Up (KarlK Remix) [feat. Jamie Bailey] (Stand Up (KarlK Remix) [feat. Jamie Bailey] - Single) [2015]  [SongRec]
  Danny Darko  -  Stand Up (KarlK Remix).mp3
  → Danny Darko - Stand Up (KarlK Remix) [feat. Jamie Bailey].mp3
  ♬ Danny Darko — Stand Up (KarlK Remix) [feat. Jamie Bailey], album : Stand Up (KarlK Remix) [feat. Jamie Bailey] - Single, année : 2015, genre : Electronic
[945/1381] David Guetta - Sexy Bitch (Extended) (feat. Aliaune Akon Thiam & Akon).mp3
  ♪ David Guetta — Sexy Bitch (feat. Akon) (Memories of Summer - EP) [2009]  [SongRec]
  David Guetta - Sexy Bitch (Extended) (feat. Aliaune Akon Thiam & Akon).mp3
  → David Guetta - Sexy Bitch (feat. Akon).mp3
  ♬ David Guetta — Sexy Bitch (feat. Akon), album : Memories of Summer - EP, année : 2009, genre : Electronica
[946/1381] David Guetta - When Love Takes Over.mp3
  ♪ David Guetta — When Love Takes Over (feat. Kelly Rowland) (Sunset - EP) [2009]  [SongRec]
  David Guetta - When Love Takes Over.mp3
  → David Guetta - When Love Takes Over (feat. Kelly Rowland).mp3
  ♬ David Guetta — When Love Takes Over (feat. Kelly Rowland), album : Sunset - EP, année : 2009, genre : House
[947/1381] Dax Riders - People (original mix).mp3
  ♪ Dax Riders — People (Radio Edit) (People Remixes - EP) [2003]  [SongRec]
  Dax Riders - People (original mix).mp3
  → Dax Riders - People (Radio Edit).mp3
  ♬ Dax Riders — People (Radio Edit), album : People Remixes - EP, année : 2003, genre : Disco
[948/1381] Deadmau5, Kaskade - I Remember (Mass Digital Remix).mp3
  ♪ Mass Digital — Deadmau5, Kaskade - I Remember (Mass Digital Remix) ([Unknown Album]) [2025]  [tags existants]
  Deadmau5, Kaskade - I Remember (Mass Digital Remix).mp3
  → Mass Digital - Deadmau5, Kaskade - I Remember (Mass Digital Remix).mp3
  ♬ Mass Digital — Deadmau5, Kaskade - I Remember (Mass Digital Remix), album : [Unknown Album], année : 2025
[949/1381] Deetah - Relax (Blacksmith Club Mix).mp3
  ♪ Deetah — Relax (Blacksmith Club mix) ([Unknown Album])  [tags existants]
  Deetah - Relax (Blacksmith Club Mix).mp3
  → Deetah - Relax (Blacksmith Club mix).mp3
  ♬ Deetah — Relax (Blacksmith Club mix), album : [Unknown Album]
[950/1381] Demis Roussos - On écrit sur les murs.mp3
  ♪ Demis Roussos — On Ecrit Sur Les Murs (Collected) [2015]  [SongRec]
  Demis Roussos - On écrit sur les murs.mp3
  → Demis Roussos - On Ecrit Sur Les Murs.mp3
  ♬ Demis Roussos — On Ecrit Sur Les Murs, album : Collected, année : 2015, genre : Pop
[951/1381] Dennis Lloyd - Nevermind (Gruwski Remix EXT).mp3
  ✗ non reconnu (ni SongRec ni tags)
[952/1381] Dido-2001-No Angel - 12 - Take My Hand-DSD256.dsf
  ✗ non reconnu (ni SongRec ni tags)
[953/1381] Dillistone & SOMMA ft NOËP - Body on fire.mp3
  ♪ SOMMA & Dillistone — Body on Fire (Extended) (Body on Fire - Single) [2022]  [SongRec]
  Dillistone & SOMMA ft NOËP - Body on fire.mp3
  → SOMMA & Dillistone - Body on Fire (Extended).mp3
  ♬ SOMMA & Dillistone — Body on Fire (Extended), album : Body on Fire - Single, année : 2022, genre : House
[954/1381] Dingue - Soprano.mp3
  ♪ Soprano — Dingue (Chasseur d'étoiles) [2021]  [SongRec]
  Dingue - Soprano.mp3
  → Soprano - Dingue.mp3
  ♬ Soprano — Dingue, album : Chasseur d'étoiles, année : 2021, genre : French Pop
[955/1381] Disclosure - Omen (Zim Flip V2.9) FINAL.mp3
  ✗ non reconnu (ni SongRec ni tags)
[956/1381] Dj Assad - Li Tourner (Radio Edit).mp3
  ♪ DJ Assad — Li Tourner (feat. Alain Ramanisum & Willy William) [Radio Edit] (Li Tourner 2013 (feat. Alain Ramanisum & Willy William) [Radio Edit] - Single) [2013]  [SongRec]
  Dj Assad - Li Tourner (Radio Edit).mp3
  → DJ Assad - Li Tourner (feat. Alain Ramanisum & Willy William) [Radio Edit].mp3
  ♬ DJ Assad — Li Tourner (feat. Alain Ramanisum & Willy William) [Radio Edit], album : Li Tourner 2013 (feat. Alain Ramanisum & Willy William) [Radio Edit] - Single, année : 2013, genre : Dance
[957/1381] Dj Lexx - Moombaton.mp3
  ♪ Dj Lexx — Moombaton  [SongRec]
  = nom déjà correct
  ♬ Dj Lexx — Moombaton, genre : Latino
[958/1381] Dj Meme Presents Disco Ii Disco-2012 - 20 - Ac Soul Symphony - The Kinda Love (Joey Negro Strung Out Dub)-16bit-44.1Khz.mp3
  ♪ Maldini De Avila — NightClub (NightClub - Single) [2025]  [SongRec]
  Dj Meme Presents Disco Ii Disco-2012 - 20 - Ac Soul Symphony - The Kinda Love (Joey Negro Strung Out Dub)-16bit-44.1Khz.mp3
  → Maldini De Avila - NightClub.mp3
  ♬ Maldini De Avila — NightClub, album : NightClub - Single, année : 2025, genre : House
[959/1381] Don't Stop EP - 04 - Dancing With Myself - EP Version - Generation X.aif
  ✗ non reconnu (ni SongRec ni tags)
[960/1381] Donald Byrd & the Blackbyrds - Rock Creek Park (Durkin Edit).mp3
  ♪ The Blackbyrds — Rock Creek Park (City Life) [1975]  [SongRec]
  Donald Byrd & the Blackbyrds - Rock Creek Park (Durkin Edit).mp3
  → The Blackbyrds - Rock Creek Park.mp3
  ♬ The Blackbyrds — Rock Creek Park, album : City Life, année : 1975, genre : R&B/Soul
[961/1381] Donald Byrd - (Fallin' Like) Dominoes (Doc Adam Edit).mp3
  ♪ Donald Byrd — (Fallin' Like) Dominoes (Places & Spaces) [1975]  [SongRec]
  Donald Byrd - (Fallin' Like) Dominoes (Doc Adam Edit).mp3
  → Donald Byrd - (Fallin' Like) Dominoes.mp3
  ♬ Donald Byrd — (Fallin' Like) Dominoes, album : Places & Spaces, année : 1975, genre : Jazz
[962/1381] Download 8 2.m4a
  ✗ non reconnu (ni SongRec ni tags)
[963/1381] Download(2).mp3
  ♪ Midnight Star — Night Rider (No Parking On the Dance Floor) [1983]  [SongRec]
  Download(2).mp3
  → Midnight Star - Night Rider.mp3
  ♬ Midnight Star — Night Rider, album : No Parking On the Dance Floor, année : 1983, genre : R&B/Soul
[964/1381] Download(3).Mp3.mp3
  ♪ James Brown — Mind Power (Regrooved By Basement Freaks)  [SongRec]
  Download(3).Mp3.mp3
  → James Brown - Mind Power (Regrooved By Basement Freaks).mp3
  ♬ James Brown — Mind Power (Regrooved By Basement Freaks)
[965/1381] Drake - Passionfruit (Rude Jude Remix).mp3
  ✗ non reconnu (ni SongRec ni tags)
[966/1381] Dream Team - Ride Wit Me (1998).mp3
  ♪ Snoop Dogg & Slick Rick — Unify (The Art of Storytelling) [1999]  [SongRec]
  Dream Team - Ride Wit Me (1998).mp3
  → Snoop Dogg & Slick Rick - Unify.mp3
  ♬ Snoop Dogg & Slick Rick — Unify, album : The Art of Storytelling, année : 1999, genre : Hip-Hop/Rap
[967/1381] Duran Duran - A View To A Kill (James Bond OST) (Peter Fenton Art Of Mix Scenic Remix).mp3
  ♪ Duran Duran — A View to a Kill (Decade) [1985]  [SongRec]
  Duran Duran - A View To A Kill (James Bond OST) (Peter Fenton Art Of Mix Scenic Remix).mp3
  → Duran Duran - A View to a Kill.mp3
  ♬ Duran Duran — A View to a Kill, album : Decade, année : 1985, genre : Pop
[968/1381] Duran Duran - Notorious.mp3
  ♪ Duran Duran — Hold Me (Notorious) [1986]  [SongRec]
  Duran Duran - Notorious.mp3
  → Duran Duran - Hold Me.mp3
  ♬ Duran Duran — Hold Me, album : Notorious, année : 1986, genre : Pop
[969/1381] Dye O - Vibrant Presence.mp3
  ♪ Dye O — Vibrant Presence (Vibrant Presence - Single) [2022]  [SongRec]
  = nom déjà correct
  ♬ Dye O — Vibrant Presence, album : Vibrant Presence - Single, année : 2022, genre : Dance
[970/1381] EP 254 Claudia O'Doherty, Cory Hanson, Eric Wareheim, ''Weird'' Al Pacino (6-15-23).mp3
  ✗ non reconnu (ni SongRec ni tags)
[971/1381] East 17 - Hey Child.mp3
  ♪ East 17 — Hey Child (The Very Best of East 17) [1996]  [SongRec]
  = nom déjà correct
  ♬ East 17 — Hey Child, album : The Very Best of East 17, année : 1996, genre : Pop
[972/1381] East 17 - West End Girls (Jeremy Allom & Mykaell Riley Faces On Posters Mix).mp3
  ♪ East 17 — West End Girls (Faces on Posters Mix) (Walthamstow) [1992]  [SongRec]
  East 17 - West End Girls (Jeremy Allom & Mykaell Riley Faces On Posters Mix).mp3
  → East 17 - West End Girls (Faces on Posters Mix).mp3
  ♬ East 17 — West End Girls (Faces on Posters Mix), album : Walthamstow, année : 1992, genre : Pop
[973/1381] Ed Sheeran - Sing.mp3
  ♪ Ed Sheeran — Sing (x) [2014]  [SongRec]
  = nom déjà correct
  ♬ Ed Sheeran — Sing, album : x, année : 2014, genre : Pop
[974/1381] Ed Sheeran - Sing_639159976251284817.mp3
  ♪ Ed Sheeran — Sing (x) [2014]  [SongRec]
  ⚠ conflit : Ed Sheeran - Sing.mp3 existe déjà, ignoré
  ♬ Ed Sheeran — Sing, album : x, année : 2014, genre : Pop
[975/1381] El Alfa x CJ x El Cherry Scom - La Mamá de la Mamá (GORDO x REDTAPE Remix).mp3
  ♪ El Alfa, CJ & Chael Produciendo — La Mamá de la Mamá (feat. El Cherry Scom) [GORDO & REDTAPE Remix] [Mixed] (Benny Benassi at EDC Las Vegas 2021: Circuit Grounds Stage (DJ Mix)) [2021]  [SongRec]
  El Alfa x CJ x El Cherry Scom - La Mamá de la Mamá (GORDO x REDTAPE Remix).mp3
  → El Alfa, CJ & Chael Produciendo - La Mamá de la Mamá (feat. El Cherry Scom) [GORDO & REDTAPE Remix] [Mixed].mp3
  ♬ El Alfa, CJ & Chael Produciendo — La Mamá de la Mamá (feat. El Cherry Scom) [GORDO & REDTAPE Remix] [Mixed], album : Benny Benassi at EDC Las Vegas 2021: Circuit Grounds Stage (DJ Mix), année : 2021, genre : Dance
[976/1381] Ellie Goulding-2023-Halcyon Nights Bonus Edition - 02 - Burn-DSD128.dsf
  ✗ non reconnu (ni SongRec ni tags)
[977/1381] Emelie.mp3
  ♪ filous & MOUNT — Emelie (feat. Buster Moe) [Radio Edit] (Emelie (feat. Buster Moe) [Radio Edit] - Single) [2016]  [SongRec]
  Emelie.mp3
  → filous & MOUNT - Emelie (feat. Buster Moe) [Radio Edit].mp3
  ♬ filous & MOUNT — Emelie (feat. Buster Moe) [Radio Edit], album : Emelie (feat. Buster Moe) [Radio Edit] - Single, année : 2016, genre : Dance
[978/1381] Eminem - Stay Wide Awake (Produced by D.mp3
  ♪ Eminem — Stay Wide Awake (Produced by D  [tags existants]
  = nom déjà correct
  ♬ Eminem — Stay Wide Awake (Produced by D
[979/1381] Emmanuelle Seigner - Dingue - 08 - Femme fatale.mp3
  ♪ Emmanuelle Seigner — Femme fatale (Dingue) [2010]  [SongRec]
  Emmanuelle Seigner - Dingue - 08 - Femme fatale.mp3
  → Emmanuelle Seigner - Femme fatale.mp3
  ♬ Emmanuelle Seigner — Femme fatale, album : Dingue, année : 2010, genre : French Pop
[980/1381] Enae Volare Mezzo (DJ Gregoryan Edit) - eRa.mp3
  ♪ Era — Enae Volare Mezzo (Dj Gregoryan Edit) (*Carpaccio*Summer*Hits*2022 V/A [CC008]) [2022]  [tags existants]
  Enae Volare Mezzo (DJ Gregoryan Edit) - eRa.mp3
  → Era - Enae Volare Mezzo (Dj Gregoryan Edit).mp3
  ♬ Era — Enae Volare Mezzo (Dj Gregoryan Edit), album : *Carpaccio*Summer*Hits*2022 V/A [CC008], année : 2022
[981/1381] Enrique Iglesias - Escape.mp3
  ♪ Enrique Iglesias — One Night Stand (Escape) [2001]  [SongRec]
  Enrique Iglesias - Escape.mp3
  → Enrique Iglesias - One Night Stand.mp3
  ♬ Enrique Iglesias — One Night Stand, album : Escape, année : 2001, genre : Latino
[982/1381] Enzo Leep - Elliot Moss - Slip (Enzo Leep 'Sunset' Edit).mp3
  ♪ Enzo Leep — Slip  [tags existants]
  Enzo Leep - Elliot Moss - Slip (Enzo Leep 'Sunset' Edit).mp3
  → Enzo Leep - Slip.mp3
  ♬ Enzo Leep — Slip
[983/1381] Ep 223 - Crying in the Club.mp3
  ✗ non reconnu (ni SongRec ni tags)
[984/1381] Essential Mix 2011-08-06 - Zane Lowe, Magnetic Man (live), Annie Mac, Deadmau5, Knife Party (live), Skream & Benga (Come Together @ Space Ibiza #1).mp3
  ♪ Rob Da Bank B2b Zane Lowe B2b Knife Party B2b Deadmau5 B2b Magnetic Man B2b Annie Mac B2b Skream & Benga — 2011-08-06: Bbc Radio 1 Essential mix: Come Together, Space, Ibiza (Bbc Radio1) [2011]  [tags existants]
  Essential Mix 2011-08-06 - Zane Lowe, Magnetic Man (live), Annie Mac, Deadmau5, Knife Party (live), Skream & Benga (Come Together @ Space Ibiza #1).mp3
  → Rob Da Bank B2b Zane Lowe B2b Knife Party B2b Deadmau5 B2b Magnetic Man B2b Annie Mac B2b Skream & Benga - 2011-08-06 Bbc Radio 1 Essential mix Come Together, Space, Ibiza.mp3
  ♬ Rob Da Bank B2b Zane Lowe B2b Knife Party B2b Deadmau5 B2b Magnetic Man B2b Annie Mac B2b Skream & Benga — 2011-08-06: Bbc Radio 1 Essential mix: Come Together, Space, Ibiza, album : Bbc Radio1, année : 2011
[985/1381] Estoy harto.mp3
  ♪ Alex Campos — Estoy Harto (Como un Niño) [2005]  [SongRec]
  Estoy harto.mp3
  → Alex Campos - Estoy Harto.mp3
  ♬ Alex Campos — Estoy Harto, album : Como un Niño, année : 2005, genre : Latino
[986/1381] Eugene Wilde - Gotta Get You Home Tonight (Album Version).mp3
  ♪ Eugene Wilde — Gotta Get You Home Tonight (Eugene Wilde (Remastered)) [2004]  [SongRec]
  Eugene Wilde - Gotta Get You Home Tonight (Album Version).mp3
  → Eugene Wilde - Gotta Get You Home Tonight.mp3
  ♬ Eugene Wilde — Gotta Get You Home Tonight, album : Eugene Wilde (Remastered), année : 2004, genre : R&B/Soul
[987/1381] Evelyn 'Champagne' King - Stop That (Album Track).mp3
  ♪ Evelyn "Champagne" King — Stop That (Get Loose) [1982]  [SongRec]
  Evelyn 'Champagne' King - Stop That (Album Track).mp3
  → Evelyn Champagne King - Stop That.mp3
  ♬ Evelyn "Champagne" King — Stop That, album : Get Loose, année : 1982, genre : Pop
[988/1381] Extended Prayer (2014) - 11 - Waves (Robin Schulz radio edit).mp3
  ♪ Mr. Probz — Waves (Against the Stream - EP) [2013]  [SongRec]
  Extended Prayer (2014) - 11 - Waves (Robin Schulz radio edit).mp3
  → Mr. Probz - Waves.mp3
  ♬ Mr. Probz — Waves, album : Against the Stream - EP, année : 2013, genre : Pop
[989/1381] F1. Open Up.mp3
  ♪ Leftfield — Open Up (Full Vocal Mix) (Open Up - EP) [1993]  [SongRec]
  F1. Open Up.mp3
  → Leftfield - Open Up (Full Vocal Mix).mp3
  ♬ Leftfield — Open Up (Full Vocal Mix), album : Open Up - EP, année : 1993, genre : Dance
[990/1381] F4 - Billie Eilish - No Time To Die.mp3
  ♪ Billie Eilish — No Time To Die (No Time To Die - Single) [2020]  [SongRec]
  F4 - Billie Eilish - No Time To Die.mp3
  → Billie Eilish - No Time To Die.mp3
  ♬ Billie Eilish — No Time To Die, album : No Time To Die - Single, année : 2020, genre : Alternative
[991/1381] First Choice-Love & Happiness (Mike Maurro Mix).mp3
  ♪ First Choice — Love and Happiness (Philly Golden Classics) [1973]  [SongRec]
  First Choice-Love & Happiness (Mike Maurro Mix).mp3
  → First Choice - Love and Happiness.mp3
  ♬ First Choice — Love and Happiness, album : Philly Golden Classics, année : 1973, genre : R&B/Soul
[992/1381] Florence and The Machine - Dog Days Are Over (Anton Khabbaz Extended Mix) MASTER.mp3
  ♪ Florence + the Machine — Dog Days Are Over (Anton Khabbaz Remix) [Mixed] (Party In The Jungle: DJ Khend, Jan 2025 (DJ Mix)) [2025]  [SongRec]
  Florence and The Machine - Dog Days Are Over (Anton Khabbaz Extended Mix) MASTER.mp3
  → Florence + the Machine - Dog Days Are Over (Anton Khabbaz Remix) [Mixed].mp3
  ♬ Florence + the Machine — Dog Days Are Over (Anton Khabbaz Remix) [Mixed], album : Party In The Jungle: DJ Khend, Jan 2025 (DJ Mix), année : 2025
[993/1381] Florence and The Machine - Dog Days Are Over (Anton Khabbaz Extended Mix) MASTER_639160467450062484.mp3
  ♪ Florence + the Machine — Dog Days Are Over (Anton Khabbaz Remix) [Mixed] (Party In The Jungle: DJ Khend, Jan 2025 (DJ Mix)) [2025]  [SongRec]
  ⚠ conflit : Florence + the Machine - Dog Days Are Over (Anton Khabbaz Remix) [Mixed].mp3 existe déjà, ignoré
  ♬ Florence + the Machine — Dog Days Are Over (Anton Khabbaz Remix) [Mixed], album : Party In The Jungle: DJ Khend, Jan 2025 (DJ Mix), année : 2025
[994/1381] Florent Marchet - Maisons Alfort - 01 - Courchevel.mp3
  ♪ Florent Marchet — Courchevel (Courchevel) [2010]  [SongRec]
  Florent Marchet - Maisons Alfort - 01 - Courchevel.mp3
  → Florent Marchet - Courchevel.mp3
  ♬ Florent Marchet — Courchevel, album : Courchevel, année : 2010, genre : French Pop
[995/1381] Florent Pagny Christophe Maé - Et un jour une femme [TubeRipper.com].mp3
  ♪ Florent Pagny & Christophe Maé — Et un jour une femme (2bis) [2023]  [SongRec]
  Florent Pagny Christophe Maé - Et un jour une femme [TubeRipper.com].mp3
  → Florent Pagny & Christophe Maé - Et un jour une femme.mp3
  ♬ Florent Pagny & Christophe Maé — Et un jour une femme, album : 2bis, année : 2023, genre : French Pop
[996/1381] Freddie Mercury-1992-The Freddie Mercury Album - 01 - Barcelona (Feat. Montserrat Caballé)-DSD128.dsf
  ✗ non reconnu (ni SongRec ni tags)
[997/1381] Funk Tribu - I Got It For You (Extended Version).aif
  ✗ non reconnu (ni SongRec ni tags)
[998/1381] Gabrielle - Because Of You.mp3
  ♪ Gabrielle — Because of You (Gabrielle - Dreams the Best Of) [1993]  [SongRec]
  Gabrielle - Because Of You.mp3
  → Gabrielle - Because of You.mp3
  ♬ Gabrielle — Because of You, album : Gabrielle - Dreams the Best Of, année : 1993, genre : Electronic
[999/1381] Gabrielle - Going Nowhere (Mark Roberts Ultimix Remix).mp3
  ✗ non reconnu (ni SongRec ni tags)
[1000/1381] Gabrielle - Out Of Reach (Almighty Vocal Mix).mp3
  ♪ Gabrielle — Out Of Reach  [SongRec]
  Gabrielle - Out Of Reach (Almighty Vocal Mix).mp3
  → Gabrielle - Out Of Reach.mp3
  ♬ Gabrielle — Out Of Reach
[1001/1381] Gabrielle - Should I Stay (Junior Vasquez Class Mix).mp3
  ♪ Gabrielle — Should I Stay (Junior Vasquez Class mix) (Vault 07 - Clubbed Popstars / Clubbed Batch One)  [tags existants]
  Gabrielle - Should I Stay (Junior Vasquez Class Mix).mp3
  → Gabrielle - Should I Stay (Junior Vasquez Class mix).mp3
  ♬ Gabrielle — Should I Stay (Junior Vasquez Class mix), album : Vault 07 - Clubbed Popstars / Clubbed Batch One
[1002/1381] Gamper & Dadoni, Emily Roberts - Bittersweet Symphony [3'14].mp3
  ♪ GAMPER & DADONI & Emily Roberts — Bittersweet Symphony (REVIVE) [2019]  [SongRec]
  Gamper & Dadoni, Emily Roberts - Bittersweet Symphony [3'14].mp3
  → GAMPER & DADONI & Emily Roberts - Bittersweet Symphony.mp3
  ♬ GAMPER & DADONI & Emily Roberts — Bittersweet Symphony, album : REVIVE, année : 2019, genre : Dance
[1003/1381] George Clinton - Last Dance (Album Version).mp3
  ♪ George Clinton — Last Dance (You Shouldn't-Nuf Bit Fish) [1983]  [SongRec]
  George Clinton - Last Dance (Album Version).mp3
  → George Clinton - Last Dance.mp3
  ♬ George Clinton — Last Dance, album : You Shouldn't-Nuf Bit Fish, année : 1983, genre : R&B/Soul
[1004/1381] George Clinton - Nubian Nut.mp3
  ♪ George Clinton — Nubian Nut (You Shouldn't-Nuf Bit Fish) [1983]  [SongRec]
  = nom déjà correct
  ♬ George Clinton — Nubian Nut, album : You Shouldn't-Nuf Bit Fish, année : 1983, genre : R&B/Soul
[1005/1381] George Clinton - Quickie (Album Version).mp3
  ♪ George Clinton — Quickie (You Shouldn't-Nuf Bit Fish) [1983]  [SongRec]
  George Clinton - Quickie (Album Version).mp3
  → George Clinton - Quickie.mp3
  ♬ George Clinton — Quickie, album : You Shouldn't-Nuf Bit Fish, année : 1983, genre : R&B/Soul
[1006/1381] George Michael - Star People (CD Maxi).mp3
  ♪ Dr. Alban — Let The Beat Go On (Let The Beat Go On - Single) [1994]  [SongRec]
  George Michael - Star People (CD Maxi).mp3
  → Dr. Alban - Let The Beat Go On.mp3
  ♬ Dr. Alban — Let The Beat Go On, album : Let The Beat Go On - Single, année : 1994, genre : Dance
[1007/1381] Get A Room! - Ecuador v3 [24 BIT MAST]-1.mp3
  ♪ Get A Room! — Ecuador (Ecuador / The Reef - Single) [2018]  [SongRec]
  Get A Room! - Ecuador v3 [24 BIT MAST]-1.mp3
  → Get A Room! - Ecuador.mp3
  ♬ Get A Room! — Ecuador, album : Ecuador / The Reef - Single, année : 2018, genre : Electronica
[1008/1381] Get A Room! - Ecuador v3 [24 BIT MAST]-1_639158472570181312.mp3
  ♪ Get A Room! — Ecuador (Ecuador / The Reef - Single) [2018]  [SongRec]
  ⚠ conflit : Get A Room! - Ecuador.mp3 existe déjà, ignoré
  ♬ Get A Room! — Ecuador, album : Ecuador / The Reef - Single, année : 2018, genre : Electronica
[1009/1381] Get A Room! - Ecuador v3 [24 BIT MAST]-1_639158540480185799.mp3
  ♪ Get A Room! — Ecuador (Ecuador / The Reef - Single) [2018]  [SongRec]
  ⚠ conflit : Get A Room! - Ecuador.mp3 existe déjà, ignoré
  ♬ Get A Room! — Ecuador, album : Ecuador / The Reef - Single, année : 2018, genre : Electronica
[1010/1381] Get A Room! - Ecuador v3 [24 BIT MAST]-1_639159108719439043.mp3
  ♪ Get A Room! — Ecuador (Ecuador / The Reef - Single) [2018]  [SongRec]
  ⚠ conflit : Get A Room! - Ecuador.mp3 existe déjà, ignoré
  ♬ Get A Room! — Ecuador, album : Ecuador / The Reef - Single, année : 2018, genre : Electronica
[1011/1381] Hallux Makenzo ft Marcus - Ai se eu te pego [Radio edit].mp3
  ♪ Hallux & Marcus — Ai Se Eu Te Pego (Só Sucesso 22) [2012]  [SongRec]
  Hallux Makenzo ft Marcus - Ai se eu te pego [Radio edit].mp3
  → Hallux & Marcus - Ai Se Eu Te Pego.mp3
  ♬ Hallux & Marcus — Ai Se Eu Te Pego, album : Só Sucesso 22, année : 2012, genre : World
[1012/1381] Heart - These Dreams - Heart’s Greatest Hits.mp3
  ♪ Heart — Crazy On You (Dreamboat Annie) [1976]  [SongRec]
  Heart - These Dreams - Heart’s Greatest Hits.mp3
  → Heart - Crazy On You.mp3
  ♬ Heart — Crazy On You, album : Dreamboat Annie, année : 1976, genre : Rock
[1013/1381] Hed Kandi - HEDK143 - Tropical House - 24 - Ofenbach & Karlk - What I Want_639158372364364590.mp3
  ♪ Vlad Caia — Sidepoint  [SongRec]
  Hed Kandi - HEDK143 - Tropical House - 24 - Ofenbach & Karlk - What I Want_639158372364364590.mp3
  → Vlad Caia - Sidepoint.mp3
  ♬ Vlad Caia — Sidepoint, genre : Ambient
[1014/1381] Hed Kandi - HEDK158 - Ibiza 2017 - 40 - Kideko & George Kwali - Crank It (Apres Remix).mp3
  ♪ Kideko, George Kwali & Sweetie Irie — Crank It (Woah!) [feat. Nadia Rose] [Apres Remix] (Crank It (Woah!) [feat. Nadia Rose] [Remixes] - Single) [2016]  [SongRec]
  Hed Kandi - HEDK158 - Ibiza 2017 - 40 - Kideko & George Kwali - Crank It (Apres Remix).mp3
  → Kideko, George Kwali & Sweetie Irie - Crank It (Woah!) [feat. Nadia Rose] [Apres Remix].mp3
  ♬ Kideko, George Kwali & Sweetie Irie — Crank It (Woah!) [feat. Nadia Rose] [Apres Remix], album : Crank It (Woah!) [feat. Nadia Rose] [Remixes] - Single, année : 2016, genre : Dance
[1015/1381] Hed Kandi - HEDK161 - Dancefloor Anthems - 27 - Spektrum - Kinda New (Dirty South 2007 Edit).mp3
  ♪ Spektrum — Kinda New (Tiefschwarz Dub) (Enter the Spektrum) [1970]  [SongRec]
  Hed Kandi - HEDK161 - Dancefloor Anthems - 27 - Spektrum - Kinda New (Dirty South 2007 Edit).mp3
  → Spektrum - Kinda New (Tiefschwarz Dub).mp3
  ♬ Spektrum — Kinda New (Tiefschwarz Dub), album : Enter the Spektrum, année : 1970, genre : Dance
[1016/1381] Helder Rei do Kuduro - 11 - Felicidade (Instrumental).mp3
  ♪ Helder Rei do Kuduro — Afrobasket (The Best Of (Mix)) [2015]  [SongRec]
  Helder Rei do Kuduro - 11 - Felicidade (Instrumental).mp3
  → Helder Rei do Kuduro - Afrobasket.mp3
  ♬ Helder Rei do Kuduro — Afrobasket, album : The Best Of (Mix), année : 2015, genre : African
[1017/1381] Henry Chris - Tu Beso (2024).mp3
  ♪ Tasty Or Not — Oh La La La (Hot Summer Night) (Oh La La La (Hot Summer Night) - Single) [2024]  [SongRec]
  Henry Chris - Tu Beso (2024).mp3
  → Tasty Or Not - Oh La La La (Hot Summer Night).mp3
  ♬ Tasty Or Not — Oh La La La (Hot Summer Night), album : Oh La La La (Hot Summer Night) - Single, année : 2024
[1018/1381] Hipnozia recs & Tripura yantra recs - The eternal beach frequencies - Compiled by Hipnozia recs (Prog - 07 07 - Helix - Beyond Your Mind (146BPM).mp3
  ♪ SUN GR — Solarscape (Sonic Therapy) [2020]  [SongRec]
  Hipnozia recs & Tripura yantra recs - The eternal beach frequencies - Compiled by Hipnozia recs (Prog - 07 07 - Helix - Beyond Your Mind (146BPM).mp3
  → SUN GR - Solarscape.mp3
  ♬ SUN GR — Solarscape, album : Sonic Therapy, année : 2020, genre : Trance
[1019/1381] Hot Chocolate - You Sexy Thing (Ben Liebrand Extended Replay Remix).mp3
  ♪ Hot Chocolate — You Sexy Thing (Extended Replay Mix) (You Sexy Thing) [1975]  [SongRec]
  Hot Chocolate - You Sexy Thing (Ben Liebrand Extended Replay Remix).mp3
  → Hot Chocolate - You Sexy Thing (Extended Replay Mix).mp3
  ♬ Hot Chocolate — You Sexy Thing (Extended Replay Mix), album : You Sexy Thing, année : 1975, genre : Pop
[1020/1381] Hot Natured & Ali Love - Benediction (Oliver & Tom Edit).mp3
  ♪ Buray — İstersen (Mahmut Orhan Remix) (Istersen (Remixes)) [2015]  [SongRec]
  Hot Natured & Ali Love - Benediction (Oliver & Tom Edit).mp3
  → Buray - İstersen (Mahmut Orhan Remix).mp3
  ♬ Buray — İstersen (Mahmut Orhan Remix), album : Istersen (Remixes), année : 2015, genre : Pop
[1021/1381] Hue And Cry - A's & B's - 2012 - 04 Violently.mp3
  ♪ Hue & Cry — Violently (Your Words Hit Me) (Remote) [1988]  [SongRec]
  Hue And Cry - A's & B's - 2012 - 04 Violently.mp3
  → Hue & Cry - Violently (Your Words Hit Me).mp3
  ♬ Hue & Cry — Violently (Your Words Hit Me), album : Remote, année : 1988, genre : Pop
[1022/1381] IIO - Rapture (Kenan Savrun Rework).mp3
  ♪ Iio — Rapture  [SongRec]
  IIO - Rapture (Kenan Savrun Rework).mp3
  → Iio - Rapture.mp3
  ♬ Iio — Rapture, genre : Dance
[1023/1381] Iggy Pop - Lust for Life - 04 - The Passenger.mp3
  ♪ Iggy Pop — The Passenger (Lust For Life) [1977]  [SongRec]
  Iggy Pop - Lust for Life - 04 - The Passenger.mp3
  → Iggy Pop - The Passenger.mp3
  ♬ Iggy Pop — The Passenger, album : Lust For Life, année : 1977, genre : Rock
[1024/1381] Iio - Rapture (Kenan Savrun Rework).mp3
  ♪ Iio — Rapture  [SongRec]
  ⚠ conflit : Iio - Rapture.mp3 existe déjà, ignoré
  ♬ Iio — Rapture, genre : Dance
[1025/1381] Imagination - State of Love.mp3
  ♪ Imagination — State Of Love (Live) (The Very Best Of Imagination - Just An Illusion (Live)) [2009]  [SongRec]
  Imagination - State of Love.mp3
  → Imagination - State Of Love (Live).mp3
  ♬ Imagination — State Of Love (Live), album : The Very Best Of Imagination - Just An Illusion (Live), année : 2009, genre : R&B/Soul
[1026/1381] Imagine Dragons - Evolve - 09 - Thunder.dsf
  ✗ non reconnu (ni SongRec ni tags)
[1027/1381] Isaac - Super Flu.mp3
  ♪ Super Flu — Super Flu <3 Isaac (Herberts Best 03 - Single) [2012]  [SongRec]
  Isaac - Super Flu.mp3
  → Super Flu - Super Flu 3 Isaac.mp3
  ♬ Super Flu — Super Flu <3 Isaac, album : Herberts Best 03 - Single, année : 2012, genre : House
[1028/1381] J7 Strawberry Fields Forever.dsf
  ✗ non reconnu (ni SongRec ni tags)
[1029/1381] JJ Learns The Colors Song  CoComelon Nursery Rhymes and Kids Songs _ 3 HOURS _ After School Club.mp3
  ✗ non reconnu (ni SongRec ni tags)
[1030/1381] Jacky Core - Megamix By Lady Darkside [Web] [3174]_639158564359888434.mp3
  ♪ Jacky Core — Megamix by Lady Darkside  [SongRec]
  Jacky Core - Megamix By Lady Darkside [Web] [3174]_639158564359888434.mp3
  → Jacky Core - Megamix by Lady Darkside.mp3
  ♬ Jacky Core — Megamix by Lady Darkside, genre : Dance
[1031/1381] James Arthur - Falling Like the Stars.mp3
  ♪ James Arthur — Falling like the Stars (YOU) [2019]  [SongRec]
  James Arthur - Falling Like the Stars.mp3
  → James Arthur - Falling like the Stars.mp3
  ♬ James Arthur — Falling like the Stars, album : YOU, année : 2019, genre : Pop
[1032/1381] Janie - Discothèque (Clip Officiel) (1).mp3
  ♪ Janie — Discothèque (Toujours des fleurs) [2019]  [SongRec]
  Janie - Discothèque (Clip Officiel) (1).mp3
  → Janie - Discothèque.mp3
  ♬ Janie — Discothèque, album : Toujours des fleurs, année : 2019, genre : French Pop
[1033/1381] Jean-Jacques Goldman - Petite Fille.mp3
  ♪ Jean-Jacques Goldman — Petite Fille (Jean-Jacques Goldman : La collection 81-89) [1984]  [SongRec]
  = nom déjà correct
  ♬ Jean-Jacques Goldman — Petite Fille, album : Jean-Jacques Goldman : La collection 81-89, année : 1984, genre : French Pop
[1034/1381] Jjos - Come Into My Space, Relaxing, Ambient & Chillout Music, Mix Meditation Music, Balearic.mp3
  ♪ Relaxing Music — Rhyming Room  [SongRec]
  Jjos - Come Into My Space, Relaxing, Ambient & Chillout Music, Mix Meditation Music, Balearic.mp3
  → Relaxing Music - Rhyming Room.mp3
  ♬ Relaxing Music — Rhyming Room
[1035/1381] Joe Cocker - Night Calls (10 - Little Bit Of Love).mp3
  ♪ Joe Cocker — Little Bit of Love  [SongRec]
  ⚠ conflit : Joe Cocker - Little Bit of Love.mp3 existe déjà, ignoré
  ♬ Joe Cocker — Little Bit of Love, genre : Rock
[1036/1381] Joe Lewandowski, Mala Ika - I Wanna Know (Mala Ika Remix).mp3
  ♪ Joe Lewandowski — I Wanna Know (Mala Ika Remix) (I Wanna Know (Mala Ika Remix) - Single) [2023]  [SongRec]
  Joe Lewandowski, Mala Ika - I Wanna Know (Mala Ika Remix).mp3
  → Joe Lewandowski - I Wanna Know (Mala Ika Remix).mp3
  ♬ Joe Lewandowski — I Wanna Know (Mala Ika Remix), album : I Wanna Know (Mala Ika Remix) - Single, année : 2023, genre : Electronic
[1037/1381] Joel Corry - Sorry (Öwnboss, Double MZK VIP Edit)[Extended].mp3
  ♪ Joel Corry — Sorry (Another Friday Night) [2019]  [SongRec]
  Joel Corry - Sorry (Öwnboss, Double MZK VIP Edit)[Extended].mp3
  → Joel Corry - Sorry.mp3
  ♬ Joel Corry — Sorry, album : Another Friday Night, année : 2019, genre : Dance
[1038/1381] Joey Negro,Dave Lee - Must Be The Music - The Original Disco Edit.mp3
  ♪ Dave Lee — Must Be the Music (The Original Disco) (Joey Negro Presents 30 Years of Z Records) [2017]  [SongRec]
  Joey Negro,Dave Lee - Must Be The Music - The Original Disco Edit.mp3
  → Dave Lee - Must Be the Music (The Original Disco).mp3
  ♬ Dave Lee — Must Be the Music (The Original Disco), album : Joey Negro Presents 30 Years of Z Records, année : 2017, genre : Dance
[1039/1381] John Dahlbäck - Blink (Dim Chris Remix)-cl2.mp3
  ♪ John Dahlbäck — Blink (DIM Chris Remix) (Blink Remixes) [2007]  [SongRec]
  John Dahlbäck - Blink (Dim Chris Remix)-cl2.mp3
  → John Dahlbäck - Blink (DIM Chris Remix).mp3
  ♬ John Dahlbäck — Blink (DIM Chris Remix), album : Blink Remixes, année : 2007, genre : Electronic
[1040/1381] Joshua Robbie & Lange Frans - I Surrender Remix.mp3
  ♪ Joshua Robbie — I Surrender (feat. Lange Frans) [Remix] (I Surrender (Remix) [feat. Lange Frans] - Single) [2024]  [SongRec]
  Joshua Robbie & Lange Frans - I Surrender Remix.mp3
  → Joshua Robbie - I Surrender (feat. Lange Frans) [Remix].mp3
  ♬ Joshua Robbie — I Surrender (feat. Lange Frans) [Remix], album : I Surrender (Remix) [feat. Lange Frans] - Single, année : 2024, genre : Dance
[1041/1381] Joyhauser - Pigment.mp3
  ♪ Joyhauser — Pigment (Pigment - Single) [2021]  [SongRec]
  = nom déjà correct
  ♬ Joyhauser — Pigment, album : Pigment - Single, année : 2021, genre : Electronic
[1042/1381] Joëlle Ursull - White And Black Blues.mp3
  ♪ Joëlle Ursull — White and Black Blues (Black French) [1990]  [SongRec]
  Joëlle Ursull - White And Black Blues.mp3
  → Joëlle Ursull - White and Black Blues.mp3
  ♬ Joëlle Ursull — White and Black Blues, album : Black French, année : 1990, genre : World
[1043/1381] Just Another Way to Say I Love You (1975) - 06 - Let Me Live My Life Lovin’ You Babe.mp3
  ♪ Barry White — Let Me Live My Life Lovin' You Babe (Just Another Way To Say I Love You) [1975]  [SongRec]
  Just Another Way to Say I Love You (1975) - 06 - Let Me Live My Life Lovin’ You Babe.mp3
  → Barry White - Let Me Live My Life Lovin' You Babe.mp3
  ♬ Barry White — Let Me Live My Life Lovin' You Babe, album : Just Another Way To Say I Love You, année : 1975, genre : R&B/Soul
[1044/1381] Justin Bieber-2021-Justice (Triple Chucks Deluxe) - 12 - Peaches (feat. Daniel Caesar & GIVĒON)-24bit-44,1Khz.mp3
  ♪ Justin Bieber — Peaches (feat. Daniel Caesar & GIVĒON) (Justice) [2021]  [SongRec]
  Justin Bieber-2021-Justice (Triple Chucks Deluxe) - 12 - Peaches (feat. Daniel Caesar & GIVĒON)-24bit-44,1Khz.mp3
  → Justin Bieber - Peaches (feat. Daniel Caesar & GIVĒON).mp3
  ♬ Justin Bieber — Peaches (feat. Daniel Caesar & GIVĒON), album : Justice, année : 2021, genre : Pop
[1045/1381] Justin Timberlake - Futuresex ∕ Lovesound [2006].mp3
  ♪ Justin Timberlake — FutureSex / LoveSound (FutureSex/LoveSounds) [2006]  [SongRec]
  Justin Timberlake - Futuresex ∕ Lovesound [2006].mp3
  → Justin Timberlake - FutureSex LoveSound.mp3
  ♬ Justin Timberlake — FutureSex / LoveSound, album : FutureSex/LoveSounds, année : 2006, genre : Pop
[1046/1381] KEANE - SOMEWHERE ONLY WE KNOW.dsf
  ✗ non reconnu (ni SongRec ni tags)
[1047/1381] Kaiser Chiefs - Employment 20 (China Anniversary Edition) - 23 Everyday I Love You Less And Less (Spike Stent Remix).mp3
  ♪ Kaiser Chiefs — Everyday I Love You Less and Less (Employment) [2005]  [SongRec]
  Kaiser Chiefs - Employment 20 (China Anniversary Edition) - 23 Everyday I Love You Less And Less (Spike Stent Remix).mp3
  → Kaiser Chiefs - Everyday I Love You Less and Less.mp3
  ♬ Kaiser Chiefs — Everyday I Love You Less and Less, album : Employment, année : 2005, genre : Alternative
[1048/1381] Katie Melua - Nine Million Bicycles.mp3
  ♪ Katie Melua — Market Day in Guernica (Piece by Piece (Deluxe Edition) [2025 Remaster]) [2005]  [SongRec]
  Katie Melua - Nine Million Bicycles.mp3
  → Katie Melua - Market Day in Guernica.mp3
  ♬ Katie Melua — Market Day in Guernica, album : Piece by Piece (Deluxe Edition) [2025 Remaster], année : 2005, genre : Pop
[1049/1381] Katy Perry - Firework.mp3
  ♪ Katy Perry — Firework (Teenage Dream) [2010]  [SongRec]
  = nom déjà correct
  ♬ Katy Perry — Firework, album : Teenage Dream, année : 2010, genre : Teen Pop
[1050/1381] Katy Perry - the Making of _Chained to the Rhythm_ Music Video (Part 1).mp3
  ✗ non reconnu (ni SongRec ni tags)
[1051/1381] Keane - This Is The Last Time.mp3
  ♪ Keane — This Is the Last Time (Hopes and Fears) [2004]  [SongRec]
  Keane - This Is The Last Time.mp3
  → Keane - This Is the Last Time.mp3
  ♬ Keane — This Is the Last Time, album : Hopes and Fears, année : 2004, genre : Rock
[1052/1381] Keen' V-Je Veux Y Retourner (A La Pêche Aux Moules).mp3
  ♪ Keen'V — Je veux y retourner  [SongRec]
  Keen' V-Je Veux Y Retourner (A La Pêche Aux Moules).mp3
  → Keen'V - Je veux y retourner.mp3
  ♬ Keen'V — Je veux y retourner, genre : French Pop
[1053/1381] Kelis - Acapella (Dave Aude Remix).mp3
  ♪ Kelis — Acapella (Flesh Tone) [2009]  [SongRec]
  Kelis - Acapella (Dave Aude Remix).mp3
  → Kelis - Acapella.mp3
  ♬ Kelis — Acapella, album : Flesh Tone, année : 2009, genre : Electronic
[1054/1381] Kelis - Caught Out There - 48 - Caught Out There (Single Radio Edit).mp3
  ♪ Kelis — Caught Out There (The Neptunes Extended Mix) (Caught Out There - EP) [1999]  [SongRec]
  Kelis - Caught Out There - 48 - Caught Out There (Single Radio Edit).mp3
  → Kelis - Caught Out There (The Neptunes Extended Mix).mp3
  ♬ Kelis — Caught Out There (The Neptunes Extended Mix), album : Caught Out There - EP, année : 1999, genre : Hip-Hop/Rap
[1055/1381] Kenny Loggins - Footloose (1984 ''15th Anniversary Collector's Edition'').dsf
  ✗ non reconnu (ni SongRec ni tags)
[1056/1381] Keri Hilson, Ne-Yo and Kanye West - Knock You Down [Bimbo Jones Radio Remix].mp3
  ♪ Keri Hilson — Knock You Down (feat. Kanye West & Ne-Yo) [Bimbo Jones Club Remix]  [SongRec]
  Keri Hilson, Ne-Yo and Kanye West - Knock You Down [Bimbo Jones Radio Remix].mp3
  → Keri Hilson - Knock You Down (feat. Kanye West & Ne-Yo) [Bimbo Jones Club Remix].mp3
  ♬ Keri Hilson — Knock You Down (feat. Kanye West & Ne-Yo) [Bimbo Jones Club Remix], genre : R&B/Soul
[1057/1381] Kiko Bun - Sticky Situation.mp3
  ♪ Kiko Bun — Sticky Situation (Sticky Situation - Single) [2016]  [SongRec]
  = nom déjà correct
  ♬ Kiko Bun — Sticky Situation, album : Sticky Situation - Single, année : 2016, genre : Reggae
[1058/1381] Kiss From A Rose EP (Japan CD WPCR-2205).mp3
  ♪ Seal — Blues In "E" (Non-Album Track) (Newborn Friend) [1994]  [SongRec]
  Kiss From A Rose EP (Japan CD WPCR-2205).mp3
  → Seal - Blues In E (Non-Album Track).mp3
  ♬ Seal — Blues In "E" (Non-Album Track), album : Newborn Friend, année : 1994, genre : Pop
[1059/1381] Knockin on Heaven S Door - Guns N Roses 1.mp3
  ♪ Guns N' Roses — Knockin' on Heaven's Door  [tags existants]
  Knockin on Heaven S Door - Guns N Roses 1.mp3
  → Guns N' Roses - Knockin' on Heaven's Door.mp3
  ♬ Guns N' Roses — Knockin' on Heaven's Door
[1060/1381] Kobi Cantillo & Jerry Di - Hechizo.mp3
  ♪ Kobi Cantillo & Jerry Di — Hechizo (Hechizo - Single) [2020]  [SongRec]
  = nom déjà correct
  ♬ Kobi Cantillo & Jerry Di — Hechizo, album : Hechizo - Single, année : 2020, genre : Latin Urban
[1061/1381] Kool & the Gang - As One - 07 - Think It Over.mp3
  ♪ Kool & The Gang — Think It Over (As One) [1982]  [SongRec]
  Kool & the Gang - As One - 07 - Think It Over.mp3
  → Kool & The Gang - Think It Over.mp3
  ♬ Kool & The Gang — Think It Over, album : As One, année : 1982, genre : R&B/Soul
[1062/1381] Kostya Outta - Chasing Highs (Original Mix) - www.electronicfresh.com.aif
  ✗ non reconnu (ni SongRec ni tags)
[1063/1381] Kranium - Section.mp3
  ♪ Kranium — Section (Section - Single) [2022]  [SongRec]
  = nom déjà correct
  ♬ Kranium — Section, album : Section - Single, année : 2022
[1064/1381] Krush - House Arrest (Burn Down The House Mix).mp3
  ♪ Namatjira — Abdominal (Seasons  Winter 2018) [2018]  [SongRec]
  Krush - House Arrest (Burn Down The House Mix).mp3
  → Namatjira - Abdominal.mp3
  ♬ Namatjira — Abdominal, album : Seasons  Winter 2018, année : 2018, genre : House
[1065/1381] Kygo & Ella Henderson - Here For You.mp3
  ♪ Kygo — Here for You (feat. Ella Henderson) (Here for You (feat. Ella Henderson) - Single) [2015]  [SongRec]
  Kygo & Ella Henderson - Here For You.mp3
  → Kygo - Here for You (feat. Ella Henderson).mp3
  ♬ Kygo — Here for You (feat. Ella Henderson), album : Here for You (feat. Ella Henderson) - Single, année : 2015, genre : Dance
[1066/1381] La Clinique - La Playa .mp3
  ♪ La Clinique — La playa (Tout saigne) [2000]  [SongRec]
  La Clinique - La Playa .mp3
  → La Clinique - La playa.mp3
  ♬ La Clinique — La playa, album : Tout saigne, année : 2000, genre : Hip-Hop/Rap
[1067/1381] La Musique des films (1996) - 03 - Le Grand Bleu - Let Them Try_639157756864514291.mp3
  ♪ Eric Serra — Let Them Try (Dialog Version) (Le Grand Bleu (Version Longue)) [1988]  [SongRec]
  ⚠ conflit : Eric Serra - Let Them Try (Dialog Version).mp3 existe déjà, ignoré
  ♬ Eric Serra — Let Them Try (Dialog Version), album : Le Grand Bleu (Version Longue), année : 1988, genre : Soundtrack
[1068/1381] Ladies' Night.mp3
  ♪ Kool & The Gang — Ladies Night (20th Century Masters - The Millennium Collection: The Best of Kool & The Gang) [1979]  [SongRec]
  Ladies' Night.mp3
  → Kool & The Gang - Ladies Night.mp3
  ♬ Kool & The Gang — Ladies Night, album : 20th Century Masters - The Millennium Collection: The Best of Kool & The Gang, année : 1979, genre : R&B/Soul
[1069/1381] Lana Del Rey - Born to Die - 11 - Summertime Sadness.mp3
  ♪ Lana Del Rey — Summertime Sadness (Born to Die) [2012]  [SongRec]
  Lana Del Rey - Born to Die - 11 - Summertime Sadness.mp3
  → Lana Del Rey - Summertime Sadness.mp3
  ♬ Lana Del Rey — Summertime Sadness, album : Born to Die, année : 2012, genre : Alternative
[1070/1381] Lana Del Rey - Summertime Sadness (Asadinho Main Vocal Mix).mp3
  ♪ Lana Del Rey — Summertime Sadness (Asadinho Vocal Mix) [Mixed] (Future Talent 2023: CL (DJ Mix)) [2023]  [SongRec]
  Lana Del Rey - Summertime Sadness (Asadinho Main Vocal Mix).mp3
  → Lana Del Rey - Summertime Sadness (Asadinho Vocal Mix) [Mixed].mp3
  ♬ Lana Del Rey — Summertime Sadness (Asadinho Vocal Mix) [Mixed], album : Future Talent 2023: CL (DJ Mix), année : 2023, genre : House
[1071/1381] Lana Del Rey-2023-Born To Die - 01 - Born To Die-DSD128.dsf
  ✗ non reconnu (ni SongRec ni tags)
[1072/1381] Laura Branigan-1984-Self Control - A1 - Self Control Self Control (Extended)-DSD128.dsf
  ✗ non reconnu (ni SongRec ni tags)
[1073/1381] Lavern Let Go.mp3
  ♪ Lavern — Let Go (Let Go - Single) [2024]  [SongRec]
  Lavern Let Go.mp3
  → Lavern - Let Go.mp3
  ♬ Lavern — Let Go, album : Let Go - Single, année : 2024, genre : Pop
[1074/1381] Lena Fiagbe - Gotta Get It Right (Unity DMC Remix).mp3
  ✗ non reconnu (ni SongRec ni tags)
[1075/1381] Lena Fiagbe - You Come From Earth.mp3
  ♪ Lena Fiagbe — You Come from Earth (Visions) [1994]  [SongRec]
  Lena Fiagbe - You Come From Earth.mp3
  → Lena Fiagbe - You Come from Earth.mp3
  ♬ Lena Fiagbe — You Come from Earth, album : Visions, année : 1994, genre : Pop
[1076/1381] Liquid Child_Diving_Faces_Polaron_Mix-8B-138 - 8A - 138.mp3
  ♪ Liquid Child — Diving Faces (Mixed) (Tomorrowland 2022: DJ BORING at CORE, Weekend 3 (DJ Mix)) [2022]  [SongRec]
  Liquid Child_Diving_Faces_Polaron_Mix-8B-138 - 8A - 138.mp3
  → Liquid Child - Diving Faces (Mixed).mp3
  ♬ Liquid Child — Diving Faces (Mixed), album : Tomorrowland 2022: DJ BORING at CORE, Weekend 3 (DJ Mix), année : 2022, genre : Dance
[1077/1381] Liquid Gold-1979-Dalida In Paradisco - 04 - Dance Yourself Dizzy-24bit-96Khz.mp3
  ♪ Liquid Gold — Dance Yourself Dizzy (Liquid Gold) [1979]  [SongRec]
  Liquid Gold-1979-Dalida In Paradisco - 04 - Dance Yourself Dizzy-24bit-96Khz.mp3
  → Liquid Gold - Dance Yourself Dizzy.mp3
  ♬ Liquid Gold — Dance Yourself Dizzy, album : Liquid Gold, année : 1979, genre : Electronica
[1078/1381] Lisa Maffia - All Over (Edit Version).mp3
  ♪ Lisa Maffia — All Over (First Lady) [2003]  [SongRec]
  Lisa Maffia - All Over (Edit Version).mp3
  → Lisa Maffia - All Over.mp3
  ♬ Lisa Maffia — All Over, album : First Lady, année : 2003, genre : Pop
[1079/1381] Little Angels - Too Much Too Young.mp3
  ♪ Little Angels — Too Much Too Young (Jam) [1992]  [SongRec]
  = nom déjà correct
  ♬ Little Angels — Too Much Too Young, album : Jam, année : 1992, genre : Rock
[1080/1381] Liz Braswell - Part of Your World A Twisted Tale, Book 5 [1982519312].mp3
  ♪ Liz Braswell — Chapter 1 (Part of Your World) [2018]  [tags existants]
  Liz Braswell - Part of Your World A Twisted Tale, Book 5 [1982519312].mp3
  → Liz Braswell - Chapter 1.mp3
  ♬ Liz Braswell — Chapter 1, album : Part of Your World, année : 2018
[1081/1381] Lizzo - About Damn Time (Pride Groove 2022 Mix).mp3
  ✗ non reconnu (ni SongRec ni tags)
[1082/1381] Lobsters _ Jonathan Bird S Blue World.mp3
  ✗ non reconnu (ni SongRec ni tags)
[1083/1381] Luis Fonsi - Ley de gravedad - 02 - Vacaciones.mp3
  ♪ Luis Fonsi & Manuel Turizo — Vacaciones (Vacaciones - Single) [2022]  [SongRec]
  Luis Fonsi - Ley de gravedad - 02 - Vacaciones.mp3
  → Luis Fonsi & Manuel Turizo - Vacaciones.mp3
  ♬ Luis Fonsi & Manuel Turizo — Vacaciones, album : Vacaciones - Single, année : 2022, genre : Latin Urban
[1084/1381] Luniz - I Got 5 on It (instrumental) [FL upsample].mp3
  ♪ Luniz — I Got 5 On It (feat. Michael Marshall) (Operation Stackola) [1995]  [SongRec]
  Luniz - I Got 5 on It (instrumental) [FL upsample].mp3
  → Luniz - I Got 5 On It (feat. Michael Marshall).mp3
  ♬ Luniz — I Got 5 On It (feat. Michael Marshall), album : Operation Stackola, année : 1995, genre : Hip-Hop/Rap
[1085/1381] Luniz - I Got 5 on It (instrumental) [FL upsample]_639159284748394236.mp3
  ♪ Luniz — I Got 5 On It (feat. Michael Marshall) (Operation Stackola) [1995]  [SongRec]
  ⚠ conflit : Luniz - I Got 5 On It (feat. Michael Marshall).mp3 existe déjà, ignoré
  ♬ Luniz — I Got 5 On It (feat. Michael Marshall), album : Operation Stackola, année : 1995, genre : Hip-Hop/Rap
[1086/1381] Lutricia McNeal - Stranded (Martin Pihl & Magnus Nordin Magestic 12 Sci Funk Mix).mp3
  ♪ Nick Curly — Underground (Dennis Ferrer Remix) [Mixed] (Defected Radio Episode 155 (Hosted by Sam Divine) [DJ Mix]) [2012]  [SongRec]
  Lutricia McNeal - Stranded (Martin Pihl & Magnus Nordin Magestic 12 Sci Funk Mix).mp3
  → Nick Curly - Underground (Dennis Ferrer Remix) [Mixed].mp3
  ♬ Nick Curly — Underground (Dennis Ferrer Remix) [Mixed], album : Defected Radio Episode 155 (Hosted by Sam Divine) [DJ Mix], année : 2012, genre : Dance
[1087/1381] Lykan - Bright Rise (Original Mix) [Frequenza Black Label].mp3
  ♪ Lykan — Bright Rise (Bright Rise - Single) [2018]  [SongRec]
  Lykan - Bright Rise (Original Mix) [Frequenza Black Label].mp3
  → Lykan - Bright Rise.mp3
  ♬ Lykan — Bright Rise, album : Bright Rise - Single, année : 2018, genre : Electronic
[1088/1381] Lykke Li - I Follow Rivers.mp3
  ♪ Lykke Li — I Follow Rivers (The Magician Remix) (I Follow Rivers (The Magician Remix) - Single) [2011]  [SongRec]
  Lykke Li - I Follow Rivers.mp3
  → Lykke Li - I Follow Rivers (The Magician Remix).mp3
  ♬ Lykke Li — I Follow Rivers (The Magician Remix), album : I Follow Rivers (The Magician Remix) - Single, année : 2011, genre : Alternative
[1089/1381] Lynnsha - Elle et Moi [2008] - 02 - Je Veux Que Tu Me Mentes.mp3
  ♪ Lynnsha — Je Veux Que Tu Me Mentes (Je veux que tu me mentes - Single) [2007]  [SongRec]
  Lynnsha - Elle et Moi [2008] - 02 - Je Veux Que Tu Me Mentes.mp3
  → Lynnsha - Je Veux Que Tu Me Mentes.mp3
  ♬ Lynnsha — Je Veux Que Tu Me Mentes, album : Je veux que tu me mentes - Single, année : 2007, genre : R&B/Soul
[1090/1381] M1. Midnight Star - Headlines.mp3
  ♪ Midnight Star — Headlines (Headlines) [1986]  [SongRec]
  M1. Midnight Star - Headlines.mp3
  → Midnight Star - Headlines.mp3
  ♬ Midnight Star — Headlines, album : Headlines, année : 1986, genre : R&B/Soul
[1091/1381] M1. Midnight Star - Headlines_639154893639052587.mp3
  ♪ Midnight Star — Headlines (Headlines) [1986]  [SongRec]
  ⚠ conflit : Midnight Star - Headlines.mp3 existe déjà, ignoré
  ♬ Midnight Star — Headlines, album : Headlines, année : 1986, genre : R&B/Soul
[1092/1381] MAKJ, JYYE - Promises (Extended Mix).mp3
  ♪ MAKJ & JYYE — Promises (Promises - Single) [2020]  [SongRec]
  MAKJ, JYYE - Promises (Extended Mix).mp3
  → MAKJ & JYYE - Promises.mp3
  ♬ MAKJ & JYYE — Promises, album : Promises - Single, année : 2020, genre : Dance
[1093/1381] MC Hammer - Please Hammer, Don’t Hurt ’Em - 07 - Pray.mp3
  ♪ Prince — When Doves Cry (The Hits/The B-Sides) [1984]  [SongRec]
  MC Hammer - Please Hammer, Don’t Hurt ’Em - 07 - Pray.mp3
  → Prince - When Doves Cry.mp3
  ♬ Prince — When Doves Cry, album : The Hits/The B-Sides, année : 1984, genre : R&B/Soul
[1094/1381] MIXTAPE - ACR ONE SHOT  LAUREN VILLE (Nantes) - 15 Avril 2022 Radio EDIT CUT.mp3
  ♪ Lauren Ville — Mixtape - Acr One Shot15 Avril 2022 Radio Edit Cut [2022]  [tags existants]
  MIXTAPE - ACR ONE SHOT  LAUREN VILLE (Nantes) - 15 Avril 2022 Radio EDIT CUT.mp3
  → Lauren Ville - Mixtape - Acr One Shot15 Avril 2022 Radio Edit Cut.mp3
  ♬ Lauren Ville — Mixtape - Acr One Shot15 Avril 2022 Radio Edit Cut, année : 2022
[1095/1381] MK, Lee Foss, Anabel Englund, Pleasure State - Electricity (Carl Craig C2 Blowed Out Remix) - 4A - 115.mp3
  ♪ Mysterious People, Kings Of Tomorrow & Sandy Rivera — Love Revolution (Mood II Swing Remix 2) (Love Revolution (Remixes) - EP) [1996]  [SongRec]
  MK, Lee Foss, Anabel Englund, Pleasure State - Electricity (Carl Craig C2 Blowed Out Remix) - 4A - 115.mp3
  → Mysterious People, Kings Of Tomorrow & Sandy Rivera - Love Revolution (Mood II Swing Remix 2).mp3
  ♬ Mysterious People, Kings Of Tomorrow & Sandy Rivera — Love Revolution (Mood II Swing Remix 2), album : Love Revolution (Remixes) - EP, année : 1996, genre : Dance
[1096/1381] Mabel - High Expectations - Boyfriend.mp3
  ♪ Mabel — Boyfriend (High Expectations) [2019]  [SongRec]
  Mabel - High Expectations - Boyfriend.mp3
  → Mabel - Boyfriend.mp3
  ♬ Mabel — Boyfriend, album : High Expectations, année : 2019, genre : Pop
[1097/1381] Machine Head - Bloodstone and Diamonds.mp3
  ✗ non reconnu (ni SongRec ni tags)
[1098/1381] Madness - Keep Moving - 03 - The Sun and the Rain.mp3
  ♪ Madness — The Sun and the Rain (Keep Moving) [1984]  [SongRec]
  Madness - Keep Moving - 03 - The Sun and the Rain.mp3
  → Madness - The Sun and the Rain.mp3
  ♬ Madness — The Sun and the Rain, album : Keep Moving, année : 1984, genre : Pop
[1099/1381] Madness-2017-Full House (The Very Best Of Madness) - C5 - Our House-DSD128.dsf
  ✗ non reconnu (ni SongRec ni tags)
[1100/1381] Magic System, 20 Ans de Tubes.mp3
  ✗ non reconnu (ni SongRec ni tags)
[1101/1381] Magik Four - A New Adventure (1999) - 17 - Magik Four - A New Adventure (continuous DJ mix).mp3
  ♪ Tiësto — Magik Four: A New Adventure (Continuous Dj mix) (Magik Four - A New Adventure (Unmixed Tracks)) [2012]  [tags existants]
  Magik Four - A New Adventure (1999) - 17 - Magik Four - A New Adventure (continuous DJ mix).mp3
  → Tiësto - Magik Four A New Adventure (Continuous Dj mix).mp3
  ♬ Tiësto — Magik Four: A New Adventure (Continuous Dj mix), album : Magik Four - A New Adventure (Unmixed Tracks), année : 2012
[1102/1381] Mariah Carey-2015-#1 To Infinity - 09 - Fantasy (Bad Boy Fantasy)-DSD128.dsf
  ✗ non reconnu (ni SongRec ni tags)
[1103/1381] Mariah Carey-2015-#1 To Infinity - 10 - One Sweet Day (Feat. Boys II Men)-DSD128.dsf
  ✗ non reconnu (ni SongRec ni tags)
[1104/1381] Marseille C Est... - Feat. Jul - Sop.mp3
  ✗ non reconnu (ni SongRec ni tags)
[1105/1381] Martha and the Muffins - Echo Beach.mp3
  ♪ Martha And The Muffins — Echo Beach (Fun Kids Beach Day) [2017]  [SongRec]
  Martha and the Muffins - Echo Beach.mp3
  → Martha And The Muffins - Echo Beach.mp3
  ♬ Martha And The Muffins — Echo Beach, album : Fun Kids Beach Day, année : 2017, genre : Rock
[1106/1381] Marvin Gaye-1965-A Tribute To The Great Nat King Cole - 01 - Nature Boy-24bit-192Khz.mp3
  ♪ Marvin Gaye — Nature Boy (A Tribute to the Great Nat King Cole) [1965]  [SongRec]
  Marvin Gaye-1965-A Tribute To The Great Nat King Cole - 01 - Nature Boy-24bit-192Khz.mp3
  → Marvin Gaye - Nature Boy.mp3
  ♬ Marvin Gaye — Nature Boy, album : A Tribute to the Great Nat King Cole, année : 1965, genre : R&B/Soul
[1107/1381] Mary J. Blige - Family Affair (Alex Caruso & TWENTY SIX Edit).mp3
  ♪ Hot'n'Juicy & Mousse T. — Horny ('98 Radio Edit) (Horny (Radio Edit's) - Single) [1998]  [SongRec]
  Mary J. Blige - Family Affair (Alex Caruso & TWENTY SIX Edit).mp3
  → Hot'n'Juicy & Mousse T. - Horny ('98 Radio Edit).mp3
  ♬ Hot'n'Juicy & Mousse T. — Horny ('98 Radio Edit), album : Horny (Radio Edit's) - Single, année : 1998, genre : Electronic
[1108/1381] Mary Mary - Shackles (Praise You) (Maurice Joshua Carnival 2000 Mix).mp3
  ♪ Mary Mary — Shackles (Praise You) [Maurice's Carnival 2000 Mix] (Shackles (Praise You) [Remixes] - EP) [1999]  [SongRec]
  Mary Mary - Shackles (Praise You) (Maurice Joshua Carnival 2000 Mix).mp3
  → Mary Mary - Shackles (Praise You) [Maurice's Carnival 2000 Mix].mp3
  ♬ Mary Mary — Shackles (Praise You) [Maurice's Carnival 2000 Mix], album : Shackles (Praise You) [Remixes] - EP, année : 1999, genre : Pop
[1109/1381] Mase - Tell Me What You Want (Florian Meffert remix).mp3
  ✗ non reconnu (ni SongRec ni tags)
[1110/1381] Mase - Tell Me What You Want (Florian Meffert remix)_639159022377753673.mp3
  ✗ non reconnu (ni SongRec ni tags)
[1111/1381] Mase - Tell Me What You Want (Florian Meffert remix)_639159064848040032.mp3
  ✗ non reconnu (ni SongRec ni tags)
[1112/1381] Mass Digital - Billie Eilish - Everything I Wanted (Mass Digital Remix).aif
  ♪ Mass Digital — Billie Eilish - Everything I Wanted (Mass Digital Remix) (Billie Eilish - Everything I Wanted (Mass Digital Remix))  [tags existants]
  = nom déjà correct
  ⚠ erreur tags : 'Billie Eilish - Everything I Wanted (Mass Digital Remix)' not a Frame instance
[1113/1381] Mathieu Edward-Entre Toi Et Moi.mp3
  ♪ Mathieu Edward — Entre Toi Et Moi (Entre Toi Et Moi) [2007]  [SongRec]
  Mathieu Edward-Entre Toi Et Moi.mp3
  → Mathieu Edward - Entre Toi Et Moi.mp3
  ♬ Mathieu Edward — Entre Toi Et Moi, album : Entre Toi Et Moi, année : 2007, genre : Hip-Hop/Rap
[1114/1381] Max Boublil - Ce soir tu vas prendre.mp3
  ♪ Max Boublil — Ce soir tu vas prendre (L'album) [2007]  [SongRec]
  = nom déjà correct
  ♬ Max Boublil — Ce soir tu vas prendre, album : L'album, année : 2007, genre : Pop
[1115/1381] Max Cooper - The Sun In A Box (Original Mix).aif
  ✗ non reconnu (ni SongRec ni tags)
[1116/1381] Meat Loaf - Not A Dry Eye In The House.mp3
  ♪ Meat Loaf — Not a Dry Eye In the House (Welcome to the Neighborhood) [1995]  [SongRec]
  Meat Loaf - Not A Dry Eye In The House.mp3
  → Meat Loaf - Not a Dry Eye In the House.mp3
  ♬ Meat Loaf — Not a Dry Eye In the House, album : Welcome to the Neighborhood, année : 1995, genre : Rock
[1117/1381] Michel Teló-2011-Ai Se Eu Te Pego! (ao Vivo)-16bit-44,1Khz.mp3
  ♪ Michel Teló — Ai Se Eu Te Pego (Ao Vivo) (Na Balada (Ao Vivo)) [2011]  [SongRec]
  Michel Teló-2011-Ai Se Eu Te Pego! (ao Vivo)-16bit-44,1Khz.mp3
  → Michel Teló - Ai Se Eu Te Pego (Ao Vivo).mp3
  ♬ Michel Teló — Ai Se Eu Te Pego (Ao Vivo), album : Na Balada (Ao Vivo), année : 2011, genre : Sertanejo
[1118/1381] Miguel Campbell - Something Special (Original Mix).mp3
  ♪ Miguel Campbell — Something Special (Back in Flight School) [2011]  [SongRec]
  Miguel Campbell - Something Special (Original Mix).mp3
  → Miguel Campbell - Something Special.mp3
  ♬ Miguel Campbell — Something Special, album : Back in Flight School, année : 2011, genre : Dance
[1119/1381] Mike Candys & Jack Holiday - The Drill (Radio Edit).mp3
  ♪ The Drill — The Drill (Radio Edit) (The Drill) [2004]  [SongRec]
  Mike Candys & Jack Holiday - The Drill (Radio Edit).mp3
  → The Drill - The Drill (Radio Edit).mp3
  ♬ The Drill — The Drill (Radio Edit), album : The Drill, année : 2004, genre : Dance
[1120/1381] Mike Candys & Jack Holiday Vs. Masters At Work - The Drill Vs. Work (Audiotune Bootleg).mp3
  ♪ Puppah Nas-T & Masters At Work — Work (MAW Mix) [feat. Denise "Saucey Wow" Belfon] (Work (feat. Denise "Saucey Wow" Belfon)) [1997]  [SongRec]
  Mike Candys & Jack Holiday Vs. Masters At Work - The Drill Vs. Work (Audiotune Bootleg).mp3
  → Puppah Nas-T & Masters At Work - Work (MAW Mix) [feat. Denise Saucey Wow Belfon].mp3
  ♬ Puppah Nas-T & Masters At Work — Work (MAW Mix) [feat. Denise "Saucey Wow" Belfon], album : Work (feat. Denise "Saucey Wow" Belfon), année : 1997, genre : House
[1121/1381] Miles Davis - In a Silent Way - 02 - In a Silent Way + It’s About That Time (FLAC 24bit 6140 kbps) -OBZEN.mp3
  ♪ Miles Davis — It's About That Time (The Columbia Years 1955 - 1985) [1988]  [SongRec]
  Miles Davis - In a Silent Way - 02 - In a Silent Way + It’s About That Time (FLAC 24bit 6140 kbps) -OBZEN.mp3
  → Miles Davis - It's About That Time.mp3
  ♬ Miles Davis — It's About That Time, album : The Columbia Years 1955 - 1985, année : 1988, genre : Jazz
[1122/1381] Miley Cyrus-2023-Endless Summer Vacation - 01 - Flowers-DSD128.dsf
  ✗ non reconnu (ni SongRec ni tags)
[1123/1381] Milton Keys - On The Rhode.mp3
  ♪ Milton Keys — On the Rhode (On the Rhode - Single) [2009]  [SongRec]
  Milton Keys - On The Rhode.mp3
  → Milton Keys - On the Rhode.mp3
  ♬ Milton Keys — On the Rhode, album : On the Rhode - Single, année : 2009, genre : Dance
[1124/1381] Mimi Webb - Goodbye.mp3
  ♪ Mimi Webb — Goodbye (Goodbye - Single) [2022]  [SongRec]
  = nom déjà correct
  ♬ Mimi Webb — Goodbye, album : Goodbye - Single, année : 2022, genre : Pop
[1125/1381] Mirror Me - Azure Skies And Golden Valleys - 03 Spectral Seafloor.mp3
  ♪ Mirror Me — Spectral Seafloor (Azure Skies And Golden Valleys - Single) [2025]  [SongRec]
  Mirror Me - Azure Skies And Golden Valleys - 03 Spectral Seafloor.mp3
  → Mirror Me - Spectral Seafloor.mp3
  ♬ Mirror Me — Spectral Seafloor, album : Azure Skies And Golden Valleys - Single, année : 2025, genre : Trance
[1126/1381] Miskeyz - Under the Sun_639158568308692156.mp3
  ♪ Miskeyz — Under the Sun (Daylight - EP) [2014]  [SongRec]
  Miskeyz - Under the Sun_639158568308692156.mp3
  → Miskeyz - Under the Sun.mp3
  ♬ Miskeyz — Under the Sun, album : Daylight - EP, année : 2014, genre : Electronic
[1127/1381] Mix de Cauet.mp3
  ♪ Queen — Bohemian Rhapsody (A Night at the Opera) [1975]  [SongRec]
  Mix de Cauet.mp3
  → Queen - Bohemian Rhapsody.mp3
  ♬ Queen — Bohemian Rhapsody, album : A Night at the Opera, année : 1975, genre : Rock
[1128/1381] Moody x Jax Jones - Afraid To Play (Luke S Final Edit).mp3
  ✗ non reconnu (ni SongRec ni tags)
[1129/1381] Moos - Au Nom De La Rose (Extended).mp3
  ♪ Moos — Au nom de la rose (Extended) (Le crabe est erotique) [1999]  [SongRec]
  Moos - Au Nom De La Rose (Extended).mp3
  → Moos - Au nom de la rose (Extended).mp3
  ♬ Moos — Au nom de la rose (Extended), album : Le crabe est erotique, année : 1999, genre : French Pop
[1130/1381] Motorcycle - As The Rush Comes (Gav Crayton Rework).mp3
  ♪ Motorcycle — As the Rush Comes (Gav Crayton Rework)  [tags existants]
  Motorcycle - As The Rush Comes (Gav Crayton Rework).mp3
  → Motorcycle - As the Rush Comes (Gav Crayton Rework).mp3
  ♬ Motorcycle — As the Rush Comes (Gav Crayton Rework)
[1131/1381] Mousse T. vs. The Dandy Warhols - Horny as a Dandy (Mashed by Loo & Placido) - 04 - Horny as a Dandy (So Phat! Remix).mp3
  ♪ Mousse T. & The Dandy Warhols — Horny As A Dandy (So Phat! Remix)  [SongRec]
  Mousse T. vs. The Dandy Warhols - Horny as a Dandy (Mashed by Loo & Placido) - 04 - Horny as a Dandy (So Phat! Remix).mp3
  → Mousse T. & The Dandy Warhols - Horny As A Dandy (So Phat! Remix).mp3
  ♬ Mousse T. & The Dandy Warhols — Horny As A Dandy (So Phat! Remix), genre : Pop
[1132/1381] Mumford & Sons - Sigh No More - 07 - Little Lion Man.mp3
  ♪ Mumford & Sons — Little Lion Man (Sigh No More) [2009]  [SongRec]
  Mumford & Sons - Sigh No More - 07 - Little Lion Man.mp3
  → Mumford & Sons - Little Lion Man.mp3
  ♬ Mumford & Sons — Little Lion Man, album : Sigh No More, année : 2009, genre : Alternative
[1133/1381] My Way - Calvin Harris.mp3
  ✗ non reconnu (ni SongRec ni tags)
[1134/1381] Never Finished Unshackle Your Mind and Win the War Within.mp3
  ♪ David Goggins — Never Finished: Unshackle Your Mind and Win the War Within (Never Finished: Unshackle Your Mind and Win the War Within) [2022]  [tags existants]
  Never Finished Unshackle Your Mind and Win the War Within.mp3
  → David Goggins - Never Finished Unshackle Your Mind and Win the War Within.mp3
  ♬ David Goggins — Never Finished: Unshackle Your Mind and Win the War Within, album : Never Finished: Unshackle Your Mind and Win the War Within, année : 2022
[1135/1381] Nio Garcia Y Casper Magico - Travesuras (Dj Coria & Skyrec).mp3
  ♪ Nio García, Casper Mágico & Ozuna — Travesuras (Remix) [feat. Wisin & Yandel, Myke Towers & Flow La Movie] (Travesuras (Remix) [feat. Wisin & Yandel, Myke Towers & Flow La Movie] - Single) [2021]  [SongRec]
  Nio Garcia Y Casper Magico - Travesuras (Dj Coria & Skyrec).mp3
  → Nio García, Casper Mágico & Ozuna - Travesuras (Remix) [feat. Wisin & Yandel, Myke Towers & Flow La Movie].mp3
  ♬ Nio García, Casper Mágico & Ozuna — Travesuras (Remix) [feat. Wisin & Yandel, Myke Towers & Flow La Movie], album : Travesuras (Remix) [feat. Wisin & Yandel, Myke Towers & Flow La Movie] - Single, année : 2021, genre : Latin Urban
[1136/1381] Nora En Pure - Graubünden, Switzerland.mp3
  ✗ non reconnu (ni SongRec ni tags)
[1137/1381] Now That's What I Call 40 Years - 27 - Take That - Rule The World (Radio Edit).mp3
  ♪ Take That — Rule The World (Radio Edit) (Love Songs - EP) [2007]  [SongRec]
  Now That's What I Call 40 Years - 27 - Take That - Rule The World (Radio Edit).mp3
  → Take That - Rule The World (Radio Edit).mp3
  ♬ Take That — Rule The World (Radio Edit), album : Love Songs - EP, année : 2007, genre : Pop
[1138/1381] OFFAIAH (Trouble (Remixes, Pt. 2))-[01]-Trouble (Club Mix).mp3
  ♪ OFFAIAH — Trouble (Trouble - Single) [2016]  [SongRec]
  OFFAIAH (Trouble (Remixes, Pt. 2))-[01]-Trouble (Club Mix).mp3
  → OFFAIAH - Trouble.mp3
  ♬ OFFAIAH — Trouble, album : Trouble - Single, année : 2016, genre : Dance
[1139/1381] Oasis - Live Forever (EICP 702).mp3
  ♪ Oasis — Cloudburst (Live Forever - EP) [1994]  [SongRec]
  Oasis - Live Forever (EICP 702).mp3
  → Oasis - Cloudburst.mp3
  ♬ Oasis — Cloudburst, album : Live Forever - EP, année : 1994, genre : Pop
[1140/1381] Oasis - Whatever (Remastered).mp3
  ♪ Oasis — Whatever (Whatever - EP) [1994]  [SongRec]
  Oasis - Whatever (Remastered).mp3
  → Oasis - Whatever.mp3
  ♬ Oasis — Whatever, album : Whatever - EP, année : 1994, genre : Rock
[1141/1381] Obituary - Slowly We Rot.mp3
  ♪ Obituary — Suffocation (Reissued) (The Complete Roadrunner Collection 1989-2005) [1989]  [SongRec]
  Obituary - Slowly We Rot.mp3
  → Obituary - Suffocation (Reissued).mp3
  ♬ Obituary — Suffocation (Reissued), album : The Complete Roadrunner Collection 1989-2005, année : 1989, genre : Metal
[1142/1381] Olly Murs - Remixes 1 - 23 - Stevie Knows (7th Heaven remix).mp3
  ♪ Olly Murs — Stevie Knows (7th Heaven Remix) (Stevie Knows (7th Heaven Remix) - Single) [2015]  [SongRec]
  Olly Murs - Remixes 1 - 23 - Stevie Knows (7th Heaven remix).mp3
  → Olly Murs - Stevie Knows (7th Heaven Remix).mp3
  ♬ Olly Murs — Stevie Knows (7th Heaven Remix), album : Stevie Knows (7th Heaven Remix) - Single, année : 2015, genre : Pop
[1143/1381] On My Own (1986) - 02 - Stir It Up (extended version).mp3
  ♪ Patti LaBelle — Stir It Up (Single Version) (20th Century Masters - The Millennium Collection: The Best of Patti LaBelle) [1984]  [SongRec]
  On My Own (1986) - 02 - Stir It Up (extended version).mp3
  → Patti LaBelle - Stir It Up (Single Version).mp3
  ♬ Patti LaBelle — Stir It Up (Single Version), album : 20th Century Masters - The Millennium Collection: The Best of Patti LaBelle, année : 1984, genre : R&B/Soul
[1144/1381] One Shot-revised 2.mp3
  ♪ Mabel — One Shot (One Shot - Single) [2018]  [SongRec]
  One Shot-revised 2.mp3
  → Mabel - One Shot.mp3
  ♬ Mabel — One Shot, album : One Shot - Single, année : 2018, genre : Pop
[1145/1381] OneRepublic (Timbaland presents OneRepublic) - Apologize.mp3
  ♪ Timbaland — Apologize (feat. OneRepublic) (Shock Value) [2006]  [SongRec]
  OneRepublic (Timbaland presents OneRepublic) - Apologize.mp3
  → Timbaland - Apologize (feat. OneRepublic).mp3
  ♬ Timbaland — Apologize (feat. OneRepublic), album : Shock Value, année : 2006, genre : Hip-Hop/Rap
[1146/1381] Oopsy Daisy (feat. Dyo).mp3
  ♪ Chipmunk — Oopsy Daisy (feat. Dayo Olatunji) (I Am Chipmunk) [2009]  [SongRec]
  Oopsy Daisy (feat. Dyo).mp3
  → Chipmunk - Oopsy Daisy (feat. Dayo Olatunji).mp3
  ♬ Chipmunk — Oopsy Daisy (feat. Dayo Olatunji), album : I Am Chipmunk, année : 2009, genre : Hip-Hop/Rap
[1147/1381] Pacifique - Quand tu serres mon corps (Maxi).mp3
  ♪ Pacifique — Quand tu serres mon corps (California (Deluxe Edition)) [1995]  [SongRec]
  Pacifique - Quand tu serres mon corps (Maxi).mp3
  → Pacifique - Quand tu serres mon corps.mp3
  ♬ Pacifique — Quand tu serres mon corps, album : California (Deluxe Edition), année : 1995, genre : French Pop
[1148/1381] Patawawa & Roman Kouder - Back To Life (Berry Juice Remix).mp3
  ♪ Roman Kouder & Patawawa — Back to Life (Berry Juice Remix) (Back to Life - EP) [2015]  [SongRec]
  Patawawa & Roman Kouder - Back To Life (Berry Juice Remix).mp3
  → Roman Kouder & Patawawa - Back to Life (Berry Juice Remix).mp3
  ♬ Roman Kouder & Patawawa — Back to Life (Berry Juice Remix), album : Back to Life - EP, année : 2015, genre : House
[1149/1381] Patrick Fiori - Si on chantait plus fort - 14 - Je ne serai jamais.mp3
  ♪ Patrick Fiori — Je ne serai jamais (Si on chantait plus fort) [2002]  [SongRec]
  Patrick Fiori - Si on chantait plus fort - 14 - Je ne serai jamais.mp3
  → Patrick Fiori - Je ne serai jamais.mp3
  ♬ Patrick Fiori — Je ne serai jamais, album : Si on chantait plus fort, année : 2002, genre : French Pop
[1150/1381] Paul Weller - Heavy Soul - 02 - Peacock Suit.mp3
  ♪ Paul Weller — Peacock Suit (Single Version) (Hit Parade Box Set (4 Volume Set)) [1998]  [SongRec]
  ⚠ conflit : Paul Weller - Peacock Suit (Single Version).mp3 existe déjà, ignoré
  ♬ Paul Weller — Peacock Suit (Single Version), album : Hit Parade Box Set (4 Volume Set), année : 1998, genre : Rock
[1151/1381] Paul Young-1985-Every Time You Go Away (Extended Remix Version)-32bit-384Khz.wv
  ✗ non reconnu (ni SongRec ni tags)
[1152/1381] Peter & Sloane - Besoin de rien, envie de toi.mp3
  ♪ Peter & Sloane — Besoin de rien, envie de toi (Besoin de rien, envie de toi) [1985]  [SongRec]
  = nom déjà correct
  ♬ Peter & Sloane — Besoin de rien, envie de toi, album : Besoin de rien, envie de toi, année : 1985, genre : French Pop
[1153/1381] Peter Andre - Kiss The Girl.mp3
  ♪ Peter Andre — Kiss the Girl (Arielle, die Meerjungfrau (Deutscher Original Film-Soundtrack)) [1989]  [SongRec]
  Peter Andre - Kiss The Girl.mp3
  → Peter Andre - Kiss the Girl.mp3
  ♬ Peter Andre — Kiss the Girl, album : Arielle, die Meerjungfrau (Deutscher Original Film-Soundtrack), année : 1989, genre : Musicals
[1154/1381] Peter Andre - Mysterious Girl (Radio Edit).mp3
  ♪ Peter Andre — Mysterious Girl (Natural) [1996]  [SongRec]
  Peter Andre - Mysterious Girl (Radio Edit).mp3
  → Peter Andre - Mysterious Girl.mp3
  ♬ Peter Andre — Mysterious Girl, album : Natural, année : 1996, genre : Pop
[1155/1381] Peter Andre - Natural (Cutfather & Joe Street Mix).mp3
  ♪ Peter Andre — Natural (C & J Street Mix) (Natural) [1996]  [SongRec]
  Peter Andre - Natural (Cutfather & Joe Street Mix).mp3
  → Peter Andre - Natural (C & J Street Mix).mp3
  ♬ Peter Andre — Natural (C & J Street Mix), album : Natural, année : 1996, genre : Pop
[1156/1381] Philippe Lafontaine - Cœur de loup (Dimitri Club Remix).mp3
  ♪ Philippe Lafontaine — Cœur de loup (Best of Philippe Lafontaine (Le meilleur des années 80)) [1978]  [SongRec]
  Philippe Lafontaine - Cœur de loup (Dimitri Club Remix).mp3
  → Philippe Lafontaine - Cœur de loup.mp3
  ♬ Philippe Lafontaine — Cœur de loup, album : Best of Philippe Lafontaine (Le meilleur des années 80), année : 1978, genre : French Pop
[1157/1381] Pierre Maizeroi - Juste Un Moment 87 x Guadeloupe, Boogie.mp3
  ♪ Pierre Maizeroi — Juste Un Moment [1987]  [tags existants]
  Pierre Maizeroi - Juste Un Moment 87 x Guadeloupe, Boogie.mp3
  → Pierre Maizeroi - Juste Un Moment.mp3
  ♬ Pierre Maizeroi — Juste Un Moment, année : 1987
[1158/1381] Pink-2017-Beautiful Trauma (2 LP) - 13 - You Get My Love-24bit-192Khz.mp3
  ♪ P!nk — You Get My Love (Beautiful Trauma) [2017]  [SongRec]
  Pink-2017-Beautiful Trauma (2 LP) - 13 - You Get My Love-24bit-192Khz.mp3
  → P!nk - You Get My Love.mp3
  ♬ P!nk — You Get My Love, album : Beautiful Trauma, année : 2017, genre : Pop
[1159/1381] Pizeta - Remedios - Original.mp3
  ♪ Pizeta — Remedios (Remedios - EP) [2014]  [SongRec]
  Pizeta - Remedios - Original.mp3
  → Pizeta - Remedios.mp3
  ♬ Pizeta — Remedios, album : Remedios - EP, année : 2014, genre : Electronic
[1160/1381] Poolse - One Kiss (Extended Mix).mp3
  ♪ POOLSE — One Kiss (One Kiss - Single) [2024]  [SongRec]
  Poolse - One Kiss (Extended Mix).mp3
  → POOLSE - One Kiss.mp3
  ♬ POOLSE — One Kiss, album : One Kiss - Single, année : 2024, genre : Dance
[1161/1381] Poolse - One Kiss (Extended Mix)_639160274488085536.mp3
  ♪ POOLSE — One Kiss (One Kiss - Single) [2024]  [SongRec]
  ⚠ conflit : POOLSE - One Kiss.mp3 existe déjà, ignoré
  ♬ POOLSE — One Kiss, album : One Kiss - Single, année : 2024, genre : Dance
[1162/1381] Popular - Nada Surf.mp3
  ♪ Nada Surf — Popular (High / Low) [1996]  [SongRec]
  Popular - Nada Surf.mp3
  → Nada Surf - Popular.mp3
  ♬ Nada Surf — Popular, album : High / Low, année : 1996, genre : Pop
[1163/1381] Power Over Me (MEDUZA Remix Extended) - Meduza Music, Dermot Kennedy.mp3
  ♪ Dermot Kennedy & MEDUZA — Power Over Me (MEDUZA Remix) (Power Over Me EP) [2020]  [SongRec]
  Power Over Me (MEDUZA Remix Extended) - Meduza Music, Dermot Kennedy.mp3
  → Dermot Kennedy & MEDUZA - Power Over Me (MEDUZA Remix).mp3
  ♬ Dermot Kennedy & MEDUZA — Power Over Me (MEDUZA Remix), album : Power Over Me EP, année : 2020, genre : Pop
[1164/1381] R. Kelly-2018-I Believe I Can Fly-24bit-192Khz.mp3
  ♪ R. Kelly — I Believe I Can Fly (The R. in R&B Collection, Vol. 1) [1998]  [SongRec]
  R. Kelly-2018-I Believe I Can Fly-24bit-192Khz.mp3
  → R. Kelly - I Believe I Can Fly.mp3
  ♬ R. Kelly — I Believe I Can Fly, album : The R. in R&B Collection, Vol. 1, année : 1998, genre : R&B/Soul
[1165/1381] REBRN - Track 01.mp3
  ♪ REBRN — Track 01 (Track 01 - Single) [2021]  [SongRec]
  = nom déjà correct
  ♬ REBRN — Track 01, album : Track 01 - Single, année : 2021, genre : Dance
[1166/1381] Raft - Yaka Danse.mp3
  ♪ Raft — Yaka danse (Les années 80 en France) [2021]  [SongRec]
  ⚠ conflit : Raft - Yaka danse.mp3 existe déjà, ignoré
  ♬ Raft — Yaka danse, album : Les années 80 en France, année : 2021, genre : Electronic
[1167/1381] Rare Earth - Get Ready (Quad).mp3
  ♪ Rare Earth — Get Ready (Dreams/Answers) [1968]  [SongRec]
  Rare Earth - Get Ready (Quad).mp3
  → Rare Earth - Get Ready.mp3
  ♬ Rare Earth — Get Ready, album : Dreams/Answers, année : 1968, genre : R&B/Soul
[1168/1381] Razorlight - Razorwhat! The Best Of Razorlight - 01 - Golden Touch.mp3
  ♪ Razorlight — Golden Touch (Full Length) (Up All Night (20th Anniversary Deluxe Edition)) [2003]  [SongRec]
  Razorlight - Razorwhat! The Best Of Razorlight - 01 - Golden Touch.mp3
  → Razorlight - Golden Touch (Full Length).mp3
  ♬ Razorlight — Golden Touch (Full Length), album : Up All Night (20th Anniversary Deluxe Edition), année : 2003, genre : Rock
[1169/1381] Razorlight - Razorwhat! The Best Of Razorlight - 08 - Somewhere Else.mp3
  ♪ Razorlight — Somewhere Else (Up All Night) [2004]  [SongRec]
  Razorlight - Razorwhat! The Best Of Razorlight - 08 - Somewhere Else.mp3
  → Razorlight - Somewhere Else.mp3
  ♬ Razorlight — Somewhere Else, album : Up All Night, année : 2004, genre : Rock
[1170/1381] Regard - Ride It (FromParis Remix).mp3
  ♪ ARTMO'S — Ride it  [SongRec]
  Regard - Ride It (FromParis Remix).mp3
  → ARTMO'S - Ride it.mp3
  ♬ ARTMO'S — Ride it, genre : House
[1171/1381] Reigning Sound-Time Bomb High School-01-Stormy Weather.mp3
  ♪ Reigning Sound — Stormy Weather (Time Bomb High School) [2002]  [SongRec]
  Reigning Sound-Time Bomb High School-01-Stormy Weather.mp3
  → Reigning Sound - Stormy Weather.mp3
  ♬ Reigning Sound — Stormy Weather, album : Time Bomb High School, année : 2002, genre : Rock
[1172/1381] Renan Boeing - When i See You Dance (Extended Mix).mp3
  ♪ Roddy Lima — See You Dancing (See You Dancing - Single) [2024]  [SongRec]
  Renan Boeing - When i See You Dance (Extended Mix).mp3
  → Roddy Lima - See You Dancing.mp3
  ♬ Roddy Lima — See You Dancing, album : See You Dancing - Single, année : 2024, genre : Dance
[1173/1381] Republica - Ready to Go  The best of.wv
  ✗ non reconnu (ni SongRec ni tags)
[1174/1381] Rick Astley - Cry For Help (Extended 12_ Mix).mp3
  ♪ Rick Astley — Cry for Help (12" Version) (Cry for Help (2024 Remaster) - Single) [1991]  [SongRec]
  Rick Astley - Cry For Help (Extended 12_ Mix).mp3
  → Rick Astley - Cry for Help (12 Version).mp3
  ♬ Rick Astley — Cry for Help (12" Version), album : Cry for Help (2024 Remaster) - Single, année : 1991, genre : Pop
[1175/1381] Robin S - Show Me Love (Dario Caminita Revibe).mp3
  ♪ Robin S. — Show Me Love (Show Me Love) [1990]  [SongRec]
  Robin S - Show Me Love (Dario Caminita Revibe).mp3
  → Robin S. - Show Me Love.mp3
  ♬ Robin S. — Show Me Love, album : Show Me Love, année : 1990, genre : Pop
[1176/1381] Rodrigo y Gabriela - Rodrigo y Gabriela (Deluxe Edition) - 01 Tamacun - Remastered.mp3
  ♪ Rodrigo y Gabriela — Tamacun (Rodrigo y Gabriela) [2006]  [SongRec]
  Rodrigo y Gabriela - Rodrigo y Gabriela (Deluxe Edition) - 01 Tamacun - Remastered.mp3
  → Rodrigo y Gabriela - Tamacun.mp3
  ♬ Rodrigo y Gabriela — Tamacun, album : Rodrigo y Gabriela, année : 2006, genre : World
[1177/1381] Rodrigo y Gabriela - Rodrigo y Gabriela (Deluxe Edition) - 07 Orion - Remastered.mp3
  ♪ Rodrigo y Gabriela — Orion (Rodrigo y Gabriela) [2006]  [SongRec]
  ⚠ conflit : Rodrigo y Gabriela - Orion.mp3 existe déjà, ignoré
  ♬ Rodrigo y Gabriela — Orion, album : Rodrigo y Gabriela, année : 2006, genre : World
[1178/1381] Ronski Speed vs Avicii - Wake Me Up On The Way  To Heaven.mp3
  ♪ DJ Baddmixx — Vanessa's 6Min Give It Work WarmUp 133Bpm  [SongRec]
  Ronski Speed vs Avicii - Wake Me Up On The Way  To Heaven.mp3
  → DJ Baddmixx - Vanessa's 6Min Give It Work WarmUp 133Bpm.mp3
  ♬ DJ Baddmixx — Vanessa's 6Min Give It Work WarmUp 133Bpm, genre : Fitness & Workout
[1179/1381] S-Kyz - L'histoire D'un Jeune 2.mp3
  ♪ S-kyz — L'histoire d'un jeune (L'histoire d'un jeune) [2008]  [SongRec]
  S-Kyz - L'histoire D'un Jeune 2.mp3
  → S-kyz - L'histoire d'un jeune.mp3
  ♬ S-kyz — L'histoire d'un jeune, album : L'histoire d'un jeune, année : 2008, genre : R&B/Soul
[1180/1381] SWV - Someone.mp3
  ♪ The Notorious B.I.G. — Ten Crack Commandments (Life After Death (2014 Remaster)) [1997]  [SongRec]
  SWV - Someone.mp3
  → The Notorious B.I.G. - Ten Crack Commandments.mp3
  ♬ The Notorious B.I.G. — Ten Crack Commandments, album : Life After Death (2014 Remaster), année : 1997, genre : Hip-Hop/Rap
[1181/1381] SZA - Blind (esentrik Remix) (Intro-Dirty).mp3
  ♪ SZA — Blind (SOS) [2022]  [SongRec]
  SZA - Blind (esentrik Remix) (Intro-Dirty).mp3
  → SZA - Blind.mp3
  ♬ SZA — Blind, album : SOS, année : 2022, genre : R&B/Soul
[1182/1381] Saian Supa Crew - Angela.mp3
  ♪ Saïan Supa Crew — Angela (KLR) [2000]  [SongRec]
  Saian Supa Crew - Angela.mp3
  → Saïan Supa Crew - Angela.mp3
  ♬ Saïan Supa Crew — Angela, album : KLR, année : 2000, genre : Hip-Hop/Rap
[1183/1381] Sam Feldt - The Confession - 01 - The Confession.mp3
  ♪ Sam Feldt — The Confession (The Confession - Single) [2024]  [SongRec]
  Sam Feldt - The Confession - 01 - The Confession.mp3
  → Sam Feldt - The Confession.mp3
  ♬ Sam Feldt — The Confession, album : The Confession - Single, année : 2024, genre : Dance
[1184/1381] San Pacho - Elektro.mp3
  ♪ Outwork — Elektro (The Cube Guys mix) [feat. Mr Gee] (Elektro (feat. Mr Gee) [The ultimate remixes]) [2005]  [SongRec]
  San Pacho - Elektro.mp3
  → Outwork - Elektro (The Cube Guys mix) [feat. Mr Gee].mp3
  ♬ Outwork — Elektro (The Cube Guys mix) [feat. Mr Gee], album : Elektro (feat. Mr Gee) [The ultimate remixes], année : 2005, genre : House
[1185/1381] Santana-2019-Supernatural - 05 - Smooth (Featuring Rob Thomas)-32bit-192Khz.mp3
  ♪ Santana — Smooth (feat. Rob Thomas) (Supernatural (Remastered) [Bonus Track Version]) [1999]  [SongRec]
  Santana-2019-Supernatural - 05 - Smooth (Featuring Rob Thomas)-32bit-192Khz.mp3
  → Santana - Smooth (feat. Rob Thomas).mp3
  ♬ Santana — Smooth (feat. Rob Thomas), album : Supernatural (Remastered) [Bonus Track Version], année : 1999, genre : Rock
[1186/1381] Satyricon - Dark Medieval Times.mp3
  ♪ Satyricon — Min Hyllest Til Vinterland (Remastered 2021) (Dark Medieval Times (Remastered 2021)) [1994]  [SongRec]
  Satyricon - Dark Medieval Times.mp3
  → Satyricon - Min Hyllest Til Vinterland (Remastered 2021).mp3
  ♬ Satyricon — Min Hyllest Til Vinterland (Remastered 2021), album : Dark Medieval Times (Remastered 2021), année : 1994, genre : Death Metal/Black Metal
[1187/1381] Secondcity - I Wanna Feel (Vulcan Bootleg).mp3
  ♪ Secondcity — I Wanna Feel (Vulcan Bootleg) [2018]  [tags existants]
  = nom déjà correct
  ♬ Secondcity — I Wanna Feel (Vulcan Bootleg), année : 2018
[1188/1381] Secret Weapon - Must Be The Music (Album Version).mp3
  ♪ Secret Weapon — Must Be the Music (Must Be the Music - EP) [1981]  [SongRec]
  Secret Weapon - Must Be The Music (Album Version).mp3
  → Secret Weapon - Must Be the Music.mp3
  ♬ Secret Weapon — Must Be the Music, album : Must Be the Music - EP, année : 1981, genre : Dance
[1189/1381] Senorita.mp3
  ♪ DVRT & Camilia — Señorita (Señorita - Single) [2021]  [SongRec]
  Senorita.mp3
  → DVRT & Camilia - Señorita.mp3
  ♬ DVRT & Camilia — Señorita, album : Señorita - Single, année : 2021, genre : Dance
[1190/1381] Sensitive.mp3
  ♪ Dreamer Isioma — Sensitive (Sensitive - EP) [2020]  [SongRec]
  Sensitive.mp3
  → Dreamer Isioma - Sensitive.mp3
  ♬ Dreamer Isioma — Sensitive, album : Sensitive - EP, année : 2020, genre : Pop
[1191/1381] Sergiodnine - Give Me The Funk (Original Mix).mp3
  ♪ Chris Fortier & Neil Kolo — All I Got (Chris Fortier 20yr Dub) (All I Got (Chris Fortier Remixes) - EP) [2015]  [SongRec]
  Sergiodnine - Give Me The Funk (Original Mix).mp3
  → Chris Fortier & Neil Kolo - All I Got (Chris Fortier 20yr Dub).mp3
  ♬ Chris Fortier & Neil Kolo — All I Got (Chris Fortier 20yr Dub), album : All I Got (Chris Fortier Remixes) - EP, année : 2015, genre : Techno
[1192/1381] Shakira - She Wolf [US Special Edition - Arvato Release] (2009).mp3
  ♪ Shakira — Mon Amour (She Wolf (Deluxe Version)) [2009]  [SongRec]
  Shakira - She Wolf [US Special Edition - Arvato Release] (2009).mp3
  → Shakira - Mon Amour.mp3
  ♬ Shakira — Mon Amour, album : She Wolf (Deluxe Version), année : 2009, genre : Pop
[1193/1381] Shanice - I Love Your Smile.mp3
  ♪ Shanice — I Love Your Smile (Inner Child) [1991]  [SongRec]
  = nom déjà correct
  ♬ Shanice — I Love Your Smile, album : Inner Child, année : 1991, genre : Pop
[1194/1381] Shola Ama - You Might Need Somebody (Mousse T. Mellow Dub).mp3
  ♪ Roland Clark & Urban Soul — What Do I Gotta Do (Eric Kupper Club Mix) (What Do I Gotta Do) [1997]  [SongRec]
  Shola Ama - You Might Need Somebody (Mousse T. Mellow Dub).mp3
  → Roland Clark & Urban Soul - What Do I Gotta Do (Eric Kupper Club Mix).mp3
  ♬ Roland Clark & Urban Soul — What Do I Gotta Do (Eric Kupper Club Mix), album : What Do I Gotta Do, année : 1997, genre : House
[1195/1381] Simple Minds - All The Things She Said (5.1).mp3
  ♪ Simple Minds — All The Things She Said (Once Upon A Time) [1985]  [SongRec]
  Simple Minds - All The Things She Said (5.1).mp3
  → Simple Minds - All The Things She Said.mp3
  ♬ Simple Minds — All The Things She Said, album : Once Upon A Time, année : 1985, genre : Pop
[1196/1381] Simply Red - Holding Back The Years (Instrumental).mp3
  ♪ Simply Red — Holding Back the Years (Picture Book) [1985]  [SongRec]
  ⚠ conflit : Simply Red - Holding Back the Years.mp3 existe déjà, ignoré
  ♬ Simply Red — Holding Back the Years, album : Picture Book, année : 1985, genre : Pop
[1197/1381] Sko feat. Paul Kalfon - Montre-moi le chemin (Show Me The Way).mp3
  ♪ Sko — Montre moi le chemin (feat. Paul Kalfon) (Best of Sko) [1998]  [SongRec]
  Sko feat. Paul Kalfon - Montre-moi le chemin (Show Me The Way).mp3
  → Sko - Montre moi le chemin (feat. Paul Kalfon).mp3
  ♬ Sko — Montre moi le chemin (feat. Paul Kalfon), album : Best of Sko, année : 1998, genre : Hip-Hop/Rap
[1198/1381] Snap! - Rhythm Is A Dancer (Alinka Edit).mp3
  ♪ Snap! — Rhythm Is a Dancer (The Madman's Return) [1992]  [SongRec]
  Snap! - Rhythm Is A Dancer (Alinka Edit).mp3
  → Snap! - Rhythm Is a Dancer.mp3
  ♬ Snap! — Rhythm Is a Dancer, album : The Madman's Return, année : 1992, genre : Dance
[1199/1381] Social Distortion - Hard Times and Nursery Rhymes - 05 - Machine Gun Blues.mp3
  ♪ Social Distortion — Machine Gun Blues (Hard Times and Nursery Rhymes (Deluxe Edition)) [2010]  [SongRec]
  Social Distortion - Hard Times and Nursery Rhymes - 05 - Machine Gun Blues.mp3
  → Social Distortion - Machine Gun Blues.mp3
  ♬ Social Distortion — Machine Gun Blues, album : Hard Times and Nursery Rhymes (Deluxe Edition), année : 2010, genre : Alternative
[1200/1381] Social Distortion - Hard Times and Nursery Rhymes - 11 - Still Alive.mp3
  ♪ Social Distortion — Still Alive (Hard Times and Nursery Rhymes (Deluxe Edition)) [2011]  [SongRec]
  Social Distortion - Hard Times and Nursery Rhymes - 11 - Still Alive.mp3
  → Social Distortion - Still Alive.mp3
  ♬ Social Distortion — Still Alive, album : Hard Times and Nursery Rhymes (Deluxe Edition), année : 2011, genre : Alternative
[1201/1381] Something I Need.mp3
  ♪ Ben Haenow — Something I Need (Ben Haenow (Deluxe Album)) [2014]  [SongRec]
  Something I Need.mp3
  → Ben Haenow - Something I Need.mp3
  ♬ Ben Haenow — Something I Need, album : Ben Haenow (Deluxe Album), année : 2014, genre : Pop
[1202/1381] Sonaba - Think Of You (2024).mp3
  ♪ ED:SC — On & On (This Is Me, Ismael) [2024]  [SongRec]
  Sonaba - Think Of You (2024).mp3
  → EDSC - On & On.mp3
  ♬ ED:SC — On & On, album : This Is Me, Ismael, année : 2024, genre : Electronica
[1203/1381] Sonaba - Think Of You (2024)_639160303638643311.mp3
  ♪ ED:SC — On & On (This Is Me, Ismael) [2024]  [SongRec]
  ⚠ conflit : EDSC - On & On.mp3 existe déjà, ignoré
  ♬ ED:SC — On & On, album : This Is Me, Ismael, année : 2024, genre : Electronica
[1204/1381] Soul Central (Need You Now)-[04]-Need You Now (Radio Edit).mp3
  ♪ Soul Central — Need You Now (Need U Now - EP) [2005]  [SongRec]
  Soul Central (Need You Now)-[04]-Need You Now (Radio Edit).mp3
  → Soul Central - Need You Now.mp3
  ♬ Soul Central — Need You Now, album : Need U Now - EP, année : 2005, genre : Dance
[1205/1381] Soul II Soul - I Care (Soul II Soul) (BB Stone & Booker T Nu Soul Klub).mp3
  ♪ Soul Ii Soul — I Care (Nu Soul Klub) (I Care)  [tags existants]
  Soul II Soul - I Care (Soul II Soul) (BB Stone & Booker T Nu Soul Klub).mp3
  → Soul Ii Soul - I Care (Nu Soul Klub).mp3
  ♬ Soul Ii Soul — I Care (Nu Soul Klub), album : I Care
[1206/1381] Spandau Ballet - Gold.mp3
  ♪ Spandau Ballet — Musclebound (Remastered) (Journeys To Glory (Remastered)) [1981]  [SongRec]
  Spandau Ballet - Gold.mp3
  → Spandau Ballet - Musclebound (Remastered).mp3
  ♬ Spandau Ballet — Musclebound (Remastered), album : Journeys To Glory (Remastered), année : 1981, genre : Pop
[1207/1381] Spiller - Groovejet (If This Ain't Love).mp3
  ♪ Spiller — Groovejet (If This Ain't Love) [feat. Sophie Ellis-Bextor] (Groovejet (If This Ain't Love) [feat. Sophie Ellis-Bextor] - EP) [2000]  [SongRec]
  Spiller - Groovejet (If This Ain't Love).mp3
  → Spiller - Groovejet (If This Ain't Love) [feat. Sophie Ellis-Bextor].mp3
  ♬ Spiller — Groovejet (If This Ain't Love) [feat. Sophie Ellis-Bextor], album : Groovejet (If This Ain't Love) [feat. Sophie Ellis-Bextor] - EP, année : 2000, genre : Dance
[1208/1381] Stakka Bo - Here We Go (FBH Club Mix).mp3
  ♪ Stakka Bo — Here We Go (Fbh Club mix) (Here We Go (12'' French Promo)) [1994]  [tags existants]
  Stakka Bo - Here We Go (FBH Club Mix).mp3
  → Stakka Bo - Here We Go (Fbh Club mix).mp3
  ♬ Stakka Bo — Here We Go (Fbh Club mix), album : Here We Go (12'' French Promo), année : 1994
[1209/1381] Stephan Bouwman - Liquid Spirit (Live at Qmusic).mp3
  ♪ Gregory Porter — Liquid Spirit (Claptone Remix) (Liquid Spirit (Claptone Remix) - Single) [2015]  [SongRec]
  Stephan Bouwman - Liquid Spirit (Live at Qmusic).mp3
  → Gregory Porter - Liquid Spirit (Claptone Remix).mp3
  ♬ Gregory Porter — Liquid Spirit (Claptone Remix), album : Liquid Spirit (Claptone Remix) - Single, année : 2015, genre : Dance
[1210/1381] Sting - …Nothing Like the Sun - 03 - Englishman in New York.mp3
  ♪ Sting — Englishman In New York (...Nothing Like the Sun) [1987]  [SongRec]
  Sting - …Nothing Like the Sun - 03 - Englishman in New York.mp3
  → Sting - Englishman In New York.mp3
  ♬ Sting — Englishman In New York, album : ...Nothing Like the Sun, année : 1987, genre : Rock
[1211/1381] Stomy Bugsy-Mon papa a moi est un gangster.mp3
  ♪ Stomy Bugsy — Mon papa à moi est un gangster (Remix) (Quelques balles de plus pour... le calibre qu'il te faut) [1998]  [SongRec]
  Stomy Bugsy-Mon papa a moi est un gangster.mp3
  → Stomy Bugsy - Mon papa à moi est un gangster (Remix).mp3
  ♬ Stomy Bugsy — Mon papa à moi est un gangster (Remix), album : Quelques balles de plus pour... le calibre qu'il te faut, année : 1998, genre : World
[1212/1381] Stéphanie - Ouragan (French Extended).mp3
  ♪ Stephanie — Ouragan (Remastered 2022) (Ouragan (Remastered 2022) - Single) [1986]  [SongRec]
  Stéphanie - Ouragan (French Extended).mp3
  → Stephanie - Ouragan (Remastered 2022).mp3
  ♬ Stephanie — Ouragan (Remastered 2022), album : Ouragan (Remastered 2022) - Single, année : 1986, genre : Pop
[1213/1381] Surface - Happy (Love Mix).mp3
  ♪ Surface — Happy (12 Inch Remix) (Surface) [1986]  [SongRec]
  Surface - Happy (Love Mix).mp3
  → Surface - Happy (12 Inch Remix).mp3
  ♬ Surface — Happy (12 Inch Remix), album : Surface, année : 1986, genre : R&B/Soul
[1214/1381] Surface - Happy (Love Mix)_639158805114550914.mp3
  ♪ Surface — Happy (12 Inch Remix) (Surface) [1986]  [SongRec]
  ⚠ conflit : Surface - Happy (12 Inch Remix).mp3 existe déjà, ignoré
  ♬ Surface — Happy (12 Inch Remix), album : Surface, année : 1986, genre : R&B/Soul
[1215/1381] Sylvie Vartan - Tes Tendres Années (Live).mp3
  ♪ Sylvie Vartan — Tes Tendres Années (Sylvie Vartan au Casino de Paris (Live 95)) [1976]  [SongRec]
  Sylvie Vartan - Tes Tendres Années (Live).mp3
  → Sylvie Vartan - Tes Tendres Années.mp3
  ♬ Sylvie Vartan — Tes Tendres Années, album : Sylvie Vartan au Casino de Paris (Live 95), année : 1976, genre : French Pop
[1216/1381] THE TIMELORDS-DOCTORIN THE TARDIS.mp3
  ♪ The Timelords (The Jams) — Doctorin' The Tardis  [SongRec]
  THE TIMELORDS-DOCTORIN THE TARDIS.mp3
  → The Timelords (The Jams) - Doctorin' The Tardis.mp3
  ♬ The Timelords (The Jams) — Doctorin' The Tardis, genre : Electronic
[1217/1381] TRIBAL KING - façon sex TEK HOUSE MIX.mp3
  ♪ Tribal King — Façon Sex (Teck House Mix)  [SongRec]
  TRIBAL KING - façon sex TEK HOUSE MIX.mp3
  → Tribal King - Façon Sex (Teck House Mix).mp3
  ♬ Tribal King — Façon Sex (Teck House Mix), genre : Dance
[1218/1381] Tarkan - Şımarık (Extended Malagutti Version).mp3
  ♪ Tarkan — Simarik (Malagutti Remix)  [SongRec]
  Tarkan - Şımarık (Extended Malagutti Version).mp3
  → Tarkan - Simarik (Malagutti Remix).mp3
  ♬ Tarkan — Simarik (Malagutti Remix), genre : Pop in Spanish
[1219/1381] Tasmin Archer - Sleeping Satellite.mp3
  ♪ Tasmin Archer — Sleeping Satellite (Great Expectations) [1992]  [SongRec]
  = nom déjà correct
  ♬ Tasmin Archer — Sleeping Satellite, album : Great Expectations, année : 1992, genre : Pop
[1220/1381] Texas - Summer Son (Love To Infinity Euro Bootleg).mp3
  ♪ Texas — Summer Son (Sunburn Mix) (Summer Son (Remixes) - EP) [1999]  [SongRec]
  Texas - Summer Son (Love To Infinity Euro Bootleg).mp3
  → Texas - Summer Son (Sunburn Mix).mp3
  ♬ Texas — Summer Son (Sunburn Mix), album : Summer Son (Remixes) - EP, année : 1999, genre : Pop
[1221/1381] The Allman Brothers Band - Wipe the Windows, Check the Oil, Dollar Gas - 11 - Jessica.mp3
  ♪ The Allman Brothers Band — Jessica (Live at the Oakland Coliseum, 1975) (Wipe the Windows, Check the Oil, Dollar Gas (Live)) [1976]  [SongRec]
  The Allman Brothers Band - Wipe the Windows, Check the Oil, Dollar Gas - 11 - Jessica.mp3
  → The Allman Brothers Band - Jessica (Live at the Oakland Coliseum, 1975).mp3
  ♬ The Allman Brothers Band — Jessica (Live at the Oakland Coliseum, 1975), album : Wipe the Windows, Check the Oil, Dollar Gas (Live), année : 1976, genre : Rock
[1222/1381] The Art of Noise With Max Headroom - Paranoimia.mp3
  ♪ Art of Noise — Paranoimia (feat. Max Headroom) (The Best of the Art of Noise) [1986]  [SongRec]
  The Art of Noise With Max Headroom - Paranoimia.mp3
  → Art of Noise - Paranoimia (feat. Max Headroom).mp3
  ♬ Art of Noise — Paranoimia (feat. Max Headroom), album : The Best of the Art of Noise, année : 1986, genre : Pop/Rock
[1223/1381] The Bermudas - Short Shorts.mp3
  ♪ The Bermudas — Short Shorts (Short Shorts - Single) [2023]  [SongRec]
  = nom déjà correct
  ♬ The Bermudas — Short Shorts, album : Short Shorts - Single, année : 2023, genre : Pop/Rock
[1224/1381] The Black Eyed Peas - Pump It [2005].mp3
  ♪ Black Eyed Peas — Pump It (Monkey Business) [2005]  [SongRec]
  The Black Eyed Peas - Pump It [2005].mp3
  → Black Eyed Peas - Pump It.mp3
  ♬ Black Eyed Peas — Pump It, album : Monkey Business, année : 2005, genre : Hip-Hop/Rap
[1225/1381] The Blackbyrds - Unfinished Business (Nick Bike Edit).mp3
  ♪ The Blackbyrds — Unfinished Business (City Life / Unfinished Business (Remastered)) [1994]  [SongRec]
  The Blackbyrds - Unfinished Business (Nick Bike Edit).mp3
  → The Blackbyrds - Unfinished Business.mp3
  ♬ The Blackbyrds — Unfinished Business, album : City Life / Unfinished Business (Remastered), année : 1994, genre : R&B/Soul
[1226/1381] The Chemical Brothers - Do it Again (Extended Mix).mp3
  ♪ The Chemical Brothers — Do It Again (We Are the Night) [2007]  [SongRec]
  The Chemical Brothers - Do it Again (Extended Mix).mp3
  → The Chemical Brothers - Do It Again.mp3
  ♬ The Chemical Brothers — Do It Again, album : We Are the Night, année : 2007, genre : Electronic
[1227/1381] The Come Ons-Hip Check!-08-Sunday Drive.mp3
  ♪ The Come Ons — Sunday Drive (Hip Check!) [2001]  [SongRec]
  The Come Ons-Hip Check!-08-Sunday Drive.mp3
  → The Come Ons - Sunday Drive.mp3
  ♬ The Come Ons — Sunday Drive, album : Hip Check!, année : 2001, genre : Alternative
[1228/1381] The Cranberies - The Cranberies- Zombie (Mp3goo.Com).Mp3.mp3
  ♪ The Cranberries — Zombie (Zombie - Single) [1994]  [SongRec]
  The Cranberies - The Cranberies- Zombie (Mp3goo.Com).Mp3.mp3
  → The Cranberries - Zombie.mp3
  ♬ The Cranberries — Zombie, album : Zombie - Single, année : 1994, genre : Rock
[1229/1381] The Harder I Try (1988) - 02 - Remember Me (extended).mp3
  ♪ Brother Beyond — Remember Me (Extended) (The Harder I Try) [1988]  [tags existants]
  The Harder I Try (1988) - 02 - Remember Me (extended).mp3
  → Brother Beyond - Remember Me (Extended).mp3
  ♬ Brother Beyond — Remember Me (Extended), album : The Harder I Try, année : 1988
[1230/1381] The History Of The House Sound Of Chicago-LP12-1988 - A2 - Jellybean Featuring Steven Dante - The Real Thing (West 26th Street Mix)-24bit-96Khz.mp3
  ♪ Jellybean — The Real Thing (Just Visiting This Planet) [1987]  [SongRec]
  The History Of The House Sound Of Chicago-LP12-1988 - A2 - Jellybean Featuring Steven Dante - The Real Thing (West 26th Street Mix)-24bit-96Khz.mp3
  → Jellybean - The Real Thing.mp3
  ♬ Jellybean — The Real Thing, album : Just Visiting This Planet, année : 1987, genre : Dance
[1231/1381] The Hoosiers - Goodbye Mr A.mp3
  ♪ The Hoosiers — Goodbye Mr A (The Trick to Life (10th Anniversary Edition)) [2007]  [SongRec]
  = nom déjà correct
  ♬ The Hoosiers — Goodbye Mr A, album : The Trick to Life (10th Anniversary Edition), année : 2007, genre : Pop
[1232/1381] The Last Shadow Puppets_Everything You’ve Come to Expect_02_Miracle Aligner.mp3
  ♪ The Last Shadow Puppets — Miracle Aligner (Everything You've Come To Expect (Deluxe Edition)) [2016]  [SongRec]
  The Last Shadow Puppets_Everything You’ve Come to Expect_02_Miracle Aligner.mp3
  → The Last Shadow Puppets - Miracle Aligner.mp3
  ♬ The Last Shadow Puppets — Miracle Aligner, album : Everything You've Come To Expect (Deluxe Edition), année : 2016, genre : Alternative
[1233/1381] The Lighthouse Family - Lifted (Ocean Drive) (Blue Amazon Dub)_pn.mp3
  ♪ Lighthouse Family — Ocean Drive (Blue Amazon Dub) (Ocean Drive) [1995]  [SongRec]
  The Lighthouse Family - Lifted (Ocean Drive) (Blue Amazon Dub)_pn.mp3
  → Lighthouse Family - Ocean Drive (Blue Amazon Dub).mp3
  ♬ Lighthouse Family — Ocean Drive (Blue Amazon Dub), album : Ocean Drive, année : 1995, genre : Pop
[1234/1381] The Notorious B.I.G. - Ready to Die.mp3
  ♪ The Notorious B.I.G. — Ready To Die (Ready To Die the Remaster) [1994]  [SongRec]
  ⚠ conflit : The Notorious B.I.G. - Ready To Die.mp3 existe déjà, ignoré
  ♬ The Notorious B.I.G. — Ready To Die, album : Ready To Die the Remaster, année : 1994, genre : Hip-Hop/Rap
[1235/1381] The Ones - Flawless (Phunk Investigation Vocal Mix).mp3
  ♪ The Ones — Flawless (Original Mix) [Original Mix]  [SongRec]
  The Ones - Flawless (Phunk Investigation Vocal Mix).mp3
  → The Ones - Flawless (Original Mix) [Original Mix].mp3
  ♬ The Ones — Flawless (Original Mix) [Original Mix], genre : Dance
[1236/1381] The Orb (Auntie Aubrey's Excursions Beyond The Call Of Duty Part 2; The Orb Remix Project)-[DVNT23CD]-[2-05]-Meat Beat Manifesto - Radio Babylon (Beach Blanket Bimboland Mix).mp3
  ♪ Meat Beat Manifesto — Radio Babylon (Beach Blanket Bimboland Mix)  [SongRec]
  The Orb (Auntie Aubrey's Excursions Beyond The Call Of Duty Part 2; The Orb Remix Project)-[DVNT23CD]-[2-05]-Meat Beat Manifesto - Radio Babylon (Beach Blanket Bimboland Mix).mp3
  → Meat Beat Manifesto - Radio Babylon (Beach Blanket Bimboland Mix).mp3
  ♬ Meat Beat Manifesto — Radio Babylon (Beach Blanket Bimboland Mix), genre : Electronic
[1237/1381] The Pointer Sisters -2009- Jump_ The Very Best of.mp3
  ✗ non reconnu (ni SongRec ni tags)
[1238/1381] The Prince Karma - Later Bitches (Benny Benassi vs. MazZz & Constantin Extended Remix).mp3
  ♪ The Prince Karma — Later Bitches (Benny Benassi vs. MazZz & Constantin Remix) (Later Bitches (Benny Benassi vs. MazZz & Constantin Remix) - Single) [2018]  [SongRec]
  The Prince Karma - Later Bitches (Benny Benassi vs. MazZz & Constantin Extended Remix).mp3
  → The Prince Karma - Later Bitches (Benny Benassi vs. MazZz & Constantin Remix).mp3
  ♬ The Prince Karma — Later Bitches (Benny Benassi vs. MazZz & Constantin Remix), album : Later Bitches (Benny Benassi vs. MazZz & Constantin Remix) - Single, année : 2018, genre : Dance
[1239/1381] The Righteous Yeah - Dance The Night Away - 04 Ka Ana.mp3
  ♪ The Righteous Yeah — Ka Ana (Dance the Night Away) [2022]  [tags existants]
  The Righteous Yeah - Dance The Night Away - 04 Ka Ana.mp3
  → The Righteous Yeah - Ka Ana.mp3
  ♬ The Righteous Yeah — Ka Ana, album : Dance the Night Away, année : 2022
[1240/1381] The Ritchie Family-1980-Give Me A Break (Casablanca 25s-7, Polystar 25s-7, Japan, Promo) - 03 - All My Love-32bit-384Khz.wv
  ✗ non reconnu (ni SongRec ni tags)
[1241/1381] The Stranglers - No More Heroes (TOCP-53275).mp3
  ♪ The Stranglers — Peasant In the Big S****y (1996 Remastered Version) (No More Heroes) [1977]  [SongRec]
  The Stranglers - No More Heroes (TOCP-53275).mp3
  → The Stranglers - Peasant In the Big Sy (1996 Remastered Version).mp3
  ♬ The Stranglers — Peasant In the Big S****y (1996 Remastered Version), album : No More Heroes, année : 1977, genre : Pop
[1242/1381] The Stranglers - No More Heroes.mp3
  ♪ The Stranglers — Burning Up Time (Live) (Live (X-Cert)) [1979]  [SongRec]
  The Stranglers - No More Heroes.mp3
  → The Stranglers - Burning Up Time (Live).mp3
  ♬ The Stranglers — Burning Up Time (Live), album : Live (X-Cert), année : 1979, genre : Pop
[1243/1381] The Sweet - Live 1973.mp3
  ♪ Sweet — Burning/Someone Else Will (Live UK Tour 73)  [SongRec]
  The Sweet - Live 1973.mp3
  → Sweet - BurningSomeone Else Will (Live UK Tour 73).mp3
  ♬ Sweet — Burning/Someone Else Will (Live UK Tour 73), genre : Pop
[1244/1381] The Sweet - Live 1973_639160745170083916.mp3
  ♪ Sweet — Burning/Someone Else Will (Live UK Tour 73)  [SongRec]
  ⚠ conflit : Sweet - BurningSomeone Else Will (Live UK Tour 73).mp3 existe déjà, ignoré
  ♬ Sweet — Burning/Someone Else Will (Live UK Tour 73), genre : Pop
[1245/1381] The Tamperer featuring Maya - Hammer To The Heart (Metro Extended Mix).mp3
  ♪ The Tamperer — Hammer to the Heart (feat. Maya) [Metro Extended Mix] (Hammer to the Heart (feat. Maya) - EP) [1999]  [SongRec]
  The Tamperer featuring Maya - Hammer To The Heart (Metro Extended Mix).mp3
  → The Tamperer - Hammer to the Heart (feat. Maya) [Metro Extended Mix].mp3
  ♬ The Tamperer — Hammer to the Heart (feat. Maya) [Metro Extended Mix], album : Hammer to the Heart (feat. Maya) - EP, année : 1999, genre : House
[1246/1381] The Temper Trap - Sweet Disposition (EZEK RMX).mp3
  ♪ The Temper Trap — Sweet Disposition (EZEK Remix)  [SongRec]
  The Temper Trap - Sweet Disposition (EZEK RMX).mp3
  → The Temper Trap - Sweet Disposition (EZEK Remix).mp3
  ♬ The Temper Trap — Sweet Disposition (EZEK Remix)
[1247/1381] The Temper Trap - Sweet Disposition (EZEK Remix) [Melodic Deep].mp3
  ♪ The Temper Trap — Sweet Disposition (EZEK Remix)  [SongRec]
  ⚠ conflit : The Temper Trap - Sweet Disposition (EZEK Remix).mp3 existe déjà, ignoré
  ♬ The Temper Trap — Sweet Disposition (EZEK Remix)
[1248/1381] The Wanderings of the Avener (feat. Adam Cohen, Rodriguez, The Be Good Tanyas & Ane Brun) [Full Continuous Mix]_639157976600755775.mp3
  ♪ The Avener — Fade Out Lines (Fade Out Lines (And Remixes) - EP) [2013]  [SongRec]
  The Wanderings of the Avener (feat. Adam Cohen, Rodriguez, The Be Good Tanyas & Ane Brun) [Full Continuous Mix]_639157976600755775.mp3
  → The Avener - Fade Out Lines.mp3
  ♬ The Avener — Fade Out Lines, album : Fade Out Lines (And Remixes) - EP, année : 2013, genre : Electronic
[1249/1381] The Weeknd - Call Out My Name.mp3
  ♪ The Weeknd — Call Out My Name (Unknown Album)  [tags existants]
  = nom déjà correct
  ♬ The Weeknd — Call Out My Name, album : Unknown Album
[1250/1381] The Weeknd - I Was Never There.mp3
  ♪ The Weeknd — I Was Never There  [tags existants]
  = nom déjà correct
  ♬ The Weeknd — I Was Never There
[1251/1381] The Weeknd - Love to Lay.mp3
  ♪ The Weeknd — Love to Lay  [tags existants]
  = nom déjà correct
  ♬ The Weeknd — Love to Lay
[1252/1381] The Weeknd - Pray for Me.mp3
  ♪ The Weeknd — Pray for Me  [tags existants]
  = nom déjà correct
  ♬ The Weeknd — Pray for Me
[1253/1381] The Weeknd - Prisoner.mp3
  ♪ The Weeknd — Prisoner  [tags existants]
  = nom déjà correct
  ♬ The Weeknd — Prisoner
[1254/1381] The Weeknd - Rockin'.mp3
  ♪ The Weeknd — Rockin’  [tags existants]
  The Weeknd - Rockin'.mp3
  → The Weeknd - Rockin’.mp3
  ♬ The Weeknd — Rockin’
[1255/1381] The Weeknd - Shameless.mp3
  ♪ The Weeknd — Shameless  [tags existants]
  = nom déjà correct
  ♬ The Weeknd — Shameless
[1256/1381] The Weeknd - Sidewalks.mp3
  ♪ The Weeknd — Sidewalks  [tags existants]
  = nom déjà correct
  ♬ The Weeknd — Sidewalks
[1257/1381] The Weeknd - Stargirl Interlude.mp3
  ♪ The Weeknd — Stargirl Interlude  [tags existants]
  = nom déjà correct
  ♬ The Weeknd — Stargirl Interlude
[1258/1381] The Weeknd - True Colors.mp3
  ♪ The Weeknd — True Colors  [tags existants]
  = nom déjà correct
  ♬ The Weeknd — True Colors
[1259/1381] The Weeknd-2020-After Hours - 09 - Blinding Lights-DSD128_639159176170289922.dsf
  ✗ non reconnu (ni SongRec ni tags)
[1260/1381] The dead sexy Inc. - Ca plane pour moi.mp3
  ♪ Dead Sexy — Ça Plane Pour Moi (Logan Mader mix) (In Nomine Corpus) [2006]  [SongRec]
  The dead sexy Inc. - Ca plane pour moi.mp3
  → Dead Sexy - Ça Plane Pour Moi (Logan Mader mix).mp3
  ♬ Dead Sexy — Ça Plane Pour Moi (Logan Mader mix), album : In Nomine Corpus, année : 2006, genre : Rock
[1261/1381] The dead sexy Inc. - Ca plane pour moi_639157921813589641.mp3
  ♪ Dead Sexy — Ça Plane Pour Moi (Logan Mader mix) (In Nomine Corpus) [2006]  [SongRec]
  ⚠ conflit : Dead Sexy - Ça Plane Pour Moi (Logan Mader mix).mp3 existe déjà, ignoré
  ♬ Dead Sexy — Ça Plane Pour Moi (Logan Mader mix), album : In Nomine Corpus, année : 2006, genre : Rock
[1262/1381] Then Jerico - Big Area (Bruce Lampcov Extended 12_ Mix).mp3
  ♪ Then Jerico — Big Area (The Big Area) [1988]  [SongRec]
  Then Jerico - Big Area (Bruce Lampcov Extended 12_ Mix).mp3
  → Then Jerico - Big Area.mp3
  ♬ Then Jerico — Big Area, album : The Big Area, année : 1988, genre : Pop
[1263/1381] This Life (2022) - 04 - I Wonder Why.mp3
  ♪ Curtis Stigers — I Wonder Why (Curtis Stigers) [1991]  [SongRec]
  This Life (2022) - 04 - I Wonder Why.mp3
  → Curtis Stigers - I Wonder Why.mp3
  ♬ Curtis Stigers — I Wonder Why, album : Curtis Stigers, année : 1991, genre : Pop
[1264/1381] Tiga - Hot In Herre - 03 Hot in Herre (Radio Slave Re-Edit).mp3
  ♪ Tiga — Hot In Here (Radio Slave Re-Edit)  [SongRec]
  Tiga - Hot In Herre - 03 Hot in Herre (Radio Slave Re-Edit).mp3
  → Tiga - Hot In Here (Radio Slave Re-Edit).mp3
  ♬ Tiga — Hot In Here (Radio Slave Re-Edit), genre : Electronic
[1265/1381] Tima - Pirate.mp3
  ♪ Timal — Pirate (Trop chaud) [2018]  [SongRec]
  Tima - Pirate.mp3
  → Timal - Pirate.mp3
  ♬ Timal — Pirate, album : Trop chaud, année : 2018, genre : Hip-Hop/Rap
[1266/1381] Timo - Contigo.mp3
  ♪ Timo — Contigo (Contigo - Single) [2024]  [SongRec]
  = nom déjà correct
  ♬ Timo — Contigo, album : Contigo - Single, année : 2024, genre : Dance
[1267/1381] Timo - Contigo_639160291507976114.mp3
  ♪ Timo — Contigo (Contigo - Single) [2024]  [SongRec]
  ⚠ conflit : Timo - Contigo.mp3 existe déjà, ignoré
  ♬ Timo — Contigo, album : Contigo - Single, année : 2024, genre : Dance
[1268/1381] Tina Turner-1989-Foreign Affair (LP) - 06 - Be Tender With Me Baby-24bit-192Khz.mp3
  ♪ Tina Turner — Be Tender With Me Baby (Tina Turner: The Platinum Collection) [1989]  [SongRec]
  Tina Turner-1989-Foreign Affair (LP) - 06 - Be Tender With Me Baby-24bit-192Khz.mp3
  → Tina Turner - Be Tender With Me Baby.mp3
  ♬ Tina Turner — Be Tender With Me Baby, album : Tina Turner: The Platinum Collection, année : 1989, genre : Rock & Roll
[1269/1381] Tom Grennan - Evering Road - 07 - This Is the Place.mp3
  ♪ Tom Grennan — This is the Place (Evering Road (Deluxe)) [2021]  [SongRec]
  Tom Grennan - Evering Road - 07 - This Is the Place.mp3
  → Tom Grennan - This is the Place.mp3
  ♬ Tom Grennan — This is the Place, album : Evering Road (Deluxe), année : 2021, genre : Alternative
[1270/1381] Tony Parker - Balance Toi.mp3
  ♪ Tony Parker — Balance Toi (Tony Parker) [2003]  [SongRec]
  = nom déjà correct
  ♬ Tony Parker — Balance Toi, album : Tony Parker, année : 2003, genre : Hip-Hop/Rap
[1271/1381] Tough Love x Seamus Haji (Last Night A DJ Saved My Life)-[01]-Last Night A DJ Saved My Life (Club Mix) (Radio Edit).mp3
  ♪ Tough Love & Seamus Haji — Last Night a DJ Saved My Life (Club Mix) (Last Night a DJ Saved My Life - Single) [2007]  [SongRec]
  Tough Love x Seamus Haji (Last Night A DJ Saved My Life)-[01]-Last Night A DJ Saved My Life (Club Mix) (Radio Edit).mp3
  → Tough Love & Seamus Haji - Last Night a DJ Saved My Life (Club Mix).mp3
  ♬ Tough Love & Seamus Haji — Last Night a DJ Saved My Life (Club Mix), album : Last Night a DJ Saved My Life - Single, année : 2007, genre : House
[1272/1381] Tough Love x Seamus Haji (Last Night A DJ Saved My Life)-[02]-Last Night A DJ Saved My Life (Club Mix) (Extended Mix).mp3
  ♪ Indeep — Last Night a D.J. Saved My Life (Smeddles More Ass Edit) (Last Night a D.J. Saved My Life (Smeddles More Ass Mix) - Single) [2022]  [SongRec]
  Tough Love x Seamus Haji (Last Night A DJ Saved My Life)-[02]-Last Night A DJ Saved My Life (Club Mix) (Extended Mix).mp3
  → Indeep - Last Night a D.J. Saved My Life (Smeddles More Ass Edit).mp3
  ♬ Indeep — Last Night a D.J. Saved My Life (Smeddles More Ass Edit), album : Last Night a D.J. Saved My Life (Smeddles More Ass Mix) - Single, année : 2022, genre : Dance
[1273/1381] Tout Genre + Musique Youtube - 20110703 174136 2.M4a.mp3
  ♪ Tout Genre + Musique Youtube — 20110703 174136 2.M4a (Unknown Album)  [tags existants]
  = nom déjà correct
  ♬ Tout Genre + Musique Youtube — 20110703 174136 2.M4a, album : Unknown Album
[1274/1381] Tout Genre + Musique Youtube - Mix Cauet 1 1.mp3
  ♪ Tout Genre + Musique Youtube — Mix Cauet 1 1  [tags existants]
  = nom déjà correct
  ♬ Tout Genre + Musique Youtube — Mix Cauet 1 1
[1275/1381] Tout Genre + Musique Youtube - Mix Cauet 1 2.Mp3.mp3
  ♪ Tout Genre + Musique Youtube — Mix Cauet 1 2.Mp3  [tags existants]
  = nom déjà correct
  ♬ Tout Genre + Musique Youtube — Mix Cauet 1 2.Mp3
[1276/1381] Tout Genre + Musique Youtube - Piste1 2.mp3
  ♪ George Duke — Reach Out (Guardian of the Light (Bonus Track Version)) [1983]  [SongRec]
  Tout Genre + Musique Youtube - Piste1 2.mp3
  → George Duke - Reach Out.mp3
  ♬ George Duke — Reach Out, album : Guardian of the Light (Bonus Track Version), année : 1983, genre : Pop
[1277/1381] Tout Genre + Musique Youtube - Piste26 2.mp3
  ♪ Positive Force — We Got the Funk (12" Version) (Disco Ballers) [2006]  [SongRec]
  Tout Genre + Musique Youtube - Piste26 2.mp3
  → Positive Force - We Got the Funk (12 Version).mp3
  ♬ Positive Force — We Got the Funk (12" Version), album : Disco Ballers, année : 2006, genre : Electronic
[1278/1381] Tout Genre + Musique Youtube - Piste30 2.mp3
  ♪ Chic — Good Times (Definitive Groove: Chic) [1979]  [SongRec]
  Tout Genre + Musique Youtube - Piste30 2.mp3
  → Chic - Good Times.mp3
  ♬ Chic — Good Times, album : Definitive Groove: Chic, année : 1979, genre : R&B/Soul
[1279/1381] Tout Genre + Musique Youtube - Piste77 2.mp3
  ♪ Disco Tech — Lovin' Daddy  [SongRec]
  Tout Genre + Musique Youtube - Piste77 2.mp3
  → Disco Tech - Lovin' Daddy.mp3
  ♬ Disco Tech — Lovin' Daddy, genre : Electronic
[1280/1381] Tout Genre + Musique Youtube - Piste94 1.mp3
  ♪ The O'Jays — Put Our Heads Together (When Will I See You Again) [1983]  [SongRec]
  Tout Genre + Musique Youtube - Piste94 1.mp3
  → The O'Jays - Put Our Heads Together.mp3
  ♬ The O'Jays — Put Our Heads Together, album : When Will I See You Again, année : 1983, genre : R&B/Soul
[1281/1381] Tout Genre + Musique Youtube - Piste97 1.mp3
  ♪ Charades — Gimme The Funk (Gimme The Funk - Single) [1983]  [SongRec]
  Tout Genre + Musique Youtube - Piste97 1.mp3
  → Charades - Gimme The Funk.mp3
  ♬ Charades — Gimme The Funk, album : Gimme The Funk - Single, année : 1983, genre : Dance
[1282/1381] Tout Genre + Musique Youtube - Revival 2009 Vol 4 Part 7 Dj Kuki 1 2.Mp3.mp3
  ♪ Dousk — Blender (Jakiro Remix) (Blender / Donut Drama - Single) [2004]  [SongRec]
  Tout Genre + Musique Youtube - Revival 2009 Vol 4 Part 7 Dj Kuki 1 2.Mp3.mp3
  → Dousk - Blender (Jakiro Remix).mp3
  ♬ Dousk — Blender (Jakiro Remix), album : Blender / Donut Drama - Single, année : 2004, genre : Dance
[1283/1381] Tout Genre + Musique Youtube - Revival Montesinos 2.Mp3.mp3
  ♪ Funkerman — Speed Up (Speed Up) [2007]  [SongRec]
  Tout Genre + Musique Youtube - Revival Montesinos 2.Mp3.mp3
  → Funkerman - Speed Up.mp3
  ♬ Funkerman — Speed Up, album : Speed Up, année : 2007, genre : House
[1284/1381] Tout Genre + Musique Youtube - S-Kyz - L'histoire D'un Jeune 1 1.mp3
  ♪ S-kyz — L'histoire d'un jeune (L'histoire d'un jeune) [2008]  [SongRec]
  ⚠ conflit : S-kyz - L'histoire d'un jeune.mp3 existe déjà, ignoré
  ♬ S-kyz — L'histoire d'un jeune, album : L'histoire d'un jeune, année : 2008, genre : R&B/Soul
[1285/1381] Tout Genre + Musique Youtube - Temazo R 2.Mp3.mp3
  ♪ Mijail — Rotten Nights (Remaster) (Rotten Nights Remix 2K22 - Single) [2010]  [SongRec]
  Tout Genre + Musique Youtube - Temazo R 2.Mp3.mp3
  → Mijail - Rotten Nights (Remaster).mp3
  ♬ Mijail — Rotten Nights (Remaster), album : Rotten Nights Remix 2K22 - Single, année : 2010, genre : Techno
[1286/1381] Tout Genre + Musique Youtube - Yo Soy Un Caballero.Mp3.mp3
  ♪ dj david castane — sesion discoteca los trigales (remasterizada) (sesion discoteca los trigales (remasterizada) [remasterizada]) [2021]  [SongRec]
  Tout Genre + Musique Youtube - Yo Soy Un Caballero.Mp3.mp3
  → dj david castane - sesion discoteca los trigales (remasterizada).mp3
  ♬ dj david castane — sesion discoteca los trigales (remasterizada), album : sesion discoteca los trigales (remasterizada) [remasterizada], année : 2021, genre : Christmas
[1287/1381] Travis - Sing.mp3
  ♪ Travis — Sing (Sing - Single) [2001]  [SongRec]
  = nom déjà correct
  ♬ Travis — Sing, album : Sing - Single, année : 2001, genre : Pop
[1288/1381] Travis - Sing_639159747391400946.mp3
  ♪ Travis — Sing (Sing - Single) [2001]  [SongRec]
  ⚠ conflit : Travis - Sing.mp3 existe déjà, ignoré
  ♬ Travis — Sing, album : Sing - Single, année : 2001, genre : Pop
[1289/1381] Tribal Dance - Direct Hit Remix - 2 Unlimited.mp3
  ♪ Glam & Pete Burns & Various Artists — Sex Drive (Direct Hit Remix)  [SongRec]
  Tribal Dance - Direct Hit Remix - 2 Unlimited.mp3
  → Glam & Pete Burns & Various Artists - Sex Drive (Direct Hit Remix).mp3
  ♬ Glam & Pete Burns & Various Artists — Sex Drive (Direct Hit Remix), genre : Dance
[1290/1381] Two Feet - Go F_ck Yourself (Proppa Reboot).mp3
  ♪ HUGEL, Merk & Kremont & Lirico En La Casa — Marianela (Qué Pasa) (Marianela (Qué Pasa) - Single) [2022]  [SongRec]
  Two Feet - Go F_ck Yourself (Proppa Reboot).mp3
  → HUGEL, Merk & Kremont & Lirico En La Casa - Marianela (Qué Pasa).mp3
  ♬ HUGEL, Merk & Kremont & Lirico En La Casa — Marianela (Qué Pasa), album : Marianela (Qué Pasa) - Single, année : 2022, genre : House
[1291/1381] Two Feet - Go F_ck Yourself (Proppa Reboot)_639158334827352470.mp3
  ♪ HUGEL, Merk & Kremont & Lirico En La Casa — Marianela (Qué Pasa) (Marianela (Qué Pasa) - Single) [2022]  [SongRec]
  ⚠ conflit : HUGEL, Merk & Kremont & Lirico En La Casa - Marianela (Qué Pasa).mp3 existe déjà, ignoré
  ♬ HUGEL, Merk & Kremont & Lirico En La Casa — Marianela (Qué Pasa), album : Marianela (Qué Pasa) - Single, année : 2022, genre : House
[1292/1381] Two Feet - Go F_ck Yourself (Proppa Reboot)_639158394098649752.mp3
  ♪ HUGEL, Merk & Kremont & Lirico En La Casa — Marianela (Qué Pasa) (Marianela (Qué Pasa) - Single) [2022]  [SongRec]
  ⚠ conflit : HUGEL, Merk & Kremont & Lirico En La Casa - Marianela (Qué Pasa).mp3 existe déjà, ignoré
  ♬ HUGEL, Merk & Kremont & Lirico En La Casa — Marianela (Qué Pasa), album : Marianela (Qué Pasa) - Single, année : 2022, genre : House
[1293/1381] Two Feet - Go F_ck Yourself (Proppa Reboot)_639158455742449799.mp3
  ♪ HUGEL, Merk & Kremont & Lirico En La Casa — Marianela (Qué Pasa) (Marianela (Qué Pasa) - Single) [2022]  [SongRec]
  ⚠ conflit : HUGEL, Merk & Kremont & Lirico En La Casa - Marianela (Qué Pasa).mp3 existe déjà, ignoré
  ♬ HUGEL, Merk & Kremont & Lirico En La Casa — Marianela (Qué Pasa), album : Marianela (Qué Pasa) - Single, année : 2022, genre : House
[1294/1381] Two Feet - Go F_ck Yourself (Proppa Reboot)_639158656564917341.mp3
  ♪ HUGEL, Merk & Kremont & Lirico En La Casa — Marianela (Qué Pasa) (Marianela (Qué Pasa) - Single) [2022]  [SongRec]
  ⚠ conflit : HUGEL, Merk & Kremont & Lirico En La Casa - Marianela (Qué Pasa).mp3 existe déjà, ignoré
  ♬ HUGEL, Merk & Kremont & Lirico En La Casa — Marianela (Qué Pasa), album : Marianela (Qué Pasa) - Single, année : 2022, genre : House
[1295/1381] Two Feet - Go F_ck Yourself (Proppa Reboot)_639158739122796650.mp3
  ♪ HUGEL, Merk & Kremont & Lirico En La Casa — Marianela (Qué Pasa) (Marianela (Qué Pasa) - Single) [2022]  [SongRec]
  ⚠ conflit : HUGEL, Merk & Kremont & Lirico En La Casa - Marianela (Qué Pasa).mp3 existe déjà, ignoré
  ♬ HUGEL, Merk & Kremont & Lirico En La Casa — Marianela (Qué Pasa), album : Marianela (Qué Pasa) - Single, année : 2022, genre : House
[1296/1381] Two Feet - Go F_ck Yourself (Proppa Reboot)_639158803642023977.mp3
  ♪ HUGEL, Merk & Kremont & Lirico En La Casa — Marianela (Qué Pasa) (Marianela (Qué Pasa) - Single) [2022]  [SongRec]
  ⚠ conflit : HUGEL, Merk & Kremont & Lirico En La Casa - Marianela (Qué Pasa).mp3 existe déjà, ignoré
  ♬ HUGEL, Merk & Kremont & Lirico En La Casa — Marianela (Qué Pasa), album : Marianela (Qué Pasa) - Single, année : 2022, genre : House
[1297/1381] Two Feet - Go F_ck Yourself (Proppa Reboot)_639158856121991889.mp3
  ♪ HUGEL, Merk & Kremont & Lirico En La Casa — Marianela (Qué Pasa) (Marianela (Qué Pasa) - Single) [2022]  [SongRec]
  ⚠ conflit : HUGEL, Merk & Kremont & Lirico En La Casa - Marianela (Qué Pasa).mp3 existe déjà, ignoré
  ♬ HUGEL, Merk & Kremont & Lirico En La Casa — Marianela (Qué Pasa), album : Marianela (Qué Pasa) - Single, année : 2022, genre : House
[1298/1381] Two Feet - Go F_ck Yourself (Proppa Reboot)_639158911213315024.mp3
  ♪ HUGEL, Merk & Kremont & Lirico En La Casa — Marianela (Qué Pasa) (Marianela (Qué Pasa) - Single) [2022]  [SongRec]
  ⚠ conflit : HUGEL, Merk & Kremont & Lirico En La Casa - Marianela (Qué Pasa).mp3 existe déjà, ignoré
  ♬ HUGEL, Merk & Kremont & Lirico En La Casa — Marianela (Qué Pasa), album : Marianela (Qué Pasa) - Single, année : 2022, genre : House
[1299/1381] Two Feet - Go F_ck Yourself (Proppa Reboot)_639158974914451806.mp3
  ♪ HUGEL, Merk & Kremont & Lirico En La Casa — Marianela (Qué Pasa) (Marianela (Qué Pasa) - Single) [2022]  [SongRec]
  ⚠ conflit : HUGEL, Merk & Kremont & Lirico En La Casa - Marianela (Qué Pasa).mp3 existe déjà, ignoré
  ♬ HUGEL, Merk & Kremont & Lirico En La Casa — Marianela (Qué Pasa), album : Marianela (Qué Pasa) - Single, année : 2022, genre : House
[1300/1381] Two Feet - Go F_ck Yourself (Proppa Reboot)_639159038647909881.mp3
  ♪ HUGEL, Merk & Kremont & Lirico En La Casa — Marianela (Qué Pasa) (Marianela (Qué Pasa) - Single) [2022]  [SongRec]
  ⚠ conflit : HUGEL, Merk & Kremont & Lirico En La Casa - Marianela (Qué Pasa).mp3 existe déjà, ignoré
  ♬ HUGEL, Merk & Kremont & Lirico En La Casa — Marianela (Qué Pasa), album : Marianela (Qué Pasa) - Single, année : 2022, genre : House
[1301/1381] Two Feet - Go F_ck Yourself (Proppa Reboot)_639159091916902107.mp3
  ♪ HUGEL, Merk & Kremont & Lirico En La Casa — Marianela (Qué Pasa) (Marianela (Qué Pasa) - Single) [2022]  [SongRec]
  ⚠ conflit : HUGEL, Merk & Kremont & Lirico En La Casa - Marianela (Qué Pasa).mp3 existe déjà, ignoré
  ♬ HUGEL, Merk & Kremont & Lirico En La Casa — Marianela (Qué Pasa), album : Marianela (Qué Pasa) - Single, année : 2022, genre : House
[1302/1381] Two Feet - Go F_ck Yourself (Proppa Reboot)_639159158603019077.mp3
  ♪ HUGEL, Merk & Kremont & Lirico En La Casa — Marianela (Qué Pasa) (Marianela (Qué Pasa) - Single) [2022]  [SongRec]
  ⚠ conflit : HUGEL, Merk & Kremont & Lirico En La Casa - Marianela (Qué Pasa).mp3 existe déjà, ignoré
  ♬ HUGEL, Merk & Kremont & Lirico En La Casa — Marianela (Qué Pasa), album : Marianela (Qué Pasa) - Single, année : 2022, genre : House
[1303/1381] Two Feet - Go F_ck Yourself (Proppa Reboot)_639159171260663530.mp3
  ♪ HUGEL, Merk & Kremont & Lirico En La Casa — Marianela (Qué Pasa) (Marianela (Qué Pasa) - Single) [2022]  [SongRec]
  ⚠ conflit : HUGEL, Merk & Kremont & Lirico En La Casa - Marianela (Qué Pasa).mp3 existe déjà, ignoré
  ♬ HUGEL, Merk & Kremont & Lirico En La Casa — Marianela (Qué Pasa), album : Marianela (Qué Pasa) - Single, année : 2022, genre : House
[1304/1381] Témé Tan - Améthys (radio edit).mp3
  ♪ Témé Tan — Améthys (Améthys - EP) [2014]  [SongRec]
  Témé Tan - Améthys (radio edit).mp3
  → Témé Tan - Améthys.mp3
  ♬ Témé Tan — Améthys, album : Améthys - EP, année : 2014, genre : Alternative
[1305/1381] U96 - Night In Motion (859 335-2) (1993).mp3
  ♪ U96 — Night In Motion (Replugged) [1993]  [SongRec]
  U96 - Night In Motion (859 335-2) (1993).mp3
  → U96 - Night In Motion.mp3
  ♬ U96 — Night In Motion, album : Replugged, année : 1993, genre : Electronic
[1306/1381] Udit Narayan & Abhijeet - Chori chori hum gori se [Album edit].mp3
  ♪ Abhijeet & Udit Narayan — Chori Chori Hum Gori Se (From "Mela") (My Best Collection) [2000]  [SongRec]
  Udit Narayan & Abhijeet - Chori chori hum gori se [Album edit].mp3
  → Abhijeet & Udit Narayan - Chori Chori Hum Gori Se (From Mela).mp3
  ♬ Abhijeet & Udit Narayan — Chori Chori Hum Gori Se (From "Mela"), album : My Best Collection, année : 2000, genre : Bollywood
[1307/1381] Ultra Instinct Theme (From _Dragon Ball Super_) - Epic Version_spotdown.org.mp3
  ♪ Anthony Lo Re — Ultra Instinct Theme (From "Dragon Ball Super") [Epic Version] (Ultra Instinct Theme (From "Dragon Ball Super") [Epic Version] - Single) [2023]  [SongRec]
  Ultra Instinct Theme (From _Dragon Ball Super_) - Epic Version_spotdown.org.mp3
  → Anthony Lo Re - Ultra Instinct Theme (From Dragon Ball Super) [Epic Version].mp3
  ♬ Anthony Lo Re — Ultra Instinct Theme (From "Dragon Ball Super") [Epic Version], album : Ultra Instinct Theme (From "Dragon Ball Super") [Epic Version] - Single, année : 2023, genre : New Age
[1308/1381] Ultra Naté - New Kind Of Medicine (Alex Di Ciò Re-Edit).mp3
  ♪ Ultra Naté — New Kind of Medicine (Acappella) (New Kind of Medicine - Single) [1998]  [SongRec]
  Ultra Naté - New Kind Of Medicine (Alex Di Ciò Re-Edit).mp3
  → Ultra Naté - New Kind of Medicine (Acappella).mp3
  ♬ Ultra Naté — New Kind of Medicine (Acappella), album : New Kind of Medicine - Single, année : 1998, genre : House
[1309/1381] Unknown Artist - La Cumbia Extended Calmani Grey Picco Vers.1.mp3
  ♪ Calmani & Grey & Picco — La Cumbia (Extended) (La Cumbia - EP) [2021]  [SongRec]
  Unknown Artist - La Cumbia Extended Calmani Grey Picco Vers.1.mp3
  → Calmani & Grey & Picco - La Cumbia (Extended).mp3
  ♬ Calmani & Grey & Picco — La Cumbia (Extended), album : La Cumbia - EP, année : 2021, genre : House
[1310/1381] Usher-2004-8701 - 05 - U Got It Bad-24Bit-96Khz.mp3
  ♪ USHER — U Got It Bad (8701) [2001]  [SongRec]
  Usher-2004-8701 - 05 - U Got It Bad-24Bit-96Khz.mp3
  → USHER - U Got It Bad.mp3
  ♬ USHER — U Got It Bad, album : 8701, année : 2001, genre : R&B/Soul
[1311/1381] VA (20 Jahre Kompakt ~ Kollektion 2)-[KOMPAKT CD 109]-[2-07]-Superpitcher - Irre.mp3
  ♪ Veerus — Phase (Ehm Phase - Single) [2017]  [SongRec]
  VA (20 Jahre Kompakt ~ Kollektion 2)-[KOMPAKT CD 109]-[2-07]-Superpitcher - Irre.mp3
  → Veerus - Phase.mp3
  ♬ Veerus — Phase, album : Ehm Phase - Single, année : 2017, genre : Electronic
[1312/1381] Vibe - No blaggadda.mp3
  ♪ Vibe — No Blaggadda  [SongRec]
  Vibe - No blaggadda.mp3
  → Vibe - No Blaggadda.mp3
  ♬ Vibe — No Blaggadda, genre : Hip-Hop/Rap
[1313/1381] Viken Arman - The Red Stone (Original Mix) [L.E.T. Music].mp3
  ♪ Viken Arman — The Red Stone (Ararat, Vol. 1) [2016]  [SongRec]
  Viken Arman - The Red Stone (Original Mix) [L.E.T. Music].mp3
  → Viken Arman - The Red Stone.mp3
  ♬ Viken Arman — The Red Stone, album : Ararat, Vol. 1, année : 2016, genre : Electronic
[1314/1381] Viken Arman - The Red Stone (Original Mix) [L.E.T. Music]_639158792395812461.mp3
  ♪ Viken Arman — The Red Stone (Ararat, Vol. 1) [2016]  [SongRec]
  ⚠ conflit : Viken Arman - The Red Stone.mp3 existe déjà, ignoré
  ♬ Viken Arman — The Red Stone, album : Ararat, Vol. 1, année : 2016, genre : Electronic
[1315/1381] Viken Arman - The Red Stone (Original Mix) [L.E.T. Music]_639158844567959878.mp3
  ♪ Viken Arman — The Red Stone (Ararat, Vol. 1) [2016]  [SongRec]
  ⚠ conflit : Viken Arman - The Red Stone.mp3 existe déjà, ignoré
  ♬ Viken Arman — The Red Stone, album : Ararat, Vol. 1, année : 2016, genre : Electronic
[1316/1381] Viken Arman - The Red Stone (Original Mix) [L.E.T. Music]_639158894558442081.mp3
  ♪ Viken Arman — The Red Stone (Ararat, Vol. 1) [2016]  [SongRec]
  ⚠ conflit : Viken Arman - The Red Stone.mp3 existe déjà, ignoré
  ♬ Viken Arman — The Red Stone, album : Ararat, Vol. 1, année : 2016, genre : Electronic
[1317/1381] Viken Arman - The Red Stone (Original Mix) [L.E.T. Music]_639158969660938784.mp3
  ♪ Viken Arman — The Red Stone (Ararat, Vol. 1) [2016]  [SongRec]
  ⚠ conflit : Viken Arman - The Red Stone.mp3 existe déjà, ignoré
  ♬ Viken Arman — The Red Stone, album : Ararat, Vol. 1, année : 2016, genre : Electronic
[1318/1381] Viken Arman - The Red Stone (Original Mix) [L.E.T. Music]_639159049774095664.mp3
  ♪ Viken Arman — The Red Stone (Ararat, Vol. 1) [2016]  [SongRec]
  ⚠ conflit : Viken Arman - The Red Stone.mp3 existe déjà, ignoré
  ♬ Viken Arman — The Red Stone, album : Ararat, Vol. 1, année : 2016, genre : Electronic
[1319/1381] Viken Arman - The Red Stone (Original Mix) [L.E.T. Music]_639159125180743484.mp3
  ♪ Viken Arman — The Red Stone (Ararat, Vol. 1) [2016]  [SongRec]
  ⚠ conflit : Viken Arman - The Red Stone.mp3 existe déjà, ignoré
  ♬ Viken Arman — The Red Stone, album : Ararat, Vol. 1, année : 2016, genre : Electronic
[1320/1381] Von Mondo, Volpe & Klub Rider - The Night.mp3
  ♪ DJ Maestro — He Needs Me (Gramophonedzie Remix) (Mykonos Summer Guide 2016) [2015]  [SongRec]
  Von Mondo, Volpe & Klub Rider - The Night.mp3
  → DJ Maestro - He Needs Me (Gramophonedzie Remix).mp3
  ♬ DJ Maestro — He Needs Me (Gramophonedzie Remix), album : Mykonos Summer Guide 2016, année : 2015, genre : House
[1321/1381] Von Mondo, Volpe & Klub Rider - The Night_639158117691651754.mp3
  ♪ DJ Maestro — He Needs Me (Gramophonedzie Remix) (Mykonos Summer Guide 2016) [2015]  [SongRec]
  ⚠ conflit : DJ Maestro - He Needs Me (Gramophonedzie Remix).mp3 existe déjà, ignoré
  ♬ DJ Maestro — He Needs Me (Gramophonedzie Remix), album : Mykonos Summer Guide 2016, année : 2015, genre : House
[1322/1381] Vëlh - romance without words - 08 transcendence.mp3
  ♪ V — Transcendence (Romance Without Words) [2026]  [tags existants]
  Vëlh - romance without words - 08 transcendence.mp3
  → V - Transcendence.mp3
  ♬ V — Transcendence, album : Romance Without Words, année : 2026
[1323/1381] Wall Street - Dj Fred & Arnold T.mp3
  ♪ DJ FRED & ARNOLD T — DELIRIUM (DELIRIUM) [2025]  [SongRec]
  Wall Street - Dj Fred & Arnold T.mp3
  → DJ FRED & ARNOLD T - DELIRIUM.mp3
  ♬ DJ FRED & ARNOLD T — DELIRIUM, album : DELIRIUM, année : 2025, genre : Dance
[1324/1381] Warren Saada - Sans toi - Sans toi.mp3
  ♪ Warren Saada — Sans toi (Honestly,) [2024]  [SongRec]
  Warren Saada - Sans toi - Sans toi.mp3
  → Warren Saada - Sans toi.mp3
  ♬ Warren Saada — Sans toi, album : Honestly,, année : 2024, genre : Afro-Pop
[1325/1381] West End & Sybil - The Love I Lost (The Love I Dub Mix).mp3
  ♪ West End — The Love I Lost (feat. Sybil) [The Love I Dub Edit]  [SongRec]
  West End & Sybil - The Love I Lost (The Love I Dub Mix).mp3
  → West End - The Love I Lost (feat. Sybil) [The Love I Dub Edit].mp3
  ♬ West End — The Love I Lost (feat. Sybil) [The Love I Dub Edit], genre : Pop
[1326/1381] What Is Love (1992) - 01 - What Is Love (12 Mix).mp3
  ♪ Haddaway — What Is Love (7" Mix) (What Is Love (The Mixes)) [1992]  [SongRec]
  What Is Love (1992) - 01 - What Is Love (12 Mix).mp3
  → Haddaway - What Is Love (7 Mix).mp3
  ♬ Haddaway — What Is Love (7" Mix), album : What Is Love (The Mixes), année : 1992, genre : Pop
[1327/1381] What time is Love (Trance Mix).mp3
  ♪ Timelords — What Time Is Love? (The Original Klf)  [SongRec]
  What time is Love (Trance Mix).mp3
  → Timelords - What Time Is Love (The Original Klf).mp3
  ♬ Timelords — What Time Is Love? (The Original Klf), genre : Electronic
[1328/1381] Wheatus - A Little Respect.mp3
  ♪ Wheatus — A Little Respect (Wheatus) [2000]  [SongRec]
  = nom déjà correct
  ♬ Wheatus — A Little Respect, album : Wheatus, année : 2000, genre : Rock
[1329/1381] Yolanda Be Cool, DCUP, Sllash & Doppe - We No Speak Americano (Sllash & Doppe Remix) [Sweat It Out].mp3
  ♪ Yolanda Be Cool & DCUP — We No Speak Americano (Sllash & Doppe Edit) (We No Speak Americano - EP) [2010]  [SongRec]
  Yolanda Be Cool, DCUP, Sllash & Doppe - We No Speak Americano (Sllash & Doppe Remix) [Sweat It Out].mp3
  → Yolanda Be Cool & DCUP - We No Speak Americano (Sllash & Doppe Edit).mp3
  ♬ Yolanda Be Cool & DCUP — We No Speak Americano (Sllash & Doppe Edit), album : We No Speak Americano - EP, année : 2010, genre : House
[1330/1381] Yolanda Be Cool, DCUP, Sllash & Doppe - We No Speak Americano (Sllash & Doppe Remix) [Sweat It Out]_639158317319255196.mp3
  ♪ Yolanda Be Cool & DCUP — We No Speak Americano (Sllash & Doppe Edit) (We No Speak Americano - EP) [2010]  [SongRec]
  ⚠ conflit : Yolanda Be Cool & DCUP - We No Speak Americano (Sllash & Doppe Edit).mp3 existe déjà, ignoré
  ♬ Yolanda Be Cool & DCUP — We No Speak Americano (Sllash & Doppe Edit), album : We No Speak Americano - EP, année : 2010, genre : House
[1331/1381] Yolanda Be Cool, DCUP, Sllash & Doppe - We No Speak Americano (Sllash & Doppe Remix) [Sweat It Out]_639158362384630526.mp3
  ♪ Yolanda Be Cool & DCUP — We No Speak Americano (Sllash & Doppe Edit) (We No Speak Americano - EP) [2010]  [SongRec]
  ⚠ conflit : Yolanda Be Cool & DCUP - We No Speak Americano (Sllash & Doppe Edit).mp3 existe déjà, ignoré
  ♬ Yolanda Be Cool & DCUP — We No Speak Americano (Sllash & Doppe Edit), album : We No Speak Americano - EP, année : 2010, genre : House
[1332/1381] Yolanda Be Cool, DCUP, Sllash & Doppe - We No Speak Americano (Sllash & Doppe Remix) [Sweat It Out]_639158418910818950.mp3
  ♪ Yolanda Be Cool & DCUP — We No Speak Americano (Sllash & Doppe Edit) (We No Speak Americano - EP) [2010]  [SongRec]
  ⚠ conflit : Yolanda Be Cool & DCUP - We No Speak Americano (Sllash & Doppe Edit).mp3 existe déjà, ignoré
  ♬ Yolanda Be Cool & DCUP — We No Speak Americano (Sllash & Doppe Edit), album : We No Speak Americano - EP, année : 2010, genre : House
[1333/1381] Yolanda Be Cool, DCUP, Sllash & Doppe - We No Speak Americano (Sllash & Doppe Remix) [Sweat It Out]_639158492906745268.mp3
  ♪ Yolanda Be Cool & DCUP — We No Speak Americano (Sllash & Doppe Edit) (We No Speak Americano - EP) [2010]  [SongRec]
  ⚠ conflit : Yolanda Be Cool & DCUP - We No Speak Americano (Sllash & Doppe Edit).mp3 existe déjà, ignoré
  ♬ Yolanda Be Cool & DCUP — We No Speak Americano (Sllash & Doppe Edit), album : We No Speak Americano - EP, année : 2010, genre : House
[1334/1381] Yolanda Be Cool, DCUP, Sllash & Doppe - We No Speak Americano (Sllash & Doppe Remix) [Sweat It Out]_639158564955407797.mp3
  ♪ Yolanda Be Cool & DCUP — We No Speak Americano (Sllash & Doppe Edit) (We No Speak Americano - EP) [2010]  [SongRec]
  ⚠ conflit : Yolanda Be Cool & DCUP - We No Speak Americano (Sllash & Doppe Edit).mp3 existe déjà, ignoré
  ♬ Yolanda Be Cool & DCUP — We No Speak Americano (Sllash & Doppe Edit), album : We No Speak Americano - EP, année : 2010, genre : House
[1335/1381] Yolanda Be Cool, DCUP, Sllash & Doppe - We No Speak Americano (Sllash & Doppe Remix) [Sweat It Out]_639158629631639581.mp3
  ♪ Yolanda Be Cool & DCUP — We No Speak Americano (Sllash & Doppe Edit) (We No Speak Americano - EP) [2010]  [SongRec]
  ⚠ conflit : Yolanda Be Cool & DCUP - We No Speak Americano (Sllash & Doppe Edit).mp3 existe déjà, ignoré
  ♬ Yolanda Be Cool & DCUP — We No Speak Americano (Sllash & Doppe Edit), album : We No Speak Americano - EP, année : 2010, genre : House
[1336/1381] Yolanda Be Cool, DCUP, Sllash & Doppe - We No Speak Americano (Sllash & Doppe Remix) [Sweat It Out]_639158684705610978.mp3
  ♪ Yolanda Be Cool & DCUP — We No Speak Americano (Sllash & Doppe Edit) (We No Speak Americano - EP) [2010]  [SongRec]
  ⚠ conflit : Yolanda Be Cool & DCUP - We No Speak Americano (Sllash & Doppe Edit).mp3 existe déjà, ignoré
  ♬ Yolanda Be Cool & DCUP — We No Speak Americano (Sllash & Doppe Edit), album : We No Speak Americano - EP, année : 2010, genre : House
[1337/1381] Yolanda Be Cool, DCUP, Sllash & Doppe - We No Speak Americano (Sllash & Doppe Remix) [Sweat It Out]_639158765531757687.mp3
  ♪ Yolanda Be Cool & DCUP — We No Speak Americano (Sllash & Doppe Edit) (We No Speak Americano - EP) [2010]  [SongRec]
  ⚠ conflit : Yolanda Be Cool & DCUP - We No Speak Americano (Sllash & Doppe Edit).mp3 existe déjà, ignoré
  ♬ Yolanda Be Cool & DCUP — We No Speak Americano (Sllash & Doppe Edit), album : We No Speak Americano - EP, année : 2010, genre : House
[1338/1381] Yolanda Be Cool, DCUP, Sllash & Doppe - We No Speak Americano (Sllash & Doppe Remix) [Sweat It Out]_639158818090609143.mp3
  ♪ Yolanda Be Cool & DCUP — We No Speak Americano (Sllash & Doppe Edit) (We No Speak Americano - EP) [2010]  [SongRec]
  ⚠ conflit : Yolanda Be Cool & DCUP - We No Speak Americano (Sllash & Doppe Edit).mp3 existe déjà, ignoré
  ♬ Yolanda Be Cool & DCUP — We No Speak Americano (Sllash & Doppe Edit), album : We No Speak Americano - EP, année : 2010, genre : House
[1339/1381] Yolanda Be Cool, DCUP, Sllash & Doppe - We No Speak Americano (Sllash & Doppe Remix) [Sweat It Out]_639159023014321511.mp3
  ♪ Yolanda Be Cool & DCUP — We No Speak Americano (Sllash & Doppe Edit) (We No Speak Americano - EP) [2010]  [SongRec]
  ⚠ conflit : Yolanda Be Cool & DCUP - We No Speak Americano (Sllash & Doppe Edit).mp3 existe déjà, ignoré
  ♬ Yolanda Be Cool & DCUP — We No Speak Americano (Sllash & Doppe Edit), album : We No Speak Americano - EP, année : 2010, genre : House
[1340/1381] Yolanda Be Cool, DCUP, Sllash & Doppe - We No Speak Americano (Sllash & Doppe Remix) [Sweat It Out]_639159069826920764.mp3
  ♪ Yolanda Be Cool & DCUP — We No Speak Americano (Sllash & Doppe Edit) (We No Speak Americano - EP) [2010]  [SongRec]
  ⚠ conflit : Yolanda Be Cool & DCUP - We No Speak Americano (Sllash & Doppe Edit).mp3 existe déjà, ignoré
  ♬ Yolanda Be Cool & DCUP — We No Speak Americano (Sllash & Doppe Edit), album : We No Speak Americano - EP, année : 2010, genre : House
[1341/1381] Yolanda Be Cool, DCUP, Sllash & Doppe - We No Speak Americano (Sllash & Doppe Remix) [Sweat It Out]_639159190724525011.mp3
  ♪ Yolanda Be Cool & DCUP — We No Speak Americano (Sllash & Doppe Edit) (We No Speak Americano - EP) [2010]  [SongRec]
  ⚠ conflit : Yolanda Be Cool & DCUP - We No Speak Americano (Sllash & Doppe Edit).mp3 existe déjà, ignoré
  ♬ Yolanda Be Cool & DCUP — We No Speak Americano (Sllash & Doppe Edit), album : We No Speak Americano - EP, année : 2010, genre : House
[1342/1381] You Re My Heart, You Re My Soul - Modern Talking mix 98 - Modern Talking.mp3
  ♪ Modern Talking — You're My Heart, You're My Soul (You're My Heart, You're My Soul) [1984]  [SongRec]
  You Re My Heart, You Re My Soul - Modern Talking mix 98 - Modern Talking.mp3
  → Modern Talking - You're My Heart, You're My Soul.mp3
  ♬ Modern Talking — You're My Heart, You're My Soul, album : You're My Heart, You're My Soul, année : 1984, genre : Pop
[1343/1381] Zedd, Maren Morris & Beauz - Make You Say (jeonghyeon Extended Remix).mp3
  ✗ non reconnu (ni SongRec ni tags)
[1344/1381] Zhané - Request Line.mp3
  ♪ Zhané — Request Line (Saturday Night) [1997]  [SongRec]
  = nom déjà correct
  ♬ Zhané — Request Line, album : Saturday Night, année : 1997, genre : R&B/Soul
[1345/1381] Zhané - Request Line_639157447141792434.mp3
  ♪ Zhané — Request Line (Saturday Night) [1997]  [SongRec]
  ⚠ conflit : Zhané - Request Line.mp3 existe déjà, ignoré
  ♬ Zhané — Request Line, album : Saturday Night, année : 1997, genre : R&B/Soul
[1346/1381] Ziggy X - Ragga X (Short Edit).mp3
  ♪ ZIGGY X — Ragga X (Radio Mix) (Ragga X - EP) [2018]  [SongRec]
  Ziggy X - Ragga X (Short Edit).mp3
  → ZIGGY X - Ragga X (Radio Mix).mp3
  ♬ ZIGGY X — Ragga X (Radio Mix), album : Ragga X - EP, année : 2018, genre : Dance
[1347/1381] Zouk Machine - Maldòn - 07 - Ou ke rive.mp3
  ♪ Zouk Machine — Ou Ke Rive (Expérience 7 - EP) [1988]  [SongRec]
  Zouk Machine - Maldòn - 07 - Ou ke rive.mp3
  → Zouk Machine - Ou Ke Rive.mp3
  ♬ Zouk Machine — Ou Ke Rive, album : Expérience 7 - EP, année : 1988, genre : World
[1348/1381] [02] Natalie Cole - The Urge to Merge (Shep Pettibone Remix).mp3
  ♪ Natalie Cole — The Urge To Merge (Remix / Remastered 2025) (Everlasting (Deluxe Edition / Remastered 2025)) [2025]  [SongRec]
  [02] Natalie Cole - The Urge to Merge (Shep Pettibone Remix).mp3
  → Natalie Cole - The Urge To Merge (Remix Remastered 2025).mp3
  ♬ Natalie Cole — The Urge To Merge (Remix / Remastered 2025), album : Everlasting (Deluxe Edition / Remastered 2025), année : 2025, genre : R&B/Soul
[1349/1381] [02] The Human League - Tell Me When (Red Jerry Mix).mp3
  ♪ The Human League — Tell Me When (Red Jerry mix) (Tell Me When) [1994]  [tags existants]
  [02] The Human League - Tell Me When (Red Jerry Mix).mp3
  → The Human League - Tell Me When (Red Jerry mix).mp3
  ♬ The Human League — Tell Me When (Red Jerry mix), album : Tell Me When, année : 1994
[1350/1381] [10-05] Thierry Pastor - Le Coup De Folie (Version Longue).mp3
  ♪ Thierry Pastor — Le coup de folie (Le coup de folie) [1981]  [SongRec]
  [10-05] Thierry Pastor - Le Coup De Folie (Version Longue).mp3
  → Thierry Pastor - Le coup de folie.mp3
  ♬ Thierry Pastor — Le coup de folie, album : Le coup de folie, année : 1981, genre : French Pop
[1351/1381] [13] [Gaullin] [Moonlight].mp3
  ♪ Gaullin — Moonlight (Moonlight - Single) [2018]  [SongRec]
  [13] [Gaullin] [Moonlight].mp3
  → Gaullin - Moonlight.mp3
  ♬ Gaullin — Moonlight, album : Moonlight - Single, année : 2018, genre : Dance
[1352/1381] [4-02] Gilbert Montagné - Les Sunlights Des Tropiques (Version Longue).mp3
  ♪ Gilbert Montagné — Les Sunlights Des Tropiques (Gilbert Montagné : Gold) [2001]  [SongRec]
  ⚠ conflit : Gilbert Montagné - Les Sunlights Des Tropiques.mp3 existe déjà, ignoré
  ♬ Gilbert Montagné — Les Sunlights Des Tropiques, album : Gilbert Montagné : Gold, année : 2001, genre : Karaoke
[1353/1381] _ Can't Feel My Face (Martin Gar_320k.mp3
  ♪ The Weeknd — Can't Feel My Face (Martin Gar (Unknown Album)  [tags existants]
  _ Can't Feel My Face (Martin Gar_320k.mp3
  → The Weeknd - Can't Feel My Face (Martin Gar.mp3
  ♬ The Weeknd — Can't Feel My Face (Martin Gar, album : Unknown Album
[1354/1381] _ Piste90 1_320k.mp3
  ♪ Jimmy Ross — First True Love Affair (Larry Levan Remix) (First True Love Affair) [1981]  [SongRec]
  _ Piste90 1_320k.mp3
  → Jimmy Ross - First True Love Affair (Larry Levan Remix).mp3
  ♬ Jimmy Ross — First True Love Affair (Larry Levan Remix), album : First True Love Affair, année : 1981, genre : Dance
[1355/1381] _ Wasted Times_320k.mp3
  ♪ The Weeknd — Wasted Times  [tags existants]
  _ Wasted Times_320k.mp3
  → The Weeknd - Wasted Times.mp3
  ♬ The Weeknd — Wasted Times
[1356/1381] _ Wicked Games_320k.mp3
  ♪ The Weeknd — Wicked Games  [tags existants]
  _ Wicked Games_320k.mp3
  → The Weeknd - Wicked Games.mp3
  ♬ The Weeknd — Wicked Games
[1357/1381] _ download 2_320k.mp3
  ✗ non reconnu (ni SongRec ni tags)
[1358/1381] _ download_320k.mp3
  ♪ James Brown — Mind Power (Regrooved By Basement Freaks)  [SongRec]
  ⚠ conflit : James Brown - Mind Power (Regrooved By Basement Freaks).mp3 existe déjà, ignoré
  ♬ James Brown — Mind Power (Regrooved By Basement Freaks)
[1359/1381] _ super funk et belle voitures 2.mp3_320k.mp3
  ♪ Howard Johnson — Stand Up (Remastered) (The Vision (Expanded Edition)) [1985]  [SongRec]
  _ super funk et belle voitures 2.mp3_320k.mp3
  → Howard Johnson - Stand Up (Remastered).mp3
  ♬ Howard Johnson — Stand Up (Remastered), album : The Vision (Expanded Edition), année : 1985, genre : R&B/Soul
[1360/1381] a1-eternal-power_of_a_woman_(fathers_of_sound_vocal_mix).mp3
  ♪ Eternal — Power of a Woman (Fathers of Sound Vocal Mix) (Power of a Woman / Club #1) [1995]  [SongRec]
  a1-eternal-power_of_a_woman_(fathers_of_sound_vocal_mix).mp3
  → Eternal - Power of a Woman (Fathers of Sound Vocal Mix).mp3
  ♬ Eternal — Power of a Woman (Fathers of Sound Vocal Mix), album : Power of a Woman / Club #1, année : 1995, genre : Pop
[1361/1381] alexis raphael - i don't know much (original mix).aif
  ✗ non reconnu (ni SongRec ni tags)
[1362/1381] b2-marc_cotterell-jus_dance_ft_karl_the_voice.mp3
  ♪ Joe Montana — Electric Dreams (Car Wash EP) [2006]  [SongRec]
  ⚠ conflit : Joe Montana - Electric Dreams.mp3 existe déjà, ignoré
  ♬ Joe Montana — Electric Dreams, album : Car Wash EP, année : 2006, genre : Dance
[1363/1381] beach boys.  in concert [1973].  09.  leaving this town.mp3
  ♪ The Beach Boys — Leaving This Town (Holland) [1973]  [SongRec]
  beach boys.  in concert [1973].  09.  leaving this town.mp3
  → The Beach Boys - Leaving This Town.mp3
  ♬ The Beach Boys — Leaving This Town, album : Holland, année : 1973, genre : Rock
[1364/1381] c1-niels_van_gogh_vs._eniac_-_pulverturm.mp3
  ♪ Niels van Gogh — Pulverturm (DJ Tomcraft Remix) (Pulverturm - EP) [1996]  [SongRec]
  c1-niels_van_gogh_vs._eniac_-_pulverturm.mp3
  → Niels van Gogh - Pulverturm (DJ Tomcraft Remix).mp3
  ♬ Niels van Gogh — Pulverturm (DJ Tomcraft Remix), album : Pulverturm - EP, année : 1996, genre : Dance
[1365/1381] crying in the club ② - it's so over ~[promo mix please hire me to DJ your event].mp3
  ♪ Crying in the Club ? — It's So Over ~[Promo mix Please Hire Me to Dj Your Event] (It's So Over ~[Promo mix Please Hire Me to Dj Your Event]) [2024]  [tags existants]
  crying in the club ② - it's so over ~[promo mix please hire me to DJ your event].mp3
  → Crying in the Club - It's So Over ~[Promo mix Please Hire Me to Dj Your Event].mp3
  ♬ Crying in the Club ? — It's So Over ~[Promo mix Please Hire Me to Dj Your Event], album : It's So Over ~[Promo mix Please Hire Me to Dj Your Event], année : 2024
[1366/1381] dj Getdown - Wegue Wegue -Tchiriri.mp3
  ♪ Costuleta — Tchiriri (Kuduro, a Dança Tchiriri !!!) [2008]  [SongRec]
  dj Getdown - Wegue Wegue -Tchiriri.mp3
  → Costuleta - Tchiriri.mp3
  ♬ Costuleta — Tchiriri, album : Kuduro, a Dança Tchiriri !!!, année : 2008, genre : MPB
[1367/1381] eeny 2. Paranoid Android.dsf
  ✗ non reconnu (ni SongRec ni tags)
[1368/1381] estoc - How To Save One Life (The Fray X Malibu X Evian Christ).mp3
  ♪ Colleen Green — Close to You (Sock It to Me) [2013]  [SongRec]
  estoc - How To Save One Life (The Fray X Malibu X Evian Christ).mp3
  → Colleen Green - Close to You.mp3
  ♬ Colleen Green — Close to You, album : Sock It to Me, année : 2013, genre : Alternative
[1369/1381] francis-viens faire un tour dans ma tente iglou.mp3
  ♪ Francis — Viens Faire Un Tour Dans Ma Tente Iglou [2003]  [tags existants]
  francis-viens faire un tour dans ma tente iglou.mp3
  → Francis - Viens Faire Un Tour Dans Ma Tente Iglou.mp3
  ♬ Francis — Viens Faire Un Tour Dans Ma Tente Iglou, année : 2003
[1370/1381] gadé yo-01.mp3
  ♪ Sakiyo — Gadé yo (Tracé) [1988]  [SongRec]
  gadé yo-01.mp3
  → Sakiyo - Gadé yo.mp3
  ♬ Sakiyo — Gadé yo, album : Tracé, année : 1988, genre : World
[1371/1381] never.mp3
  ✗ non reconnu (ni SongRec ni tags)
[1372/1381] no artist - Can Spray Remove Lid From Aerosol Can 01 6020 33-2 Can Spray Remove Lid From Aerosol Can 01 6020 33-3 Can Spray Repl.mp3
  ♪ Christian Löffler — Lid (Mare) [2016]  [SongRec]
  no artist - Can Spray Remove Lid From Aerosol Can 01 6020 33-2 Can Spray Remove Lid From Aerosol Can 01 6020 33-3 Can Spray Repl.mp3
  → Christian Löffler - Lid.mp3
  ♬ Christian Löffler — Lid, album : Mare, année : 2016, genre : Alternative
[1373/1381] rockets.  rockets (aka turn up the radio) [1979].  04.  lost forever left for dreaming.mp3
  ♪ The Rockets — Lost Forever, Left for Dreaming (Rockets [Turn up the Radio]) [1978]  [SongRec]
  rockets.  rockets (aka turn up the radio) [1979].  04.  lost forever left for dreaming.mp3
  → The Rockets - Lost Forever, Left for Dreaming.mp3
  ♬ The Rockets — Lost Forever, Left for Dreaming, album : Rockets [Turn up the Radio], année : 1978, genre : Rock
[1374/1381] test2.wav
  ✗ non reconnu (ni SongRec ni tags)
[1375/1381] the best long versions... ever! - 029 - billy ocean - love really hurts without you.mp3
  ♪ Billy Ocean — Love Really Hurts Without You (Cupid Mix)  [SongRec]
  the best long versions... ever! - 029 - billy ocean - love really hurts without you.mp3
  → Billy Ocean - Love Really Hurts Without You (Cupid Mix).mp3
  ♬ Billy Ocean — Love Really Hurts Without You (Cupid Mix), genre : R&B/Soul
[1376/1381] time frequency.  dominator 2 [2008].  12.  braveheart theme.mp3
  ♪ Temper — Work That Body (Intrique Hardclub Mix) (Work That Body - Single) [2001]  [SongRec]
  time frequency.  dominator 2 [2008].  12.  braveheart theme.mp3
  → Temper - Work That Body (Intrique Hardclub Mix).mp3
  ♬ Temper — Work That Body (Intrique Hardclub Mix), album : Work That Body - Single, année : 2001, genre : Dance
[1377/1381] ultrasound studio vol. 33 rare remixes [2008].  10.  ub40 & big mountain.  baby, i love your way (the baby love your spanish ultrasound way version).mp3
  ♪ Big Mountain — Baby, I Love Your Way (Unity) [1994]  [SongRec]
  ultrasound studio vol. 33 rare remixes [2008].  10.  ub40 & big mountain.  baby, i love your way (the baby love your spanish ultrasound way version).mp3
  → Big Mountain - Baby, I Love Your Way.mp3
  ♬ Big Mountain — Baby, I Love Your Way, album : Unity, année : 1994, genre : Rock
[1378/1381] vanessa forbes - Breathe.mp3
  ♪ Vanessa Forbes — Breathe (Love Letters from the Universe) [2014]  [SongRec]
  vanessa forbes - Breathe.mp3
  → Vanessa Forbes - Breathe.mp3
  ♬ Vanessa Forbes — Breathe, album : Love Letters from the Universe, année : 2014, genre : World
[1379/1381] wayne wonder - no letting go (merchant & cvalm remix).mp3
  ♪ Wayne Wonder — Wayne Wonder - No Letting Go (Merchant & Cvalm Remix) [2025]  [tags existants]
  wayne wonder - no letting go (merchant & cvalm remix).mp3
  → Wayne Wonder - Wayne Wonder - No Letting Go (Merchant & Cvalm Remix).mp3
  ♬ Wayne Wonder — Wayne Wonder - No Letting Go (Merchant & Cvalm Remix), année : 2025
[1380/1381] חן אהרוני  Chen Aharoni  - ים כחול עמוק.mp3
  ♪ Chen Aharoni — ים כחול עמוק (אני בחוץ) [2022]  [SongRec]
  חן אהרוני  Chen Aharoni  - ים כחול עמוק.mp3
  → Chen Aharoni - ים כחול עמוק.mp3
  ♬ Chen Aharoni — ים כחול עמוק, album : אני בחוץ, année : 2022, genre : Pop
[1381/1381] משינה - ריקוד המכונה.mp3
  ♪ Mashina — Rikud Hamechona (ריקוד המכונה) (Yiskey HaRock'nroll (עסקי הרוקנרול)) [1989]  [SongRec]
  משינה - ריקוד המכונה.mp3
  → Mashina - Rikud Hamechona (ריקוד המכונה).mp3
  ♬ Mashina — Rikud Hamechona (ריקוד המכונה), album : Yiskey HaRock'nroll (עסקי הרוקנרול), année : 1989, genre : Rock

Terminé : 1084 renommé(s), 1240 tag(s) écrits, 157 ignoré(s), 140 non reconnu(s).

[2/2] beet import — tags MusicBrainz complets
$ /usr/local/bin/beet --config /beets-config/config-docker.yaml import /music
'musicbrainz.enabled' configuration option is deprecated and will be removed in version 3.0.0. Use 'plugins' configuration to explicitly add 'musicbrainz' instead.
uncaught Mutagen exception in open: list index out of range
uncaught Mutagen exception in open: list index out of range
python3.12: ./src/audio_processor.cpp:148: virtual void chromaprint::AudioProcessor::Consume(const int16_t*, int): Assertion `length % m_num_channels == 0' failed.

⚠ code=-6 — music
