[2026-06-29 19:24:31] [     ] 
[2026-06-29 19:24:31] [     ] ────────────────────────────────────────────────
[2026-06-29 19:24:31] [INFO ] ▶  SYNC FULL CADENCE — lundi 29 juin 2026 19:24:31
[2026-06-29 19:24:31] [     ] ────────────────────────────────────────────────
[2026-06-29 19:24:31] [INFO ] Log : /home/paulceline/Documents/Projets/cadence/logs/sync_full_20260629_192431.log
[2026-06-29 19:24:31] [WARN ] Mode --dry-run actif (aucune modification réelle)
[2026-06-29 19:24:31] [     ] 
[2026-06-29 19:24:31] [     ] ────────────────────────────────────────────────
[2026-06-29 19:24:31] [INFO ] ▶  DÉTECTION TOKEN PLEX
[2026-06-29 19:24:31] [     ] ────────────────────────────────────────────────
[2026-06-29 19:24:31] [INFO ] Token chargé depuis .env
[2026-06-29 19:24:31] [OK   ] Token Plex OK (20 chars)
[2026-06-29 19:24:31] [OK   ] DB Plex : /var/snap/plexmediaserver/common/Library/Application Support/Plex Media Server/Plug-in Support/Databases/com.plexapp.plugins.library.db
[2026-06-29 19:24:31] [     ] 
[2026-06-29 19:24:31] [     ] ────────────────────────────────────────────────
[2026-06-29 19:24:31] [INFO ] ▶  ÉTAPE 1 — RATINGS 1★ (suppression fichiers)
[2026-06-29 19:24:31] [     ] ────────────────────────────────────────────────
[2026-06-29 19:24:31] [INFO ] Simulation : aucune suppression
[2026-06-29 19:24:31] [INFO ] Lancement : Ratings 1★
2026-06-29 19:24:36,030 - INFO - 🎵 Début de la synchronisation des ratings Plex
2026-06-29 19:24:36,037 - INFO - ✅ Base de données Plex vérifiée: /tmp/tmpxgfy9g3a.db
2026-06-29 19:24:37,624 - INFO - 📊 Trouvé 250 fichiers avec ratings dans Plex
2026-06-29 19:24:37,624 - INFO - 🎯 Trouvé 6 fichiers avec 1.0 étoile(s)
2026-06-29 19:24:37,624 - INFO - 🎯 Trouvé 11 fichiers avec 2.0 étoile(s)
2026-06-29 19:24:38,057 - INFO - 🎭 [DRY-RUN] Suppression simulée: /mnt/ssd/Musiques/Colmillo Norteño/Al Llavazo/02 Ahora Soy Yo.m4a
2026-06-29 19:24:38,058 - INFO -     📝 Colmillo Norteno - Ahora Soy Yo
2026-06-29 19:24:38,058 - INFO -     💿 Album: Al Llavazo
2026-06-29 19:24:38,058 - INFO -     ⭐ Rating: 1.0 étoile(s)
2026-06-29 19:24:38,089 - INFO - 🎭 [DRY-RUN] Suppression simulée: /mnt/ssd/Musiques/2836-A62E/Colmillo Norteño/Al Llavazo/02 Ahora Soy Yo.m4a
2026-06-29 19:24:38,089 - INFO -     📝 Colmillo Norteno - Ahora Soy Yo
2026-06-29 19:24:38,090 - INFO -     💿 Album: Al Llavazo
2026-06-29 19:24:38,090 - INFO -     ⭐ Rating: 1.0 étoile(s)
2026-06-29 19:24:38,167 - INFO - 🎭 [DRY-RUN] Suppression simulée: /mnt/MyBook/itunes/Music/The John Towner Touch (1957)/John Williams - The John Towner Touch - 01 - While We're Young.mp3
2026-06-29 19:24:38,167 - INFO -     📝 John Williams - While We're Young
2026-06-29 19:24:38,167 - INFO -     💿 Album: The John Towner Touch
2026-06-29 19:24:38,167 - INFO -     ⭐ Rating: 1.0 étoile(s)
2026-06-29 19:24:38,353 - INFO - 🎭 [DRY-RUN] Suppression simulée: /mnt/MyBook/itunes/Music/Cheb Khaled/Liberte (2009)/10 - Sidi.opus
2026-06-29 19:24:38,353 - INFO -     📝 Khaled - Sidi
2026-06-29 19:24:38,353 - INFO -     💿 Album: Liberte
2026-06-29 19:24:38,353 - INFO -     ⭐ Rating: 1.0 étoile(s)
2026-06-29 19:24:38,536 - INFO - 🎭 [DRY-RUN] Suppression simulée: /mnt/MyBook/itunes/Music/Rachid Taha - 2001 Live (MP3 320)/02 - Nokta.mp3
2026-06-29 19:24:38,537 - INFO -     📝 Rachid Taha - Nokta
2026-06-29 19:24:38,537 - INFO -     💿 Album: Live
2026-06-29 19:24:38,537 - INFO -     ⭐ Rating: 1.0 étoile(s)
2026-06-29 19:24:38,806 - INFO - 🎭 [DRY-RUN] Suppression simulée: /mnt/MyBook/itunes/Downloads/Rachid Taha - 2001 Live (MP3 320)/02 - Nokta.mp3
2026-06-29 19:24:38,806 - INFO -     📝 Rachid Taha - Nokta
2026-06-29 19:24:38,806 - INFO -     💿 Album: Live
2026-06-29 19:24:38,807 - INFO -     ⭐ Rating: 1.0 étoile(s)
2026-06-29 19:24:38,807 - INFO - 🗃️ Nettoyage de la base Plex désactivé (corbeille)
2026-06-29 19:24:38,807 - INFO - ✅ Synchronisation terminée:
2026-06-29 19:24:38,807 - INFO -     📊 Fichiers traités: 6
2026-06-29 19:24:38,807 - INFO -     🗑️ Fichiers 1⭐ supprimés: 6
2026-06-29 19:24:38,807 - INFO -     🎧 Fichiers 2⭐ traités: 0
2026-06-29 19:24:38,807 - INFO -     ✅ Fichiers 2⭐ identifiés: 0
2026-06-29 19:24:38,807 - INFO -     ⏭️ Fichiers ignorés: 0
2026-06-29 19:24:38,807 - INFO -     ❌ Erreurs: 0
[2026-06-29 19:24:38] [OK   ] Ratings 1★ terminé
[2026-06-29 19:24:38] [     ] 
[2026-06-29 19:24:38] [     ] ────────────────────────────────────────────────
[2026-06-29 19:24:38] [INFO ] ▶  ÉTAPE 2 — RATINGS 2★ (songrec-rename → clear)
[2026-06-29 19:24:38] [     ] ────────────────────────────────────────────────
[2026-06-29 19:24:38] [INFO ] Lancement : Pipeline 2★
🎵 Pipeline 2★ Plex [SIMULATION]
   URL Plex : http://127.0.0.1:32400
   Étapes   : 1. songrec-rename -i → 2. beet import → → effacement rating 2★
============================================================

📚 Section «Musique» : 11 track(s) 2★

📀 Section «Musique» : 14 album(s) 2★
   💿 Didier Barbelivien — Vendee 93
     → 7 piste(s) ajoutée(s) au traitement
   💿 Didier Barbelivien — Vendée 93
     → 35 piste(s) ajoutée(s) au traitement
   💿 Didier Barbelivien — Vendee 93
     → 7 piste(s) ajoutée(s) au traitement
   💿 Didier Barbelivien — Vendée 93
     → 4 piste(s) ajoutée(s) au traitement
   💿 Andrew Bayer + Blastoyz + Feed Me + Jason Ross + Kill the Noise + Last Heroes + Seven Lions + STAR SEED + Trivecta feat. Sarah Herz — [standalone recordings]
     → 1 piste(s) ajoutée(s) au traitement
   💿 Francis Cabrel — 
     → 10 piste(s) ajoutée(s) au traitement
   💿 Harold Melvin & The Blue Notes — I Miss You
     → 7 piste(s) ajoutée(s) au traitement
   💿 i_o — Castles in the Sky
     → 1 piste(s) ajoutée(s) au traitement
   💿 i_o — Castles in the Sky
     → 1 piste(s) ajoutée(s) au traitement
   💿 i_o — Castles In The Sky (Single)
     → 1 piste(s) ajoutée(s) au traitement
   💿 i_o — 
     → 2 piste(s) ajoutée(s) au traitement
   💿 i_o — 
     → 1 piste(s) ajoutée(s) au traitement
   💿 OrelSan — 
     → 3 piste(s) ajoutée(s) au traitement
   💿 OrelSan — La fête est finie
     → 1 piste(s) ajoutée(s) au traitement

👤 Section «Musique» : 12 artiste(s) 2★
   🎤 BBC Languages
     → 1 piste(s) ajoutée(s) au traitement
   🎤 0
     → 1 piste(s) ajoutée(s) au traitement
   🎤 Christophe Maé
     → 221 piste(s) ajoutée(s) au traitement
   🎤 Martin Garrix
     → 71 piste(s) ajoutée(s) au traitement
   🎤 Musique
     → 2 piste(s) ajoutée(s) au traitement
   🎤 Florent Pagny
     → 86 piste(s) ajoutée(s) au traitement
   🎤 #Original Motion Picture Soundtracks
     → 149 piste(s) ajoutée(s) au traitement
   🎤 Psy 4 De La Rime
     → 120 piste(s) ajoutée(s) au traitement
   🎤 Purple Disco Machine
     → 102 piste(s) ajoutée(s) au traitement
   🎤 Sebastien Patoche
     → 45 piste(s) ajoutée(s) au traitement
   🎤 Suprême NTM
     → 284 piste(s) ajoutée(s) au traitement
   🎤 Various Artists
     → 251 piste(s) ajoutée(s) au traitement

🔍 Total : 1425 track(s) 2★ à traiter

[1/1425] ANOHNI and the Johnsons — Another World
  📄 /mnt/MyBook/itunes/Music/Singles/ANOHNI and the Johnsons/Antony and the Johnsons & ANOHNI - Another World.mp3
  🎵 songrec-rename -i …
  [sim] songrec-rename -i '/mnt/MyBook/itunes/Music/Singles/ANOHNI and the Johnsons/Antony and the Johnsons & ANOHNI - Another World.mp3'
  📚 beet import -q …
  [sim] beet import -q '/mnt/MyBook/itunes/Music/Singles/ANOHNI and the Johnsons/Antony and the Johnsons & ANOHNI - Another World.mp3'
  [sim] API Plex PUT /:/rate?key=2368756&rating=0
  ✅ OK
[2/1425] Bananarama — Long Train Running
  📄 /mnt/MyBook/itunes/Music/Bananarama - The very best of (320)/18 - Bananarama - Long Train Running.mp3
  🎵 songrec-rename -i …
  [sim] songrec-rename -i '/mnt/MyBook/itunes/Music/Bananarama - The very best of (320)/18 - Bananarama - Long Train Running.mp3'
  📚 beet import -q …
  [sim] beet import -q '/mnt/MyBook/itunes/Music/Bananarama - The very best of (320)/18 - Bananarama - Long Train Running.mp3'
  [sim] API Plex PUT /:/rate?key=1923417&rating=0
  ✅ OK
[3/1425] Cyndi Lauper — 
  📄 /mnt/MyBook/Music/Cyndi_Lauper/Memphis_Blues/05 Cyndi Lauper - Memphis Blues [2010] - How Blue Can You Get_.opus
  🎵 songrec-rename -i …
  [sim] songrec-rename -i '/mnt/MyBook/Music/Cyndi_Lauper/Memphis_Blues/05 Cyndi Lauper - Memphis Blues [2010] - How Blue Can You Get_.opus'
  📚 beet import -q …
  [sim] beet import -q '/mnt/MyBook/Music/Cyndi_Lauper/Memphis_Blues/05 Cyndi Lauper - Memphis Blues [2010] - How Blue Can You Get_.opus'
  [sim] API Plex PUT /:/rate?key=2511169&rating=0
  ✅ OK
[4/1425] Cyndi Lauper — HOW BLUE CAN YOU GET?
  📄 /mnt/MyBook/Music/Cyndi_Lauper/Memphis_Blues/05-How_Blue_Can_You_Get.flac
  🎵 songrec-rename -i …
  [sim] songrec-rename -i '/mnt/MyBook/Music/Cyndi_Lauper/Memphis_Blues/05-How_Blue_Can_You_Get.flac'
  📚 beet import -q …
  [sim] beet import -q '/mnt/MyBook/Music/Cyndi_Lauper/Memphis_Blues/05-How_Blue_Can_You_Get.flac'
  [sim] API Plex PUT /:/rate?key=2511161&rating=0
  ✅ OK
[5/1425] Whitney Houston — I Will Always Love You
  📄 /mnt/MyBook/itunes/Music/90's/Vol. 5/166 Whitney Houston - I Will Always Love You [1992].mp3
  🎵 songrec-rename -i …
  [sim] songrec-rename -i '/mnt/MyBook/itunes/Music/90's/Vol. 5/166 Whitney Houston - I Will Always Love You [1992].mp3'
  📚 beet import -q …
  [sim] beet import -q '/mnt/MyBook/itunes/Music/90's/Vol. 5/166 Whitney Houston - I Will Always Love You [1992].mp3'
  [sim] API Plex PUT /:/rate?key=2256580&rating=0
  ✅ OK
[6/1425] RIDSA — Pardon
  📄 /mnt/ssd/Musiques/RIDSA/Tranquille/1-13 Pardon.m4a
  🎵 songrec-rename -i …
  [sim] songrec-rename -i '/mnt/ssd/Musiques/RIDSA/Tranquille/1-13 Pardon.m4a'
  📚 beet import -q …
  [sim] beet import -q '/mnt/ssd/Musiques/RIDSA/Tranquille/1-13 Pardon.m4a'
  [sim] API Plex PUT /:/rate?key=2418169&rating=0
  ✅ OK
[7/1425] RIDSA — Pardon
  📄 /mnt/ssd/Musiques/2836-A62E/RIDSA/Tranquille/1-13 Pardon.m4a
  🎵 songrec-rename -i …
  [sim] songrec-rename -i '/mnt/ssd/Musiques/2836-A62E/RIDSA/Tranquille/1-13 Pardon.m4a'
  📚 beet import -q …
  [sim] beet import -q '/mnt/ssd/Musiques/2836-A62E/RIDSA/Tranquille/1-13 Pardon.m4a'
  [sim] API Plex PUT /:/rate?key=2573779&rating=0
  ✅ OK
[8/1425] RIDSA — Pardon
  📄 /mnt/ssd/Musiques/RIDSA/Tranquille (Bonus Edition)/1-11 Pardon.m4a
  🎵 songrec-rename -i …
  [sim] songrec-rename -i '/mnt/ssd/Musiques/RIDSA/Tranquille (Bonus Edition)/1-11 Pardon.m4a'
  📚 beet import -q …
  [sim] beet import -q '/mnt/ssd/Musiques/RIDSA/Tranquille (Bonus Edition)/1-11 Pardon.m4a'
  [sim] API Plex PUT /:/rate?key=2418166&rating=0
  ✅ OK
[9/1425] RIDSA — Pardon
  📄 /mnt/ssd/Musiques/2836-A62E/RIDSA/Tranquille (Bonus Edition)/1-11 Pardon.m4a
  🎵 songrec-rename -i …
  [sim] songrec-rename -i '/mnt/ssd/Musiques/2836-A62E/RIDSA/Tranquille (Bonus Edition)/1-11 Pardon.m4a'
  📚 beet import -q …
  [sim] beet import -q '/mnt/ssd/Musiques/2836-A62E/RIDSA/Tranquille (Bonus Edition)/1-11 Pardon.m4a'
  [sim] API Plex PUT /:/rate?key=2573776&rating=0
  ✅ OK
[10/1425] RIDSA — Pardon
  📄 /mnt/MyBook/itunes/Music/Marcel Adam/Tranquille (2015)/13 - Pardon.opus
  🎵 songrec-rename -i …
  [sim] songrec-rename -i '/mnt/MyBook/itunes/Music/Marcel Adam/Tranquille (2015)/13 - Pardon.opus'
  📚 beet import -q …
  [sim] beet import -q '/mnt/MyBook/itunes/Music/Marcel Adam/Tranquille (2015)/13 - Pardon.opus'
  [sim] API Plex PUT /:/rate?key=1299178&rating=0
  ✅ OK
[11/1425] Zazie — Zen
  📄 /mnt/MyBook/itunes/Music/Non-Album/Zazie/Zen.opus
  🎵 songrec-rename -i …
  [sim] songrec-rename -i '/mnt/MyBook/itunes/Music/Non-Album/Zazie/Zen.opus'
  📚 beet import -q …
  [sim] beet import -q '/mnt/MyBook/itunes/Music/Non-Album/Zazie/Zen.opus'
  [sim] API Plex PUT /:/rate?key=1348538&rating=0
  ✅ OK
[12/1425] Didier Barbelivien — Monsieur D'Elbee
  📄 /mnt/ssd/Musiques/Didier barbelivien/Vendee 93/02 Monsieur D'Elbee.m4a
  🎵 songrec-rename -i …
  [sim] songrec-rename -i '/mnt/ssd/Musiques/Didier barbelivien/Vendee 93/02 Monsieur D'Elbee.m4a'
  📚 beet import -q …
  [sim] beet import -q '/mnt/ssd/Musiques/Didier barbelivien/Vendee 93/02 Monsieur D'Elbee.m4a'
  [sim] API Plex PUT /:/rate?key=2548087&rating=0
  ✅ OK
[13/1425] Didier Barbelivien — Vendeen mon fils
  📄 /mnt/ssd/Musiques/Didier barbelivien/Vendee 93/03 Vendeen mon fils.m4a
  🎵 songrec-rename -i …
  [sim] songrec-rename -i '/mnt/ssd/Musiques/Didier barbelivien/Vendee 93/03 Vendeen mon fils.m4a'
  📚 beet import -q …
  [sim] beet import -q '/mnt/ssd/Musiques/Didier barbelivien/Vendee 93/03 Vendeen mon fils.m4a'
  [sim] API Plex PUT /:/rate?key=2548088&rating=0
  ✅ OK
[14/1425] Didier Barbelivien — Adieu
  📄 /mnt/ssd/Musiques/Didier barbelivien/Vendee 93/04 Adieu.m4a
  🎵 songrec-rename -i …
  [sim] songrec-rename -i '/mnt/ssd/Musiques/Didier barbelivien/Vendee 93/04 Adieu.m4a'
  📚 beet import -q …
  [sim] beet import -q '/mnt/ssd/Musiques/Didier barbelivien/Vendee 93/04 Adieu.m4a'
  [sim] API Plex PUT /:/rate?key=2548089&rating=0
  ✅ OK
[15/1425] Didier Barbelivien — La Chienne vendeenne
  📄 /mnt/ssd/Musiques/Didier barbelivien/Vendee 93/05 La Chienne vendeenne.m4a
  🎵 songrec-rename -i …
  [sim] songrec-rename -i '/mnt/ssd/Musiques/Didier barbelivien/Vendee 93/05 La Chienne vendeenne.m4a'
  📚 beet import -q …
  [sim] beet import -q '/mnt/ssd/Musiques/Didier barbelivien/Vendee 93/05 La Chienne vendeenne.m4a'
  [sim] API Plex PUT /:/rate?key=2548090&rating=0
  ✅ OK
[16/1425] Didier Barbelivien — Peuple De Geants
  📄 /mnt/ssd/Musiques/Didier barbelivien/Vendee 93/06 Peuple De Geants.m4a
  🎵 songrec-rename -i …
  [sim] songrec-rename -i '/mnt/ssd/Musiques/Didier barbelivien/Vendee 93/06 Peuple De Geants.m4a'
  📚 beet import -q …
  [sim] beet import -q '/mnt/ssd/Musiques/Didier barbelivien/Vendee 93/06 Peuple De Geants.m4a'
  [sim] API Plex PUT /:/rate?key=2548091&rating=0
  ✅ OK
[17/1425] Didier Barbelivien — Mourir A Ancenis
  📄 /mnt/ssd/Musiques/Didier barbelivien/Vendee 93/09 Mourir A Ancenis.m4a
  🎵 songrec-rename -i …
  [sim] songrec-rename -i '/mnt/ssd/Musiques/Didier barbelivien/Vendee 93/09 Mourir A Ancenis.m4a'
  📚 beet import -q …
  [sim] beet import -q '/mnt/ssd/Musiques/Didier barbelivien/Vendee 93/09 Mourir A Ancenis.m4a'
  [sim] API Plex PUT /:/rate?key=2548092&rating=0
  ✅ OK
[18/1425] Didier Barbelivien — Puy Du Fou
  📄 /mnt/ssd/Musiques/Didier barbelivien/Vendee 93/12 Puy Du Fou.m4a
  🎵 songrec-rename -i …
  [sim] songrec-rename -i '/mnt/ssd/Musiques/Didier barbelivien/Vendee 93/12 Puy Du Fou.m4a'
  📚 beet import -q …
  [sim] beet import -q '/mnt/ssd/Musiques/Didier barbelivien/Vendee 93/12 Puy Du Fou.m4a'
  [sim] API Plex PUT /:/rate?key=2548093&rating=0
  ✅ OK
[19/1425] Didier Barbelivien — Les mariés de vendée
  📄 /mnt/ssd/Musiques/2836-A62E/Didier barbelivien/Vendée 93/Les mariés de vendée.m4a
  🎵 songrec-rename -i …
  [sim] songrec-rename -i '/mnt/ssd/Musiques/2836-A62E/Didier barbelivien/Vendée 93/Les mariés de vendée.m4a'
  📚 beet import -q …
  [sim] beet import -q '/mnt/ssd/Musiques/2836-A62E/Didier barbelivien/Vendée 93/Les mariés de vendée.m4a'
  [sim] API Plex PUT /:/rate?key=2601944&rating=0
  ✅ OK
[20/1425] Didier Barbelivien — Te Rejoindre En Vendee
  📄 /mnt/ssd/Musiques/2836-A62E/Didier barbelivien/Vendée 93/01 Te Rejoindre En Vendee.m4a
  🎵 songrec-rename -i …
  [sim] songrec-rename -i '/mnt/ssd/Musiques/2836-A62E/Didier barbelivien/Vendée 93/01 Te Rejoindre En Vendee.m4a'
  📚 beet import -q …
  [sim] beet import -q '/mnt/ssd/Musiques/2836-A62E/Didier barbelivien/Vendée 93/01 Te Rejoindre En Vendee.m4a'
  [sim] API Plex PUT /:/rate?key=2601914&rating=0
  ✅ OK
[21/1425] Didier Barbelivien — Te Rejoindre En Vendée
  📄 /mnt/ssd/Musiques/2836-A62E/Didier barbelivien/Vendée 93/01 Te Rejoindre En Vendée.m4a
  🎵 songrec-rename -i …
  [sim] songrec-rename -i '/mnt/ssd/Musiques/2836-A62E/Didier barbelivien/Vendée 93/01 Te Rejoindre En Vendée.m4a'
  📚 beet import -q …
  [sim] beet import -q '/mnt/ssd/Musiques/2836-A62E/Didier barbelivien/Vendée 93/01 Te Rejoindre En Vendée.m4a'
  [sim] API Plex PUT /:/rate?key=2601915&rating=0
  ✅ OK
[22/1425] Didier Barbelivien — Monsieur d'Elbée
  📄 /mnt/ssd/Musiques/2836-A62E/Didier barbelivien/Vendée 93/02 Monsieur d'Elbée.m4a
  🎵 songrec-rename -i …
  [sim] songrec-rename -i '/mnt/ssd/Musiques/2836-A62E/Didier barbelivien/Vendée 93/02 Monsieur d'Elbée.m4a'
  📚 beet import -q …
  [sim] beet import -q '/mnt/ssd/Musiques/2836-A62E/Didier barbelivien/Vendée 93/02 Monsieur d'Elbée.m4a'
  [sim] API Plex PUT /:/rate?key=2601918&rating=0
  ✅ OK
[23/1425] Didier Barbelivien — Monsieur D'Elbée
  📄 /mnt/ssd/Musiques/Didier barbelivien/Vendée 93/02 Monsieur D'Elbée 1.m4a
  🎵 songrec-rename -i …
  [sim] songrec-rename -i '/mnt/ssd/Musiques/Didier barbelivien/Vendée 93/02 Monsieur D'Elbée 1.m4a'
  📚 beet import -q …
  [sim] beet import -q '/mnt/ssd/Musiques/Didier barbelivien/Vendée 93/02 Monsieur D'Elbée 1.m4a'
  [sim] API Plex PUT /:/rate?key=2548129&rating=0
  ✅ OK
[24/1425] Didier Barbelivien — Monsieur D'Elbee
  📄 /mnt/ssd/Musiques/2836-A62E/Didier barbelivien/Vendée 93/02 Monsieur D'Elbee.m4a
  🎵 songrec-rename -i …
  [sim] songrec-rename -i '/mnt/ssd/Musiques/2836-A62E/Didier barbelivien/Vendée 93/02 Monsieur D'Elbee.m4a'
  📚 beet import -q …
  [sim] beet import -q '/mnt/ssd/Musiques/2836-A62E/Didier barbelivien/Vendée 93/02 Monsieur D'Elbee.m4a'
  [sim] API Plex PUT /:/rate?key=2601916&rating=0
  ✅ OK
[25/1425] Didier Barbelivien — Monsieur D'elbee (Remastered)
  📄 /mnt/ssd/Musiques/2836-A62E/Didier barbelivien/Vendée 93/02 Monsieur D'elbee (Remastered).m4a
  🎵 songrec-rename -i …
  [sim] songrec-rename -i '/mnt/ssd/Musiques/2836-A62E/Didier barbelivien/Vendée 93/02 Monsieur D'elbee (Remastered).m4a'
  📚 beet import -q …
  [sim] beet import -q '/mnt/ssd/Musiques/2836-A62E/Didier barbelivien/Vendée 93/02 Monsieur D'elbee (Remastered).m4a'
  [sim] API Plex PUT /:/rate?key=2601917&rating=0
  ✅ OK
[26/1425] Didier Barbelivien — Vendéen mon fils
  📄 /mnt/ssd/Musiques/2836-A62E/Didier barbelivien/Vendée 93/03 Vendéen mon fils 1.m4a
  🎵 songrec-rename -i …
  [sim] songrec-rename -i '/mnt/ssd/Musiques/2836-A62E/Didier barbelivien/Vendée 93/03 Vendéen mon fils 1.m4a'
  📚 beet import -q …
  [sim] beet import -q '/mnt/ssd/Musiques/2836-A62E/Didier barbelivien/Vendée 93/03 Vendéen mon fils 1.m4a'
  [sim] API Plex PUT /:/rate?key=2601920&rating=0
  ✅ OK
[27/1425] Didier Barbelivien — Vendéen mon fils
  📄 /mnt/ssd/Musiques/2836-A62E/Didier barbelivien/Vendée 93/03 Vendéen mon fils.m4a
  🎵 songrec-rename -i …
  [sim] songrec-rename -i '/mnt/ssd/Musiques/2836-A62E/Didier barbelivien/Vendée 93/03 Vendéen mon fils.m4a'
  📚 beet import -q …
  [sim] beet import -q '/mnt/ssd/Musiques/2836-A62E/Didier barbelivien/Vendée 93/03 Vendéen mon fils.m4a'
  [sim] API Plex PUT /:/rate?key=2601921&rating=0
  ✅ OK
[28/1425] Didier Barbelivien — Vendéen Mon Fils
  📄 /mnt/ssd/Musiques/Didier barbelivien/Vendée 93/03 Vendéen Mon Fils 2.m4a
  🎵 songrec-rename -i …
  [sim] songrec-rename -i '/mnt/ssd/Musiques/Didier barbelivien/Vendée 93/03 Vendéen Mon Fils 2.m4a'
  📚 beet import -q …
  [sim] beet import -q '/mnt/ssd/Musiques/Didier barbelivien/Vendée 93/03 Vendéen Mon Fils 2.m4a'
  [sim] API Plex PUT /:/rate?key=2548130&rating=0
  ✅ OK
[29/1425] Didier Barbelivien — Vendeen Mon Fils
  📄 /mnt/ssd/Musiques/2836-A62E/Didier barbelivien/Vendée 93/03 Vendeen Mon Fils.m4a
  🎵 songrec-rename -i …
  [sim] songrec-rename -i '/mnt/ssd/Musiques/2836-A62E/Didier barbelivien/Vendée 93/03 Vendeen Mon Fils.m4a'
  📚 beet import -q …
  [sim] beet import -q '/mnt/ssd/Musiques/2836-A62E/Didier barbelivien/Vendée 93/03 Vendeen Mon Fils.m4a'
  [sim] API Plex PUT /:/rate?key=2601919&rating=0
  ✅ OK
[30/1425] Didier Barbelivien — Adieu
  📄 /mnt/ssd/Musiques/2836-A62E/Didier barbelivien/Vendée 93/04 Adieu 1.m4a
  🎵 songrec-rename -i …
  [sim] songrec-rename -i '/mnt/ssd/Musiques/2836-A62E/Didier barbelivien/Vendée 93/04 Adieu 1.m4a'
  📚 beet import -q …
  [sim] beet import -q '/mnt/ssd/Musiques/2836-A62E/Didier barbelivien/Vendée 93/04 Adieu 1.m4a'
  [sim] API Plex PUT /:/rate?key=2601924&rating=0
  ✅ OK
[31/1425] Didier Barbelivien — Adieu
  📄 /mnt/ssd/Musiques/2836-A62E/Didier barbelivien/Vendée 93/04 Adieu.m4a
  🎵 songrec-rename -i …
  [sim] songrec-rename -i '/mnt/ssd/Musiques/2836-A62E/Didier barbelivien/Vendée 93/04 Adieu.m4a'
  📚 beet import -q …
  [sim] beet import -q '/mnt/ssd/Musiques/2836-A62E/Didier barbelivien/Vendée 93/04 Adieu.m4a'
  [sim] API Plex PUT /:/rate?key=2601925&rating=0
  ✅ OK
[32/1425] Didier Barbelivien — A Dieu
  📄 /mnt/ssd/Musiques/2836-A62E/Didier barbelivien/Vendée 93/04 A Dieu.m4a
  🎵 songrec-rename -i …
  [sim] songrec-rename -i '/mnt/ssd/Musiques/2836-A62E/Didier barbelivien/Vendée 93/04 A Dieu.m4a'
  📚 beet import -q …
  [sim] beet import -q '/mnt/ssd/Musiques/2836-A62E/Didier barbelivien/Vendée 93/04 A Dieu.m4a'
  [sim] API Plex PUT /:/rate?key=2601923&rating=0
  ✅ OK
[33/1425] Didier Barbelivien — A Dieu (Remastered)
  📄 /mnt/ssd/Musiques/2836-A62E/Didier barbelivien/Vendée 93/04 A Dieu (Remastered).m4a
  🎵 songrec-rename -i …
  [sim] songrec-rename -i '/mnt/ssd/Musiques/2836-A62E/Didier barbelivien/Vendée 93/04 A Dieu (Remastered).m4a'
  📚 beet import -q …
  [sim] beet import -q '/mnt/ssd/Musiques/2836-A62E/Didier barbelivien/Vendée 93/04 A Dieu (Remastered).m4a'
  [sim] API Plex PUT /:/rate?key=2601922&rating=0
  ✅ OK
[34/1425] Didier Barbelivien — La Chienne Vendeenne
  📄 /mnt/ssd/Musiques/2836-A62E/Didier barbelivien/Vendée 93/05 La Chienne Vendeenne.m4a
  🎵 songrec-rename -i …
  [sim] songrec-rename -i '/mnt/ssd/Musiques/2836-A62E/Didier barbelivien/Vendée 93/05 La Chienne Vendeenne.m4a'
  📚 beet import -q …
  [sim] beet import -q '/mnt/ssd/Musiques/2836-A62E/Didier barbelivien/Vendée 93/05 La Chienne Vendeenne.m4a'
  [sim] API Plex PUT /:/rate?key=2601926&rating=0
  ✅ OK
[35/1425] Didier Barbelivien — La Chienne Vendéenne
  📄 /mnt/ssd/Musiques/2836-A62E/Didier barbelivien/Vendée 93/05 La Chienne Vendéenne.m4a
  🎵 songrec-rename -i …
  [sim] songrec-rename -i '/mnt/ssd/Musiques/2836-A62E/Didier barbelivien/Vendée 93/05 La Chienne Vendéenne.m4a'
  📚 beet import -q …
  [sim] beet import -q '/mnt/ssd/Musiques/2836-A62E/Didier barbelivien/Vendée 93/05 La Chienne Vendéenne.m4a'
  [sim] API Plex PUT /:/rate?key=2601928&rating=0
  ✅ OK
[36/1425] Didier Barbelivien — La Chienne Vendéenne (Remastered)
  📄 /mnt/ssd/Musiques/2836-A62E/Didier barbelivien/Vendée 93/05 La Chienne Vendéenne (Remastered).m4a
  🎵 songrec-rename -i …
  [sim] songrec-rename -i '/mnt/ssd/Musiques/2836-A62E/Didier barbelivien/Vendée 93/05 La Chienne Vendéenne (Remastered).m4a'
  📚 beet import -q …
  [sim] beet import -q '/mnt/ssd/Musiques/2836-A62E/Didier barbelivien/Vendée 93/05 La Chienne Vendéenne (Remastered).m4a'
  [sim] API Plex PUT /:/rate?key=2601927&rating=0
  ✅ OK
[37/1425] Didier Barbelivien — Peuple De Géants
  📄 /mnt/ssd/Musiques/2836-A62E/Didier barbelivien/Vendée 93/06 Peuple De Géants.m4a
  🎵 songrec-rename -i …
  [sim] songrec-rename -i '/mnt/ssd/Musiques/2836-A62E/Didier barbelivien/Vendée 93/06 Peuple De Géants.m4a'
  📚 beet import -q …
  [sim] beet import -q '/mnt/ssd/Musiques/2836-A62E/Didier barbelivien/Vendée 93/06 Peuple De Géants.m4a'
  [sim] API Plex PUT /:/rate?key=2601929&rating=0
  ✅ OK
[38/1425] Didier Barbelivien — Peuple de géants [Remastered]
  📄 /mnt/ssd/Musiques/2836-A62E/Didier barbelivien/Vendée 93/06 Peuple de géants [Remastered].m4a
  🎵 songrec-rename -i …
  [sim] songrec-rename -i '/mnt/ssd/Musiques/2836-A62E/Didier barbelivien/Vendée 93/06 Peuple de géants [Remastered].m4a'
  📚 beet import -q …
  [sim] beet import -q '/mnt/ssd/Musiques/2836-A62E/Didier barbelivien/Vendée 93/06 Peuple de géants [Remastered].m4a'
  [sim] API Plex PUT /:/rate?key=2601930&rating=0
  ✅ OK
[39/1425] Didier Barbelivien — Xam Xam
  📄 /mnt/ssd/Musiques/Didier barbelivien/Vendée 93/06 Xam Xam.mp3
  🎵 songrec-rename -i …
  [sim] songrec-rename -i '/mnt/ssd/Musiques/Didier barbelivien/Vendée 93/06 Xam Xam.mp3'
  📚 beet import -q …
  [sim] beet import -q '/mnt/ssd/Musiques/Didier barbelivien/Vendée 93/06 Xam Xam.mp3'
  [sim] API Plex PUT /:/rate?key=2548131&rating=0
  ✅ OK
[40/1425] Didier Barbelivien — La Durbelliere
  📄 /mnt/ssd/Musiques/2836-A62E/Didier barbelivien/Vendée 93/07 La Durbelliere.m4a
  🎵 songrec-rename -i …
  [sim] songrec-rename -i '/mnt/ssd/Musiques/2836-A62E/Didier barbelivien/Vendée 93/07 La Durbelliere.m4a'
  📚 beet import -q …
  [sim] beet import -q '/mnt/ssd/Musiques/2836-A62E/Didier barbelivien/Vendée 93/07 La Durbelliere.m4a'
  [sim] API Plex PUT /:/rate?key=2601932&rating=0
  ✅ OK
[41/1425] Didier Barbelivien — La Durbelliere (Is) (Remastered)
  📄 /mnt/ssd/Musiques/2836-A62E/Didier barbelivien/Vendée 93/07 La Durbelliere (Is) (Remastered).m4a
  🎵 songrec-rename -i …
  [sim] songrec-rename -i '/mnt/ssd/Musiques/2836-A62E/Didier barbelivien/Vendée 93/07 La Durbelliere (Is) (Remastered).m4a'
  📚 beet import -q …
  [sim] beet import -q '/mnt/ssd/Musiques/2836-A62E/Didier barbelivien/Vendée 93/07 La Durbelliere (Is) (Remastered).m4a'
  [sim] API Plex PUT /:/rate?key=2601931&rating=0
  ✅ OK
[42/1425] Didier Barbelivien — Les Mariés de Vendée
  📄 /mnt/ssd/Musiques/2836-A62E/Didier barbelivien/Vendée 93/08 Les Mariés de Vendée.m4a
  🎵 songrec-rename -i …
  [sim] songrec-rename -i '/mnt/ssd/Musiques/2836-A62E/Didier barbelivien/Vendée 93/08 Les Mariés de Vendée.m4a'
  📚 beet import -q …
  [sim] beet import -q '/mnt/ssd/Musiques/2836-A62E/Didier barbelivien/Vendée 93/08 Les Mariés de Vendée.m4a'
  [sim] API Plex PUT /:/rate?key=2601934&rating=0
  ✅ OK
[43/1425] Didier Barbelivien — Les Maries De Vendee
  📄 /mnt/ssd/Musiques/2836-A62E/Didier barbelivien/Vendée 93/08 Les Maries De Vendee.m4a
  🎵 songrec-rename -i …
  [sim] songrec-rename -i '/mnt/ssd/Musiques/2836-A62E/Didier barbelivien/Vendée 93/08 Les Maries De Vendee.m4a'
  📚 beet import -q …
  [sim] beet import -q '/mnt/ssd/Musiques/2836-A62E/Didier barbelivien/Vendée 93/08 Les Maries De Vendee.m4a'
  [sim] API Plex PUT /:/rate?key=2601933&rating=0
  ✅ OK
[44/1425] Didier Barbelivien — Mourir à Ancenis
  📄 /mnt/ssd/Musiques/2836-A62E/Didier barbelivien/Vendée 93/09 Mourir à Ancenis.m4a
  🎵 songrec-rename -i …
  [sim] songrec-rename -i '/mnt/ssd/Musiques/2836-A62E/Didier barbelivien/Vendée 93/09 Mourir à Ancenis.m4a'
  📚 beet import -q …
  [sim] beet import -q '/mnt/ssd/Musiques/2836-A62E/Didier barbelivien/Vendée 93/09 Mourir à Ancenis.m4a'
  [sim] API Plex PUT /:/rate?key=2601936&rating=0
  ✅ OK
[45/1425] Didier Barbelivien — Mourir À Ancenis (Remastered)
  📄 /mnt/ssd/Musiques/2836-A62E/Didier barbelivien/Vendée 93/09 Mourir À Ancenis (Remastered).m4a
  🎵 songrec-rename -i …
  [sim] songrec-rename -i '/mnt/ssd/Musiques/2836-A62E/Didier barbelivien/Vendée 93/09 Mourir À Ancenis (Remastered).m4a'
  📚 beet import -q …
  [sim] beet import -q '/mnt/ssd/Musiques/2836-A62E/Didier barbelivien/Vendée 93/09 Mourir À Ancenis (Remastered).m4a'
  [sim] API Plex PUT /:/rate?key=2601935&rating=0
  ✅ OK
[46/1425] Didier Barbelivien — Tirailleur
  📄 /mnt/ssd/Musiques/Didier barbelivien/Vendée 93/09 Tirailleur.m4a
  🎵 songrec-rename -i …
  [sim] songrec-rename -i '/mnt/ssd/Musiques/Didier barbelivien/Vendée 93/09 Tirailleur.m4a'
  📚 beet import -q …
  [sim] beet import -q '/mnt/ssd/Musiques/Didier barbelivien/Vendée 93/09 Tirailleur.m4a'
  [sim] API Plex PUT /:/rate?key=2548132&rating=0
  ✅ OK
[47/1425] Didier Barbelivien — La P'tite Fille au tambour
  📄 /mnt/ssd/Musiques/2836-A62E/Didier barbelivien/Vendée 93/10 La P'tite Fille au tambour.m4a
  🎵 songrec-rename -i …
  [sim] songrec-rename -i '/mnt/ssd/Musiques/2836-A62E/Didier barbelivien/Vendée 93/10 La P'tite Fille au tambour.m4a'
  📚 beet import -q …
  [sim] beet import -q '/mnt/ssd/Musiques/2836-A62E/Didier barbelivien/Vendée 93/10 La P'tite Fille au tambour.m4a'
  [sim] API Plex PUT /:/rate?key=2601937&rating=0
  ✅ OK
[48/1425] Didier Barbelivien — La Petite Fille Au Tambour
  📄 /mnt/ssd/Musiques/2836-A62E/Didier barbelivien/Vendée 93/10 La Petite Fille Au Tambour.m4a
  🎵 songrec-rename -i …
  [sim] songrec-rename -i '/mnt/ssd/Musiques/2836-A62E/Didier barbelivien/Vendée 93/10 La Petite Fille Au Tambour.m4a'
  📚 beet import -q …
  [sim] beet import -q '/mnt/ssd/Musiques/2836-A62E/Didier barbelivien/Vendée 93/10 La Petite Fille Au Tambour.m4a'
  [sim] API Plex PUT /:/rate?key=2601939&rating=0
  ✅ OK
[49/1425] Didier Barbelivien — La Petite Fille Au Tambour (Remastered)
  📄 /mnt/ssd/Musiques/2836-A62E/Didier barbelivien/Vendée 93/10 La Petite Fille Au Tambour (Remastered).m4a
  🎵 songrec-rename -i …
  [sim] songrec-rename -i '/mnt/ssd/Musiques/2836-A62E/Didier barbelivien/Vendée 93/10 La Petite Fille Au Tambour (Remastered).m4a'
  📚 beet import -q …
  [sim] beet import -q '/mnt/ssd/Musiques/2836-A62E/Didier barbelivien/Vendée 93/10 La Petite Fille Au Tambour (Remastered).m4a'
  [sim] API Plex PUT /:/rate?key=2601938&rating=0
  ✅ OK
[50/1425] Didier Barbelivien — Bleus Et Blancs
  📄 /mnt/ssd/Musiques/2836-A62E/Didier barbelivien/Vendée 93/11 Bleus Et Blancs.m4a
  🎵 songrec-rename -i …
  [sim] songrec-rename -i '/mnt/ssd/Musiques/2836-A62E/Didier barbelivien/Vendée 93/11 Bleus Et Blancs.m4a'
  📚 beet import -q …
  [sim] beet import -q '/mnt/ssd/Musiques/2836-A62E/Didier barbelivien/Vendée 93/11 Bleus Et Blancs.m4a'
  [sim] API Plex PUT /:/rate?key=2601941&rating=0
  ✅ OK
[51/1425] Didier Barbelivien — Bleus Et Blancs (Remastered)
  📄 /mnt/ssd/Musiques/2836-A62E/Didier barbelivien/Vendée 93/11 Bleus Et Blancs (Remastered).m4a
  🎵 songrec-rename -i …
  [sim] songrec-rename -i '/mnt/ssd/Musiques/2836-A62E/Didier barbelivien/Vendée 93/11 Bleus Et Blancs (Remastered).m4a'
  📚 beet import -q …
  [sim] beet import -q '/mnt/ssd/Musiques/2836-A62E/Didier barbelivien/Vendée 93/11 Bleus Et Blancs (Remastered).m4a'
  [sim] API Plex PUT /:/rate?key=2601940&rating=0
  ✅ OK
[52/1425] Didier Barbelivien — Le Puy Du Fou (Remastered)
  📄 /mnt/ssd/Musiques/2836-A62E/Didier barbelivien/Vendée 93/12 Le Puy Du Fou (Remastered).m4a
  🎵 songrec-rename -i …
  [sim] songrec-rename -i '/mnt/ssd/Musiques/2836-A62E/Didier barbelivien/Vendée 93/12 Le Puy Du Fou (Remastered).m4a'
  📚 beet import -q …
  [sim] beet import -q '/mnt/ssd/Musiques/2836-A62E/Didier barbelivien/Vendée 93/12 Le Puy Du Fou (Remastered).m4a'
  [sim] API Plex PUT /:/rate?key=2601942&rating=0
  ✅ OK
[53/1425] Didier Barbelivien — Puy Du Fou
  📄 /mnt/ssd/Musiques/2836-A62E/Didier barbelivien/Vendée 93/12 Puy Du Fou.m4a
  🎵 songrec-rename -i …
  [sim] songrec-rename -i '/mnt/ssd/Musiques/2836-A62E/Didier barbelivien/Vendée 93/12 Puy Du Fou.m4a'
  📚 beet import -q …
  [sim] beet import -q '/mnt/ssd/Musiques/2836-A62E/Didier barbelivien/Vendée 93/12 Puy Du Fou.m4a'
  [sim] API Plex PUT /:/rate?key=2601943&rating=0
  ✅ OK
[54/1425] Didier Barbelivien — Monsieur D'Elbee
  📄 /mnt/ssd/Musiques/2836-A62E/Didier barbelivien/Vendee 93/02 Monsieur D'Elbee.m4a
  🎵 songrec-rename -i …
  [sim] songrec-rename -i '/mnt/ssd/Musiques/2836-A62E/Didier barbelivien/Vendee 93/02 Monsieur D'Elbee.m4a'
  📚 beet import -q …
  [sim] beet import -q '/mnt/ssd/Musiques/2836-A62E/Didier barbelivien/Vendee 93/02 Monsieur D'Elbee.m4a'
  [sim] API Plex PUT /:/rate?key=2601906&rating=0
  ✅ OK
[55/1425] Didier Barbelivien — Vendeen mon fils
  📄 /mnt/ssd/Musiques/2836-A62E/Didier barbelivien/Vendee 93/03 Vendeen mon fils.m4a
  🎵 songrec-rename -i …
  [sim] songrec-rename -i '/mnt/ssd/Musiques/2836-A62E/Didier barbelivien/Vendee 93/03 Vendeen mon fils.m4a'
  📚 beet import -q …
  [sim] beet import -q '/mnt/ssd/Musiques/2836-A62E/Didier barbelivien/Vendee 93/03 Vendeen mon fils.m4a'
  [sim] API Plex PUT /:/rate?key=2601907&rating=0
  ✅ OK
[56/1425] Didier Barbelivien — Adieu
  📄 /mnt/ssd/Musiques/2836-A62E/Didier barbelivien/Vendee 93/04 Adieu.m4a
  🎵 songrec-rename -i …
  [sim] songrec-rename -i '/mnt/ssd/Musiques/2836-A62E/Didier barbelivien/Vendee 93/04 Adieu.m4a'
  📚 beet import -q …
  [sim] beet import -q '/mnt/ssd/Musiques/2836-A62E/Didier barbelivien/Vendee 93/04 Adieu.m4a'
  [sim] API Plex PUT /:/rate?key=2601908&rating=0
  ✅ OK
[57/1425] Didier Barbelivien — La Chienne vendeenne
  📄 /mnt/ssd/Musiques/2836-A62E/Didier barbelivien/Vendee 93/05 La Chienne vendeenne.m4a
  🎵 songrec-rename -i …
  [sim] songrec-rename -i '/mnt/ssd/Musiques/2836-A62E/Didier barbelivien/Vendee 93/05 La Chienne vendeenne.m4a'
  📚 beet import -q …
  [sim] beet import -q '/mnt/ssd/Musiques/2836-A62E/Didier barbelivien/Vendee 93/05 La Chienne vendeenne.m4a'
  [sim] API Plex PUT /:/rate?key=2601909&rating=0
  ✅ OK
[58/1425] Didier Barbelivien — Peuple De Geants
  📄 /mnt/ssd/Musiques/2836-A62E/Didier barbelivien/Vendee 93/06 Peuple De Geants.m4a
  🎵 songrec-rename -i …
  [sim] songrec-rename -i '/mnt/ssd/Musiques/2836-A62E/Didier barbelivien/Vendee 93/06 Peuple De Geants.m4a'
  📚 beet import -q …
  [sim] beet import -q '/mnt/ssd/Musiques/2836-A62E/Didier barbelivien/Vendee 93/06 Peuple De Geants.m4a'
  [sim] API Plex PUT /:/rate?key=2601910&rating=0
  ✅ OK
[59/1425] Didier Barbelivien — Mourir A Ancenis
  📄 /mnt/ssd/Musiques/2836-A62E/Didier barbelivien/Vendee 93/09 Mourir A Ancenis.m4a
  🎵 songrec-rename -i …
  [sim] songrec-rename -i '/mnt/ssd/Musiques/2836-A62E/Didier barbelivien/Vendee 93/09 Mourir A Ancenis.m4a'
  📚 beet import -q …
  [sim] beet import -q '/mnt/ssd/Musiques/2836-A62E/Didier barbelivien/Vendee 93/09 Mourir A Ancenis.m4a'
  [sim] API Plex PUT /:/rate?key=2601911&rating=0
  ✅ OK
[60/1425] Didier Barbelivien — Puy Du Fou
  📄 /mnt/ssd/Musiques/2836-A62E/Didier barbelivien/Vendee 93/12 Puy Du Fou.m4a
  🎵 songrec-rename -i …
  [sim] songrec-rename -i '/mnt/ssd/Musiques/2836-A62E/Didier barbelivien/Vendee 93/12 Puy Du Fou.m4a'
  📚 beet import -q …
  [sim] beet import -q '/mnt/ssd/Musiques/2836-A62E/Didier barbelivien/Vendee 93/12 Puy Du Fou.m4a'
  [sim] API Plex PUT /:/rate?key=2601912&rating=0
  ✅ OK
[61/1425] Didier Barbelivien — Monsieur D'Elbée
  📄 /mnt/ssd/Musiques/2836-A62E/Didier barbelivien/Vendée 93/02 Monsieur D'Elbée 1.m4a
  🎵 songrec-rename -i …
  [sim] songrec-rename -i '/mnt/ssd/Musiques/2836-A62E/Didier barbelivien/Vendée 93/02 Monsieur D'Elbée 1.m4a'
  📚 beet import -q …
  [sim] beet import -q '/mnt/ssd/Musiques/2836-A62E/Didier barbelivien/Vendée 93/02 Monsieur D'Elbée 1.m4a'
  [sim] API Plex PUT /:/rate?key=2601947&rating=0
  ✅ OK
[62/1425] Didier Barbelivien — Vendéen Mon Fils
  📄 /mnt/ssd/Musiques/2836-A62E/Didier barbelivien/Vendée 93/03 Vendéen Mon Fils 2.m4a
  🎵 songrec-rename -i …
  [sim] songrec-rename -i '/mnt/ssd/Musiques/2836-A62E/Didier barbelivien/Vendée 93/03 Vendéen Mon Fils 2.m4a'
  📚 beet import -q …
  [sim] beet import -q '/mnt/ssd/Musiques/2836-A62E/Didier barbelivien/Vendée 93/03 Vendéen Mon Fils 2.m4a'
  [sim] API Plex PUT /:/rate?key=2601948&rating=0
  ✅ OK
[63/1425] Didier Barbelivien — Xam Xam
  📄 /mnt/ssd/Musiques/2836-A62E/Didier barbelivien/Vendée 93/06 Xam Xam.mp3
  🎵 songrec-rename -i …
  [sim] songrec-rename -i '/mnt/ssd/Musiques/2836-A62E/Didier barbelivien/Vendée 93/06 Xam Xam.mp3'
  📚 beet import -q …
  [sim] beet import -q '/mnt/ssd/Musiques/2836-A62E/Didier barbelivien/Vendée 93/06 Xam Xam.mp3'
  [sim] API Plex PUT /:/rate?key=2601949&rating=0
  ✅ OK
[64/1425] Didier Barbelivien — Tirailleur
  📄 /mnt/ssd/Musiques/2836-A62E/Didier barbelivien/Vendée 93/09 Tirailleur.m4a
  🎵 songrec-rename -i …
  [sim] songrec-rename -i '/mnt/ssd/Musiques/2836-A62E/Didier barbelivien/Vendée 93/09 Tirailleur.m4a'
  📚 beet import -q …
  [sim] beet import -q '/mnt/ssd/Musiques/2836-A62E/Didier barbelivien/Vendée 93/09 Tirailleur.m4a'
  [sim] API Plex PUT /:/rate?key=2601950&rating=0
  ✅ OK
[65/1425] Andrew Bayer + Blastoyz + Feed Me + Jason Ross + Kill the Noise + Last Heroes + Seven Lions + STAR SEED + Trivecta feat. Sarah Herz — Pantheon II (feat. Sarah Herz)
  📄 /mnt/MyBook/itunes/Music/Singles/Andrew Bayer + Blastoyz + Feed Me + Jason Ross + Kill the Noise + Last Heroes + Seven Lions + STAR SEED + Trivecta feat. Sarah Herz/Andrew Bayer, Blastoyz, Feed Me, Jason Ross, Kill the Noise, Last Heroes, Seven Lions, Star Seed & Trivecta - Pantheon II (feat. Sarah Herz).m4a
  🎵 songrec-rename -i …
  [sim] songrec-rename -i '/mnt/MyBook/itunes/Music/Singles/Andrew Bayer + Blastoyz + Feed Me + Jason Ross + Kill the Noise + Last Heroes + Seven Lions + STAR SEED + Trivecta feat. Sarah Herz/Andrew Bayer, Blastoyz, Feed Me, Jason Ross, Kill the Noise, Last Heroes, Seven Lions, Star Seed & Trivecta - Pantheon II (feat. Sarah Herz).m4a'
  📚 beet import -q …
  [sim] beet import -q '/mnt/MyBook/itunes/Music/Singles/Andrew Bayer + Blastoyz + Feed Me + Jason Ross + Kill the Noise + Last Heroes + Seven Lions + STAR SEED + Trivecta feat. Sarah Herz/Andrew Bayer, Blastoyz, Feed Me, Jason Ross, Kill the Noise, Last Heroes, Seven Lions, Star Seed & Trivecta - Pantheon II (feat. Sarah Herz).m4a'
  [sim] API Plex PUT /:/rate?key=2368754&rating=0
  ✅ OK
[66/1425] Francis Cabrel — Le pays d'à côté
  📄 /mnt/MyBook/itunes/Music/Francis_Cabrel/In_extremis/Francis Cabrel - Le pays d'à côté.mp3
  🎵 songrec-rename -i …
  [sim] songrec-rename -i '/mnt/MyBook/itunes/Music/Francis_Cabrel/In_extremis/Francis Cabrel - Le pays d'à côté.mp3'
  📚 beet import -q …
  [sim] beet import -q '/mnt/MyBook/itunes/Music/Francis_Cabrel/In_extremis/Francis Cabrel - Le pays d'à côté.mp3'
  [sim] API Plex PUT /:/rate?key=2333005&rating=0
  ✅ OK
[67/1425] Francis Cabrel — Azincourt
  📄 /mnt/MyBook/itunes/Music/Francis_Cabrel/In_extremis/Francis Cabrel - Azincourt.mp3
  🎵 songrec-rename -i …
  [sim] songrec-rename -i '/mnt/MyBook/itunes/Music/Francis_Cabrel/In_extremis/Francis Cabrel - Azincourt.mp3'
  📚 beet import -q …
  [sim] beet import -q '/mnt/MyBook/itunes/Music/Francis_Cabrel/In_extremis/Francis Cabrel - Azincourt.mp3'
  [sim] API Plex PUT /:/rate?key=2333001&rating=0
  ✅ OK
[68/1425] Francis Cabrel — In Extremis
  📄 /mnt/MyBook/itunes/Music/Francis_Cabrel/In_extremis/Francis Cabrel - In Extremis.mp3
  🎵 songrec-rename -i …
  [sim] songrec-rename -i '/mnt/MyBook/itunes/Music/Francis_Cabrel/In_extremis/Francis Cabrel - In Extremis.mp3'
  📚 beet import -q …
  [sim] beet import -q '/mnt/MyBook/itunes/Music/Francis_Cabrel/In_extremis/Francis Cabrel - In Extremis.mp3'
  [sim] API Plex PUT /:/rate?key=2333003&rating=0
  ✅ OK
[69/1425] Francis Cabrel — Dans chaque cœur
  📄 /mnt/MyBook/itunes/Music/Francis_Cabrel/In_extremis/Francis Cabrel - Dans chaque cœur.mp3
  🎵 songrec-rename -i …
  [sim] songrec-rename -i '/mnt/MyBook/itunes/Music/Francis_Cabrel/In_extremis/Francis Cabrel - Dans chaque cœur.mp3'
  📚 beet import -q …
  [sim] beet import -q '/mnt/MyBook/itunes/Music/Francis_Cabrel/In_extremis/Francis Cabrel - Dans chaque cœur.mp3'
  [sim] API Plex PUT /:/rate?key=2333002&rating=0
  ✅ OK
[70/1425] Francis Cabrel — Partis pour rester
  📄 /mnt/MyBook/itunes/Music/Francis_Cabrel/In_extremis/Francis Cabrel - Partis pour rester.mp3
  🎵 songrec-rename -i …
  [sim] songrec-rename -i '/mnt/MyBook/itunes/Music/Francis_Cabrel/In_extremis/Francis Cabrel - Partis pour rester.mp3'
  📚 beet import -q …
  [sim] beet import -q '/mnt/MyBook/itunes/Music/Francis_Cabrel/In_extremis/Francis Cabrel - Partis pour rester.mp3'
  [sim] API Plex PUT /:/rate?key=2333009&rating=0
  ✅ OK
[71/1425] Francis Cabrel — Mandela, pendant ce temps
  📄 /mnt/MyBook/itunes/Music/Francis_Cabrel/In_extremis/Francis Cabrel - Mandela, pendant ce temps.mp3
  🎵 songrec-rename -i …
  [sim] songrec-rename -i '/mnt/MyBook/itunes/Music/Francis_Cabrel/In_extremis/Francis Cabrel - Mandela, pendant ce temps.mp3'
  📚 beet import -q …
  [sim] beet import -q '/mnt/MyBook/itunes/Music/Francis_Cabrel/In_extremis/Francis Cabrel - Mandela, pendant ce temps.mp3'
  [sim] API Plex PUT /:/rate?key=2333008&rating=0
  ✅ OK
[72/1425] Francis Cabrel — Les tours gratuits
  📄 /mnt/MyBook/itunes/Music/Francis_Cabrel/In_extremis/Francis Cabrel - Les tours gratuits.mp3
  🎵 songrec-rename -i …
  [sim] songrec-rename -i '/mnt/MyBook/itunes/Music/Francis_Cabrel/In_extremis/Francis Cabrel - Les tours gratuits.mp3'
  📚 beet import -q …
  [sim] beet import -q '/mnt/MyBook/itunes/Music/Francis_Cabrel/In_extremis/Francis Cabrel - Les tours gratuits.mp3'
  [sim] API Plex PUT /:/rate?key=2333007&rating=0
  ✅ OK
[73/1425] Francis Cabrel — La voix du crooner
  📄 /mnt/MyBook/itunes/Music/Francis_Cabrel/In_extremis/Francis Cabrel - La voix du crooner.mp3
  🎵 songrec-rename -i …
  [sim] songrec-rename -i '/mnt/MyBook/itunes/Music/Francis_Cabrel/In_extremis/Francis Cabrel - La voix du crooner.mp3'
  📚 beet import -q …
  [sim] beet import -q '/mnt/MyBook/itunes/Music/Francis_Cabrel/In_extremis/Francis Cabrel - La voix du crooner.mp3'
  [sim] API Plex PUT /:/rate?key=2333004&rating=0
  ✅ OK
[74/1425] Francis Cabrel — Pas si bêtes
  📄 /mnt/MyBook/itunes/Music/Francis_Cabrel/In_extremis/Francis Cabrel - Pas si bêtes.mp3
  🎵 songrec-rename -i …
  [sim] songrec-rename -i '/mnt/MyBook/itunes/Music/Francis_Cabrel/In_extremis/Francis Cabrel - Pas si bêtes.mp3'
  📚 beet import -q …
  [sim] beet import -q '/mnt/MyBook/itunes/Music/Francis_Cabrel/In_extremis/Francis Cabrel - Pas si bêtes.mp3'
  [sim] API Plex PUT /:/rate?key=2333010&rating=0
  ✅ OK
[75/1425] Francis Cabrel — Les fontaines du jazz (Bonus)
  📄 /mnt/MyBook/itunes/Music/Francis_Cabrel/In_extremis/Francis Cabrel - Les fontaines du jazz (Bonus).mp3
  🎵 songrec-rename -i …
  [sim] songrec-rename -i '/mnt/MyBook/itunes/Music/Francis_Cabrel/In_extremis/Francis Cabrel - Les fontaines du jazz (Bonus).mp3'
  📚 beet import -q …
  [sim] beet import -q '/mnt/MyBook/itunes/Music/Francis_Cabrel/In_extremis/Francis Cabrel - Les fontaines du jazz (Bonus).mp3'
  [sim] API Plex PUT /:/rate?key=2333006&rating=0
  ✅ OK
[76/1425] Harold Melvin & The Blue Notes — I Miss You
  📄 /mnt/MyBook/itunes/Music/Harold_Melvin_&_The_Blue_Notes/I_Miss_You/1-I_Miss_You.opus
  🎵 songrec-rename -i …
  [sim] songrec-rename -i '/mnt/MyBook/itunes/Music/Harold_Melvin_&_The_Blue_Notes/I_Miss_You/1-I_Miss_You.opus'
  📚 beet import -q …
  [sim] beet import -q '/mnt/MyBook/itunes/Music/Harold_Melvin_&_The_Blue_Notes/I_Miss_You/1-I_Miss_You.opus'
  [sim] API Plex PUT /:/rate?key=1249879&rating=0
  ✅ OK
[77/1425] Harold Melvin & The Blue Notes — Ebony Woman (feat. Teddy Pendergrass)
  📄 /mnt/MyBook/itunes/Music/Harold_Melvin_&_The_Blue_Notes/I_Miss_You/Harold Melvin & The Blue Notes - Ebony Woman (feat. Teddy Pendergrass).opus
  🎵 songrec-rename -i …
  [sim] songrec-rename -i '/mnt/MyBook/itunes/Music/Harold_Melvin_&_The_Blue_Notes/I_Miss_You/Harold Melvin & The Blue Notes - Ebony Woman (feat. Teddy Pendergrass).opus'
  📚 beet import -q …
  [sim] beet import -q '/mnt/MyBook/itunes/Music/Harold_Melvin_&_The_Blue_Notes/I_Miss_You/Harold Melvin & The Blue Notes - Ebony Woman (feat. Teddy Pendergrass).opus'
  [sim] API Plex PUT /:/rate?key=2365040&rating=0
  ✅ OK
[78/1425] Harold Melvin & The Blue Notes — Yesterday I Had The Blues
  📄 /mnt/MyBook/itunes/Music/Harold_Melvin_&_The_Blue_Notes/I_Miss_You/3-Yesterday_I_Had_The_Blues.opus
  🎵 songrec-rename -i …
  [sim] songrec-rename -i '/mnt/MyBook/itunes/Music/Harold_Melvin_&_The_Blue_Notes/I_Miss_You/3-Yesterday_I_Had_The_Blues.opus'
  📚 beet import -q …
  [sim] beet import -q '/mnt/MyBook/itunes/Music/Harold_Melvin_&_The_Blue_Notes/I_Miss_You/3-Yesterday_I_Had_The_Blues.opus'
  [sim] API Plex PUT /:/rate?key=1249881&rating=0
  ✅ OK
[79/1425] Harold Melvin & The Blue Notes — If You Don't Know Me By Now
  📄 /mnt/MyBook/itunes/Music/Harold_Melvin_&_The_Blue_Notes/I_Miss_You/Harold Melvin & The Blue Notes - If You Don't Know Me By Now.opus
  🎵 songrec-rename -i …
  [sim] songrec-rename -i '/mnt/MyBook/itunes/Music/Harold_Melvin_&_The_Blue_Notes/I_Miss_You/Harold Melvin & The Blue Notes - If You Don't Know Me By Now.opus'
  📚 beet import -q …
  [sim] beet import -q '/mnt/MyBook/itunes/Music/Harold_Melvin_&_The_Blue_Notes/I_Miss_You/Harold Melvin & The Blue Notes - If You Don't Know Me By Now.opus'
  [sim] API Plex PUT /:/rate?key=2365041&rating=0
  ✅ OK
[80/1425] Harold Melvin & The Blue Notes — Be For Real
  📄 /mnt/MyBook/itunes/Music/Harold_Melvin_&_The_Blue_Notes/I_Miss_You/5-Be_For_Real.opus
  🎵 songrec-rename -i …
  [sim] songrec-rename -i '/mnt/MyBook/itunes/Music/Harold_Melvin_&_The_Blue_Notes/I_Miss_You/5-Be_For_Real.opus'
  📚 beet import -q …
  [sim] beet import -q '/mnt/MyBook/itunes/Music/Harold_Melvin_&_The_Blue_Notes/I_Miss_You/5-Be_For_Real.opus'
  [sim] API Plex PUT /:/rate?key=1249883&rating=0
  ✅ OK
[81/1425] Harold Melvin & The Blue Notes — Let Me Into Your World (feat. Teddy Pendergrass)
  📄 /mnt/MyBook/itunes/Music/Harold_Melvin_&_The_Blue_Notes/I_Miss_You/Harold Melvin & The Blue Notes - Let Me Into Your World (feat. Teddy Pendergrass).opus
  🎵 songrec-rename -i …
  [sim] songrec-rename -i '/mnt/MyBook/itunes/Music/Harold_Melvin_&_The_Blue_Notes/I_Miss_You/Harold Melvin & The Blue Notes - Let Me Into Your World (feat. Teddy Pendergrass).opus'
  📚 beet import -q …
  [sim] beet import -q '/mnt/MyBook/itunes/Music/Harold_Melvin_&_The_Blue_Notes/I_Miss_You/Harold Melvin & The Blue Notes - Let Me Into Your World (feat. Teddy Pendergrass).opus'
  [sim] API Plex PUT /:/rate?key=2365043&rating=0
  ✅ OK
[82/1425] Harold Melvin & The Blue Notes — Let It Be You (feat. Teddy Pendergrass)
  📄 /mnt/MyBook/itunes/Music/Harold_Melvin_&_The_Blue_Notes/I_Miss_You/Harold Melvin & The Blue Notes - Let It Be You (feat. Teddy Pendergrass).opus
  🎵 songrec-rename -i …
  [sim] songrec-rename -i '/mnt/MyBook/itunes/Music/Harold_Melvin_&_The_Blue_Notes/I_Miss_You/Harold Melvin & The Blue Notes - Let It Be You (feat. Teddy Pendergrass).opus'
  📚 beet import -q …
  [sim] beet import -q '/mnt/MyBook/itunes/Music/Harold_Melvin_&_The_Blue_Notes/I_Miss_You/Harold Melvin & The Blue Notes - Let It Be You (feat. Teddy Pendergrass).opus'
  [sim] API Plex PUT /:/rate?key=2365042&rating=0
  ✅ OK
[83/1425] i_o — Castles in the Sky
  📄 /mnt/ssd/Musiques/i_o/Castles in the Sky/01 Castles in the Sky.m4a
  🎵 songrec-rename -i …
  [sim] songrec-rename -i '/mnt/ssd/Musiques/i_o/Castles in the Sky/01 Castles in the Sky.m4a'
  📚 beet import -q …
  [sim] beet import -q '/mnt/ssd/Musiques/i_o/Castles in the Sky/01 Castles in the Sky.m4a'
  [sim] API Plex PUT /:/rate?key=2535288&rating=0
  ✅ OK
[84/1425] i_o — Castles in the Sky
  📄 /mnt/ssd/Musiques/2836-A62E/i_o/Castles in the Sky/01 Castles in the Sky.m4a
  🎵 songrec-rename -i …
  [sim] songrec-rename -i '/mnt/ssd/Musiques/2836-A62E/i_o/Castles in the Sky/01 Castles in the Sky.m4a'
  📚 beet import -q …
  [sim] beet import -q '/mnt/ssd/Musiques/2836-A62E/i_o/Castles in the Sky/01 Castles in the Sky.m4a'
  [sim] API Plex PUT /:/rate?key=2590621&rating=0
  ✅ OK
[85/1425] i_o — Castles In The Sky
  📄 /mnt/ssd/Musiques/2836-A62E/i_o/Castles In The Sky (Single)/01 Castles In The Sky.m4a
  🎵 songrec-rename -i …
  [sim] songrec-rename -i '/mnt/ssd/Musiques/2836-A62E/i_o/Castles In The Sky (Single)/01 Castles In The Sky.m4a'
  📚 beet import -q …
  [sim] beet import -q '/mnt/ssd/Musiques/2836-A62E/i_o/Castles In The Sky (Single)/01 Castles In The Sky.m4a'
  [sim] API Plex PUT /:/rate?key=2590619&rating=0
  ✅ OK
[86/1425] i_o — Castles In The Sky
  📄 /mnt/ssd/Musiques/i_o/Unknown Album/Castles In The Sky.m4a
  🎵 songrec-rename -i …
  [sim] songrec-rename -i '/mnt/ssd/Musiques/i_o/Unknown Album/Castles In The Sky.m4a'
  📚 beet import -q …
  [sim] beet import -q '/mnt/ssd/Musiques/i_o/Unknown Album/Castles In The Sky.m4a'
  [sim] API Plex PUT /:/rate?key=2535284&rating=0
  ✅ OK
[87/1425] i_o — Castles In The Sky
  📄 /mnt/ssd/Musiques/i_o/Castles In The Sky (Single)/01 Castles In The Sky.m4a
  🎵 songrec-rename -i …
  [sim] songrec-rename -i '/mnt/ssd/Musiques/i_o/Castles In The Sky (Single)/01 Castles In The Sky.m4a'
  📚 beet import -q …
  [sim] beet import -q '/mnt/ssd/Musiques/i_o/Castles In The Sky (Single)/01 Castles In The Sky.m4a'
  [sim] API Plex PUT /:/rate?key=2535286&rating=0
  ✅ OK
[88/1425] i_o — Castles In The Sky
  📄 /mnt/ssd/Musiques/2836-A62E/i_o/Unknown Album/Castles In The Sky.m4a
  🎵 songrec-rename -i …
  [sim] songrec-rename -i '/mnt/ssd/Musiques/2836-A62E/i_o/Unknown Album/Castles In The Sky.m4a'
  📚 beet import -q …
  [sim] beet import -q '/mnt/ssd/Musiques/2836-A62E/i_o/Unknown Album/Castles In The Sky.m4a'
  [sim] API Plex PUT /:/rate?key=2590617&rating=0
  ✅ OK
[89/1425] OrelSan — 
  📄 /mnt/ssd/Musiques/OrelSan/La fête est finie/03 Basique.mp3
  🎵 songrec-rename -i …
  [sim] songrec-rename -i '/mnt/ssd/Musiques/OrelSan/La fête est finie/03 Basique.mp3'
  📚 beet import -q …
  [sim] beet import -q '/mnt/ssd/Musiques/OrelSan/La fête est finie/03 Basique.mp3'
  [sim] API Plex PUT /:/rate?key=2446851&rating=0
  ✅ OK
[90/1425] OrelSan — TOUT VA BIEN
  📄 /mnt/MyBook/Music/Orelsan/La_fête_est_finie/17-Tout_va_bien.mp3
  🎵 songrec-rename -i …
  [sim] songrec-rename -i '/mnt/MyBook/Music/Orelsan/La_fête_est_finie/17-Tout_va_bien.mp3'
  📚 beet import -q …
  [sim] beet import -q '/mnt/MyBook/Music/Orelsan/La_fête_est_finie/17-Tout_va_bien.mp3'
  [sim] API Plex PUT /:/rate?key=2513086&rating=0
  ✅ OK
[91/1425] OrelSan — La pluie (feat. Stromae)
  📄 /mnt/MyBook/itunes/Music/Automne Doré (500 titres)/Orelsan - La pluie (feat. Stromae).mp3
  🎵 songrec-rename -i …
  [sim] songrec-rename -i '/mnt/MyBook/itunes/Music/Automne Doré (500 titres)/Orelsan - La pluie (feat. Stromae).mp3'
  📚 beet import -q …
  [sim] beet import -q '/mnt/MyBook/itunes/Music/Automne Doré (500 titres)/Orelsan - La pluie (feat. Stromae).mp3'
  [sim] API Plex PUT /:/rate?key=2368557&rating=0
  ✅ OK
[92/1425] OrelSan — Basique
  📄 /mnt/ssd/Musiques/2836-A62E/OrelSan/La fête est finie/03 Basique.mp3
  🎵 songrec-rename -i …
  [sim] songrec-rename -i '/mnt/ssd/Musiques/2836-A62E/OrelSan/La fête est finie/03 Basique.mp3'
  📚 beet import -q …
  [sim] beet import -q '/mnt/ssd/Musiques/2836-A62E/OrelSan/La fête est finie/03 Basique.mp3'
  [sim] API Plex PUT /:/rate?key=2577026&rating=0
  ✅ OK
[93/1425] BBC Languages — Track 38
  📄 /mnt/MyBook/itunes/Music/Singles/[language instruction]/Track 38 (2003).mp3
  🎵 songrec-rename -i …
  [sim] songrec-rename -i '/mnt/MyBook/itunes/Music/Singles/[language instruction]/Track 38 (2003).mp3'
  📚 beet import -q …
  [sim] beet import -q '/mnt/MyBook/itunes/Music/Singles/[language instruction]/Track 38 (2003).mp3'
  [sim] API Plex PUT /:/rate?key=2134043&rating=0
  ✅ OK
[94/1425] 0 — J'ai peur
  📄 /mnt/MyBook/itunes/Music/0/Une présence/00-01 J'ai peur.m4a
  🎵 songrec-rename -i …
  [sim] songrec-rename -i '/mnt/MyBook/itunes/Music/0/Une présence/00-01 J'ai peur.m4a'
  📚 beet import -q …
  [sim] beet import -q '/mnt/MyBook/itunes/Music/0/Une présence/00-01 J'ai peur.m4a'
  [sim] API Plex PUT /:/rate?key=2523555&rating=0
  ✅ OK
[95/1425] Christophe Maé — ca marche
  📄 /mnt/MyBook/Music/christophe maé/Le Roi Soleil (2005)/02 - Christophe Maé - Le Roi Soleil - ca marche.m4a
  🎵 songrec-rename -i …
  [sim] songrec-rename -i '/mnt/MyBook/Music/christophe maé/Le Roi Soleil (2005)/02 - Christophe Maé - Le Roi Soleil - ca marche.m4a'
  📚 beet import -q …
  [sim] beet import -q '/mnt/MyBook/Music/christophe maé/Le Roi Soleil (2005)/02 - Christophe Maé - Le Roi Soleil - ca marche.m4a'
  [sim] API Plex PUT /:/rate?key=2626386&rating=0
  ✅ OK
[96/1425] Christophe Maé — Marcel
  📄 /mnt/MyBook/Music/christophe maé/L'attrape-Reves (2016)/06 - Christophe Maé - L'attrape-Reves - Marcel.m4a
  🎵 songrec-rename -i …
  [sim] songrec-rename -i '/mnt/MyBook/Music/christophe maé/L'attrape-Reves (2016)/06 - Christophe Maé - L'attrape-Reves - Marcel.m4a'
  📚 beet import -q …
  [sim] beet import -q '/mnt/MyBook/Music/christophe maé/L'attrape-Reves (2016)/06 - Christophe Maé - L'attrape-Reves - Marcel.m4a'
  [sim] API Plex PUT /:/rate?key=2626350&rating=0
  ✅ OK
[97/1425] Christophe Maé — Les Sirènes
  📄 /mnt/MyBook/Music/christophe maé/La vie d'artiste (2019)/07 - Christophe Maé - La Vie d'artiste - Les Sirènes.m4a
  🎵 songrec-rename -i …
  [sim] songrec-rename -i '/mnt/MyBook/Music/christophe maé/La vie d'artiste (2019)/07 - Christophe Maé - La Vie d'artiste - Les Sirènes.m4a'
  📚 beet import -q …
  [sim] beet import -q '/mnt/MyBook/Music/christophe maé/La vie d'artiste (2019)/07 - Christophe Maé - La Vie d'artiste - Les Sirènes.m4a'
  [sim] API Plex PUT /:/rate?key=2626337&rating=0
  ✅ OK
[98/1425] Christophe Maé — Product in Your Hair Boys
  📄 /mnt/MyBook/Music/christophe maé/L'attrape-Reves (2016)/08 - Christophe Maé - L'attrape-Reves - Product in Your Hair Boys.m4a
  🎵 songrec-rename -i …
  [sim] songrec-rename -i '/mnt/MyBook/Music/christophe maé/L'attrape-Reves (2016)/08 - Christophe Maé - L'attrape-Reves - Product in Your Hair Boys.m4a'
  📚 beet import -q …
  [sim] beet import -q '/mnt/MyBook/Music/christophe maé/L'attrape-Reves (2016)/08 - Christophe Maé - L'attrape-Reves - Product in Your Hair Boys.m4a'
  [sim] API Plex PUT /:/rate?key=2626351&rating=0
  ✅ OK
[99/1425] Christophe Maé — 돌아오는 길
  📄 /mnt/MyBook/itunes/Music/Singles/Seo In-guk/돌아오는 길 (2002).m4a
  🎵 songrec-rename -i …
  [sim] songrec-rename -i '/mnt/MyBook/itunes/Music/Singles/Seo In-guk/돌아오는 길 (2002).m4a'
  📚 beet import -q …
  [sim] beet import -q '/mnt/MyBook/itunes/Music/Singles/Seo In-guk/돌아오는 길 (2002).m4a'
  [sim] API Plex PUT /:/rate?key=2138903&rating=0
  ✅ OK
[100/1425] Christophe Maé — 50 ans déjà
  📄 /mnt/MyBook/itunes/Music/Singles/Christophe Maé/50 ans déjà (2002).m4a
  🎵 songrec-rename -i …
  [sim] songrec-rename -i '/mnt/MyBook/itunes/Music/Singles/Christophe Maé/50 ans déjà (2002).m4a'
  📚 beet import -q …
  [sim] beet import -q '/mnt/MyBook/itunes/Music/Singles/Christophe Maé/50 ans déjà (2002).m4a'
  [sim] API Plex PUT /:/rate?key=2138842&rating=0
  ✅ OK
[101/1425] Christophe Maé — Seul
  📄 /mnt/MyBook/itunes/Music/Singles/Christophe Maé/Seul (2002).m4a
  🎵 songrec-rename -i …
  [sim] songrec-rename -i '/mnt/MyBook/itunes/Music/Singles/Christophe Maé/Seul (2002).m4a'
  📚 beet import -q …
  [sim] beet import -q '/mnt/MyBook/itunes/Music/Singles/Christophe Maé/Seul (2002).m4a'
  [sim] API Plex PUT /:/rate?key=2138844&rating=0
  ✅ OK
[102/1425] Christophe Maé — Je voudrais que ça continue
  📄 /mnt/MyBook/itunes/Music/Singles/Christophe Maé/Je voudrais que ça continue (2002).m4a
  🎵 songrec-rename -i …
  [sim] songrec-rename -i '/mnt/MyBook/itunes/Music/Singles/Christophe Maé/Je voudrais que ça continue (2002).m4a'
  📚 beet import -q …
  [sim] beet import -q '/mnt/MyBook/itunes/Music/Singles/Christophe Maé/Je voudrais que ça continue (2002).m4a'
  [sim] API Plex PUT /:/rate?key=2138843&rating=0
  ✅ OK
[103/1425] Christophe Maé — Ballerine
  📄 /mnt/ssd/Musiques/Christophe Mae/L'attrape-reves/10 Ballerine.m4a
  🎵 songrec-rename -i …
  [sim] songrec-rename -i '/mnt/ssd/Musiques/Christophe Mae/L'attrape-reves/10 Ballerine.m4a'
  📚 beet import -q …
  [sim] beet import -q '/mnt/ssd/Musiques/Christophe Mae/L'attrape-reves/10 Ballerine.m4a'
  [sim] API Plex PUT /:/rate?key=2552960&rating=0
  ✅ OK
[104/1425] Christophe Maé — Ballerine
  📄 /mnt/ssd/Musiques/2836-A62E/Christophe Mae/L'attrape-reves/10 Ballerine.m4a
  🎵 songrec-rename -i …
  [sim] songrec-rename -i '/mnt/ssd/Musiques/2836-A62E/Christophe Mae/L'attrape-reves/10 Ballerine.m4a'
  📚 beet import -q …
  [sim] beet import -q '/mnt/ssd/Musiques/2836-A62E/Christophe Mae/L'attrape-reves/10 Ballerine.m4a'
  [sim] API Plex PUT /:/rate?key=2606147&rating=0
  ✅ OK
[105/1425] Christophe Maé — La Vallee Des Larmes (Acoustic Version)
  📄 /mnt/MyBook/itunes/Music/Christophe Mae/L'attrape-Reves (2016)/12 - La Vallee Des Larmes (Acoustic Version).mp3
  🎵 songrec-rename -i …
  [sim] songrec-rename -i '/mnt/MyBook/itunes/Music/Christophe Mae/L'attrape-Reves (2016)/12 - La Vallee Des Larmes (Acoustic Version).mp3'
  📚 beet import -q …
  [sim] beet import -q '/mnt/MyBook/itunes/Music/Christophe Mae/L'attrape-Reves (2016)/12 - La Vallee Des Larmes (Acoustic Version).mp3'
  [sim] API Plex PUT /:/rate?key=1842308&rating=0
  ✅ OK
[106/1425] Christophe Maé — Californie (Acoustic Version)
  📄 /mnt/MyBook/itunes/Music/Acoustique (500 titres)/174 - Christophe Maé - Californie (Acoustic Version).mp3
  🎵 songrec-rename -i …
  [sim] songrec-rename -i '/mnt/MyBook/itunes/Music/Acoustique (500 titres)/174 - Christophe Maé - Californie (Acoustic Version).mp3'
  📚 beet import -q …
  [sim] beet import -q '/mnt/MyBook/itunes/Music/Acoustique (500 titres)/174 - Christophe Maé - Californie (Acoustic Version).mp3'
  [sim] API Plex PUT /:/rate?key=2516611&rating=0
  ✅ OK
[107/1425] Christophe Maé — Californie (Acoustic Version)
  📄 /mnt/MyBook/itunes/Music/Acoustique (500 titres)/175 - Christophe Maé - Californie (Acoustic Version).mp3
  🎵 songrec-rename -i …
  [sim] songrec-rename -i '/mnt/MyBook/itunes/Music/Acoustique (500 titres)/175 - Christophe Maé - Californie (Acoustic Version).mp3'
  📚 beet import -q …
  [sim] beet import -q '/mnt/MyBook/itunes/Music/Acoustique (500 titres)/175 - Christophe Maé - Californie (Acoustic Version).mp3'
  [sim] API Plex PUT /:/rate?key=2516612&rating=0
  ✅ OK
[108/1425] Christophe Maé — Californie
  📄 /mnt/MyBook/Music/christophe maé/L'attrape-Reves (2016)/03 - Christophe Maé - L'attrape-Reves - Californie_1.m4a
  🎵 songrec-rename -i …
  [sim] songrec-rename -i '/mnt/MyBook/Music/christophe maé/L'attrape-Reves (2016)/03 - Christophe Maé - L'attrape-Reves - Californie_1.m4a'
  📚 beet import -q …
  [sim] beet import -q '/mnt/MyBook/Music/christophe maé/L'attrape-Reves (2016)/03 - Christophe Maé - L'attrape-Reves - Californie_1.m4a'
  [sim] API Plex PUT /:/rate?key=2626344&rating=0
  ✅ OK
[109/1425] Christophe Maé — Marcel
  📄 /mnt/MyBook/Music/christophe maé/L'attrape-Reves (2016)/06 - Christophe Maé - L'attrape-Reves - Marcel_1.m4a
  🎵 songrec-rename -i …
  [sim] songrec-rename -i '/mnt/MyBook/Music/christophe maé/L'attrape-Reves (2016)/06 - Christophe Maé - L'attrape-Reves - Marcel_1.m4a'
  📚 beet import -q …
  [sim] beet import -q '/mnt/MyBook/Music/christophe maé/L'attrape-Reves (2016)/06 - Christophe Maé - L'attrape-Reves - Marcel_1.m4a'
  [sim] API Plex PUT /:/rate?key=2626345&rating=0
  ✅ OK
[110/1425] Christophe Maé — 40 Ans Demain
  📄 /mnt/ssd/Musiques/2836-A62E/Christophe Mae/L'attrape-Rêves/09 40 Ans Demain.m4a
  🎵 songrec-rename -i …
  [sim] songrec-rename -i '/mnt/ssd/Musiques/2836-A62E/Christophe Mae/L'attrape-Rêves/09 40 Ans Demain.m4a'
  📚 beet import -q …
  [sim] beet import -q '/mnt/ssd/Musiques/2836-A62E/Christophe Mae/L'attrape-Rêves/09 40 Ans Demain.m4a'
  [sim] API Plex PUT /:/rate?key=2606149&rating=0
  ✅ OK
[111/1425] Christophe Maé — Ballerine
  📄 /mnt/MyBook/Music/christophe maé/L'attrape-Reves (2016)/10 - Christophe Maé - L'attrape-Reves - Ballerine.m4a
  🎵 songrec-rename -i …
  [sim] songrec-rename -i '/mnt/MyBook/Music/christophe maé/L'attrape-Reves (2016)/10 - Christophe Maé - L'attrape-Reves - Ballerine.m4a'
  📚 beet import -q …
  [sim] beet import -q '/mnt/MyBook/Music/christophe maé/L'attrape-Reves (2016)/10 - Christophe Maé - L'attrape-Reves - Ballerine.m4a'
  [sim] API Plex PUT /:/rate?key=2626346&rating=0
  ✅ OK
[112/1425] Christophe Maé — L'attrape-Rêves (Acoustic Version)
  📄 /mnt/MyBook/Music/christophe maé/L'attrape-Reves (2016)/11 - Christophe Maé - L'attrape-Reves - L'attrape-Rêves (Acoustic Version).m4a
  🎵 songrec-rename -i …
  [sim] songrec-rename -i '/mnt/MyBook/Music/christophe maé/L'attrape-Reves (2016)/11 - Christophe Maé - L'attrape-Reves - L'attrape-Rêves (Acoustic Version).m4a'
  📚 beet import -q …
  [sim] beet import -q '/mnt/MyBook/Music/christophe maé/L'attrape-Reves (2016)/11 - Christophe Maé - L'attrape-Reves - L'attrape-Rêves (Acoustic Version).m4a'
  [sim] API Plex PUT /:/rate?key=2626347&rating=0
  ✅ OK
[113/1425] Christophe Maé — La Vallee Des Larmes (Acoustic Version)
  📄 /mnt/MyBook/Music/christophe maé/L'attrape-Reves (2016)/12 - Christophe Maé - L'attrape-Reves - La Vallee Des Larmes (Acoustic Version)_1.m4a
  🎵 songrec-rename -i …
  [sim] songrec-rename -i '/mnt/MyBook/Music/christophe maé/L'attrape-Reves (2016)/12 - Christophe Maé - L'attrape-Reves - La Vallee Des Larmes (Acoustic Version)_1.m4a'
  📚 beet import -q …
  [sim] beet import -q '/mnt/MyBook/Music/christophe maé/L'attrape-Reves (2016)/12 - Christophe Maé - L'attrape-Reves - La Vallee Des Larmes (Acoustic Version)_1.m4a'
  [sim] API Plex PUT /:/rate?key=2626348&rating=0
  ✅ OK
[114/1425] Christophe Maé — La Parisienne
  📄 /mnt/ssd/Musiques/Christophe Mae/L'Attrape-reves (Edition Collector)/02 La Parisienne.m4a
  🎵 songrec-rename -i …
  [sim] songrec-rename -i '/mnt/ssd/Musiques/Christophe Mae/L'Attrape-reves (Edition Collector)/02 La Parisienne.m4a'
  📚 beet import -q …
  [sim] beet import -q '/mnt/ssd/Musiques/Christophe Mae/L'Attrape-reves (Edition Collector)/02 La Parisienne.m4a'
  [sim] API Plex PUT /:/rate?key=2552958&rating=0
  ✅ OK
[115/1425] Christophe Maé — Pourquoi c’est beau
  📄 /mnt/MyBook/itunes/Music/Singles/Christophe Maé/Pourquoi c’est beau (2010).mp3
  🎵 songrec-rename -i …
  [sim] songrec-rename -i '/mnt/MyBook/itunes/Music/Singles/Christophe Maé/Pourquoi c’est beau (2010).mp3'
  📚 beet import -q …
  [sim] beet import -q '/mnt/MyBook/itunes/Music/Singles/Christophe Maé/Pourquoi c’est beau (2010).mp3'
  [sim] API Plex PUT /:/rate?key=1870609&rating=0
  ✅ OK
[116/1425] Christophe Maé — Les Sirènes
  📄 /mnt/MyBook/itunes/Music/Singles/Christophe Maé/Les Sirènes (2019).mp3
  🎵 songrec-rename -i …
  [sim] songrec-rename -i '/mnt/MyBook/itunes/Music/Singles/Christophe Maé/Les Sirènes (2019).mp3'
  📚 beet import -q …
  [sim] beet import -q '/mnt/MyBook/itunes/Music/Singles/Christophe Maé/Les Sirènes (2019).mp3'
  [sim] API Plex PUT /:/rate?key=1870608&rating=0
  ✅ OK
[117/1425] Christophe Maé — Je me lâche
  📄 /mnt/MyBook/itunes/Music/Singles/Christophe Maé/Je me lâche (2010).mp3
  🎵 songrec-rename -i …
  [sim] songrec-rename -i '/mnt/MyBook/itunes/Music/Singles/Christophe Maé/Je me lâche (2010).mp3'
  📚 beet import -q …
  [sim] beet import -q '/mnt/MyBook/itunes/Music/Singles/Christophe Maé/Je me lâche (2010).mp3'
  [sim] API Plex PUT /:/rate?key=1870607&rating=0
  ✅ OK
[118/1425] Christophe Maé — C'est drôle la vie
  📄 /mnt/MyBook/Music/christophe maé/C'est drôle la vie (2022)/06 - Christophe Maé - C'est drôle la vie - C'est drôle la vie.m4a
  🎵 songrec-rename -i …
  [sim] songrec-rename -i '/mnt/MyBook/Music/christophe maé/C'est drôle la vie (2022)/06 - Christophe Maé - C'est drôle la vie - C'est drôle la vie.m4a'
  📚 beet import -q …
  [sim] beet import -q '/mnt/MyBook/Music/christophe maé/C'est drôle la vie (2022)/06 - Christophe Maé - C'est drôle la vie - C'est drôle la vie.m4a'
  [sim] API Plex PUT /:/rate?key=2626378&rating=0
  ✅ OK
[119/1425] Christophe Maé — Ma femme me saoule
  📄 /mnt/MyBook/Music/christophe maé/C'est drôle la vie (2022)/07 - Christophe Maé - C'est drôle la vie - Ma femme me saoule.m4a
  🎵 songrec-rename -i …
  [sim] songrec-rename -i '/mnt/MyBook/Music/christophe maé/C'est drôle la vie (2022)/07 - Christophe Maé - C'est drôle la vie - Ma femme me saoule.m4a'
  📚 beet import -q …
  [sim] beet import -q '/mnt/MyBook/Music/christophe maé/C'est drôle la vie (2022)/07 - Christophe Maé - C'est drôle la vie - Ma femme me saoule.m4a'
  [sim] API Plex PUT /:/rate?key=2626379&rating=0
  ✅ OK
[120/1425] Christophe Maé — Pays des merveilles
  📄 /mnt/MyBook/Music/christophe maé/C'est drôle la vie (2023)/12 - Christophe Maé - C'est drôle la vie - Pays des merveilles.mp3
  🎵 songrec-rename -i …
  [sim] songrec-rename -i '/mnt/MyBook/Music/christophe maé/C'est drôle la vie (2023)/12 - Christophe Maé - C'est drôle la vie - Pays des merveilles.mp3'
  📚 beet import -q …
  [sim] beet import -q '/mnt/MyBook/Music/christophe maé/C'est drôle la vie (2023)/12 - Christophe Maé - C'est drôle la vie - Pays des merveilles.mp3'
  [sim] API Plex PUT /:/rate?key=2626383&rating=0
  ✅ OK
[121/1425] Christophe Maé — PAYS DES MERVEILLES
  📄 /mnt/MyBook/itunes/Music/Christophe Maé & Ceuzany/C'est Drôle la Vie (2023)/01 - PAYS DES MERVEILLES.mp3
  🎵 songrec-rename -i …
  [sim] songrec-rename -i '/mnt/MyBook/itunes/Music/Christophe Maé & Ceuzany/C'est Drôle la Vie (2023)/01 - PAYS DES MERVEILLES.mp3'
  📚 beet import -q …
  [sim] beet import -q '/mnt/MyBook/itunes/Music/Christophe Maé & Ceuzany/C'est Drôle la Vie (2023)/01 - PAYS DES MERVEILLES.mp3'
  [sim] API Plex PUT /:/rate?key=2194145&rating=0
  ✅ OK
[122/1425] Christophe Maé — Pays des merveilles (version acoustique)
  📄 /mnt/MyBook/itunes/Music/Acoustique (500 titres)/366 - Christophe Maé - Pays des merveilles (version acoustique).mp3
  🎵 songrec-rename -i …
  [sim] songrec-rename -i '/mnt/MyBook/itunes/Music/Acoustique (500 titres)/366 - Christophe Maé - Pays des merveilles (version acoustique).mp3'
  📚 beet import -q …
  [sim] beet import -q '/mnt/MyBook/itunes/Music/Acoustique (500 titres)/366 - Christophe Maé - Pays des merveilles (version acoustique).mp3'
  [sim] API Plex PUT /:/rate?key=2105413&rating=0
  ✅ OK
[123/1425] Christophe Maé — Moi j'ai pas le sou
  📄 /mnt/MyBook/Music/christophe maé/Comme à la maison (Live) (2008)/CD 02/01 - Christophe Maé - Comme à la maison (Live) - Moi j'ai pas le sou.m4a
  🎵 songrec-rename -i …
  [sim] songrec-rename -i '/mnt/MyBook/Music/christophe maé/Comme à la maison (Live) (2008)/CD 02/01 - Christophe Maé - Comme à la maison (Live) - Moi j'ai pas le sou.m4a'
  📚 beet import -q …
  [sim] beet import -q '/mnt/MyBook/Music/christophe maé/Comme à la maison (Live) (2008)/CD 02/01 - Christophe Maé - Comme à la maison (Live) - Moi j'ai pas le sou.m4a'
  [sim] API Plex PUT /:/rate?key=2626365&rating=0
  ✅ OK
[124/1425] Christophe Maé — Sa Danse Donne
  📄 /mnt/MyBook/itunes/Music/Christophe Mae/Comme À La Maison (2008)/02-02 - Sa Danse Donne.mp3
  🎵 songrec-rename -i …
  [sim] songrec-rename -i '/mnt/MyBook/itunes/Music/Christophe Mae/Comme À La Maison (2008)/02-02 - Sa Danse Donne.mp3'
  📚 beet import -q …
  [sim] beet import -q '/mnt/MyBook/itunes/Music/Christophe Mae/Comme À La Maison (2008)/02-02 - Sa Danse Donne.mp3'
  [sim] API Plex PUT /:/rate?key=1842326&rating=0
  ✅ OK
[125/1425] Christophe Maé — On S'attache
  📄 /mnt/MyBook/itunes/Music/Christophe Maé/Comme à la maison (2008)/04 - On S'attache.mp3
  🎵 songrec-rename -i …
  [sim] songrec-rename -i '/mnt/MyBook/itunes/Music/Christophe Maé/Comme à la maison (2008)/04 - On S'attache.mp3'
  📚 beet import -q …
  [sim] beet import -q '/mnt/MyBook/itunes/Music/Christophe Maé/Comme à la maison (2008)/04 - On S'attache.mp3'
  [sim] API Plex PUT /:/rate?key=2257671&rating=0
  ✅ OK
[126/1425] Christophe Maé — Belle demoiselle
  📄 /mnt/ssd/Musiques/Christophe Mae/Comme a la maison/06 Belle demoiselle.mp3
  🎵 songrec-rename -i …
  [sim] songrec-rename -i '/mnt/ssd/Musiques/Christophe Mae/Comme a la maison/06 Belle demoiselle.mp3'
  📚 beet import -q …
  [sim] beet import -q '/mnt/ssd/Musiques/Christophe Mae/Comme a la maison/06 Belle demoiselle.mp3'
  [sim] API Plex PUT /:/rate?key=2552953&rating=0
  ✅ OK
[127/1425] Christophe Maé — Belle demoiselle
  📄 /mnt/ssd/Musiques/2836-A62E/Christophe Mae/Comme a la maison/06 Belle demoiselle.mp3
  🎵 songrec-rename -i …
  [sim] songrec-rename -i '/mnt/ssd/Musiques/2836-A62E/Christophe Mae/Comme a la maison/06 Belle demoiselle.mp3'
  📚 beet import -q …
  [sim] beet import -q '/mnt/ssd/Musiques/2836-A62E/Christophe Mae/Comme a la maison/06 Belle demoiselle.mp3'
  [sim] API Plex PUT /:/rate?key=2606142&rating=0
  ✅ OK
[128/1425] Christophe Maé — Belle demoiselle
  📄 /mnt/MyBook/Music/christophe maé/Comme à la maison (Live) (2008)/CD 01/06 - Christophe Maé - Comme à la maison (Live) - Belle demoiselle.m4a
  🎵 songrec-rename -i …
  [sim] songrec-rename -i '/mnt/MyBook/Music/christophe maé/Comme à la maison (Live) (2008)/CD 01/06 - Christophe Maé - Comme à la maison (Live) - Belle demoiselle.m4a'
  📚 beet import -q …
  [sim] beet import -q '/mnt/MyBook/Music/christophe maé/Comme à la maison (Live) (2008)/CD 01/06 - Christophe Maé - Comme à la maison (Live) - Belle demoiselle.m4a'
  [sim] API Plex PUT /:/rate?key=2626364&rating=0
  ✅ OK
[129/1425] Christophe Maé — Maman
  📄 /mnt/MyBook/itunes/Music/Christophe Mae/Comme a la maison (2008)/07 - Maman.mp3
  🎵 songrec-rename -i …
  [sim] songrec-rename -i '/mnt/MyBook/itunes/Music/Christophe Mae/Comme a la maison (2008)/07 - Maman.mp3'
  📚 beet import -q …
  [sim] beet import -q '/mnt/MyBook/itunes/Music/Christophe Mae/Comme a la maison (2008)/07 - Maman.mp3'
  [sim] API Plex PUT /:/rate?key=1842322&rating=0
  ✅ OK
[130/1425] Christophe Maé — Maman
  📄 /mnt/ssd/Musiques/Christophe Mae/Comme a la maison/07 Maman.mp3
  🎵 songrec-rename -i …
  [sim] songrec-rename -i '/mnt/ssd/Musiques/Christophe Mae/Comme a la maison/07 Maman.mp3'
  📚 beet import -q …
  [sim] beet import -q '/mnt/ssd/Musiques/Christophe Mae/Comme a la maison/07 Maman.mp3'
  [sim] API Plex PUT /:/rate?key=2552954&rating=0
  ✅ OK
[131/1425] Christophe Maé — Maman
  📄 /mnt/ssd/Musiques/2836-A62E/Christophe Mae/Comme a la maison/07 Maman.mp3
  🎵 songrec-rename -i …
  [sim] songrec-rename -i '/mnt/ssd/Musiques/2836-A62E/Christophe Mae/Comme a la maison/07 Maman.mp3'
  📚 beet import -q …
  [sim] beet import -q '/mnt/ssd/Musiques/2836-A62E/Christophe Mae/Comme a la maison/07 Maman.mp3'
  [sim] API Plex PUT /:/rate?key=2606143&rating=0
  ✅ OK
[132/1425] Christophe Maé — Moi j'ai pas le sou
  📄 /mnt/MyBook/itunes/Music/Christophe Mae/Comme a la maison (2008)/09 - Moi j'ai pas le sou.mp3
  🎵 songrec-rename -i …
  [sim] songrec-rename -i '/mnt/MyBook/itunes/Music/Christophe Mae/Comme a la maison (2008)/09 - Moi j'ai pas le sou.mp3'
  📚 beet import -q …
  [sim] beet import -q '/mnt/MyBook/itunes/Music/Christophe Mae/Comme a la maison (2008)/09 - Moi j'ai pas le sou.mp3'
  [sim] API Plex PUT /:/rate?key=1842323&rating=0
  ✅ OK
[133/1425] Christophe Maé — Moi j'ai pas le sou
  📄 /mnt/ssd/Musiques/Christophe Mae/Comme a la maison/09 Moi j'ai pas le sou.mp3
  🎵 songrec-rename -i …
  [sim] songrec-rename -i '/mnt/ssd/Musiques/Christophe Mae/Comme a la maison/09 Moi j'ai pas le sou.mp3'
  📚 beet import -q …
  [sim] beet import -q '/mnt/ssd/Musiques/Christophe Mae/Comme a la maison/09 Moi j'ai pas le sou.mp3'
  [sim] API Plex PUT /:/rate?key=2552955&rating=0
  ✅ OK
[134/1425] Christophe Maé — Moi j'ai pas le sou
  📄 /mnt/ssd/Musiques/2836-A62E/Christophe Mae/Comme a la maison/09 Moi j'ai pas le sou.mp3
  🎵 songrec-rename -i …
  [sim] songrec-rename -i '/mnt/ssd/Musiques/2836-A62E/Christophe Mae/Comme a la maison/09 Moi j'ai pas le sou.mp3'
  📚 beet import -q …
  [sim] beet import -q '/mnt/ssd/Musiques/2836-A62E/Christophe Mae/Comme a la maison/09 Moi j'ai pas le sou.mp3'
  [sim] API Plex PUT /:/rate?key=2606144&rating=0
  ✅ OK
[135/1425] Christophe Maé — Mon père spirituel
  📄 /mnt/MyBook/itunes/Music/Singles/Christophe Maé/Mon père spirituel (2008).mp3
  🎵 songrec-rename -i …
  [sim] songrec-rename -i '/mnt/MyBook/itunes/Music/Singles/Christophe Maé/Mon père spirituel (2008).mp3'
  📚 beet import -q …
  [sim] beet import -q '/mnt/MyBook/itunes/Music/Singles/Christophe Maé/Mon père spirituel (2008).mp3'
  [sim] API Plex PUT /:/rate?key=2138847&rating=0
  ✅ OK
[136/1425] Christophe Maé — Mon pere spirituel
  📄 /mnt/ssd/Musiques/Christophe Mae/Comme a la maison/11 Mon pere spirituel.mp3
  🎵 songrec-rename -i …
  [sim] songrec-rename -i '/mnt/ssd/Musiques/Christophe Mae/Comme a la maison/11 Mon pere spirituel.mp3'
  📚 beet import -q …
  [sim] beet import -q '/mnt/ssd/Musiques/Christophe Mae/Comme a la maison/11 Mon pere spirituel.mp3'
  [sim] API Plex PUT /:/rate?key=2552956&rating=0
  ✅ OK
[137/1425] Christophe Maé — Mon pere spirituel
  📄 /mnt/ssd/Musiques/2836-A62E/Christophe Mae/Comme a la maison/11 Mon pere spirituel.mp3
  🎵 songrec-rename -i …
  [sim] songrec-rename -i '/mnt/ssd/Musiques/2836-A62E/Christophe Mae/Comme a la maison/11 Mon pere spirituel.mp3'
  📚 beet import -q …
  [sim] beet import -q '/mnt/ssd/Musiques/2836-A62E/Christophe Mae/Comme a la maison/11 Mon pere spirituel.mp3'
  [sim] API Plex PUT /:/rate?key=2606145&rating=0
  ✅ OK
[138/1425] Christophe Maé — Tribute to Bob Marley
  📄 /mnt/MyBook/itunes/Music/Singles/Christophe Maé/Tribute to Bob Marley (2008).mp3
  🎵 songrec-rename -i …
  [sim] songrec-rename -i '/mnt/MyBook/itunes/Music/Singles/Christophe Maé/Tribute to Bob Marley (2008).mp3'
  📚 beet import -q …
  [sim] beet import -q '/mnt/MyBook/itunes/Music/Singles/Christophe Maé/Tribute to Bob Marley (2008).mp3'
  [sim] API Plex PUT /:/rate?key=2138857&rating=0
  ✅ OK
[139/1425] Christophe Maé — On S'attache
  📄 /mnt/MyBook/Music/christophe maé/Comme À La Maison (2008)/CD 01/04 - Christophe Maé - Comme À La Maison - On S'attache.m4a
  🎵 songrec-rename -i …
  [sim] songrec-rename -i '/mnt/MyBook/Music/christophe maé/Comme À La Maison (2008)/CD 01/04 - Christophe Maé - Comme À La Maison - On S'attache.m4a'
  📚 beet import -q …
  [sim] beet import -q '/mnt/MyBook/Music/christophe maé/Comme À La Maison (2008)/CD 01/04 - Christophe Maé - Comme À La Maison - On S'attache.m4a'
  [sim] API Plex PUT /:/rate?key=2626396&rating=0
  ✅ OK
[140/1425] Christophe Maé — Parce qu’on sait jamais
  📄 /mnt/MyBook/itunes/Music/Singles/Christophe Maé/Parce qu’on sait jamais (2008).opus
  🎵 songrec-rename -i …
  [sim] songrec-rename -i '/mnt/MyBook/itunes/Music/Singles/Christophe Maé/Parce qu’on sait jamais (2008).opus'
  📚 beet import -q …
  [sim] beet import -q '/mnt/MyBook/itunes/Music/Singles/Christophe Maé/Parce qu’on sait jamais (2008).opus'
  [sim] API Plex PUT /:/rate?key=2138856&rating=0
  ✅ OK
[141/1425] Christophe Maé — C’est ma terre
  📄 /mnt/MyBook/itunes/Music/Singles/Christophe Maé/C’est ma terre (2008).mp3
  🎵 songrec-rename -i …
  [sim] songrec-rename -i '/mnt/MyBook/itunes/Music/Singles/Christophe Maé/C’est ma terre (2008).mp3'
  📚 beet import -q …
  [sim] beet import -q '/mnt/MyBook/itunes/Music/Singles/Christophe Maé/C’est ma terre (2008).mp3'
  [sim] API Plex PUT /:/rate?key=2138852&rating=0
  ✅ OK
[142/1425] Christophe Maé — Maman
  📄 /mnt/ssd/Musiques/Christophe Ma/Comme À La Maison/07 Maman.m4a
  🎵 songrec-rename -i …
  [sim] songrec-rename -i '/mnt/ssd/Musiques/Christophe Ma/Comme À La Maison/07 Maman.m4a'
  📚 beet import -q …
  [sim] beet import -q '/mnt/ssd/Musiques/Christophe Ma/Comme À La Maison/07 Maman.m4a'
  [sim] API Plex PUT /:/rate?key=2552968&rating=0
  ✅ OK
[143/1425] Christophe Maé — Maman
  📄 /mnt/ssd/Musiques/2836-A62E/Christophe Ma/Comme À La Maison/07 Maman.m4a
  🎵 songrec-rename -i …
  [sim] songrec-rename -i '/mnt/ssd/Musiques/2836-A62E/Christophe Ma/Comme À La Maison/07 Maman.m4a'
  📚 beet import -q …
  [sim] beet import -q '/mnt/ssd/Musiques/2836-A62E/Christophe Ma/Comme À La Maison/07 Maman.m4a'
  [sim] API Plex PUT /:/rate?key=2606154&rating=0
  ✅ OK
[144/1425] Christophe Maé — Mon p’tit gars
  📄 /mnt/MyBook/itunes/Music/Singles/Christophe Maé/Mon p’tit gars (2008).mp3
  🎵 songrec-rename -i …
  [sim] songrec-rename -i '/mnt/MyBook/itunes/Music/Singles/Christophe Maé/Mon p’tit gars (2008).mp3'
  📚 beet import -q …
  [sim] beet import -q '/mnt/MyBook/itunes/Music/Singles/Christophe Maé/Mon p’tit gars (2008).mp3'
  [sim] API Plex PUT /:/rate?key=2138854&rating=0
  ✅ OK
[145/1425] Christophe Maé — Ça fait mal
  📄 /mnt/MyBook/itunes/Music/Singles/Christophe Maé/Ça fait mal (2008).mp3
  🎵 songrec-rename -i …
  [sim] songrec-rename -i '/mnt/MyBook/itunes/Music/Singles/Christophe Maé/Ça fait mal (2008).mp3'
  📚 beet import -q …
  [sim] beet import -q '/mnt/MyBook/itunes/Music/Singles/Christophe Maé/Ça fait mal (2008).mp3'
  [sim] API Plex PUT /:/rate?key=2138849&rating=0
  ✅ OK
[146/1425] Christophe Maé — Moi J'ai Pas Le Sou
  📄 /mnt/MyBook/Music/christophe maé/Comme À La Maison (2008)/CD 02/01 - Christophe Maé - Comme À La Maison - Moi J'ai Pas Le Sou.m4a
  🎵 songrec-rename -i …
  [sim] songrec-rename -i '/mnt/MyBook/Music/christophe maé/Comme À La Maison (2008)/CD 02/01 - Christophe Maé - Comme À La Maison - Moi J'ai Pas Le Sou.m4a'
  📚 beet import -q …
  [sim] beet import -q '/mnt/MyBook/Music/christophe maé/Comme À La Maison (2008)/CD 02/01 - Christophe Maé - Comme À La Maison - Moi J'ai Pas Le Sou.m4a'
  [sim] API Plex PUT /:/rate?key=2626394&rating=0
  ✅ OK
[147/1425] Christophe Maé — Ma vie est une larme
  📄 /mnt/MyBook/itunes/Music/Singles/Christophe Maé/Ma vie est une larme (2008).mp3
  🎵 songrec-rename -i …
  [sim] songrec-rename -i '/mnt/MyBook/itunes/Music/Singles/Christophe Maé/Ma vie est une larme (2008).mp3'
  📚 beet import -q …
  [sim] beet import -q '/mnt/MyBook/itunes/Music/Singles/Christophe Maé/Ma vie est une larme (2008).mp3'
  [sim] API Plex PUT /:/rate?key=2138851&rating=0
  ✅ OK
[148/1425] Christophe Maé — Amygdala, Part 1
  📄 /mnt/MyBook/itunes/Music/Singles/Christian Wolz/Amygdala, Part 1 (2008).mp3
  🎵 songrec-rename -i …
  [sim] songrec-rename -i '/mnt/MyBook/itunes/Music/Singles/Christian Wolz/Amygdala, Part 1 (2008).mp3'
  📚 beet import -q …
  [sim] beet import -q '/mnt/MyBook/itunes/Music/Singles/Christian Wolz/Amygdala, Part 1 (2008).mp3'
  [sim] API Plex PUT /:/rate?key=2138907&rating=0
  ✅ OK
[149/1425] Christophe Maé — Mon Père Spirituel [Live]
  📄 /mnt/MyBook/Music/christophe maé/Comme À La Maison (2008)/CD 02/11 - Christophe Maé - Comme À La Maison - Mon Père Spirituel [Live].m4a
  🎵 songrec-rename -i …
  [sim] songrec-rename -i '/mnt/MyBook/Music/christophe maé/Comme À La Maison (2008)/CD 02/11 - Christophe Maé - Comme À La Maison - Mon Père Spirituel [Live].m4a'
  📚 beet import -q …
  [sim] beet import -q '/mnt/MyBook/Music/christophe maé/Comme À La Maison (2008)/CD 02/11 - Christophe Maé - Comme À La Maison - Mon Père Spirituel [Live].m4a'
  [sim] API Plex PUT /:/rate?key=2626395&rating=0
  ✅ OK
[150/1425] Christophe Maé — Dingue dingue dingue
  📄 /mnt/MyBook/itunes/Music/Singles/Christophe Maé/Dingue dingue dingue (2009).mp3
  🎵 songrec-rename -i …
  [sim] songrec-rename -i '/mnt/MyBook/itunes/Music/Singles/Christophe Maé/Dingue dingue dingue (2009).mp3'
  📚 beet import -q …
  [sim] beet import -q '/mnt/MyBook/itunes/Music/Singles/Christophe Maé/Dingue dingue dingue (2009).mp3'
  [sim] API Plex PUT /:/rate?key=2138861&rating=0
  ✅ OK
[151/1425] Christophe Maé — Dingue, Dingue, Dingue
  📄 /mnt/MyBook/Music/christophe maé/Dingue, Dingue, Dingue (Single) (2009)/01 - Christophe Maé - Dingue, Dingue, Dingue (Single) - Dingue, Dingue, Dingue.m4a
  🎵 songrec-rename -i …
  [sim] songrec-rename -i '/mnt/MyBook/Music/christophe maé/Dingue, Dingue, Dingue (Single) (2009)/01 - Christophe Maé - Dingue, Dingue, Dingue (Single) - Dingue, Dingue, Dingue.m4a'
  📚 beet import -q …
  [sim] beet import -q '/mnt/MyBook/Music/christophe maé/Dingue, Dingue, Dingue (Single) (2009)/01 - Christophe Maé - Dingue, Dingue, Dingue (Single) - Dingue, Dingue, Dingue.m4a'
  [sim] API Plex PUT /:/rate?key=2626381&rating=0
  ✅ OK
[152/1425] Christophe Maé — Donald dans les docks
  📄 /mnt/MyBook/itunes/Music/Christophe Maé/Dingue, dingue, dingue (2010)/02 - Donald dans les docks.mp3
  🎵 songrec-rename -i …
  [sim] songrec-rename -i '/mnt/MyBook/itunes/Music/Christophe Maé/Dingue, dingue, dingue (2010)/02 - Donald dans les docks.mp3'
  📚 beet import -q …
  [sim] beet import -q '/mnt/MyBook/itunes/Music/Christophe Maé/Dingue, dingue, dingue (2010)/02 - Donald dans les docks.mp3'
  [sim] API Plex PUT /:/rate?key=2256467&rating=0
  ✅ OK
[153/1425] Christophe Maé — L'AMOUR
  📄 /mnt/MyBook/itunes/Music/Christophe Maé & Amadou & Mariam/ÉLÉGIE (2024)/03 - L'AMOUR.mp3
  🎵 songrec-rename -i …
  [sim] songrec-rename -i '/mnt/MyBook/itunes/Music/Christophe Maé & Amadou & Mariam/ÉLÉGIE (2024)/03 - L'AMOUR.mp3'
  📚 beet import -q …
  [sim] beet import -q '/mnt/MyBook/itunes/Music/Christophe Maé & Amadou & Mariam/ÉLÉGIE (2024)/03 - L'AMOUR.mp3'
  [sim] API Plex PUT /:/rate?key=2194149&rating=0
  ✅ OK
[154/1425] Christophe Maé — L’AMOUR
  📄 /mnt/MyBook/itunes/Music/Joel Corry × Tom Grennan/ÉLÉGIE (2024)/03 - L’AMOUR.mp3
  🎵 songrec-rename -i …
  [sim] songrec-rename -i '/mnt/MyBook/itunes/Music/Joel Corry × Tom Grennan/ÉLÉGIE (2024)/03 - L’AMOUR.mp3'
  📚 beet import -q …
  [sim] beet import -q '/mnt/MyBook/itunes/Music/Joel Corry × Tom Grennan/ÉLÉGIE (2024)/03 - L’AMOUR.mp3'
  [sim] API Plex PUT /:/rate?key=2194151&rating=0
  ✅ OK
[155/1425] Christophe Maé — PAPILLON, OP. 77
  📄 /mnt/MyBook/itunes/Music/Christophe Maé & Angélique Kidjo/ÉLÉGIE (2024)/06 - PAPILLON, OP. 77.mp3
  🎵 songrec-rename -i …
  [sim] songrec-rename -i '/mnt/MyBook/itunes/Music/Christophe Maé & Angélique Kidjo/ÉLÉGIE (2024)/06 - PAPILLON, OP. 77.mp3'
  📚 beet import -q …
  [sim] beet import -q '/mnt/MyBook/itunes/Music/Christophe Maé & Angélique Kidjo/ÉLÉGIE (2024)/06 - PAPILLON, OP. 77.mp3'
  [sim] API Plex PUT /:/rate?key=2194148&rating=0
  ✅ OK
[156/1425] Christophe Maé — Et vice Versailles (remix)
  📄 /mnt/MyBook/Music/christophe maé/Et Vice Versailles (2006)/01 Christophe Maé - Et Vice Versailles [2006] - Et vice Versailles (remix).m4a
  🎵 songrec-rename -i …
  [sim] songrec-rename -i '/mnt/MyBook/Music/christophe maé/Et Vice Versailles (2006)/01 Christophe Maé - Et Vice Versailles [2006] - Et vice Versailles (remix).m4a'
  📚 beet import -q …
  [sim] beet import -q '/mnt/MyBook/Music/christophe maé/Et Vice Versailles (2006)/01 Christophe Maé - Et Vice Versailles [2006] - Et vice Versailles (remix).m4a'
  [sim] API Plex PUT /:/rate?key=2626353&rating=0
  ✅ OK
[157/1425] Christophe Maé — 잘가, 잘가...
  📄 /mnt/MyBook/itunes/Music/Christophe Maé/Fête foraine/01 Fête foraine.m4a
  🎵 songrec-rename -i …
  [sim] songrec-rename -i '/mnt/MyBook/itunes/Music/Christophe Maé/Fête foraine/01 Fête foraine.m4a'
  📚 beet import -q …
  [sim] beet import -q '/mnt/MyBook/itunes/Music/Christophe Maé/Fête foraine/01 Fête foraine.m4a'
  [sim] API Plex PUT /:/rate?key=1200464&rating=0
  ✅ OK
[158/1425] Christophe Maé — 사랑이 날
  📄 /mnt/MyBook/itunes/Music/Christophe Maé/Fête foraine/02 La boutique des rêves (En duo avec Francis Cabrel).m4a
  🎵 songrec-rename -i …
  [sim] songrec-rename -i '/mnt/MyBook/itunes/Music/Christophe Maé/Fête foraine/02 La boutique des rêves (En duo avec Francis Cabrel).m4a'
  📚 beet import -q …
  [sim] beet import -q '/mnt/MyBook/itunes/Music/Christophe Maé/Fête foraine/02 La boutique des rêves (En duo avec Francis Cabrel).m4a'
  [sim] API Plex PUT /:/rate?key=1200465&rating=0
  ✅ OK
[159/1425] Christophe Maé — Bye Bye Bye
  📄 /mnt/MyBook/itunes/Music/Christophe Maé/Fête foraine/04 La lune.m4a
  🎵 songrec-rename -i …
  [sim] songrec-rename -i '/mnt/MyBook/itunes/Music/Christophe Maé/Fête foraine/04 La lune.m4a'
  📚 beet import -q …
  [sim] beet import -q '/mnt/MyBook/itunes/Music/Christophe Maé/Fête foraine/04 La lune.m4a'
  [sim] API Plex PUT /:/rate?key=1200467&rating=0
  ✅ OK
[160/1425] Christophe Maé — 가슴 앓이
  📄 /mnt/MyBook/itunes/Music/Christophe Maé/Fête foraine/05 Une star.m4a
  🎵 songrec-rename -i …
  [sim] songrec-rename -i '/mnt/MyBook/itunes/Music/Christophe Maé/Fête foraine/05 Une star.m4a'
  📚 beet import -q …
  [sim] beet import -q '/mnt/MyBook/itunes/Music/Christophe Maé/Fête foraine/05 Une star.m4a'
  [sim] API Plex PUT /:/rate?key=1200468&rating=0
  ✅ OK
[161/1425] Christophe Maé — Tell Me Why
  📄 /mnt/MyBook/itunes/Music/Christophe Maé/Fête foraine/06 Y'a que de l'amour chez toi.m4a
  🎵 songrec-rename -i …
  [sim] songrec-rename -i '/mnt/MyBook/itunes/Music/Christophe Maé/Fête foraine/06 Y'a que de l'amour chez toi.m4a'
  📚 beet import -q …
  [sim] beet import -q '/mnt/MyBook/itunes/Music/Christophe Maé/Fête foraine/06 Y'a que de l'amour chez toi.m4a'
  [sim] API Plex PUT /:/rate?key=1200469&rating=0
  ✅ OK
[162/1425] Christophe Maé — 가
  📄 /mnt/MyBook/itunes/Music/Christophe Maé/Fête foraine/07 Dans ma tête.m4a
  🎵 songrec-rename -i …
  [sim] songrec-rename -i '/mnt/MyBook/itunes/Music/Christophe Maé/Fête foraine/07 Dans ma tête.m4a'
  📚 beet import -q …
  [sim] beet import -q '/mnt/MyBook/itunes/Music/Christophe Maé/Fête foraine/07 Dans ma tête.m4a'
  [sim] API Plex PUT /:/rate?key=1200470&rating=0
  ✅ OK
[163/1425] Christophe Maé — J'ai la aime
  📄 /mnt/MyBook/itunes/Music/Singles/Christophe Maé/J'ai la aime (2007).opus
  🎵 songrec-rename -i …
  [sim] songrec-rename -i '/mnt/MyBook/itunes/Music/Singles/Christophe Maé/J'ai la aime (2007).opus'
  📚 beet import -q …
  [sim] beet import -q '/mnt/MyBook/itunes/Music/Singles/Christophe Maé/J'ai la aime (2007).opus'
  [sim] API Plex PUT /:/rate?key=2099231&rating=0
  ✅ OK
[164/1425] Christophe Maé — Christophe Mae - j'ai la aime
  📄 /mnt/ssd/Musiques/christophe maë/j'ai la aime/01 Christophe Mae - j'ai la aime.mp3
  🎵 songrec-rename -i …
  [sim] songrec-rename -i '/mnt/ssd/Musiques/christophe maë/j'ai la aime/01 Christophe Mae - j'ai la aime.mp3'
  📚 beet import -q …
  [sim] beet import -q '/mnt/ssd/Musiques/christophe maë/j'ai la aime/01 Christophe Mae - j'ai la aime.mp3'
  [sim] API Plex PUT /:/rate?key=2552929&rating=0
  ✅ OK
[165/1425] Christophe Maé — Christophe Mae - j'ai la aime
  📄 /mnt/ssd/Musiques/2836-A62E/christophe maë/j'ai la aime/01 Christophe Mae - j'ai la aime.mp3
  🎵 songrec-rename -i …
  [sim] songrec-rename -i '/mnt/ssd/Musiques/2836-A62E/christophe maë/j'ai la aime/01 Christophe Mae - j'ai la aime.mp3'
  📚 beet import -q …
  [sim] beet import -q '/mnt/ssd/Musiques/2836-A62E/christophe maë/j'ai la aime/01 Christophe Mae - j'ai la aime.mp3'
  [sim] API Plex PUT /:/rate?key=2606117&rating=0
  ✅ OK
[166/1425] Christophe Maé — Tombé Sous le Charme
  📄 /mnt/MyBook/Music/christophe maé/Je Veux Du Bonheur (2013)/03 - Tombé Sous le Charme.m4a
  🎵 songrec-rename -i …
  [sim] songrec-rename -i '/mnt/MyBook/Music/christophe maé/Je Veux Du Bonheur (2013)/03 - Tombé Sous le Charme.m4a'
  📚 beet import -q …
  [sim] beet import -q '/mnt/MyBook/Music/christophe maé/Je Veux Du Bonheur (2013)/03 - Tombé Sous le Charme.m4a'
  [sim] API Plex PUT /:/rate?key=2626369&rating=0
  ✅ OK
[167/1425] Christophe Maé — Tombé sous le charme
  📄 /mnt/MyBook/itunes/Music/Christophe Mae/Je veux du bonheur/03 Tombe sous le charme.opus
  🎵 songrec-rename -i …
  [sim] songrec-rename -i '/mnt/MyBook/itunes/Music/Christophe Mae/Je veux du bonheur/03 Tombe sous le charme.opus'
  📚 beet import -q …
  [sim] beet import -q '/mnt/MyBook/itunes/Music/Christophe Mae/Je veux du bonheur/03 Tombe sous le charme.opus'
  [sim] API Plex PUT /:/rate?key=1271563&rating=0
  ✅ OK
[168/1425] Christophe Maé — Tombé sous le charme
  📄 /mnt/MyBook/itunes/Music/Singles/Christophe Maé/Tombé sous le charme (2013).opus
  🎵 songrec-rename -i …
  [sim] songrec-rename -i '/mnt/MyBook/itunes/Music/Singles/Christophe Maé/Tombé sous le charme (2013).opus'
  📚 beet import -q …
  [sim] beet import -q '/mnt/MyBook/itunes/Music/Singles/Christophe Maé/Tombé sous le charme (2013).opus'
  [sim] API Plex PUT /:/rate?key=2138864&rating=0
  ✅ OK
[169/1425] Christophe Maé — La Poupée
  📄 /mnt/MyBook/itunes/Music/Singles/Christophe Maé/La Poupée (2013).opus
  🎵 songrec-rename -i …
  [sim] songrec-rename -i '/mnt/MyBook/itunes/Music/Singles/Christophe Maé/La Poupée (2013).opus'
  📚 beet import -q …
  [sim] beet import -q '/mnt/MyBook/itunes/Music/Singles/Christophe Maé/La Poupée (2013).opus'
  [sim] API Plex PUT /:/rate?key=2138862&rating=0
  ✅ OK
[170/1425] Christophe Maé — La Poupée
  📄 /mnt/MyBook/Music/christophe maé/Je Veux Du Bonheur (2013)/05 - Christophe Maé - Je Veux Du Bonheur - La Poupée.m4a
  🎵 songrec-rename -i …
  [sim] songrec-rename -i '/mnt/MyBook/Music/christophe maé/Je Veux Du Bonheur (2013)/05 - Christophe Maé - Je Veux Du Bonheur - La Poupée.m4a'
  📚 beet import -q …
  [sim] beet import -q '/mnt/MyBook/Music/christophe maé/Je Veux Du Bonheur (2013)/05 - Christophe Maé - Je Veux Du Bonheur - La Poupée.m4a'
  [sim] API Plex PUT /:/rate?key=2626367&rating=0
  ✅ OK
[171/1425] Christophe Maé — L'Automne
  📄 /mnt/MyBook/itunes/Music/Christophe Mae/Je veux du bonheur/07 L'Automne.opus
  🎵 songrec-rename -i …
  [sim] songrec-rename -i '/mnt/MyBook/itunes/Music/Christophe Mae/Je veux du bonheur/07 L'Automne.opus'
  📚 beet import -q …
  [sim] beet import -q '/mnt/MyBook/itunes/Music/Christophe Mae/Je veux du bonheur/07 L'Automne.opus'
  [sim] API Plex PUT /:/rate?key=1271569&rating=0
  ✅ OK
[172/1425] Christophe Maé — L’Automne
  📄 /mnt/MyBook/itunes/Music/Singles/Christophe Maé/L’Automne (2013).opus
  🎵 songrec-rename -i …
  [sim] songrec-rename -i '/mnt/MyBook/itunes/Music/Singles/Christophe Maé/L’Automne (2013).opus'
  📚 beet import -q …
  [sim] beet import -q '/mnt/MyBook/itunes/Music/Singles/Christophe Maé/L’Automne (2013).opus'
  [sim] API Plex PUT /:/rate?key=2138863&rating=0
  ✅ OK
[173/1425] Christophe Maé — Ma Douleur, Ma Peine
  📄 /mnt/MyBook/itunes/Music/Christophe Maé/Je Veux Du Bonheur (2013)/02 - Ma Douleur, Ma Peine.mp3
  🎵 songrec-rename -i …
  [sim] songrec-rename -i '/mnt/MyBook/itunes/Music/Christophe Maé/Je Veux Du Bonheur (2013)/02 - Ma Douleur, Ma Peine.mp3'
  📚 beet import -q …
  [sim] beet import -q '/mnt/MyBook/itunes/Music/Christophe Maé/Je Veux Du Bonheur (2013)/02 - Ma Douleur, Ma Peine.mp3'
  [sim] API Plex PUT /:/rate?key=2194204&rating=0
  ✅ OK
[174/1425] Christophe Maé — Marcel
  📄 /mnt/MyBook/itunes/Music/Christophe Maé/L'attrape-rêves (2016)/06 - Marcel.mp3
  🎵 songrec-rename -i …
  [sim] songrec-rename -i '/mnt/MyBook/itunes/Music/Christophe Maé/L'attrape-rêves (2016)/06 - Marcel.mp3'
  📚 beet import -q …
  [sim] beet import -q '/mnt/MyBook/itunes/Music/Christophe Maé/L'attrape-rêves (2016)/06 - Marcel.mp3'
  [sim] API Plex PUT /:/rate?key=2194198&rating=0
  ✅ OK
[175/1425] Christophe Maé — L’Attrape‐rêves
  📄 /mnt/MyBook/itunes/Music/Singles/Christophe Maé/L’Attrape‐rêves (2016).mp3
  🎵 songrec-rename -i …
  [sim] songrec-rename -i '/mnt/MyBook/itunes/Music/Singles/Christophe Maé/L’Attrape‐rêves (2016).mp3'
  📚 beet import -q …
  [sim] beet import -q '/mnt/MyBook/itunes/Music/Singles/Christophe Maé/L’Attrape‐rêves (2016).mp3'
  [sim] API Plex PUT /:/rate?key=2138875&rating=0
  ✅ OK
[176/1425] Christophe Maé — Californie
  📄 /mnt/MyBook/itunes/Music/Singles/Christophe Maé/Californie (2016).mp3
  🎵 songrec-rename -i …
  [sim] songrec-rename -i '/mnt/MyBook/itunes/Music/Singles/Christophe Maé/Californie (2016).mp3'
  📚 beet import -q …
  [sim] beet import -q '/mnt/MyBook/itunes/Music/Singles/Christophe Maé/Californie (2016).mp3'
  [sim] API Plex PUT /:/rate?key=2138871&rating=0
  ✅ OK
[177/1425] Christophe Maé — Californie
  📄 /mnt/MyBook/Music/christophe maé/L'attrape-Reves (2016)/03 - Christophe Maé - L'attrape-Reves - Californie.m4a
  🎵 songrec-rename -i …
  [sim] songrec-rename -i '/mnt/MyBook/Music/christophe maé/L'attrape-Reves (2016)/03 - Christophe Maé - L'attrape-Reves - Californie.m4a'
  📚 beet import -q …
  [sim] beet import -q '/mnt/MyBook/Music/christophe maé/L'attrape-Reves (2016)/03 - Christophe Maé - L'attrape-Reves - Californie.m4a'
  [sim] API Plex PUT /:/rate?key=2626341&rating=0
  ✅ OK
[178/1425] Christophe Maé — Il est où le bonheur
  📄 /mnt/MyBook/itunes/Music/Singles/Christophe Maé/Il est où le bonheur (2016).mp3
  🎵 songrec-rename -i …
  [sim] songrec-rename -i '/mnt/MyBook/itunes/Music/Singles/Christophe Maé/Il est où le bonheur (2016).mp3'
  📚 beet import -q …
  [sim] beet import -q '/mnt/MyBook/itunes/Music/Singles/Christophe Maé/Il est où le bonheur (2016).mp3'
  [sim] API Plex PUT /:/rate?key=2138872&rating=0
  ✅ OK
[179/1425] Christophe Maé — Marcel
  📄 /mnt/MyBook/itunes/Music/Singles/Christophe Maé/Marcel (2016).mp3
  🎵 songrec-rename -i …
  [sim] songrec-rename -i '/mnt/MyBook/itunes/Music/Singles/Christophe Maé/Marcel (2016).mp3'
  📚 beet import -q …
  [sim] beet import -q '/mnt/MyBook/itunes/Music/Singles/Christophe Maé/Marcel (2016).mp3'
  [sim] API Plex PUT /:/rate?key=2138876&rating=0
  ✅ OK
[180/1425] Christophe Maé — Lampedusa
  📄 /mnt/MyBook/itunes/Music/Singles/Christophe Maé/Lampedusa (2016).mp3
  🎵 songrec-rename -i …
  [sim] songrec-rename -i '/mnt/MyBook/itunes/Music/Singles/Christophe Maé/Lampedusa (2016).mp3'
  📚 beet import -q …
  [sim] beet import -q '/mnt/MyBook/itunes/Music/Singles/Christophe Maé/Lampedusa (2016).mp3'
  [sim] API Plex PUT /:/rate?key=2138874&rating=0
  ✅ OK
[181/1425] Christophe Maé — Lampedusa
  📄 /mnt/MyBook/Music/christophe maé/L'attrape-Reves (2016)/07 - Christophe Maé - L'attrape-Reves - Lampedusa.m4a
  🎵 songrec-rename -i …
  [sim] songrec-rename -i '/mnt/MyBook/Music/christophe maé/L'attrape-Reves (2016)/07 - Christophe Maé - L'attrape-Reves - Lampedusa.m4a'
  📚 beet import -q …
  [sim] beet import -q '/mnt/MyBook/Music/christophe maé/L'attrape-Reves (2016)/07 - Christophe Maé - L'attrape-Reves - Lampedusa.m4a'
  [sim] API Plex PUT /:/rate?key=2626342&rating=0
  ✅ OK
[182/1425] Christophe Maé — La Vallée des larmes
  📄 /mnt/MyBook/itunes/Music/Singles/Christophe Maé/La Vallée des larmes (2016).mp3
  🎵 songrec-rename -i …
  [sim] songrec-rename -i '/mnt/MyBook/itunes/Music/Singles/Christophe Maé/La Vallée des larmes (2016).mp3'
  📚 beet import -q …
  [sim] beet import -q '/mnt/MyBook/itunes/Music/Singles/Christophe Maé/La Vallée des larmes (2016).mp3'
  [sim] API Plex PUT /:/rate?key=2138873&rating=0
  ✅ OK
[183/1425] Christophe Maé — La Vallée des larmes (acoustic version)
  📄 /mnt/MyBook/itunes/Music/Singles/Christophe Maé/La Vallée des larmes (acoustic version) (2016).mp3
  🎵 songrec-rename -i …
  [sim] songrec-rename -i '/mnt/MyBook/itunes/Music/Singles/Christophe Maé/La Vallée des larmes (acoustic version) (2016).mp3'
  📚 beet import -q …
  [sim] beet import -q '/mnt/MyBook/itunes/Music/Singles/Christophe Maé/La Vallée des larmes (acoustic version) (2016).mp3'
  [sim] API Plex PUT /:/rate?key=2129831&rating=0
  ✅ OK
[184/1425] Christophe Maé — La Vallee Des Larmes (Acoustic Version)
  📄 /mnt/MyBook/Music/christophe maé/L'attrape-Reves (2016)/12 - Christophe Maé - L'attrape-Reves - La Vallee Des Larmes (Acoustic Version).m4a
  🎵 songrec-rename -i …
  [sim] songrec-rename -i '/mnt/MyBook/Music/christophe maé/L'attrape-Reves (2016)/12 - Christophe Maé - L'attrape-Reves - La Vallee Des Larmes (Acoustic Version).m4a'
  📚 beet import -q …
  [sim] beet import -q '/mnt/MyBook/Music/christophe maé/L'attrape-Reves (2016)/12 - Christophe Maé - L'attrape-Reves - La Vallee Des Larmes (Acoustic Version).m4a'
  [sim] API Plex PUT /:/rate?key=2626343&rating=0
  ✅ OK
[185/1425] Christophe Maé — Californie (Acoustic Version)
  📄 /mnt/MyBook/itunes/Music/Acoustique (500 titres)/110 - Christophe Maé - Californie (Acoustic Version).mp3
  🎵 songrec-rename -i …
  [sim] songrec-rename -i '/mnt/MyBook/itunes/Music/Acoustique (500 titres)/110 - Christophe Maé - Californie (Acoustic Version).mp3'
  📚 beet import -q …
  [sim] beet import -q '/mnt/MyBook/itunes/Music/Acoustique (500 titres)/110 - Christophe Maé - Californie (Acoustic Version).mp3'
  [sim] API Plex PUT /:/rate?key=2065416&rating=0
  ✅ OK
[186/1425] Christophe Maé — La Parisienne
  📄 /mnt/MyBook/itunes/Music/Singles/Christophe Maé/La Parisienne (2016).mp3
  🎵 songrec-rename -i …
  [sim] songrec-rename -i '/mnt/MyBook/itunes/Music/Singles/Christophe Maé/La Parisienne (2016).mp3'
  📚 beet import -q …
  [sim] beet import -q '/mnt/MyBook/itunes/Music/Singles/Christophe Maé/La Parisienne (2016).mp3'
  [sim] API Plex PUT /:/rate?key=2138868&rating=0
  ✅ OK
[187/1425] Christophe Maé — Californie
  📄 /mnt/MyBook/itunes/Downloads/03 - Californie.flac
  🎵 songrec-rename -i …
  [sim] songrec-rename -i '/mnt/MyBook/itunes/Downloads/03 - Californie.flac'
  📚 beet import -q …
  [sim] beet import -q '/mnt/MyBook/itunes/Downloads/03 - Californie.flac'
  [sim] API Plex PUT /:/rate?key=2274822&rating=0
  ✅ OK
[188/1425] Christophe Maé — La Vallée des larmes
  📄 /mnt/MyBook/itunes/Music/Christophe Mae/L'Attrape-reves (Edition Collector)/08 Christophe Mae - La Vallee des larmes.opus
  🎵 songrec-rename -i …
  [sim] songrec-rename -i '/mnt/MyBook/itunes/Music/Christophe Mae/L'Attrape-reves (Edition Collector)/08 Christophe Mae - La Vallee des larmes.opus'
  📚 beet import -q …
  [sim] beet import -q '/mnt/MyBook/itunes/Music/Christophe Mae/L'Attrape-reves (Edition Collector)/08 Christophe Mae - La Vallee des larmes.opus'
  [sim] API Plex PUT /:/rate?key=1271537&rating=0
  ✅ OK
[189/1425] Christophe Maé — 40 Ans Demain
  📄 /mnt/ssd/Musiques/Christophe Mae/L'attrape-Rêves/09 40 Ans Demain.m4a
  🎵 songrec-rename -i …
  [sim] songrec-rename -i '/mnt/ssd/Musiques/Christophe Mae/L'attrape-Rêves/09 40 Ans Demain.m4a'
  📚 beet import -q …
  [sim] beet import -q '/mnt/ssd/Musiques/Christophe Mae/L'attrape-Rêves/09 40 Ans Demain.m4a'
  [sim] API Plex PUT /:/rate?key=2552962&rating=0
  ✅ OK
[190/1425] Christophe Maé — Ballerine
  📄 /mnt/MyBook/itunes/Music/Singles/Christophe Maé/Ballerine (2016).mp3
  🎵 songrec-rename -i …
  [sim] songrec-rename -i '/mnt/MyBook/itunes/Music/Singles/Christophe Maé/Ballerine (2016).mp3'
  📚 beet import -q …
  [sim] beet import -q '/mnt/MyBook/itunes/Music/Singles/Christophe Maé/Ballerine (2016).mp3'
  [sim] API Plex PUT /:/rate?key=2138879&rating=0
  ✅ OK
[191/1425] Christophe Maé — Californie (Acoustic Version)
  📄 /mnt/MyBook/itunes/Music/Acoustique (500 titres)/297 - Christophe Maé - Californie (Acoustic Version).mp3
  🎵 songrec-rename -i …
  [sim] songrec-rename -i '/mnt/MyBook/itunes/Music/Acoustique (500 titres)/297 - Christophe Maé - Californie (Acoustic Version).mp3'
  📚 beet import -q …
  [sim] beet import -q '/mnt/MyBook/itunes/Music/Acoustique (500 titres)/297 - Christophe Maé - Californie (Acoustic Version).mp3'
  [sim] API Plex PUT /:/rate?key=2142305&rating=0
  ✅ OK
[192/1425] Christophe Maé — On s’attache
  📄 /mnt/MyBook/itunes/Music/Singles/Christophe Maé/On s’attache (2013).opus
  🎵 songrec-rename -i …
  [sim] songrec-rename -i '/mnt/MyBook/itunes/Music/Singles/Christophe Maé/On s’attache (2013).opus'
  📚 beet import -q …
  [sim] beet import -q '/mnt/MyBook/itunes/Music/Singles/Christophe Maé/On s’attache (2013).opus'
  [sim] API Plex PUT /:/rate?key=1718689&rating=0
  ✅ OK
[193/1425] Christophe Maé — Belle Demoiselle
  📄 /mnt/MyBook/Music/christophe maé/L'Intégrale (2013)/CD 02/06 - Christophe Maé - L'Intégrale - Belle Demoiselle.m4a
  🎵 songrec-rename -i …
  [sim] songrec-rename -i '/mnt/MyBook/Music/christophe maé/L'Intégrale (2013)/CD 02/06 - Christophe Maé - L'Intégrale - Belle Demoiselle.m4a'
  📚 beet import -q …
  [sim] beet import -q '/mnt/MyBook/Music/christophe maé/L'Intégrale (2013)/CD 02/06 - Christophe Maé - L'Intégrale - Belle Demoiselle.m4a'
  [sim] API Plex PUT /:/rate?key=2626360&rating=0
  ✅ OK
[194/1425] Christophe Maé — Moi j’ai pas le sou
  📄 /mnt/MyBook/itunes/Music/Singles/Christophe Maé/Moi j’ai pas le sou (2013).opus
  🎵 songrec-rename -i …
  [sim] songrec-rename -i '/mnt/MyBook/itunes/Music/Singles/Christophe Maé/Moi j’ai pas le sou (2013).opus'
  📚 beet import -q …
  [sim] beet import -q '/mnt/MyBook/itunes/Music/Singles/Christophe Maé/Moi j’ai pas le sou (2013).opus'
  [sim] API Plex PUT /:/rate?key=1718688&rating=0
  ✅ OK
[195/1425] Christophe Maé — Ne m’abandonne pas
  📄 /mnt/MyBook/itunes/Music/Singles/Christophe Maé/Ne m’abandonne pas (2013).opus
  🎵 songrec-rename -i …
  [sim] songrec-rename -i '/mnt/MyBook/itunes/Music/Singles/Christophe Maé/Ne m’abandonne pas (2013).opus'
  📚 beet import -q …
  [sim] beet import -q '/mnt/MyBook/itunes/Music/Singles/Christophe Maé/Ne m’abandonne pas (2013).opus'
  [sim] API Plex PUT /:/rate?key=2138869&rating=0
  ✅ OK
[196/1425] Christophe Maé — Sa danse donne
  📄 /mnt/MyBook/itunes/Music/Singles/Christophe Maé/Sa danse donne (2013).opus
  🎵 songrec-rename -i …
  [sim] songrec-rename -i '/mnt/MyBook/itunes/Music/Singles/Christophe Maé/Sa danse donne (2013).opus'
  📚 beet import -q …
  [sim] beet import -q '/mnt/MyBook/itunes/Music/Singles/Christophe Maé/Sa danse donne (2013).opus'
  [sim] API Plex PUT /:/rate?key=1718690&rating=0
  ✅ OK
[197/1425] Christophe Maé — Va voir ailleurs
  📄 /mnt/MyBook/itunes/Music/Singles/Christophe Maé/Va voir ailleurs (2013).opus
  🎵 songrec-rename -i …
  [sim] songrec-rename -i '/mnt/MyBook/itunes/Music/Singles/Christophe Maé/Va voir ailleurs (2013).opus'
  📚 beet import -q …
  [sim] beet import -q '/mnt/MyBook/itunes/Music/Singles/Christophe Maé/Va voir ailleurs (2013).opus'
  [sim] API Plex PUT /:/rate?key=2138870&rating=0
  ✅ OK
[198/1425] Christophe Maé — Dans ma maison
  📄 /mnt/MyBook/itunes/Music/Singles/Christophe Maé/Dans ma maison (2013).opus
  🎵 songrec-rename -i …
  [sim] songrec-rename -i '/mnt/MyBook/itunes/Music/Singles/Christophe Maé/Dans ma maison (2013).opus'
  📚 beet import -q …
  [sim] beet import -q '/mnt/MyBook/itunes/Music/Singles/Christophe Maé/Dans ma maison (2013).opus'
  [sim] API Plex PUT /:/rate?key=1718685&rating=0
  ✅ OK
[199/1425] Christophe Maé — Dingue, dingue, dingue (acoustique)
  📄 /mnt/MyBook/itunes/Music/Singles/Christophe Maé/Dingue, dingue, dingue (acoustique) (2013).opus
  🎵 songrec-rename -i …
  [sim] songrec-rename -i '/mnt/MyBook/itunes/Music/Singles/Christophe Maé/Dingue, dingue, dingue (acoustique) (2013).opus'
  📚 beet import -q …
  [sim] beet import -q '/mnt/MyBook/itunes/Music/Singles/Christophe Maé/Dingue, dingue, dingue (acoustique) (2013).opus'
  [sim] API Plex PUT /:/rate?key=1718686&rating=0
  ✅ OK
[200/1425] Christophe Maé — Dingue, dingue, dingue (acoustique)
  📄 /mnt/MyBook/itunes/Music/Acoustique (500 titres)/248 - Christophe Maé - Dingue, dingue, dingue (acoustique).opus
  🎵 songrec-rename -i …
  [sim] songrec-rename -i '/mnt/MyBook/itunes/Music/Acoustique (500 titres)/248 - Christophe Maé - Dingue, dingue, dingue (acoustique).opus'
  📚 beet import -q …
  [sim] beet import -q '/mnt/MyBook/itunes/Music/Acoustique (500 titres)/248 - Christophe Maé - Dingue, dingue, dingue (acoustique).opus'
  [sim] API Plex PUT /:/rate?key=2516610&rating=0
  ✅ OK
[201/1425] Christophe Maé — J'ai laissé (acoustique)
  📄 /mnt/MyBook/itunes/Music/Singles/Christophe Maé/J'ai laissé (acoustique) (2013).opus
  🎵 songrec-rename -i …
  [sim] songrec-rename -i '/mnt/MyBook/itunes/Music/Singles/Christophe Maé/J'ai laissé (acoustique) (2013).opus'
  📚 beet import -q …
  [sim] beet import -q '/mnt/MyBook/itunes/Music/Singles/Christophe Maé/J'ai laissé (acoustique) (2013).opus'
  [sim] API Plex PUT /:/rate?key=1718687&rating=0
  ✅ OK
[202/1425] Christophe Maé — L’Attrape‐rêves
  📄 /mnt/MyBook/itunes/Music/Christophe Mae/L'Attrape-reves (Edition Collector)/01 Christophe Mae - L'Attrape-reves.opus
  🎵 songrec-rename -i …
  [sim] songrec-rename -i '/mnt/MyBook/itunes/Music/Christophe Mae/L'Attrape-reves (Edition Collector)/01 Christophe Mae - L'Attrape-reves.opus'
  📚 beet import -q …
  [sim] beet import -q '/mnt/MyBook/itunes/Music/Christophe Mae/L'Attrape-reves (Edition Collector)/01 Christophe Mae - L'Attrape-reves.opus'
  [sim] API Plex PUT /:/rate?key=1271539&rating=0
  ✅ OK
[203/1425] Christophe Maé — Il est où le bonheur
  📄 /mnt/ssd/Musiques/Christophe MaÃ©/M6 Hits été 2016/05 Il est où le bonheur 1.m4a
  🎵 songrec-rename -i …
  [sim] songrec-rename -i '/mnt/ssd/Musiques/Christophe MaÃ©/M6 Hits été 2016/05 Il est où le bonheur 1.m4a'
  📚 beet import -q …
  [sim] beet import -q '/mnt/ssd/Musiques/Christophe MaÃ©/M6 Hits été 2016/05 Il est où le bonheur 1.m4a'
  [sim] API Plex PUT /:/rate?key=2552926&rating=0
  ✅ OK
[204/1425] Christophe Maé — Il est où le bonheur
  📄 /mnt/ssd/Musiques/Christophe MaÃ©/M6 Hits été 2016/05 Il est où le bonheur.m4a
  🎵 songrec-rename -i …
  [sim] songrec-rename -i '/mnt/ssd/Musiques/Christophe MaÃ©/M6 Hits été 2016/05 Il est où le bonheur.m4a'
  📚 beet import -q …
  [sim] beet import -q '/mnt/ssd/Musiques/Christophe MaÃ©/M6 Hits été 2016/05 Il est où le bonheur.m4a'
  [sim] API Plex PUT /:/rate?key=2552927&rating=0
  ✅ OK
[205/1425] Christophe Maé — Il est où le bonheur
  📄 /mnt/ssd/Musiques/2836-A62E/Christophe MaÃ©/M6 Hits été 2016/05 Il est où le bonheur 1.m4a
  🎵 songrec-rename -i …
  [sim] songrec-rename -i '/mnt/ssd/Musiques/2836-A62E/Christophe MaÃ©/M6 Hits été 2016/05 Il est où le bonheur 1.m4a'
  📚 beet import -q …
  [sim] beet import -q '/mnt/ssd/Musiques/2836-A62E/Christophe MaÃ©/M6 Hits été 2016/05 Il est où le bonheur 1.m4a'
  [sim] API Plex PUT /:/rate?key=2606114&rating=0
  ✅ OK
[206/1425] Christophe Maé — Il est où le bonheur
  📄 /mnt/ssd/Musiques/2836-A62E/Christophe MaÃ©/M6 Hits été 2016/05 Il est où le bonheur.m4a
  🎵 songrec-rename -i …
  [sim] songrec-rename -i '/mnt/ssd/Musiques/2836-A62E/Christophe MaÃ©/M6 Hits été 2016/05 Il est où le bonheur.m4a'
  📚 beet import -q …
  [sim] beet import -q '/mnt/ssd/Musiques/2836-A62E/Christophe MaÃ©/M6 Hits été 2016/05 Il est où le bonheur.m4a'
  [sim] API Plex PUT /:/rate?key=2606115&rating=0
  ✅ OK
[207/1425] Christophe Maé — On s’attache
  📄 /mnt/MyBook/itunes/Music/Christophe Maé/Mon paradis (2007)/01 - On s’attache.mp3
  🎵 songrec-rename -i …
  [sim] songrec-rename -i '/mnt/MyBook/itunes/Music/Christophe Maé/Mon paradis (2007)/01 - On s’attache.mp3'
  📚 beet import -q …
  [sim] beet import -q '/mnt/MyBook/itunes/Music/Christophe Maé/Mon paradis (2007)/01 - On s’attache.mp3'
  [sim] API Plex PUT /:/rate?key=2194170&rating=0
  ✅ OK
[208/1425] Christophe Maé — Belle demoiselle
  📄 /mnt/MyBook/itunes/Music/Afterwork chill (120 titres)/45 - Christophe Maé - Belle demoiselle.mp3
  🎵 songrec-rename -i …
  [sim] songrec-rename -i '/mnt/MyBook/itunes/Music/Afterwork chill (120 titres)/45 - Christophe Maé - Belle demoiselle.mp3'
  📚 beet import -q …
  [sim] beet import -q '/mnt/MyBook/itunes/Music/Afterwork chill (120 titres)/45 - Christophe Maé - Belle demoiselle.mp3'
  [sim] API Plex PUT /:/rate?key=2336378&rating=0
  ✅ OK
[209/1425] Christophe Maé — Parce qu’on sait jamais
  📄 /mnt/MyBook/itunes/Music/Christophe Maé/Mon paradis (2007)/04 - Parce qu’on sait jamais.mp3
  🎵 songrec-rename -i …
  [sim] songrec-rename -i '/mnt/MyBook/itunes/Music/Christophe Maé/Mon paradis (2007)/04 - Parce qu’on sait jamais.mp3'
  📚 beet import -q …
  [sim] beet import -q '/mnt/MyBook/itunes/Music/Christophe Maé/Mon paradis (2007)/04 - Parce qu’on sait jamais.mp3'
  [sim] API Plex PUT /:/rate?key=2194172&rating=0
  ✅ OK
[210/1425] Christophe Maé — On S'attache
  📄 /mnt/MyBook/Music/christophe maé/Mon paradis (2008)/04 - Christophe Maé - Mon paradis - On S'attache.m4a
  🎵 songrec-rename -i …
  [sim] songrec-rename -i '/mnt/MyBook/Music/christophe maé/Mon paradis (2008)/04 - Christophe Maé - Mon paradis - On S'attache.m4a'
  📚 beet import -q …
  [sim] beet import -q '/mnt/MyBook/Music/christophe maé/Mon paradis (2008)/04 - Christophe Maé - Mon paradis - On S'attache.m4a'
  [sim] API Plex PUT /:/rate?key=2626380&rating=0
  ✅ OK
[211/1425] Christophe Maé — L’Art et la Manière
  📄 /mnt/MyBook/itunes/Music/Christophe Maé/Mon paradis (2007)/06 - L’Art et la Manière.mp3
  🎵 songrec-rename -i …
  [sim] songrec-rename -i '/mnt/MyBook/itunes/Music/Christophe Maé/Mon paradis (2007)/06 - L’Art et la Manière.mp3'
  📚 beet import -q …
  [sim] beet import -q '/mnt/MyBook/itunes/Music/Christophe Maé/Mon paradis (2007)/06 - L’Art et la Manière.mp3'
  [sim] API Plex PUT /:/rate?key=2194174&rating=0
  ✅ OK
[212/1425] Christophe Maé — C’est ma terre
  📄 /mnt/MyBook/itunes/Music/Christophe Maé/Mon paradis (2007)/07 - C’est ma terre.mp3
  🎵 songrec-rename -i …
  [sim] songrec-rename -i '/mnt/MyBook/itunes/Music/Christophe Maé/Mon paradis (2007)/07 - C’est ma terre.mp3'
  📚 beet import -q …
  [sim] beet import -q '/mnt/MyBook/itunes/Music/Christophe Maé/Mon paradis (2007)/07 - C’est ma terre.mp3'
  [sim] API Plex PUT /:/rate?key=2194175&rating=0
  ✅ OK
[213/1425] Christophe Maé — Oh Tannenbaum
  📄 /mnt/MyBook/Music/christophe maé/Mon paradis (0000)/01 - Christophe Maé - Mon paradis - Oh Tannenbaum.mp3
  🎵 songrec-rename -i …
  [sim] songrec-rename -i '/mnt/MyBook/Music/christophe maé/Mon paradis (0000)/01 - Christophe Maé - Mon paradis - Oh Tannenbaum.mp3'
  📚 beet import -q …
  [sim] beet import -q '/mnt/MyBook/Music/christophe maé/Mon paradis (0000)/01 - Christophe Maé - Mon paradis - Oh Tannenbaum.mp3'
  [sim] API Plex PUT /:/rate?key=2626355&rating=0
  ✅ OK
[214/1425] Christophe Maé — Ça Fait Mal
  📄 /mnt/MyBook/Music/christophe maé/Mon Paradis (2007)/05 - Christophe Maé - Mon paradis - Ça Fait Mal.m4a
  🎵 songrec-rename -i …
  [sim] songrec-rename -i '/mnt/MyBook/Music/christophe maé/Mon Paradis (2007)/05 - Christophe Maé - Mon paradis - Ça Fait Mal.m4a'
  📚 beet import -q …
  [sim] beet import -q '/mnt/MyBook/Music/christophe maé/Mon Paradis (2007)/05 - Christophe Maé - Mon paradis - Ça Fait Mal.m4a'
  [sim] API Plex PUT /:/rate?key=2626370&rating=0
  ✅ OK
[215/1425] Christophe Maé — C'est Ma Terre
  📄 /mnt/MyBook/Music/christophe maé/Mon Paradis (2007)/07 - Christophe Maé - Mon paradis - C'est Ma Terre.m4a
  🎵 songrec-rename -i …
  [sim] songrec-rename -i '/mnt/MyBook/Music/christophe maé/Mon Paradis (2007)/07 - Christophe Maé - Mon paradis - C'est Ma Terre.m4a'
  📚 beet import -q …
  [sim] beet import -q '/mnt/MyBook/Music/christophe maé/Mon Paradis (2007)/07 - Christophe Maé - Mon paradis - C'est Ma Terre.m4a'
  [sim] API Plex PUT /:/rate?key=2626371&rating=0
  ✅ OK
[216/1425] Christophe Maé — Mon Père Spirituel
  📄 /mnt/MyBook/Music/christophe maé/Mon Paradis (2007)/11 - Christophe Maé - Mon paradis - Mon Père Spirituel.m4a
  🎵 songrec-rename -i …
  [sim] songrec-rename -i '/mnt/MyBook/Music/christophe maé/Mon Paradis (2007)/11 - Christophe Maé - Mon paradis - Mon Père Spirituel.m4a'
  📚 beet import -q …
  [sim] beet import -q '/mnt/MyBook/Music/christophe maé/Mon Paradis (2007)/11 - Christophe Maé - Mon paradis - Mon Père Spirituel.m4a'
  [sim] API Plex PUT /:/rate?key=2626372&rating=0
  ✅ OK
[217/1425] Christophe Maé — Scene 8
  📄 /mnt/MyBook/Music/christophe maé/New Zealand Landscapes (Northland To Antarctica) (2010)/08 - Christophe Maé - New Zealand Landscapes (Northland To Antarctica) - Scene 8.m4a
  🎵 songrec-rename -i …
  [sim] songrec-rename -i '/mnt/MyBook/Music/christophe maé/New Zealand Landscapes (Northland To Antarctica) (2010)/08 - Christophe Maé - New Zealand Landscapes (Northland To Antarctica) - Scene 8.m4a'
  📚 beet import -q …
  [sim] beet import -q '/mnt/MyBook/Music/christophe maé/New Zealand Landscapes (Northland To Antarctica) (2010)/08 - Christophe Maé - New Zealand Landscapes (Northland To Antarctica) - Scene 8.m4a'
  [sim] API Plex PUT /:/rate?key=2626362&rating=0
  ✅ OK
[218/1425] Christophe Maé — Un peu de blues
  📄 /mnt/MyBook/itunes/Music/Singles/Christophe Maé/Un peu de blues (2011).opus
  🎵 songrec-rename -i …
  [sim] songrec-rename -i '/mnt/MyBook/itunes/Music/Singles/Christophe Maé/Un peu de blues (2011).opus'
  📚 beet import -q …
  [sim] beet import -q '/mnt/MyBook/itunes/Music/Singles/Christophe Maé/Un peu de blues (2011).opus'
  [sim] API Plex PUT /:/rate?key=2138894&rating=0
  ✅ OK
[219/1425] Christophe Maé — J'ai laissé
  📄 /mnt/MyBook/Music/christophe maé/On trace la route (2010)/00 - christophe maé - On trace la route - J'ai laissé.mp3.mp3
  🎵 songrec-rename -i …
  [sim] songrec-rename -i '/mnt/MyBook/Music/christophe maé/On trace la route (2010)/00 - christophe maé - On trace la route - J'ai laissé.mp3.mp3'
  📚 beet import -q …
  [sim] beet import -q '/mnt/MyBook/Music/christophe maé/On trace la route (2010)/00 - christophe maé - On trace la route - J'ai laissé.mp3.mp3'
  [sim] API Plex PUT /:/rate?key=2626392&rating=0
  ✅ OK
[220/1425] Christophe Maé — Pourquoi c'est beau
  📄 /mnt/MyBook/itunes/Music/Singles/Christophe Maé/Pourquoi c'est beau (2010).opus
  🎵 songrec-rename -i …
  [sim] songrec-rename -i '/mnt/MyBook/itunes/Music/Singles/Christophe Maé/Pourquoi c'est beau (2010).opus'
  📚 beet import -q …
  [sim] beet import -q '/mnt/MyBook/itunes/Music/Singles/Christophe Maé/Pourquoi c'est beau (2010).opus'
  [sim] API Plex PUT /:/rate?key=2138898&rating=0
  ✅ OK
[221/1425] Christophe Maé — Pourquoi c'est beau․․․
  📄 /mnt/ssd/Musiques/Christophe Mae/On trace la route/1-03 Pourquoi c'est beau․․․.m4a
  🎵 songrec-rename -i …
  [sim] songrec-rename -i '/mnt/ssd/Musiques/Christophe Mae/On trace la route/1-03 Pourquoi c'est beau․․․.m4a'
  📚 beet import -q …
  [sim] beet import -q '/mnt/ssd/Musiques/Christophe Mae/On trace la route/1-03 Pourquoi c'est beau․․․.m4a'
  [sim] API Plex PUT /:/rate?key=2552947&rating=0
  ✅ OK
[222/1425] Christophe Maé — Pourquoi c'est beau․․․
  📄 /mnt/ssd/Musiques/2836-A62E/Christophe Mae/On trace la route/1-03 Pourquoi c'est beau․․․.m4a
  🎵 songrec-rename -i …
  [sim] songrec-rename -i '/mnt/ssd/Musiques/2836-A62E/Christophe Mae/On trace la route/1-03 Pourquoi c'est beau․․․.m4a'
  📚 beet import -q …
  [sim] beet import -q '/mnt/ssd/Musiques/2836-A62E/Christophe Mae/On trace la route/1-03 Pourquoi c'est beau․․․.m4a'
  [sim] API Plex PUT /:/rate?key=2606136&rating=0
  ✅ OK
[223/1425] Christophe Maé — J'ai vu la vie
  📄 /mnt/ssd/Musiques/Christophe Mae/On trace la route/1-04 J'ai vu la vie.m4a
  🎵 songrec-rename -i …
  [sim] songrec-rename -i '/mnt/ssd/Musiques/Christophe Mae/On trace la route/1-04 J'ai vu la vie.m4a'
  📚 beet import -q …
  [sim] beet import -q '/mnt/ssd/Musiques/Christophe Mae/On trace la route/1-04 J'ai vu la vie.m4a'
  [sim] API Plex PUT /:/rate?key=2552948&rating=0
  ✅ OK
[224/1425] Christophe Maé — J'ai vu la vie
  📄 /mnt/ssd/Musiques/2836-A62E/Christophe Mae/On trace la route/1-04 J'ai vu la vie.m4a
  🎵 songrec-rename -i …
  [sim] songrec-rename -i '/mnt/ssd/Musiques/2836-A62E/Christophe Mae/On trace la route/1-04 J'ai vu la vie.m4a'
  📚 beet import -q …
  [sim] beet import -q '/mnt/ssd/Musiques/2836-A62E/Christophe Mae/On trace la route/1-04 J'ai vu la vie.m4a'
  [sim] API Plex PUT /:/rate?key=2606137&rating=0
  ✅ OK
[225/1425] Christophe Maé — Nature
  📄 /mnt/MyBook/itunes/Music/Singles/Christophe Maé/Nature (2010).opus
  🎵 songrec-rename -i …
  [sim] songrec-rename -i '/mnt/MyBook/itunes/Music/Singles/Christophe Maé/Nature (2010).opus'
  📚 beet import -q …
  [sim] beet import -q '/mnt/MyBook/itunes/Music/Singles/Christophe Maé/Nature (2010).opus'
  [sim] API Plex PUT /:/rate?key=2138897&rating=0
  ✅ OK
[226/1425] Christophe Maé — Nature
  📄 /mnt/ssd/Musiques/Christophe Mae/On trace la route/1-05 Nature.m4a
  🎵 songrec-rename -i …
  [sim] songrec-rename -i '/mnt/ssd/Musiques/Christophe Mae/On trace la route/1-05 Nature.m4a'
  📚 beet import -q …
  [sim] beet import -q '/mnt/ssd/Musiques/Christophe Mae/On trace la route/1-05 Nature.m4a'
  [sim] API Plex PUT /:/rate?key=2552949&rating=0
  ✅ OK
[227/1425] Christophe Maé — Nature
  📄 /mnt/ssd/Musiques/2836-A62E/Christophe Mae/On trace la route/1-05 Nature.m4a
  🎵 songrec-rename -i …
  [sim] songrec-rename -i '/mnt/ssd/Musiques/2836-A62E/Christophe Mae/On trace la route/1-05 Nature.m4a'
  📚 beet import -q …
  [sim] beet import -q '/mnt/ssd/Musiques/2836-A62E/Christophe Mae/On trace la route/1-05 Nature.m4a'
  [sim] API Plex PUT /:/rate?key=2606138&rating=0
  ✅ OK
[228/1425] Christophe Maé — Je me lache
  📄 /mnt/ssd/Musiques/Christophe Mae/On trace la route/1-08 Je me lache.m4a
  🎵 songrec-rename -i …
  [sim] songrec-rename -i '/mnt/ssd/Musiques/Christophe Mae/On trace la route/1-08 Je me lache.m4a'
  📚 beet import -q …
  [sim] beet import -q '/mnt/ssd/Musiques/Christophe Mae/On trace la route/1-08 Je me lache.m4a'
  [sim] API Plex PUT /:/rate?key=2552950&rating=0
  ✅ OK
[229/1425] Christophe Maé — Je me lache