playlist,duplicate_group_id,count,track_id,title,artist,album,duration_s
Funk & Disco (4779 titres),1,13,1266443,"""Groove To The Music""",DJ Jean,Love Come Home,255
Funk & Disco (4779 titres),1,13,1427598,"""Groove To The Music""",DJ Jean,Love Come Home,255
Funk & Disco (4779 titres),1,13,2183998,"""Groove To The Music""",DJ Jean,Love Come Home,255
Funk & Disco (4779 titres),1,13,1968133,Groove to the Music,DJ Jean,Love Come Home,255
Funk & Disco (4779 titres),1,13,1996852,Groove to the Music,DJ Jean,Love Come Home,255
Funk & Disco (4779 titres),1,13,1996853,Groove to the Music,DJ Jean,Love Come Home,255
Funk & Disco (4779 titres),1,13,1996854,Groove to the Music,DJ Jean,Love Come Home,255
Funk & Disco (4779 titres),1,13,1996855,Groove to the Music,DJ Jean,Love Come Home,255
Funk & Disco (4779 titres),1,13,1996856,Groove to the Music,DJ Jean,Love Come Home,255
Funk & Disco (4779 titres),1,13,1996857,Groove to the Music,DJ Jean,Love Come Home,255
Funk & Disco (4779 titres),1,13,1996858,Groove to the Music,DJ Jean,Love Come Home,255
Funk & Disco (4779 titres),1,13,2112156,Groove to the Music,DJ Jean,Love Come Home,255
Funk & Disco (4779 titres),1,13,2183997,Groove to the Music,DJ Jean,Love Come Home,255
Funk & Disco (4779 titres),2,3,1418963,#1 Dee Jay,Various Artists,Disco Connection: Authentic Classic Disco 1976-1981,452
Funk & Disco (4779 titres),2,3,1427594,#1 Dee Jay,Various Artists,Disco Connection: Authentic Classic Disco 1976-1981,452
Funk & Disco (4779 titres),2,3,2111687,#1 Dee Jay,Various Artists,Disco Connection: Authentic Classic Disco 1976-1981,452
Funk & Disco (4779 titres),3,5,2184670,(ARE YOU READY) DO THE BUS STOP,Various Artists,SOUL FUNK ALL STARS,197
Funk & Disco (4779 titres),3,5,1943279,(Are You Ready) Do The Bus Stop,Various Artists,100% Hits Funk - Volume 1,197
Funk & Disco (4779 titres),3,5,1248021,(Are You Ready) Do the Bus Stop,Various Artists,Anthems: Disco,197
Funk & Disco (4779 titres),3,5,1418734,(Are You Ready) Do the Bus Stop,Various Artists,Anthems: Disco,197
Funk & Disco (4779 titres),3,5,1427589,(Are You Ready) Do the Bus Stop,Various Artists,Anthems: Disco,197
Funk & Disco (4779 titres),4,3,1427582,(Do the) Mashed Potatoes,James Brown,Grits & Soul,151
Funk & Disco (4779 titres),4,3,1427583,(Do the) Mashed Potatoes,James Brown,Grits & Soul,151
Funk & Disco (4779 titres),4,3,2121274,(Do the) Mashed Potatoes,James Brown,Grits & Soul,151
Funk & Disco (4779 titres),5,2,2181888,"(NOT JUST) KNEE DEEP, PT. 1",Various Artists,"MASTERMIX CLASSIC CUTS, VOLUME 135: JAZZ FUNK",268
Funk & Disco (4779 titres),5,2,2054644,(Not Just) Knee Deep (Pt. 1),Various Artists,100 Hits Funk,316
Funk & Disco (4779 titres),6,3,1410315,(Not Just) Knee Deep,Various Artists,Greatest Hits of Soul and R&B,266
Funk & Disco (4779 titres),6,3,2054642,(Not Just) Knee Deep,Various Artists,100% Hits Funk - Volume 1,316
Funk & Disco (4779 titres),6,3,2197082,(Not Just) Knee Deep,Various Artists,Greatest Hits of Soul and R&B,266
Funk & Disco (4779 titres),7,2,2002897,(Not Just) Knee Deep (Part 1),Funkadelic,The Whole Funk & Nothing but the Funk,922
Funk & Disco (4779 titres),7,2,2002898,"(Not Just) Knee Deep, Part 1",Funkadelic,The Whole Funk & Nothing but the Funk,922
Funk & Disco (4779 titres),8,2,1973099,(You're My) Soul & Inspiration,The Righteous Brothers,Gold,195
Funk & Disco (4779 titres),8,2,1972889,(You’re My) Soul & Inspiration,The Righteous Brothers,Live On The Sunset Strip,206
Funk & Disco (4779 titres),9,9,1972919,(You're My) Soul And Inspiration,The Righteous Brothers,Reunion,203
Funk & Disco (4779 titres),9,9,1972965,(You're My) Soul and Inspiration,The Righteous Brothers,Rock 'N' Roll Legends,197
Funk & Disco (4779 titres),9,9,1973043,(You're My) Soul and Inspiration,The Righteous Brothers,20th Century Masters: The Millennium Collection: The Best of the Righteous Brothers,185
Funk & Disco (4779 titres),9,9,1973053,(You're My) Soul and Inspiration,The Righteous Brothers,The Very Best of The Righteous Brothers: Unchained Melody,186
Funk & Disco (4779 titres),9,9,1973054,(You're My) Soul and Inspiration,The Righteous Brothers,The Very Best of The Righteous Brothers: Unchained Melody,120
Funk & Disco (4779 titres),9,9,1973075,(You're My) Soul and Inspiration,The Righteous Brothers,The Very Best of the Righteous Brothers: Unchained Melody,204
Funk & Disco (4779 titres),9,9,1973237,(You're My) Soul and Inspiration,The Righteous Brothers,Unchained Melodies,204
Funk & Disco (4779 titres),9,9,1973032,(you're My) Soul and Inspiration,The Righteous Brothers,The Essential Collection,180
Funk & Disco (4779 titres),9,9,1972903,You're My Soul And Inspiration,The Righteous Brothers,One For The Road,189
Funk & Disco (4779 titres),10,2,2218581,01.Power Of The Dollar,Kool and The Gang,Kool Funk Essentials,390
Funk & Disco (4779 titres),10,2,2239835,01.Power Of The Dollar,Kool and The Gang,Kool Funk Essentials,390
Funk & Disco (4779 titres),11,3,2176181,02 Super Disco Breakin',Beastie Boys,Glasgow Scotland,93
Funk & Disco (4779 titres),11,3,2213595,02 Super Disco Breakin',Beastie Boys,Glasgow Scotland,93
Funk & Disco (4779 titres),11,3,2271591,02 Super Disco Breakin',Beastie Boys,Glasgow Scotland,93
Funk & Disco (4779 titres),12,2,2218582,02.Boogie Band,Kool and The Gang,Kool Funk Essentials,322
Funk & Disco (4779 titres),12,2,2239836,02.Boogie Band,Kool and The Gang,Kool Funk Essentials,322
Funk & Disco (4779 titres),13,2,2218583,03.99-100 Percent,Kool and The Gang,Kool Funk Essentials,418
Funk & Disco (4779 titres),13,2,2239837,03.99-100 Percent,Kool and The Gang,Kool Funk Essentials,418
Funk & Disco (4779 titres),14,2,2218584,04.Kind Of Funky,Kool and The Gang,Kool Funk Essentials,501
Funk & Disco (4779 titres),14,2,2239838,04.Kind Of Funky,Kool and The Gang,Kool Funk Essentials,501
Funk & Disco (4779 titres),15,3,1296509,05 Soul Asylum,Runaway Train,Sans Correspondence,264
Funk & Disco (4779 titres),15,3,1427320,05 Soul Asylum,Runaway Train,Sans Correspondence,264
Funk & Disco (4779 titres),15,3,2092839,05 Soul Asylum,Runaway Train,Audios,264
Funk & Disco (4779 titres),16,2,2218585,05.Starchild,Kool and The Gang,Kool Funk Essentials,534
Funk & Disco (4779 titres),16,2,2239839,05.Starchild,Kool and The Gang,Kool Funk Essentials,534
Funk & Disco (4779 titres),17,2,2218586,06.Strut,Kool and The Gang,Kool Funk Essentials,222
Funk & Disco (4779 titres),17,2,2239840,06.Strut,Kool and The Gang,Kool Funk Essentials,222
Funk & Disco (4779 titres),18,2,2218587,07.Jitterbugs,Kool and The Gang,Kool Funk Essentials,328
Funk & Disco (4779 titres),18,2,2239841,07.Jitterbugs,Kool and The Gang,Kool Funk Essentials,328
Funk & Disco (4779 titres),19,2,2218588,08.US Consicousness,Kool and The Gang,Kool Funk Essentials,172
Funk & Disco (4779 titres),19,2,2239842,08.US Consicousness,Kool and The Gang,Kool Funk Essentials,172
Funk & Disco (4779 titres),20,2,2218589,09.Funkasize,Kool and The Gang,Kool Funk Essentials,291
Funk & Disco (4779 titres),20,2,2239843,09.Funkasize,Kool and The Gang,Kool Funk Essentials,291
Funk & Disco (4779 titres),21,2,2218590,10.Big Apple Boogie,Kool and The Gang,Kool Funk Essentials,535
Funk & Disco (4779 titres),21,2,2239844,10.Big Apple Boogie,Kool and The Gang,Kool Funk Essentials,535
Funk & Disco (4779 titres),22,2,1252647,1000 Guns,Oh No,Dr. No's Kali Tornado Funk,117
Funk & Disco (4779 titres),22,2,1427544,1000 Guns,Oh No,Dr. No's Kali Tornado Funk,117
Funk & Disco (4779 titres),23,2,2220178,10A - I'm in Love With a German Film Star (Jurgen Paape remix),Aeroplane,Mixmag Presents: Aeroplane: Disco Balearica,197
Funk & Disco (4779 titres),23,2,2240391,10A - I'm in Love With a German Film Star (Jurgen Paape remix),Aeroplane,Mixmag Presents: Aeroplane: Disco Balearica,197
Funk & Disco (4779 titres),24,2,2218591,11.Shortage,Kool and The Gang,Kool Funk Essentials,219
Funk & Disco (4779 titres),24,2,2239845,11.Shortage,Kool and The Gang,Kool Funk Essentials,219
Funk & Disco (4779 titres),25,2,2220173,11B - Paris (Aeroplane remix),Aeroplane,Mixmag Presents: Aeroplane: Disco Balearica,219
Funk & Disco (4779 titres),25,2,2240386,11B - Paris (Aeroplane remix),Aeroplane,Mixmag Presents: Aeroplane: Disco Balearica,219
Funk & Disco (4779 titres),26,2,2218592,12.Crazy Sally,Kool and The Gang,Kool Funk Essentials,333
Funk & Disco (4779 titres),26,2,2239846,12.Crazy Sally,Kool and The Gang,Kool Funk Essentials,333
Funk & Disco (4779 titres),27,2,1427080,13 Funk 4,Unknown Artist,Unknown Album,0
Funk & Disco (4779 titres),27,2,2022589,13 Funk 4,Unknown Artist,Recording 001,0
Funk & Disco (4779 titres),28,3,2176951,14. Beastie Boys - Super Disco Breakin',Beastie Boys,"1998.08.28. Beastie Boys. Biddinghuizen, Walibi Flevo, Lowlands Festival - 320",103
Funk & Disco (4779 titres),28,3,2219483,14. Beastie Boys - Super Disco Breakin',Beastie Boys,"1998.08.28. Beastie Boys. Biddinghuizen, Walibi Flevo, Lowlands Festival - 320",103
Funk & Disco (4779 titres),28,3,2271663,14. Beastie Boys - Super Disco Breakin',Beastie Boys,"1998.08.28. Beastie Boys. Biddinghuizen, Walibi Flevo, Lowlands Festival - 320",103
Funk & Disco (4779 titres),29,2,2220168,1A - Macrobiotic,Aeroplane,Mixmag Presents: Aeroplane: Disco Balearica,187
Funk & Disco (4779 titres),29,2,2240381,1A - Macrobiotic,Aeroplane,Mixmag Presents: Aeroplane: Disco Balearica,187
Funk & Disco (4779 titres),30,2,2220181,1B - Lion (Bag Raider remix),Aeroplane,Mixmag Presents: Aeroplane: Disco Balearica,251
Funk & Disco (4779 titres),30,2,2240394,1B - Lion (Bag Raider remix),Aeroplane,Mixmag Presents: Aeroplane: Disco Balearica,251
Funk & Disco (4779 titres),31,2,1945603,23rd Psalm,Al Green,Soul Survivor,225
Funk & Disco (4779 titres),31,2,2159438,23rd Psalm,Al Green,Soul Survivor,225
Funk & Disco (4779 titres),32,2,2220170,2A - Afro Comedy,Aeroplane,Mixmag Presents: Aeroplane: Disco Balearica,163
Funk & Disco (4779 titres),32,2,2240383,2A - Afro Comedy,Aeroplane,Mixmag Presents: Aeroplane: Disco Balearica,163
Funk & Disco (4779 titres),33,2,2220179,"2A - Kilometer (Aeroplane 'Italo 84"" mix)",Aeroplane,Mixmag Presents: Aeroplane: Disco Balearica,304
Funk & Disco (4779 titres),33,2,2240392,"2A - Kilometer (Aeroplane 'Italo 84"" mix)",Aeroplane,Mixmag Presents: Aeroplane: Disco Balearica,304
Funk & Disco (4779 titres),34,2,1252639,3 Dollar Club,Oh No,Dr. No's Kali Tornado Funk,66
Funk & Disco (4779 titres),34,2,1687638,3 Dollar Club,Oh No,Dr. No's Kali Tornado Funk,66
Funk & Disco (4779 titres),35,2,1985128,32. Air (Soprano): But Thou Didst Not Leave His Soul,"George Frideric Handel, Arleen Auger, Anne Sofie Von Otter, Michael Chance, Howard Crook, John Tomlinson, The English Concert And Choir / Trevor Pinnock",Messiah,128
Funk & Disco (4779 titres),35,2,2264378,32. Air (Soprano): But Thou Didst Not Leave His Soul,"George Frideric Handel, Arleen Auger, Anne Sofie Von Otter, Michael Chance, Howard Crook, John Tomlinson, The English Concert And Choir / Trevor Pinnock",Messiah,128
Funk & Disco (4779 titres),36,2,2220172,3B - Burning Feeling,Aeroplane,Mixmag Presents: Aeroplane: Disco Balearica,252
Funk & Disco (4779 titres),36,2,2240385,3B - Burning Feeling,Aeroplane,Mixmag Presents: Aeroplane: Disco Balearica,252
Funk & Disco (4779 titres),37,2,2220175,4A - Rushin to Paradise (Walking These Streets),Aeroplane,Mixmag Presents: Aeroplane: Disco Balearica,467
Funk & Disco (4779 titres),37,2,2240388,4A - Rushin to Paradise (Walking These Streets),Aeroplane,Mixmag Presents: Aeroplane: Disco Balearica,467
Funk & Disco (4779 titres),38,2,2220169,4B - Big in Japan,Aeroplane,Mixmag Presents: Aeroplane: Disco Balearica,55
Funk & Disco (4779 titres),38,2,2240382,4B - Big in Japan,Aeroplane,Mixmag Presents: Aeroplane: Disco Balearica,55
Funk & Disco (4779 titres),39,2,2220182,5B - Antibodies,Aeroplane,Mixmag Presents: Aeroplane: Disco Balearica,265
Funk & Disco (4779 titres),39,2,2240395,5B - Antibodies,Aeroplane,Mixmag Presents: Aeroplane: Disco Balearica,265
Funk & Disco (4779 titres),40,2,1427166,634 – 5789,James Brown,Handful of Soul;James_Brown,175
Funk & Disco (4779 titres),40,2,2061309,634 – 5789,James Brown,Handful of Soul;James_Brown,175
Funk & Disco (4779 titres),41,2,2220174,7A - Connections (Ewan Pearson's Slo NRG remix),Aeroplane,Mixmag Presents: Aeroplane: Disco Balearica,255
Funk & Disco (4779 titres),41,2,2240387,7A - Connections (Ewan Pearson's Slo NRG remix),Aeroplane,Mixmag Presents: Aeroplane: Disco Balearica,255
Funk & Disco (4779 titres),42,2,2220171,7A - The Day We Fell in Love,Aeroplane,Mixmag Presents: Aeroplane: Disco Balearica,214
Funk & Disco (4779 titres),42,2,2240384,7A - The Day We Fell in Love,Aeroplane,Mixmag Presents: Aeroplane: Disco Balearica,214
Funk & Disco (4779 titres),43,2,2210729,8 Days of Hannukah,Sharon Jones and the Dap‐Kings,It’s a Holiday Soul Party,222
Funk & Disco (4779 titres),43,2,2246469,8 Days of Hannukah,Sharon Jones and the Dap‐Kings,It's a Holiday Soul Party,222
Funk & Disco (4779 titres),44,2,2220180,8A - Runaway,Aeroplane,Mixmag Presents: Aeroplane: Disco Balearica,303
Funk & Disco (4779 titres),44,2,2240393,8A - Runaway,Aeroplane,Mixmag Presents: Aeroplane: Disco Balearica,303
Funk & Disco (4779 titres),45,2,2220176,8B - Now Til '69 (Aeroplane remix),Aeroplane,Mixmag Presents: Aeroplane: Disco Balearica,371
Funk & Disco (4779 titres),45,2,2240389,8B - Now Til '69 (Aeroplane remix),Aeroplane,Mixmag Presents: Aeroplane: Disco Balearica,371
Funk & Disco (4779 titres),46,2,2220177,8B - Sign Of The Times,Aeroplane,Mixmag Presents: Aeroplane: Disco Balearica,128
Funk & Disco (4779 titres),46,2,2240390,8B - Sign Of The Times,Aeroplane,Mixmag Presents: Aeroplane: Disco Balearica,128
Funk & Disco (4779 titres),47,4,2218532,99 44-100%,Kool and The Gang,Funk Essentials,418
Funk & Disco (4779 titres),47,4,2239802,99 44-100%,Kool and The Gang,Funk Essentials,418
Funk & Disco (4779 titres),47,4,2233643,99 44/100%,Kool and The Gang,Kool Funk Essentials 1970-1977,417
Funk & Disco (4779 titres),47,4,2239790,99 44/100%,Kool and The Gang,Kool Funk Essentials 1970-1977,417
Funk & Disco (4779 titres),48,3,1427057,A Blues Thang,Basement Freaks,Funk From The Trunk,926
Funk & Disco (4779 titres),48,3,1427058,A Blues Thang,Basement Freaks,Funk From The Trunk,926
Funk & Disco (4779 titres),48,3,1427059,A Blues Thang,Basement Freaks,Funk From The Trunk,926
Funk & Disco (4779 titres),49,2,1946115,A Little Bit,Booty Luv,Boogie 2Nite,193
Funk & Disco (4779 titres),49,2,1946129,A Little Bit,Booty Luv,Boogie 2nite,192
Funk & Disco (4779 titres),50,2,1427014,A Man Has to Go Back to the Crossroads,Various Artists,Shout Bamalama: Rare 60’s Soul and R&B,177
Funk & Disco (4779 titres),50,2,2099212,A Man Has to Go Back to the Crossroads,Various Artists,Shout Bamalama: Rare 60’s Soul and R&B,177
Funk & Disco (4779 titres),51,3,2186835,ALL NIGHT LONG,DJ ABDEL AND CUT KILLER,"HIP HOP SOUL PARTY, EPISODE IV",143
Funk & Disco (4779 titres),51,3,2186836,ALL NIGHT LONG,DJ ABDEL AND CUT KILLER,"HIP HOP SOUL PARTY, EPISODE IV",143
Funk & Disco (4779 titres),51,3,2146093,All Night Long,DJ Abdel and Cut Killer,"Hip Hop Soul Party, Episode IV",143
Funk & Disco (4779 titres),52,2,2232491,Above the Clouds,Kevin Yost,KY Funk 'n Stuff 2: Unreleased Past and Present,340
Funk & Disco (4779 titres),52,2,2272312,Above the Clouds,Kevin Yost,KY Funk 'n Stuff 2: Unreleased Past and Present,340
Funk & Disco (4779 titres),53,2,1942167,Acceptable in the 80s,Calvin Harris,I Created Disco,333
Funk & Disco (4779 titres),53,2,2266952,Acceptable in the 80s,Calvin Harris,I Created Disco,333
Funk & Disco (4779 titres),54,4,1971861,African Herbsman,Bob Marley & The Wailers,"Soul Revolution, Part II Dub",143
Funk & Disco (4779 titres),54,4,1996994,African Herbsman,Bob Marley & The Wailers,"Soul Revolution, Part II Dub",143
Funk & Disco (4779 titres),54,4,2268428,African Herbsman,Bob Marley & The Wailers,"Soul Revolution, Part II Dub",143
Funk & Disco (4779 titres),54,4,2268429,African Herbsman,Bob Marley & The Wailers,"Soul Revolution, Part II Dub",143
Funk & Disco (4779 titres),55,2,2260870,After Party,DJ Abdel and Cut Killer,"Hip Hop Soul Party, Volume 5",203
Funk & Disco (4779 titres),55,2,2260872,After Party,DJ Abdel and Cut Killer,"Hip Hop Soul Party, Volume 5",203
Funk & Disco (4779 titres),56,15,1427584,After You’re Through (extended version),James Brown,Grits & Soul,341
Funk & Disco (4779 titres),56,15,2061305,After You’re Through (extended version),James Brown,Grits & Soul,341
Funk & Disco (4779 titres),56,15,2105882,After You’re Through (extended version),James Brown,Grits & Soul,341
Funk & Disco (4779 titres),56,15,2199129,After You’re Through (extended version),James Brown,Grits & Soul,341
Funk & Disco (4779 titres),56,15,2199130,After You’re Through (extended version),James Brown,Grits & Soul,341
Funk & Disco (4779 titres),56,15,2199132,After You’re Through (extended version),James Brown,Grits & Soul,341
Funk & Disco (4779 titres),56,15,2237446,After You’re Through (extended version),James Brown,Grits & Soul,341
Funk & Disco (4779 titres),56,15,2237448,After You’re Through (extended version),James Brown,Grits & Soul,341
Funk & Disco (4779 titres),56,15,2237450,After You’re Through (extended version),James Brown,Grits & Soul,341
Funk & Disco (4779 titres),56,15,2245223,After You’re Through (extended version),James Brown,Grits & Soul,341
Funk & Disco (4779 titres),56,15,2245225,After You’re Through (extended version),James Brown,Grits & Soul,341
Funk & Disco (4779 titres),56,15,2245227,After You’re Through (extended version),James Brown,Grits & Soul,341
Funk & Disco (4779 titres),56,15,2251513,After You’re Through (extended version),James Brown,Grits & Soul,341
Funk & Disco (4779 titres),56,15,2257026,After You’re Through (extended version),James Brown,Grits & Soul,341
Funk & Disco (4779 titres),56,15,2260850,After You’re Through (extended version),James Brown,Grits & Soul,341
Funk & Disco (4779 titres),57,6,2199048,After the Rain,Oh No,Dr. No's Kali Tornado Funk,36
Funk & Disco (4779 titres),57,6,2260789,After the Rain,Oh No,Dr. No's Kali Tornado Funk,36
Funk & Disco (4779 titres),57,6,2260791,After the Rain,Oh No,Dr. No's Kali Tornado Funk,36
Funk & Disco (4779 titres),57,6,2260793,After the Rain,Oh No,Dr. No's Kali Tornado Funk,36
Funk & Disco (4779 titres),57,6,2260795,After the Rain,Oh No,Dr. No's Kali Tornado Funk,36
Funk & Disco (4779 titres),57,6,2260797,After the Rain,Oh No,Dr. No's Kali Tornado Funk,36
Funk & Disco (4779 titres),58,2,1426830,Ain't Gonna Hide My Love,Tina Charles,Heart 'N' Soul,228
Funk & Disco (4779 titres),58,2,2121068,Ain’t Gonna Hide My Love,Tina Charles,Heart 'N' Soul,228
Funk & Disco (4779 titres),59,3,2169813,Ain't No Chimneys In The Projects,Sharon Jones and the Dap‐Kings,It's a Holiday Soul Party,143
Funk & Disco (4779 titres),59,3,2246470,Ain't No Chimneys In The Projects,Sharon Jones and the Dap‐Kings,It's a Holiday Soul Party,143
Funk & Disco (4779 titres),59,3,2210730,Ain’t No Chimneys in the Projects,Sharon Jones and the Dap‐Kings,It’s a Holiday Soul Party,143
Funk & Disco (4779 titres),60,2,1419350,Ain't That A Groove (Part 1),James Brown,It's A Man's Man's Man's World,211
Funk & Disco (4779 titres),60,2,2079961,"Ain’t That a Groove, Part 1",James Brown,It's A Man's Man's Man's World,211
Funk & Disco (4779 titres),61,2,1245911,Ain’t No Stoppin’ Us Now (Ain’t No Way version),Cut Killer / DJ Abdel,Breakdown: The Very Best of Euphoric Disco,256
Funk & Disco (4779 titres),61,2,1428476,Ain’t No Stoppin’ Us Now (Ain’t No Way version),Cut Killer / DJ Abdel,Breakdown: The Very Best of Euphoric Disco,256
Funk & Disco (4779 titres),62,2,2222340,"Alexandrie, Alexandra (Version Disco)",M. Pokora,My Way,252
Funk & Disco (4779 titres),62,2,2242009,"Alexandrie, Alexandra (Version Disco)",M. Pokora,My Way,252
Funk & Disco (4779 titres),63,2,1247998,"Alice, I Want You Just for Me",Ben Liebrand,50 Disco Hits,225
Funk & Disco (4779 titres),63,2,1428421,"Alice, I Want You Just for Me",Ben Liebrand,50 Disco Hits,225
Funk & Disco (4779 titres),64,2,2101758,Alone,Front Line Assembly,Mechanical Soul,331
Funk & Disco (4779 titres),64,2,2178323,Alone,Front Line Assembly,Mechanical Soul,331
Funk & Disco (4779 titres),65,2,1234333,Altered Native Soul,Shaka Ponk,The White Pixel Ape (Smoking Isolate to Keep in Shape),323
Funk & Disco (4779 titres),65,2,2180084,Altered Native Soul,Shaka Ponk,Altered Native Soul - EP,324
Funk & Disco (4779 titres),66,2,1300492,Amore no,Adriano Celentano,Italiano Disco (100 Hits From Italy),298
Funk & Disco (4779 titres),66,2,1428246,Amore no,Adriano Celentano,Italiano Disco (100 Hits From Italy),298
Funk & Disco (4779 titres),67,2,2243980,Ancestral Ceremony,Kool and The Gang,Spirit Of The Boogie,218
Funk & Disco (4779 titres),67,2,2258006,Ancestral Ceremony,Kool and The Gang,Spirit Of The Boogie,218
Funk & Disco (4779 titres),68,2,1289100,Andrea,Adriano Celentano,Italiano Disco (100 Hits From Italy),242
Funk & Disco (4779 titres),68,2,1428126,Andrea,Adriano Celentano,Italiano Disco (100 Hits From Italy),242
Funk & Disco (4779 titres),69,2,1688791,Andy Smith Talks About His New Album 'reach Up Disco Wonderland',Various Artists,Dj Andy Smith Presents: Reach Up Disco Wonderland,251
Funk & Disco (4779 titres),69,2,1622640,Andy Smith talks about his new album 'Reach Up - Disco Wonderland',Various Artists,DJ Andy Smith presents: Reach Up Disco Wonderland,251
Funk & Disco (4779 titres),70,2,1428189,Angel,Chaka Khan,Funk This,266
Funk & Disco (4779 titres),70,2,2139809,Angel,Chaka Khan,Funk This,266
Funk & Disco (4779 titres),71,2,1278959,Aquamarine,Carlos Santana,Aniversario (disco 2),332
Funk & Disco (4779 titres),71,2,1428083,Aquamarine,Carlos Santana,Aniversario (disco 2),332
Funk & Disco (4779 titres),72,2,1248777,Arrivederci a Bahia,Adriano Celentano,Italiano Disco (100 Hits From Italy),181
Funk & Disco (4779 titres),72,2,1428579,Arrivederci a Bahia,Adriano Celentano,Italiano Disco (100 Hits From Italy),181
Funk & Disco (4779 titres),73,2,1427963,Artificial Intelligence,Detroit Grand Pubahs,Funk All Y'all,194
Funk & Disco (4779 titres),73,2,2108373,Artificial Intelligence,Detroit Grand Pubahs,Funk All Y'all,194
Funk & Disco (4779 titres),74,2,1273586,At Night (Purple Disco Machine extended remix),Purple Disco Machine,Discotheque,259
Funk & Disco (4779 titres),74,2,1427957,At Night (Purple Disco Machine extended remix),Purple Disco Machine,Discotheque,259
Funk & Disco (4779 titres),75,2,1248947,Azzurro,Adriano Celentano,Italiano Disco (100 Hits From Italy),222
Funk & Disco (4779 titres),75,2,2114454,Azzurro,Adriano Celentano,Italiano Disco (100 Hits From Italy),222
Funk & Disco (4779 titres),76,2,2181873,"BABY, DON'T CHANGE YOUR MIND",Various Artists,100 HITS THE BEST DISCO ALBUM,190
Funk & Disco (4779 titres),76,2,1849398,Baby Don’t Change Your Mind,Various Artists,100 Hits: the Best Disco Album,190
Funk & Disco (4779 titres),77,2,2184426,BEST OF MY LOVE,Various Artists,ULTIMATE DISCO,222
Funk & Disco (4779 titres),77,2,1350204,Best of My Love,Various Artists,100 Hits: the Best Disco Album,219
Funk & Disco (4779 titres),78,2,2154418,BLEED,Collective Soul,COLLECTIVE SOUL,243
Funk & Disco (4779 titres),78,2,2108314,Bleed,Collective Soul,COLLECTIVE SOUL,243
Funk & Disco (4779 titres),79,4,2201575,BOOGIE NIGHTS,Heatwave,DISCO LEGENDS,176
Funk & Disco (4779 titres),79,4,1427281,Boogie Nights,Heatwave,Too Hot to Handle,217
Funk & Disco (4779 titres),79,4,1687614,Boogie Nights,Heatwave,Always and Forever,303
Funk & Disco (4779 titres),79,4,2183865,Boogie Nights,Heatwave,Always and Forever,303
Funk & Disco (4779 titres),80,2,2120788,BREAK MY SOUL,Beyoncé,RENAISSANCE,278
Funk & Disco (4779 titres),80,2,1977004,Break My Soul,Beyoncé,Renaissance,278
Funk & Disco (4779 titres),81,2,1252652,Baby Ain't No,Oh No,Dr. No's Kali Tornado Funk,110
Funk & Disco (4779 titres),81,2,2113802,Baby Ain't No,Oh No,Dr. No's Kali Tornado Funk,110
Funk & Disco (4779 titres),82,2,2102321,Baby I’m Coming Home,The Black Keys,Dropout Boogie,188
Funk & Disco (4779 titres),82,2,2164951,Baby I’m Coming Home,The Black Keys,Dropout Boogie,188
Funk & Disco (4779 titres),83,3,2217959,Baby! (Disco Man mixx),Molella,My Space (10th Anniversary),308
Funk & Disco (4779 titres),83,3,2239388,Baby! (Disco Man mixx),Molella,My Space (10th Anniversary),308
Funk & Disco (4779 titres),83,3,2261880,Baby! (Disco Man mixx),Molella,My Space (10th Anniversary),308
Funk & Disco (4779 titres),84,2,2142514,Back To Black (15-Feb-2007),Amy Winehouse,The Soul Of Amy Winehouse - Unplugged And Electrified,225
Funk & Disco (4779 titres),84,2,2257175,Back To Black (15-Feb-2007),Amy Winehouse,The Soul Of Amy Winehouse - Unplugged And Electrified,225
Funk & Disco (4779 titres),85,2,1995516,Back To Black (Unplugged 11-May-2007),Amy Winehouse,The Soul Of Amy Winehouse - Unplugged And Electrified,154
Funk & Disco (4779 titres),85,2,2252122,Back To Black (Unplugged 11-May-2007),Amy Winehouse,The Soul Of Amy Winehouse - Unplugged And Electrified,154
Funk & Disco (4779 titres),86,2,1444123,Back in the Day,Chaka Khan,Funk This,269
Funk & Disco (4779 titres),86,2,2139810,Back in the Day,Chaka Khan,Funk This,269
Funk & Disco (4779 titres),87,2,1245938,Back to You,Beverley Knight,Music City Soul,227
Funk & Disco (4779 titres),87,2,2123425,Back to You,Beverley Knight,Music City Soul,227
Funk & Disco (4779 titres),88,2,1245546,Banquet (Phones disco edit),Bloc Party,Silent Alarm Remixed,324
Funk & Disco (4779 titres),88,2,2114389,Banquet (Phones disco edit),Bloc Party,Leave Them All Behind,0
Funk & Disco (4779 titres),89,2,1427186,Barbara Fowler - Come and Get My Lovin',Barbara Fowler,"Star-Funk,_Vol._38",364
Funk & Disco (4779 titres),89,2,1493856,Barbara Fowler - Come and Get My Lovin',Barbara Fowler,"Star-Funk,_Vol._38",364
Funk & Disco (4779 titres),90,2,2101759,Barbarians,Front Line Assembly,Mechanical Soul,278
Funk & Disco (4779 titres),90,2,2178324,Barbarians,Front Line Assembly,Mechanical Soul,278
Funk & Disco (4779 titres),91,2,1347131,Be Still My Soul-What A Friend We Have In Jesus,Selah,Greatest Hymns,251
Funk & Disco (4779 titres),91,2,2125059,Be Still My Soul-What A Friend We Have In Jesus,Selah,Greatest Hymns,251
Funk & Disco (4779 titres),92,2,1884773,Be Without You,Booty Luv,Boogie 2Nite,221
Funk & Disco (4779 titres),92,2,1946126,Be Without You,Booty Luv,Boogie 2nite,221
Funk & Disco (4779 titres),93,7,1246148,Beastie Groove,Beastie Boys,Beastiality,210
Funk & Disco (4779 titres),93,7,2134028,Beastie Groove,Beastie Boys,Beastiality,210
Funk & Disco (4779 titres),93,7,2177139,Beastie Groove,Beastie Boys,Demos And Outtakes,212
Funk & Disco (4779 titres),93,7,2219814,Beastie Groove,Beastie Boys,Demos And Outtakes,212
Funk & Disco (4779 titres),93,7,2234183,Beastie Groove,Beastie Boys,Rock Hard,222
Funk & Disco (4779 titres),93,7,2259835,Beastie Groove,Beastie Boys,Def Before Dishonor,214
Funk & Disco (4779 titres),93,7,2259836,Beastie Groove,Beastie Boys,Def Before Dishonor,214
Funk & Disco (4779 titres),94,2,2219315,Beltane Walk,T. Rex,Bolan Boogie,141
Funk & Disco (4779 titres),94,2,2240205,Beltane Walk,T. Rex,Bolan Boogie,141
Funk & Disco (4779 titres),95,4,2218533,Big Apple Boogie,Kool and The Gang,Funk Essentials,535
Funk & Disco (4779 titres),95,4,2233644,Big Apple Boogie,Kool and The Gang,Kool Funk Essentials 1970-1977,535
Funk & Disco (4779 titres),95,4,2239791,Big Apple Boogie,Kool and The Gang,Kool Funk Essentials 1970-1977,535
Funk & Disco (4779 titres),95,4,2239803,Big Apple Boogie,Kool and The Gang,Funk Essentials,535
Funk & Disco (4779 titres),96,3,2167254,Big Bulbs,Sharon Jones and the Dap‐Kings,It's a Holiday Soul Party,176
Funk & Disco (4779 titres),96,3,2210726,Big Bulbs,Sharon Jones and the Dap‐Kings,It’s a Holiday Soul Party,176
Funk & Disco (4779 titres),96,3,2246471,Big Bulbs,Sharon Jones and the Dap‐Kings,It's a Holiday Soul Party,176
Funk & Disco (4779 titres),97,2,1294203,Big Fun,DJ Crazy B / DJ Eanov,So Good: Funk & R’n’b Selection,287
Funk & Disco (4779 titres),97,2,2112605,Big Fun,DJ Crazy B / DJ Eanov,So Good: Funk & R’n’b Selection,287
Funk & Disco (4779 titres),98,2,1965699,Blame It On The Boogie,Tina Charles,Feels Like Sunday,227
Funk & Disco (4779 titres),98,2,2197039,Blame It On The Boogie,Tina Charles,Feels Like Sunday,227
Funk & Disco (4779 titres),99,3,1254372,Blame It on the Boogie,The Jacksons,Destiny,215
Funk & Disco (4779 titres),99,3,1952493,Blame It on the Boogie,The Jacksons,Destiny,215
Funk & Disco (4779 titres),99,3,2266073,Blame It on the Boogie,The Jacksons,Destiny,215
Funk & Disco (4779 titres),100,2,2109482,Blame It on the Boogie,Cascada,Studio 24,193
Funk & Disco (4779 titres),100,2,2159644,Blame It on the Boogie,Cascada,Studio 24,193
Funk & Disco (4779 titres),101,3,1923662,Blue Bayou,Roy Orbison,The Soul Of Rock And Roll,150
Funk & Disco (4779 titres),101,3,1961186,Blue Bayou,Roy Orbison,The Best Of The Soul Of Rock And Roll,151
Funk & Disco (4779 titres),101,3,1961242,Blue Bayou,Roy Orbison,The Soul Of Rock And Roll,150
Funk & Disco (4779 titres),102,3,2258959,Blue Funk,Van Morrison,"Latest Record Project, Vol. 1",261
Funk & Disco (4779 titres),102,3,2259486,Blue Funk,Van Morrison,"Latest Record Project, Volume 1",261
Funk & Disco (4779 titres),102,3,2263158,Blue Funk,Van Morrison,"Latest Record Project, Vol. 1",261
Funk & Disco (4779 titres),103,2,1975615,Body & Soul,Bill Evans,Les incontournables du jazz - Bill Evans,379
Funk & Disco (4779 titres),103,2,2197177,Body & Soul,Bill Evans,Les incontournables du jazz - Bill Evans,379
Funk & Disco (4779 titres),104,3,1940546,Body And Soul,Amy Winehouse,Lioness: Hidden Treasures,198
Funk & Disco (4779 titres),104,3,1996364,Body And Soul,Amy Winehouse,Lioness: Hidden Treasures,198
Funk & Disco (4779 titres),104,3,1996365,Body And Soul,Amy Winehouse,Lioness: Hidden Treasures,198
Funk & Disco (4779 titres),105,6,1350650,Body Funk,Purple Disco Machine,Body funk,443
Funk & Disco (4779 titres),105,6,1427062,Body Funk,Purple Disco Machine,Body funk,443
Funk & Disco (4779 titres),105,6,1427063,Body Funk,Purple Disco Machine,Discotheque,264
Funk & Disco (4779 titres),105,6,1427070,Body Funk,Purple Disco Machine,Various Artists,154
Funk & Disco (4779 titres),105,6,1427071,Body Funk,Purple Disco Machine,Various Artists,154
Funk & Disco (4779 titres),105,6,2020466,Body Funk,Purple Disco Machine,Soulmatic,264
Funk & Disco (4779 titres),106,3,1350646,Body Funk (Claptone remix),Purple Disco Machine,Body Funk (Carl Cox remix),392
Funk & Disco (4779 titres),106,3,1444185,Body Funk (Claptone remix),Purple Disco Machine,Body Funk (Carl Cox remix),392
Funk & Disco (4779 titres),106,3,2134484,Body Funk (Claptone remix),Purple Disco Machine,Body Funk (Claptone remix),392
Funk & Disco (4779 titres),107,2,1350665,Body Funk (extended mix),Purple Disco Machine,Various Artists,444
Funk & Disco (4779 titres),107,2,1427069,Body Funk (extended mix),Purple Disco Machine,Various Artists,444
Funk & Disco (4779 titres),108,2,1350648,Body Funk - Claptone Remix feat. Claptone,Purple Disco Machine,Body Funk (Claptone Remix),192
Funk & Disco (4779 titres),108,2,2134482,Body Funk - Claptone Remix feat. Claptone,Purple Disco Machine,Body Funk (Claptone Remix),192
Funk & Disco (4779 titres),109,2,1427307,Body Groove (Mix MC version),Architechs feat. Nana,Summer Dance 2022,214
Funk & Disco (4779 titres),109,2,2064766,Body Groove (Mix MC version),Architechs feat. Nana,Summer Dance 2022,214
Funk & Disco (4779 titres),110,2,1427305,Body and Soul,Imagination,Trilogy: Remastered 2023,250
Funk & Disco (4779 titres),110,2,2017744,Body and Soul,Imagination,Trilogy,251
Funk & Disco (4779 titres),111,2,1427297,Boogie #1,Various Artists,The Specialty Story,167
Funk & Disco (4779 titres),111,2,2064024,Boogie #1,Various Artists,The Specialty Story,167
Funk & Disco (4779 titres),112,4,1427294,Boogie 2Nite,Booty Luv,Booty Luv,155
Funk & Disco (4779 titres),112,4,1946139,Boogie 2Nite,Booty Luv,Boogie 2nite,191
Funk & Disco (4779 titres),112,4,2120363,Boogie 2Nite,Booty Luv,Booty Luv,155
Funk & Disco (4779 titres),112,4,1946121,Boogie 2nite,Booty Luv,Boogie 2nite,196
Funk & Disco (4779 titres),113,9,2272890,Boogie 2Nite (Seamus Haji Big Love Edit),Booty Luv,Boogie 2Nite,196
Funk & Disco (4779 titres),113,9,1245227,Boogie 2nite (Seamus Haji Big Love Edit),Booty Luv,Classic Hits (From An Alternate Universe) : Lost & Recovered Gems 1965 - 1995,191
Funk & Disco (4779 titres),113,9,1427295,Boogie 2nite (Seamus Haji Big Love Edit),Booty Luv,Booty Luv,191
Funk & Disco (4779 titres),113,9,2099651,Boogie 2nite (Seamus Haji Big Love Edit),Booty Luv,Boogie 2nite,192
Funk & Disco (4779 titres),113,9,1427289,Boogie 2nite (Seamus Haji Big Love edit),Booty Luv,Boogie 2Nite,190
Funk & Disco (4779 titres),113,9,1427292,Boogie 2nite (Seamus Haji Big Love edit),Booty Luv,Boogie 2nite,192
Funk & Disco (4779 titres),113,9,1946105,Boogie 2nite (Seamus Haji Big Love edit),Booty Luv,Boogie 2nite,191
Funk & Disco (4779 titres),113,9,2099650,Boogie 2nite (Seamus Haji Big Love edit),Booty Luv,Boogie 2Nite,190
Funk & Disco (4779 titres),113,9,2183876,Boogie 2nite (Seamus Haji Big Love edit),Booty Luv,Classic Hits (From An Alternate Universe) : Lost & Recovered Gems 1965 - 1995,192
Funk & Disco (4779 titres),114,3,1946133,Boogie 2nite (DB Boulevard Edit),Booty Luv,Boogie 2nite,154
Funk & Disco (4779 titres),114,3,1245225,Boogie 2nite (DB Boulevard edit),Booty Luv,Classic Hits (From An Alternate Universe) : Lost & Recovered Gems 1965 - 1995,155
Funk & Disco (4779 titres),114,3,1884775,Boogie 2nite [DB Boulevard Edit],Booty Luv,Boogie 2Nite,154
Funk & Disco (4779 titres),115,4,2218534,Boogie Band,Kool and The Gang,Funk Essentials,322
Funk & Disco (4779 titres),115,4,2233645,Boogie Band,Kool and The Gang,Kool Funk Essentials 1970-1977,321
Funk & Disco (4779 titres),115,4,2239792,Boogie Band,Kool and The Gang,Kool Funk Essentials 1970-1977,321
Funk & Disco (4779 titres),115,4,2239804,Boogie Band,Kool and The Gang,Funk Essentials,322
Funk & Disco (4779 titres),116,4,1978589,Boogie Chillen,Buddy Guy,Going Back to Acoustic,247
Funk & Disco (4779 titres),116,4,2142219,Boogie Chillen,Buddy Guy,Going Back to Acoustic,247
Funk & Disco (4779 titres),116,4,2251962,Boogie Chillen,Buddy Guy,Going Back to Acoustic,247
Funk & Disco (4779 titres),116,4,2257135,Boogie Chillen,Buddy Guy,Going Back to Acoustic,247
Funk & Disco (4779 titres),117,2,2142225,Boogie Chillen feat. Junior Wells,Buddy Guy,Going Back to Acoustic,247
Funk & Disco (4779 titres),117,2,2251965,Boogie Chillen feat. Junior Wells,Buddy Guy,Going Back to Acoustic,247
Funk & Disco (4779 titres),118,2,2061419,Boogie Family Style,Buddy Guy,Breaking Out,243
Funk & Disco (4779 titres),118,2,2154281,Boogie Family Style,Buddy Guy,Breaking Out,243
Funk & Disco (4779 titres),119,7,1951095,Boogie Joe The Grinder,Quincy Jones,Body Heat,189
Funk & Disco (4779 titres),119,7,2267642,Boogie Joe The Grinder,Quincy Jones,Body Heat,189
Funk & Disco (4779 titres),119,7,1427283,Boogie Joe the Grinder,Quincy Jones,Body Heat,199
Funk & Disco (4779 titres),119,7,2196936,Boogie Joe the Grinder,Quincy Jones,Body Heat,199
Funk & Disco (4779 titres),119,7,1444181,"Boogie Joe, the Grinder",Quincy Jones,Body Heat,199
Funk & Disco (4779 titres),119,7,2060326,"Boogie Joe, the Grinder",Quincy Jones,Body Heat,199
Funk & Disco (4779 titres),119,7,2196937,"Boogie Joe, the Grinder",Quincy Jones,Body Heat,199
Funk & Disco (4779 titres),120,2,1426821,Boogie Man,Aerosmith,Get a Grip,135
Funk & Disco (4779 titres),120,2,2129216,Boogie Man,Aerosmith,Get a Grip,135
Funk & Disco (4779 titres),121,2,1427279,Boogie On Reggae Woman,Stevie Wonder,Fulfillingness’ First Finale,296
Funk & Disco (4779 titres),121,2,2260070,Boogie on Reggae Woman,Stevie Wonder,Fulfillingness' First Finale,296
Funk & Disco (4779 titres),122,2,1427277,Boogie Oogie Oogie,A Taste of Honey,Classic Masters: A Taste of Honey,245
Funk & Disco (4779 titres),122,2,2096122,Boogie Oogie Oogie,A Taste of Honey,Boogie Oogie Oogie / Disco Dancin',338
Funk & Disco (4779 titres),123,4,1437598,Boogie Wonderland,Various Artists,101 Running Songs,287
Funk & Disco (4779 titres),123,4,1883493,Boogie Wonderland,Various Artists,Boogie Wonderland (Stretch & Vern Remix),287
Funk & Disco (4779 titres),123,4,1954961,Boogie Wonderland,Various Artists,100 Hits: the Best Disco Album,283
Funk & Disco (4779 titres),123,4,2006821,Boogie Wonderland,Various Artists,C'est la Fête ! Volume 2,283
Funk & Disco (4779 titres),124,2,2059425,Boogie Wonderland,Cascada,Studio 24,195
Funk & Disco (4779 titres),124,2,2169878,Boogie Wonderland,Cascada,Studio 24,195
Funk & Disco (4779 titres),125,3,2259195,Boogie Wonderland,Karla Bonoff,La compile à danser,288
Funk & Disco (4779 titres),125,3,2259196,Boogie Wonderland,Karla Bonoff,La compile à danser,287
Funk & Disco (4779 titres),125,3,2259197,Boogie Wonderland,Karla Bonoff,La compile à danser,292
Funk & Disco (4779 titres),126,2,1295347,Born Again (Purple Disco Machine extended mix) feat. Doja Cat & RAYE,LISA,Born Again (Purple Disco Machine Remix) (feat. Doja Cat & RAYE),306
Funk & Disco (4779 titres),126,2,2135165,Born Again (Purple Disco Machine extended mix) feat. Doja Cat & RAYE,LISA,Born Again (Purple Disco Machine Remix) (feat. Doja Cat & RAYE),306
Funk & Disco (4779 titres),127,2,2068313,Born Again (feat. Doja Cat and RAYE) [Purple Disco Machine Extended Mix],LISA,Born Again (feat. Doja Cat & RAYE) [Purple Disco Machine Remix] - Single,205
Funk & Disco (4779 titres),127,2,2269706,Born Again (feat. Doja Cat and RAYE) [Purple Disco Machine Extended Mix],LISA,Born Again (feat. Doja Cat & RAYE) [Purple Disco Machine Remix] - Single,205
Funk & Disco (4779 titres),128,4,1197401,Born to Boogie,T. Rex,Tanx,125
Funk & Disco (4779 titres),128,4,2175446,Born to Boogie,T. Rex,Whatever Happened to the Teenage Dream? (1973),124
Funk & Disco (4779 titres),128,4,2219240,Born to Boogie,T. Rex,Whatever Happened to the Teenage Dream? (1973),124
Funk & Disco (4779 titres),128,4,2273198,Born to Boogie,T. Rex,Whatever Happened to the Teenage Dream? (1973),124
Funk & Disco (4779 titres),129,2,2108498,Born to Groove,"J.B.'s, The",Bring the Funk On Down,290
Funk & Disco (4779 titres),129,2,2163469,Born to Groove,"J.B.'s, The",Bring the Funk On Down,290
Funk & Disco (4779 titres),130,2,2170536,Bottom Of Your Soul,Toto,Falling In Between,418
Funk & Disco (4779 titres),130,2,2060284,Bottom of Your Soul,Toto,Falling In Between,418
Funk & Disco (4779 titres),131,3,2221546,Bout Time I Funk You,Marky Mark And The Funky Bunch,Music For The People,268
Funk & Disco (4779 titres),131,3,2241408,Bout Time I Funk You,Marky Mark And The Funky Bunch,Music For The People,268
Funk & Disco (4779 titres),131,3,2264037,Bout Time I Funk You,Marky Mark And The Funky Bunch,Music For The People,268
Funk & Disco (4779 titres),132,5,1884716,Brain Washing,Bob Marley & The Wailers,Soul Revolution Part II,158
Funk & Disco (4779 titres),132,5,1971846,Brain Washing,Bob Marley & The Wailers,"Soul Revolution, Part II Dub",161
Funk & Disco (4779 titres),132,5,1996987,Brain Washing,Bob Marley & The Wailers,"Soul Revolution, Part II Dub",161
Funk & Disco (4779 titres),132,5,2268413,Brain Washing,Bob Marley & The Wailers,"Soul Revolution, Part II Dub",161
Funk & Disco (4779 titres),132,5,2268414,Brain Washing,Bob Marley & The Wailers,"Soul Revolution, Part II Dub",161
Funk & Disco (4779 titres),133,2,1245440,Brain Washing (dub version),Bob Marley & The Wailers,"Soul Revolution, Part II",158
Funk & Disco (4779 titres),133,2,2132647,Brain Washing (dub version),Bob Marley & The Wailers,"Soul Revolution, Part II",158
Funk & Disco (4779 titres),134,2,1884015,Brainstorm Interlude,The Verve,A Northern Soul,311
Funk & Disco (4779 titres),134,2,1893298,Brainstorm Interlude,The Verve,A Northern Soul,314
Funk & Disco (4779 titres),135,9,1395087,Breeze & Soul,Kool and The Gang,Kool and the Gang,329
Funk & Disco (4779 titres),135,9,1410917,Breeze & Soul,Kool and The Gang,Kool and the Gang,330
Funk & Disco (4779 titres),135,9,2176385,Breeze & Soul,Kool and The Gang,Gangthology,330
Funk & Disco (4779 titres),135,9,2176438,Breeze & Soul,Kool and The Gang,The 50 Greatest Songs,328
Funk & Disco (4779 titres),135,9,2197161,Breeze & Soul,Kool and The Gang,Kool and the Gang,329
Funk & Disco (4779 titres),135,9,2197164,Breeze & Soul,Kool and The Gang,Kool and the Gang,330
Funk & Disco (4779 titres),135,9,2218413,Breeze & Soul,Kool and The Gang,Gangthology,330
Funk & Disco (4779 titres),135,9,2218444,Breeze & Soul,Kool and The Gang,The 50 Greatest Songs,328
Funk & Disco (4779 titres),135,9,2272116,Breeze & Soul,Kool and The Gang,Gangthology,330
Funk & Disco (4779 titres),136,2,2218666,Breeze and Soul,Kool and The Gang,Kool Jazz,331
Funk & Disco (4779 titres),136,2,2239875,Breeze and Soul,Kool and The Gang,Kool Jazz,331
Funk & Disco (4779 titres),137,3,2217694,Bring It Up,James Brown,James Brown Sings Raw Soul,165
Funk & Disco (4779 titres),137,3,2229407,Bring It Up,James Brown,James Brown Sings Raw Soul,165
Funk & Disco (4779 titres),137,3,2265924,Bring It Up,James Brown,James Brown Sings Raw Soul,165
Funk & Disco (4779 titres),138,2,2060015,Bring the Funk On Down,"J.B.'s, The",Bring the Funk On Down,266
Funk & Disco (4779 titres),138,2,2163464,Bring the Funk On Down,"J.B.'s, The",Bring the Funk On Down,266
Funk & Disco (4779 titres),139,4,1285782,Brown Eyed Handsome Man,Nina Simone,High Priestess of Soul,126
Funk & Disco (4779 titres),139,4,1426911,Brown Eyed Handsome Man,Nina Simone,High Priestess of Soul,126
Funk & Disco (4779 titres),139,4,2197101,Brown Eyed Handsome Man,Nina Simone,High Priestess of Soul,126
Funk & Disco (4779 titres),139,4,2197102,Brown Eyed Handsome Man,Nina Simone,High Priestess of Soul,126
Funk & Disco (4779 titres),140,2,1247210,Brrrat! (Disco Fries remix),Armand van Helden & Steve Aoki,Brrrat! (Remixes),341
Funk & Disco (4779 titres),140,2,2134442,Brrrat! (Disco Fries remix),Armand van Helden & Steve Aoki,Brrrat! (Remixes),341
Funk & Disco (4779 titres),141,3,2120916,Bullet Proof Soul,Sade,Love Deluxe,327
Funk & Disco (4779 titres),141,3,2167724,Bullet Proof Soul,Sade,Love Deluxe,334
Funk & Disco (4779 titres),141,3,2173073,Bullet Proof Soul,Sade,Love Deluxe,327
Funk & Disco (4779 titres),142,2,2102322,Burn the Damn Thing Down,The Black Keys,Dropout Boogie,177
Funk & Disco (4779 titres),142,2,2164949,Burn the Damn Thing Down,The Black Keys,Dropout Boogie,177
Funk & Disco (4779 titres),143,2,1252663,Burners,Oh No,Dr. No's Kali Tornado Funk,109
Funk & Disco (4779 titres),143,2,2133556,Burners,Oh No,Dr. No's Kali Tornado Funk,109
Funk & Disco (4779 titres),144,2,1903602,Burnt Soul,Front Line Assembly,State of Mind,164
Funk & Disco (4779 titres),144,2,2084945,Burnt Soul,Front Line Assembly,Permanent Data 1986​-​1989 (CLO3292). Total Terror II,164
Funk & Disco (4779 titres),145,2,2219325,By The Light of the Magical Moon,T. Rex,Bolan Boogie,172
Funk & Disco (4779 titres),145,2,2240215,By The Light of the Magical Moon,T. Rex,Bolan Boogie,172
Funk & Disco (4779 titres),146,2,2170414,CHECK YOUR GROOVE,Average White Band,LIVING IN COLOUR,300
Funk & Disco (4779 titres),146,2,2059867,Check Your Groove,Average White Band,LIVING IN COLOUR,300
Funk & Disco (4779 titres),147,2,2140918,Call on Me (Eric Prydz vs Retarded Funk mix),Eric Prydz,Call on Me,453
Funk & Disco (4779 titres),147,2,1277328,Call on Me (Eric Prydz vs. Retarded Funk mix),Eric Prydz,Call on Me,453
Funk & Disco (4779 titres),148,2,1282228,Can't Stop,Duck Sauce,Can't Stop / Boogie in Your Butt (single),205
Funk & Disco (4779 titres),148,2,2134784,Can’t Stop,Duck Sauce,Can't Stop / Boogie in Your Butt (single),205
Funk & Disco (4779 titres),149,3,2087072,Can't Take My Eyes Off You,Boys Town Gang,Disco Stars [[Disc 2]],221
Funk & Disco (4779 titres),149,3,1245171,Can’t Take My Eyes Off You,Boys Town Gang,Disco Stars [[Disc 2]],221
Funk & Disco (4779 titres),149,3,2142955,Can’t Take My Eyes Off You,Boys Town Gang,Disco Stars [[Disc 2]],221
Funk & Disco (4779 titres),150,2,1300493,Cantando,Adriano Celentano,Italiano Disco (100 Hits From Italy),260
Funk & Disco (4779 titres),150,2,1426808,Cantando,Adriano Celentano,Italiano Disco (100 Hits From Italy),260
Funk & Disco (4779 titres),151,2,1248933,Canzone d’amore,Adriano Celentano,Italiano Disco (100 Hits From Italy),184
Funk & Disco (4779 titres),151,2,1427239,Canzone d’amore,Adriano Celentano,Italiano Disco (100 Hits From Italy),184
Funk & Disco (4779 titres),152,2,2004083,Can’T Stop Playing (Amsterdam Funk mix),Dr. Kucho! & Gregor Salto,Can’T Stop Playing,417
Funk & Disco (4779 titres),152,2,2004086,Can’T Stop Playing (Amsterdam Funk mix),Dr. Kucho!; Gregor Salto,Can’T Stop Playing,415
Funk & Disco (4779 titres),153,2,2243983,Caribbean Festival,Kool and The Gang,Spirit Of The Boogie,453
Funk & Disco (4779 titres),153,2,2258009,Caribbean Festival,Kool and The Gang,Spirit Of The Boogie,453
Funk & Disco (4779 titres),154,2,1190795,Carla's Song,Harry Styles,"Kiss All The Time. Disco, Occasionally.",253
Funk & Disco (4779 titres),154,2,1492643,Carla’s Song,Harry Styles,"Kiss All the Time. Disco, Occasionally.",253
Funk & Disco (4779 titres),155,2,2068611,Cartouche Feel The Groove,Various Artists,Tube Dance,287
Funk & Disco (4779 titres),155,2,2010733,Cartouche: Feel the Groove,Various Artists,Tube Dance,287
Funk & Disco (4779 titres),156,2,1426810,Castles Made of Sand,Chaka Khan,Funk This,240
Funk & Disco (4779 titres),156,2,2139811,Castles Made of Sand,Chaka Khan,Funk This,240
Funk & Disco (4779 titres),157,2,1209104,Ce garçon qui danse,France Gall,Dancing Disco,250
Funk & Disco (4779 titres),157,2,2102692,Ce garçon qui danse,France Gall,Dancing Disco,246
Funk & Disco (4779 titres),158,6,1178519,Certified,Calvin Harris,I Created Disco,248
Funk & Disco (4779 titres),158,6,1411550,Certified,Calvin Harris,I Created Disco,248
Funk & Disco (4779 titres),158,6,1427200,Certified,Calvin Harris,I Created Disco,248
Funk & Disco (4779 titres),158,6,1427201,Certified,Calvin Harris,I Created Disco,248
Funk & Disco (4779 titres),158,6,1942161,Certified,Calvin Harris,I Created Disco,248
Funk & Disco (4779 titres),158,6,2266946,Certified,Calvin Harris,I Created Disco,248
Funk & Disco (4779 titres),159,3,1903902,Champion Soul Mix,DJ Cut Killer,L’original clando (Numéro 8),256
Funk & Disco (4779 titres),159,3,2269129,Champion Soul Mix,DJ Cut Killer,L'original clando (Numéro 8),256
Funk & Disco (4779 titres),159,3,2269130,Champion Soul Mix,DJ Cut Killer,L'original clando (Numéro 8),256
Funk & Disco (4779 titres),160,3,2229323,Chase the Clouds Away,Incognito,Jazz Funk,275
Funk & Disco (4779 titres),160,3,2232637,Chase the Clouds Away,Incognito,Jazz Funk,275
Funk & Disco (4779 titres),160,3,2265665,Chase the Clouds Away,Incognito,Jazz Funk,275
Funk & Disco (4779 titres),161,2,1940516,Cherry (London 30-May-2007),Amy Winehouse,The Soul Of Amy Winehouse - Unplugged And Electrified,153
Funk & Disco (4779 titres),161,2,2160809,Cherry (London 30-May-2007),Amy Winehouse,The Soul Of Amy Winehouse - Unplugged And Electrified,153
Funk & Disco (4779 titres),162,2,1280781,Chiara,Adriano Celentano,Italiano Disco (100 Hits From Italy),185
Funk & Disco (4779 titres),162,2,1427538,Chiara,Adriano Celentano,Italiano Disco (100 Hits From Italy),185
Funk & Disco (4779 titres),163,2,2218835,Chocolate Buttermilk,Kool and The Gang,The Best Of 1969-1976 (Funk Essentials),136
Funk & Disco (4779 titres),163,2,2239968,Chocolate Buttermilk,Kool and The Gang,The Best Of 1969-1976 (Funk Essentials),136
Funk & Disco (4779 titres),164,2,1252669,Chummery,Oh No,Dr. No's Kali Tornado Funk,49
Funk & Disco (4779 titres),164,2,1419072,Chummery,Oh No,Dr. No's Kali Tornado Funk,49
Funk & Disco (4779 titres),165,2,1248778,Ci sarà,Adriano Celentano,Italiano Disco (100 Hits From Italy),204
Funk & Disco (4779 titres),165,2,1427198,Ci sarà,Adriano Celentano,Italiano Disco (100 Hits From Italy),204
Funk & Disco (4779 titres),166,4,1289213,City High (DJ Man-X Sunset Nights Vocal Mix),DJ Man-X and V Lavender,"Seamless Masterclass Groove Assassin, Vol. 2",446
Funk & Disco (4779 titres),166,4,1289214,City High (DJ Man-X Sunset Nights Vocal Mix),DJ Man-X and V Lavender,"Seamless Masterclass Groove Assassin, Vol. 2",446
Funk & Disco (4779 titres),166,4,1427194,City High (DJ Man-X Sunset Nights Vocal Mix),DJ Man-X and V Lavender,"Seamless Masterclass Groove Assassin, Vol. 2",446
Funk & Disco (4779 titres),166,4,1427195,City High (DJ Man-X Sunset Nights Vocal Mix),DJ Man-X and V Lavender,"Seamless Masterclass Groove Assassin, Vol. 2",446
Funk & Disco (4779 titres),167,2,1247975,Closer to Home,Grand Funk Railroad,Collectors Series: Grand Funk Railroad,610
Funk & Disco (4779 titres),167,2,1428621,Closer to Home,Grand Funk Railroad,Collectors Series: Grand Funk Railroad,610
Funk & Disco (4779 titres),168,2,1948858,Cold Sweat,James Brown,CD of JB II: Cold Sweat & Other Soul Classics,452
Funk & Disco (4779 titres),168,2,2001950,Cold Sweat,James Brown,Cold Sweat & Other Soul Classics,444
Funk & Disco (4779 titres),169,5,1178500,Colours,Calvin Harris,I Created Disco,242
Funk & Disco (4779 titres),169,5,1426890,Colours,Calvin Harris,I Created Disco,242
Funk & Disco (4779 titres),169,5,1882291,Colours,Calvin Harris,I Created Disco,242
Funk & Disco (4779 titres),169,5,1942164,Colours,Calvin Harris,I Created Disco,242
Funk & Disco (4779 titres),169,5,2266949,Colours,Calvin Harris,I Created Disco,242
Funk & Disco (4779 titres),170,4,1285783,Come Ye,Nina Simone,High Priestess of Soul,219
Funk & Disco (4779 titres),170,4,1426912,Come Ye,Nina Simone,High Priestess of Soul,219
Funk & Disco (4779 titres),170,4,2197103,Come Ye,Nina Simone,High Priestess of Soul,219
Funk & Disco (4779 titres),170,4,2197104,Come Ye,Nina Simone,High Priestess of Soul,219
Funk & Disco (4779 titres),171,3,2009579,Come and Get My Lovin,Barbara Fowler,"Star-Funk, Vol. 38",364
Funk & Disco (4779 titres),171,3,1427183,Come and Get My Lovin',Barbara Fowler,"Star-Funk, Vol. 38",364
Funk & Disco (4779 titres),171,3,1427184,Come and Get My Lovin',Barbara Fowler,"Star-Funk, Vol. 38",364
Funk & Disco (4779 titres),172,2,1427180,Comin Home Baby,The Essence All Stars,Essence Of Funk,562
Funk & Disco (4779 titres),172,2,2115187,Comin' Home Baby,The Essence All Stars,Essence Of Funk,562
Funk & Disco (4779 titres),173,3,1427179,Coming Out Of Hiding,Pamela Stanley,Looking Back: The Disco Years 1979 - 1989  (Compilation),374
Funk & Disco (4779 titres),173,3,2128547,Coming Out Of Hiding,Pamela Stanley,Looking Back: The Disco Years 1979 - 1989  (Compilation),374
Funk & Disco (4779 titres),173,3,2025421,Coming Out of Hiding,Pamela Stanley,Looking Back∶ the Disco Years 1979 - 1989,374
Funk & Disco (4779 titres),174,2,2232930,Connectivity,Nikka Costa,Dirty Disco,495
Funk & Disco (4779 titres),174,2,2264878,Connectivity,Nikka Costa,Dirty Disco,229
Funk & Disco (4779 titres),175,2,1426797,Cornbread,The Essence All Stars,Essence Of Funk,447
Funk & Disco (4779 titres),175,2,2099620,Cornbread,The Essence All Stars,Essence Of Funk,447
Funk & Disco (4779 titres),176,3,1245436,Corner Stone,Bob Marley & The Wailers,Soul Rebels,153
Funk & Disco (4779 titres),176,3,2137536,Corner Stone,Bob Marley & The Wailers,Soul Rebels,153
Funk & Disco (4779 titres),176,3,2159431,Corner Stone,Bob Marley & The Wailers,Soul Rebels,153
Funk & Disco (4779 titres),177,2,1427170,Cose da grandi,Adriano Celentano,Italiano Disco (100 Hits From Italy),326
Funk & Disco (4779 titres),177,2,2113898,Cose da grandi,Adriano Celentano,Italiano Disco (100 Hits From Italy),326
Funk & Disco (4779 titres),178,2,2243979,Cosmic Energy,Kool and The Gang,Spirit Of The Boogie,228
Funk & Disco (4779 titres),178,2,2258005,Cosmic Energy,Kool and The Gang,Spirit Of The Boogie,228
Funk & Disco (4779 titres),179,4,2218535,Crazy Sally,Kool and The Gang,Funk Essentials,333
Funk & Disco (4779 titres),179,4,2233646,Crazy Sally,Kool and The Gang,Kool Funk Essentials 1970-1977,332
Funk & Disco (4779 titres),179,4,2239793,Crazy Sally,Kool and The Gang,Kool Funk Essentials 1970-1977,332
Funk & Disco (4779 titres),179,4,2239805,Crazy Sally,Kool and The Gang,Funk Essentials,333
Funk & Disco (4779 titres),180,2,1350672,Cry Me a River (Truth & Soul remix),Various Artists,Verve//Remixed⁴,165
Funk & Disco (4779 titres),180,2,1427098,Cry Me a River (Truth & Soul remix),Various Artists,Verve//Remixed⁴,165
Funk & Disco (4779 titres),181,2,2197334,Cry Me a River (Truth & Soul remix),Karla Bonoff,Verve//Remixed⁴,165
Funk & Disco (4779 titres),181,2,2197335,Cry Me a River (Truth & Soul remix),Karla Bonoff,Verve//Remixed⁴,165
Funk & Disco (4779 titres),182,2,1427096,Cry Me a River (Truth & Soul remixed),Various Artists,Various Artists,165
Funk & Disco (4779 titres),182,2,2143300,Cry Me a River (Truth & Soul remixed),Various Artists,Nova Tunes 1.8,165
Funk & Disco (4779 titres),183,2,1961185,Crying,Roy Orbison,The Best Of The Soul Of Rock And Roll,167
Funk & Disco (4779 titres),183,2,1961237,Crying,Roy Orbison,The Soul Of Rock And Roll,167
Funk & Disco (4779 titres),184,2,1427141,Cuando Yo Te Vi’,Edwin Rivera,Soul of a Dancer,220
Funk & Disco (4779 titres),184,2,2064724,Cuando Yo Te Vi’,Edwin Rivera,Soul of a Dancer,220
Funk & Disco (4779 titres),185,4,2194479,DA FUNK,Daft Punk,DAFT PUNK LIVE IN NYC,328
Funk & Disco (4779 titres),185,4,2194486,DA FUNK,Daft Punk,DA FUNK,334
Funk & Disco (4779 titres),185,4,1427130,Da Funk,Daft Punk,Homework,329
Funk & Disco (4779 titres),185,4,2259737,Da Funk,Daft Punk,Homework,329
Funk & Disco (4779 titres),186,3,2204092,DISCO - DONNA SUMMERS - HOT STUFF,Donna Summer,ENDLESS SUMMER: DONNA SUMMER'S,226
Funk & Disco (4779 titres),186,3,1295680,Disco - Donna Summers - Hot Stuff,Donna Summer,Endless Summer: Donna Summer's Greatest Hits,229
Funk & Disco (4779 titres),186,3,1427034,Disco - Donna Summers - Hot Stuff,Donna Summer,Endless Summer: Donna Summer's Greatest Hits,229
Funk & Disco (4779 titres),187,2,2178105,DISCO IN 4 PIECES,Karla Bonoff,AUDIOS,230
Funk & Disco (4779 titres),187,2,2144548,Disco in 4 Pieces,Karla Bonoff,Audios,230
Funk & Disco (4779 titres),188,5,2181875,DISCO LADY,Various Artists,100 HITS THE BEST DISCO ALBUM,269
Funk & Disco (4779 titres),188,5,1488038,Disco Lady,Various Artists,Boogie Nights,441
Funk & Disco (4779 titres),188,5,1488042,Disco Lady,Various Artists,100 Hits: the Best Disco Album,265
Funk & Disco (4779 titres),188,5,1488043,Disco Lady,Various Artists,100 Hits: the Best Disco Album,265
Funk & Disco (4779 titres),188,5,2271090,Disco Lady,Various Artists,Pure... Disco/Funk,267
Funk & Disco (4779 titres),189,6,2181866,DISCO NIGHTS (ROCK FREAK),Various Artists,100 HITS THE BEST DISCO ALBUM,235
Funk & Disco (4779 titres),189,6,1196523,Disco Nights (Rock Freak),Various Artists,100 Hits: the Best Disco Album,235
Funk & Disco (4779 titres),189,6,1418970,Disco Nights (Rock Freak),Various Artists,Disco Essentials,235
Funk & Disco (4779 titres),189,6,1936085,Disco Nights (Rock Freak),Various Artists,D.J. Disco Mix,235
Funk & Disco (4779 titres),189,6,2142912,Disco Nights (Rock-Freak),Various Artists,"Disco Nights, Volume 4: Greatest Disco Groups",235
Funk & Disco (4779 titres),189,6,1419691,Disco Nights (Rock‐freak),Various Artists,The 70’s Preservation Society Presents: Disco Fever,235
Funk & Disco (4779 titres),190,3,2186341,DISCO'S REVENGE,Various Artists,DANCE MACHINE ANTHOLOGY,228
Funk & Disco (4779 titres),190,3,1419002,Disco's Revenge,Various Artists,Disco's Revenge - Single,228
Funk & Disco (4779 titres),190,3,1952306,Disco's Revenge,Various Artists,Dance Machine Anthology,228
Funk & Disco (4779 titres),191,3,2201619,DISCO'S REVENGE,Gusto,DISCO'S REVENGE REMIX 2008,231
Funk & Disco (4779 titres),191,3,1346591,Disco's Revenge,Gusto,Various Artists,229
Funk & Disco (4779 titres),191,3,2255893,Disco's revenge,Gusto,90's,189
Funk & Disco (4779 titres),192,4,2181879,DON'T LEAVE ME THIS WAY,Various Artists,100 HITS THE BEST DISCO ALBUM,232
Funk & Disco (4779 titres),192,4,1247647,Don't Leave Me This Way,Various Artists,100 Hits: The Best Disco Album,271
Funk & Disco (4779 titres),192,4,2138110,Don't Leave Me This Way,Various Artists,100 Hits: the Best Disco Album,271
Funk & Disco (4779 titres),192,4,1849448,Don’t Leave Me This Way,Various Artists,100 Hits: the Best Disco Album,270
Funk & Disco (4779 titres),193,2,1356292,"DON'T STOP DANCING (TO THE MUSIC), PART 1",The Bar-Kays,GOTTA GROOVE,176
Funk & Disco (4779 titres),193,2,1420191,Don’t Stop Dancing (To the Music) (Part 1),The Bar-Kays,Gotta Groove,176
Funk & Disco (4779 titres),194,2,1356298,"DON’T STOP DANCING (TO THE MUSIC), PART 2",The Bar-Kays,GOTTA GROOVE,144
Funk & Disco (4779 titres),194,2,1420192,Don’t Stop Dancing (to the Music) (Part 2),The Bar-Kays,Gotta Groove,144
Funk & Disco (4779 titres),195,2,2237723,DWAYNE,DJ ABDEL AND CUT KILLER,"HIP HOP SOUL PARTY, VOLUME 5",123
Funk & Disco (4779 titres),195,2,2276900,Dwayne,Dj Abdel and Cut Killer,"Hip Hop Soul Party, Volume 5  (Compilation)  (Mp3)",123
Funk & Disco (4779 titres),196,2,1288453,Da Disco,Tomcraft,HyperSexyConscious,254
Funk & Disco (4779 titres),196,2,2259727,Da Disco,Tomcraft,Hypersexyconscious,254
Funk & Disco (4779 titres),197,5,1288456,Da Disco (Clubmix),Tomcraft,HyperSexyConscious,384
Funk & Disco (4779 titres),197,5,1288457,Da Disco (Clubmix),Tomcraft,HyperSexyConscious,384
Funk & Disco (4779 titres),197,5,2259728,Da Disco (clubmix),Tomcraft,Hypersexyconscious,384
Funk & Disco (4779 titres),197,5,2259729,Da Disco (clubmix),Tomcraft,Hypersexyconscious,384
Funk & Disco (4779 titres),197,5,2273761,Da Disco (clubmix),Tomcraft,Hypersexyconscious,384
Funk & Disco (4779 titres),198,2,1623059,Daddy Cool,Various Artists,100 Hits Disco Funk,208
Funk & Disco (4779 titres),198,2,1849418,Daddy Cool,Various Artists,100 Hits: the Best Disco Album,207
Funk & Disco (4779 titres),199,2,1884772,Dance Dance,Booty Luv,Boogie 2Nite,188
Funk & Disco (4779 titres),199,2,1946125,Dance Dance,Booty Luv,Boogie 2nite,187
Funk & Disco (4779 titres),200,2,2107488,Dance Floor Darling,Kylie Minogue,Disco,274
Funk & Disco (4779 titres),200,2,2164711,Dance Floor Darling,Kylie Minogue,Disco,274
Funk & Disco (4779 titres),201,2,1427120,Dance With Me,Blue,Heart & Soul,160
Funk & Disco (4779 titres),201,2,2111164,Dance With Me,Blue,Heart & Soul,160
Funk & Disco (4779 titres),202,3,1209098,Dancing Disco,France Gall,Dancing Disco,356
Funk & Disco (4779 titres),202,3,2061160,Dancing Disco,France Gall,Dancing Disco,351
Funk & Disco (4779 titres),202,3,2271482,Dancing Disco,France Gall,"""Viens je t'emmène""",351
Funk & Disco (4779 titres),203,2,1426931,Danse sur cette mélodie,DJ Abdel and Cut Killer,"Hip Hop Soul Party, Volume 5",222
Funk & Disco (4779 titres),203,2,2146087,Danse sur cette mélodie,DJ Abdel and Cut Killer,"Hip Hop Soul Party, Volume 5",222
Funk & Disco (4779 titres),204,2,2232495,Dark Room,Kevin Yost,KY Funk 'n Stuff 2: Unreleased Past and Present,354
Funk & Disco (4779 titres),204,2,2272315,Dark Room,Kevin Yost,KY Funk 'n Stuff 2: Unreleased Past and Present,354
Funk & Disco (4779 titres),205,2,1942178,Day One,Calvin Harris,"Funk Wav Bounces, Vol. 2",200
Funk & Disco (4779 titres),205,2,2266963,Day One,Calvin Harris,"Funk Wav Bounces, Vol. 2",200
Funk & Disco (4779 titres),206,3,1427526,Death Is Not the End,Bob Dylan,Down in the Groove,309
Funk & Disco (4779 titres),206,3,1427527,Death Is Not the End,Bob Dylan,Down in the Groove,309
Funk & Disco (4779 titres),206,3,2061440,Death Is Not the End,Bob Dylan,Down In the Groove (Remastered),309
Funk & Disco (4779 titres),207,2,2004651,Deepstar Feat. Donna Allen - Sugar (Jazz-N-Groove Sugar Rush Dub),Deepstar Feat. Donna Allen,Sugar (Jazz,384
Funk & Disco (4779 titres),207,2,2004650,Deepstar Feat. Donna Allen Sugar (Jazz-N-Groove Sugar Rush Dub),Deepstar Feat. Donna Allen,Sugar (Jazz,384
Funk & Disco (4779 titres),208,3,1427072,Despre tine,O‐Zone,DiscO‐Zone,226
Funk & Disco (4779 titres),208,3,1427073,Despre tine,O‐Zone,DiscO‐Zone,226
Funk & Disco (4779 titres),208,3,2103012,Despre tine,O‐Zone,DiscO-Zone,226
Funk & Disco (4779 titres),209,2,1273579,Devil in Me (PDM Club Dub Mix),Purple Disco Machine,Faze #68: Purple Disco Machine,379
Funk & Disco (4779 titres),209,2,1427065,Devil in Me (PDM Club Dub Mix),Purple Disco Machine,Faze #68: Purple Disco Machine,379
Funk & Disco (4779 titres),210,2,2232927,Dirty Disco,Nikka Costa,Dirty Disco,223
Funk & Disco (4779 titres),210,2,2264875,Dirty Disco,Nikka Costa,Dirty Disco,89
Funk & Disco (4779 titres),211,2,1297055,Disco,Ned Dylan,Remedios Varios,293
Funk & Disco (4779 titres),211,2,1427043,Disco,Ned Dylan,Remedios Varios,293
Funk & Disco (4779 titres),212,2,2008269,Disco,Boris Vian,Disco - Single,293
Funk & Disco (4779 titres),212,2,2011506,Disco,Boris Vian,Remedios Varios,293
Funk & Disco (4779 titres),213,3,2009760,Disco (Radio Edit),Brisa Roché,Nova Tunes 3.4,187
Funk & Disco (4779 titres),213,3,1427036,Disco (radio edit),Brisa Roché,Invisible1,186
Funk & Disco (4779 titres),213,3,2113635,Disco (radio edit),Brisa Roché,Invisible1,186
Funk & Disco (4779 titres),214,2,1350670,Disco (club mix),Davide Mazzilli,Disco (club mix),396
Funk & Disco (4779 titres),214,2,1427041,Disco (club mix),Davide Mazzilli,Disco (club mix),396
Funk & Disco (4779 titres),215,2,1298614,Disco 6,Marcello Giombini,Computer Disco,232
Funk & Disco (4779 titres),215,2,2138056,Disco 6,Marcello Giombini,Computer Disco,232
Funk & Disco (4779 titres),216,3,1426946,Disco Club,Black Eyed Peas,Various Artists,228
Funk & Disco (4779 titres),216,3,1488556,Disco Club,Black Eyed Peas,Various Artists,228
Funk & Disco (4779 titres),216,3,2132983,Disco Club,Black Eyed Peas,Monkey Business,228
Funk & Disco (4779 titres),217,4,1867071,Disco Club,IAM,Anthologie Iam 2008,32
Funk & Disco (4779 titres),217,4,1958700,Disco Club,IAM,De la Planete Mars,32
Funk & Disco (4779 titres),217,4,1958729,Disco Club,IAM,... de la planète Mars,32
Funk & Disco (4779 titres),217,4,2259071,Disco Club,IAM,... de la planète Mars,32
Funk & Disco (4779 titres),218,2,1959448,Disco Disaster,The Future / The Human League,The Golden Hour of the Future,303
Funk & Disco (4779 titres),218,2,2197989,Disco Disaster,The Future / The Human League,The Golden Hour of the Future,303
Funk & Disco (4779 titres),219,2,2177462,Disco Elements vol 5 (Original),Pete Tong & Boy George,The Annual II,315
Funk & Disco (4779 titres),219,2,2220325,Disco Elements vol 5 (Original),Pete Tong & Boy George,The Annual II,315
Funk & Disco (4779 titres),220,8,1178645,Disco Heat,Calvin Harris,Colours,270
Funk & Disco (4779 titres),220,8,1211591,Disco Heat,Calvin Harris,Unknown Album,271
Funk & Disco (4779 titres),220,8,1411548,Disco Heat,Calvin Harris,I Created Disco,271
Funk & Disco (4779 titres),220,8,1426889,Disco Heat,Calvin Harris,Colours,270
Funk & Disco (4779 titres),220,8,1426891,Disco Heat,Calvin Harris,I Created Disco,271
Funk & Disco (4779 titres),220,8,1426892,Disco Heat,Calvin Harris,I Created Disco,271
Funk & Disco (4779 titres),220,8,1878478,Disco Heat,Calvin Harris,Unknown Album,271
Funk & Disco (4779 titres),220,8,2061637,Disco Heat,Calvin Harris,Colours,8
Funk & Disco (4779 titres),221,3,1243170,Disco Inferno,50 Cent,The Massacre,214
Funk & Disco (4779 titres),221,3,1427023,Disco Inferno,50 Cent,The Massacre,214
Funk & Disco (4779 titres),221,3,2032153,Disco Inferno,50 Cent,The Massacre (Special Edition),214
Funk & Disco (4779 titres),222,4,1412962,Disco Inferno,Various Artists,Fashion Disco,191
Funk & Disco (4779 titres),222,4,1427018,Disco Inferno,Various Artists,60 More Classic Dance Hits of the 70’s,191
Funk & Disco (4779 titres),222,4,1435315,Disco Inferno,Various Artists,60 More Classic Dance Hits of the 70’s,191
Funk & Disco (4779 titres),222,4,2270967,Disco Inferno,Various Artists,Saturday Night Fever: The Original Movie Sound Track,659
Funk & Disco (4779 titres),223,2,2098837,Disco Inferno,Cascada,Studio 24,194
Funk & Disco (4779 titres),223,2,2159638,Disco Inferno,Cascada,Studio 24,194
Funk & Disco (4779 titres),224,2,2088841,Disco Inferno (Single Edit),The Trammps,Rhino Hi-Five: the Trammps - Ep,191
Funk & Disco (4779 titres),224,2,1685233,Disco Inferno (single edit),The Trammps,Rhino Hi-Five: The Trammps,191
Funk & Disco (4779 titres),225,2,2276891,Disco Inferno (Soul Solution A Cappella),Cyndi Lauper,Disco Inferno  (Single)  (Mp3),418
Funk & Disco (4779 titres),225,2,2234077,Disco Inferno (Soul Solution a cappella),Cyndi Lauper,Disco Inferno,418
Funk & Disco (4779 titres),226,2,1423587,Disco Lady,Johnnie Taylor - Topic,Inconnu,267
Funk & Disco (4779 titres),226,2,1488040,Disco Lady,Johnnie Taylor - Topic,Inconnu,267
Funk & Disco (4779 titres),227,2,1292860,Disco Lights,BBwhite,Disco Lights - Single,365
Funk & Disco (4779 titres),227,2,1427002,Disco Lights,BBwhite,Disco Lights - Single,365
Funk & Disco (4779 titres),228,2,1867025,Disco Mania,Stephan Eicher,Spielt Noise Boys,225
Funk & Disco (4779 titres),228,2,2082255,Disco Mania,Stephan Eicher,Les Chansons Bleues - Souvenir - Noise Boys,241
Funk & Disco (4779 titres),229,3,1289658,Disco Nights (Rock Freak),G.Q.,Disco Nights (Expanded Edition),234
Funk & Disco (4779 titres),229,3,1426973,Disco Nights (Rock Freak),G.Q.,Disco Nights (Expanded Edition),234
Funk & Disco (4779 titres),229,3,2002585,Disco Nights (Rock Freak),G.Q.,Disco 100,235
Funk & Disco (4779 titres),230,2,1288349,Disco Volante (Sébastien Léger remix),Ida Engberg,Disco Volante - EP,252
Funk & Disco (4779 titres),230,2,2142910,Disco Volante (Sébastien Léger remix),Ida Engberg,Disco Volante - EP,252
Funk & Disco (4779 titres),231,2,1300446,Disco anticimex,NATTEN,Omen - EP,372
Funk & Disco (4779 titres),231,2,1426971,Disco anticimex,NATTEN,Omen - EP,372
Funk & Disco (4779 titres),232,2,2061850,Disco in the Sky,Terry Callier,Fire on Ice,259
Funk & Disco (4779 titres),232,2,2156153,Disco in the Sky,Terry Callier,Fire on Ice,259
Funk & Disco (4779 titres),233,2,1292888,Disco-Tec (Zombie Nation remix),Telonius,Mixmag Presents: The Return Of Mylo,313
Funk & Disco (4779 titres),233,2,2142908,Disco-Tec (Zombie Nation remix),Telonius,Mixmag Presents: The Return Of Mylo,313
Funk & Disco (4779 titres),234,2,2124264,Do The Funk,Antoine Clamaran,After - Single,398
Funk & Disco (4779 titres),234,2,2113582,Do the Funk,Antoine Clamaran,After - Single,212
Funk & Disco (4779 titres),235,2,2177494,Do You Wanna Funk? (Joe T. Vannelli's Light Mix),Boy George and Pete Tong,The Annual,285
Funk & Disco (4779 titres),235,2,2220356,Do You Wanna Funk? (Joe T. Vannelli's Light Mix),Boy George and Pete Tong,The Annual,285
Funk & Disco (4779 titres),236,2,2060017,Do the Doo,"J.B.'s, The",Bring the Funk On Down,343
Funk & Disco (4779 titres),236,2,2170684,Do the Doo,"J.B.'s, The",Bring the Funk On Down,343
Funk & Disco (4779 titres),237,2,1252654,Dolomite Theme,Oh No,Dr. No's Kali Tornado Funk,59
Funk & Disco (4779 titres),237,2,1426900,Dolomite Theme,Oh No,Dr. No's Kali Tornado Funk,59
Funk & Disco (4779 titres),238,3,2217695,Don't Be a Dropout,James Brown,James Brown Sings Raw Soul,220
Funk & Disco (4779 titres),238,3,2229408,Don't Be a Dropout,James Brown,James Brown Sings Raw Soul,220
Funk & Disco (4779 titres),238,3,2265925,Don't Be a Dropout,James Brown,James Brown Sings Raw Soul,220
Funk & Disco (4779 titres),239,2,1940511,Don't Go To Strangers (31-Dec-2007),Amy Winehouse,The Soul Of Amy Winehouse - Unplugged And Electrified,275
Funk & Disco (4779 titres),239,2,2160810,Don't Go To Strangers (31-Dec-2007),Amy Winehouse,The Soul Of Amy Winehouse - Unplugged And Electrified,275
Funk & Disco (4779 titres),240,2,1884771,Don't Mess With My Man,Booty Luv,Boogie 2Nite,176
Funk & Disco (4779 titres),240,2,1946123,Don't Mess With My Man,Booty Luv,Boogie 2nite,175
Funk & Disco (4779 titres),241,2,2137113,Don't Mess With My Man,CRAZY B / DJ EANOV,So Good - Funk & R'N'B Selection,203
Funk & Disco (4779 titres),241,2,2143951,Don’t Mess With My Man,CRAZY B / DJ EANOV,So Good - Funk & R'N'B Selection,203
Funk & Disco (4779 titres),242,2,1946135,Don't Mess With My Man (Ryden's Live Edit),Booty Luv,Boogie 2nite,179
Funk & Disco (4779 titres),242,2,1946119,Don't Mess With My Man [Ryden's Live Edit],Booty Luv,Boogie 2Nite,179
Funk & Disco (4779 titres),243,5,1884707,Don't Rock My Boat,Bob Marley & The Wailers,Soul Revolution Part II,270
Funk & Disco (4779 titres),243,5,1971848,Don't Rock My Boat,Bob Marley & The Wailers,"Soul Revolution, Part II Dub",272
Funk & Disco (4779 titres),243,5,1996988,Don't Rock My Boat,Bob Marley & The Wailers,"Soul Revolution, Part II Dub",272
Funk & Disco (4779 titres),243,5,2268415,Don't Rock My Boat,Bob Marley & The Wailers,"Soul Revolution, Part II Dub",272
Funk & Disco (4779 titres),243,5,2268416,Don't Rock My Boat,Bob Marley & The Wailers,"Soul Revolution, Part II Dub",272
Funk & Disco (4779 titres),244,2,2029453,Don't Take My Soul,Jane Weaver,Nova Tunes 3.1,227
Funk & Disco (4779 titres),244,2,2113525,Don't Take My Soul,Jane Weaver,The Silver Globe,228
Funk & Disco (4779 titres),245,2,1245441,Don’t Rock My Boat (dub version),Bob Marley & The Wailers,"Soul Revolution, Part II",270
Funk & Disco (4779 titres),245,2,2137537,Don’t Rock My Boat (dub version),Bob Marley & The Wailers,"Soul Revolution, Part II",270
Funk & Disco (4779 titres),246,2,1285784,Don’t You Pay Them No Mind,Nina Simone,High Priestess of Soul,189
Funk & Disco (4779 titres),246,2,1426913,Don’t You Pay Them No Mind,Nina Simone,High Priestess of Soul,189
Funk & Disco (4779 titres),247,2,1175301,Double Dutch Bus,DJ Crazy B / DJ Eanov,So Good: Funk & R’n’b Selection,256
Funk & Disco (4779 titres),247,2,2139165,Double Dutch Bus,DJ Crazy B / DJ Eanov,So Good: Funk & R’n’b Selection,256
Funk & Disco (4779 titres),248,2,1264743,Dov'è l'amore (Ray Roc's Latin Soul Vocal Mix),Cher,Dov'è l'amore (Remixes) - EP,66
Funk & Disco (4779 titres),248,2,1428654,Dov'è l'amore (Ray Roc's Latin Soul Vocal Mix),Cher,Dov'è l'amore (Remixes) - EP,66
Funk & Disco (4779 titres),249,2,2219319,Dove,T. Rex,Bolan Boogie,125
Funk & Disco (4779 titres),249,2,2240209,Dove,T. Rex,Bolan Boogie,125
Funk & Disco (4779 titres),250,2,2025519,Downtown (Zen Music),Wine Loungers,New York Chill Lounge Groove - Chillout Lounge Cocktail Party Music in Sexy New York Nightlife,282
Funk & Disco (4779 titres),250,2,2183708,Downtown (Zen Music),Wine Loungers,New York Chill Lounge Groove - Chillout Lounge Cocktail Party Music in Sexy New York Nightlife,282
Funk & Disco (4779 titres),251,2,1426804,Dr. Bootygrabber,Detroit Grand Pubahs,Funk All Y'all,416
Funk & Disco (4779 titres),251,2,2109473,Dr. Bootygrabber,Detroit Grand Pubahs,Funk All Y'all,416
Funk & Disco (4779 titres),252,5,1428652,Dragostea din tei,O‐Zone,DiscO‐Zone,215
Funk & Disco (4779 titres),252,5,1721570,Dragostea din tei,O‐Zone,DiscO‐Zone,215
Funk & Disco (4779 titres),252,5,1829871,Dragostea din tei,O‐Zone,DiscO‐Zone,215
Funk & Disco (4779 titres),252,5,1830408,Dragostea din tei,O‐Zone,DiscO‐Zone,215
Funk & Disco (4779 titres),252,5,1847138,Dragostea din tei,O‐Zone,DiscO‐Zone,215
Funk & Disco (4779 titres),253,2,1428650,Dragostea din tei (Nectar Remix),O‐Zone,DiscO-Zone,354
Funk & Disco (4779 titres),253,2,2112276,Dragostea din tei (Nectar remix),O‐Zone,DiscO‐Zone,354
Funk & Disco (4779 titres),254,3,1232107,Drive My Car,The Beatles,Rubber Soul,151
Funk & Disco (4779 titres),254,3,1428646,Drive My Car,The Beatles,Rubber Soul,151
Funk & Disco (4779 titres),254,3,2196559,Drive My Car,The Beatles,Rubber Soul,151
Funk & Disco (4779 titres),255,2,1884016,Drive You Home,The Verve,A Northern Soul,401
Funk & Disco (4779 titres),255,2,1893299,Drive You Home,The Verve,A Northern Soul,405
Funk & Disco (4779 titres),256,2,1245442,Duppy Conqueror,Bob Marley & The Wailers,"Soul Revolution, Part II",198
Funk & Disco (4779 titres),256,2,1428644,Duppy Conqueror,Bob Marley & The Wailers,"Soul Revolution, Part II",198
Funk & Disco (4779 titres),257,4,1971854,Duppy Conqueror (Version 5) [Instrumental],Bob Marley & The Wailers,"Soul Revolution, Part II Dub",203
Funk & Disco (4779 titres),257,4,1996991,Duppy Conqueror (Version 5) [Instrumental],Bob Marley & The Wailers,"Soul Revolution, Part II Dub",203
Funk & Disco (4779 titres),257,4,2268421,Duppy Conqueror (Version 5) [Instrumental],Bob Marley & The Wailers,"Soul Revolution, Part II Dub",203
Funk & Disco (4779 titres),257,4,2268422,Duppy Conqueror (Version 5) [Instrumental],Bob Marley & The Wailers,"Soul Revolution, Part II Dub",203
Funk & Disco (4779 titres),258,2,2100672,Dynaflo,"J.B.'s, The",Bring the Funk On Down,298
Funk & Disco (4779 titres),258,2,2163465,Dynaflo,"J.B.'s, The",Bring the Funk On Down,298
Funk & Disco (4779 titres),259,6,1178525,Electro Man,Calvin Harris,I Created Disco,298
Funk & Disco (4779 titres),259,6,1411552,Electro Man,Calvin Harris,I Created Disco,298
Funk & Disco (4779 titres),259,6,1426893,Electro Man,Calvin Harris,I Created Disco,298
Funk & Disco (4779 titres),259,6,1426894,Electro Man,Calvin Harris,I Created Disco,298
Funk & Disco (4779 titres),259,6,1942163,Electro Man,Calvin Harris,I Created Disco,298
Funk & Disco (4779 titres),259,6,2266948,Electro Man,Calvin Harris,I Created Disco,298
Funk & Disco (4779 titres),260,5,1347892,Elektro (The Cube Guys ‘Delano’ remix),Various Artists,Hed Kandi: Twisted Disco 2007,342
Funk & Disco (4779 titres),260,5,2145185,Elektro (The Cube Guys ‘Delano’ remix),Various Artists,Hed Kandi: Twisted Disco 2007,342
Funk & Disco (4779 titres),260,5,2198683,Elektro (The Cube Guys ‘Delano’ remix),Various Artists,Hed Kandi: Twisted Disco 2007,342
Funk & Disco (4779 titres),260,5,2237113,Elektro (The Cube Guys ‘Delano’ remix),Various Artists,Hed Kandi: Twisted Disco 2007,342
Funk & Disco (4779 titres),260,5,2237114,Elektro (The Cube Guys ‘Delano’ remix),Various Artists,Hed Kandi: Twisted Disco 2007,342
Funk & Disco (4779 titres),261,2,2245004,Elektro (The Cube Guys ‘Delano’ remix),Karla Bonoff,Hed Kandi: Twisted Disco 2007,342
Funk & Disco (4779 titres),261,2,2251197,Elektro (The Cube Guys ‘Delano’ remix),Karla Bonoff,Hed Kandi: Twisted Disco 2007,342
Funk & Disco (4779 titres),262,2,1245616,Encantadora,Blake Aaron,Soul Stories,292
Funk & Disco (4779 titres),262,2,1428641,Encantadora,Blake Aaron,Soul Stories,292
Funk & Disco (4779 titres),263,3,1252649,Escape,Oh No,Dr. No's Kali Tornado Funk,116
Funk & Disco (4779 titres),263,3,1428636,Escape,Oh No,Dr. No's Kali Tornado Funk,116
Funk & Disco (4779 titres),263,3,1428637,Escape,Oh No,Dr. No's Kali Tornado Funk,116
Funk & Disco (4779 titres),264,3,2221924,Evenin’ Boogie,Fleetwood Mac,Mr. Wonderful,162
Funk & Disco (4779 titres),264,3,2241732,Evenin’ Boogie,Fleetwood Mac,Mr. Wonderful,162
Funk & Disco (4779 titres),264,3,2266037,Evenin’ Boogie,Fleetwood Mac,Mr. Wonderful,162
Funk & Disco (4779 titres),265,2,1940897,Every Kind of People,JOE COCKER,Heart & Soul,258
Funk & Disco (4779 titres),265,2,1940898,Every Kind of People,JOE COCKER,Heart & Soul,261
Funk & Disco (4779 titres),266,2,2225682,Everything's Gonna be Alright,Al Green,Soul Survivor,262
Funk & Disco (4779 titres),266,2,1893835,Everything’s Gonna Be Alright,Al Green,Soul Survivor,262
Funk & Disco (4779 titres),267,2,1428389,Everything�s coming our way,Carlos Santana,Aniversario (disco 1),197
Funk & Disco (4779 titres),267,2,2136983,Everything’s Coming Our Way,Carlos Santana,Aniversario (disco 1),197
Funk & Disco (4779 titres),268,2,1255202,Everytime I'm With You,Danger Mouse and Sparklehorse,Dark Night of the Soul,191
Funk & Disco (4779 titres),268,2,2130561,Everytime I’m With You,Danger Mouse and Sparklehorse,Dark Night of the Soul,191
Funk & Disco (4779 titres),269,2,1300494,E… io ti amavo,Adriano Celentano,Italiano Disco (100 Hits From Italy),199
Funk & Disco (4779 titres),269,2,1428159,E… io ti amavo,Adriano Celentano,Italiano Disco (100 Hits From Italy),199
Funk & Disco (4779 titres),270,2,2174416,F**KIN’ UP THE DISCO,Justin_Timberlake,EVERYTHING I THOUGHT IT WAS,262
Funk & Disco (4779 titres),270,2,2062611,F**kin’ Up the Disco,Justin_Timberlake,EVERYTHING I THOUGHT IT WAS,262
Funk & Disco (4779 titres),271,2,2155385,FUNK ACADEMY,DJ FRESH,ESCAPE FROM PLANET MONDAY,331
Funk & Disco (4779 titres),271,2,2107789,Funk Academy,DJ FRESH,Escape From Planet Monday,331
Funk & Disco (4779 titres),272,2,2047498,FUNK YOU,DJ Abdel,EVOLUTION,200
Funk & Disco (4779 titres),272,2,2186885,FUNK YOU,DJ Abdel,EVOLUTION,192
Funk & Disco (4779 titres),273,2,2168820,FUNKY METERS' SOUL,The Meters,STRUTTIN',177
Funk & Disco (4779 titres),273,2,2112069,Funky Meters' Soul,The Meters,STRUTTIN',177
Funk & Disco (4779 titres),274,2,2174036,FUZZY,Collective Soul,COLLECTIVE SOUL,239
Funk & Disco (4779 titres),274,2,2057292,Fuzzy,Collective Soul,COLLECTIVE SOUL,239
Funk & Disco (4779 titres),275,2,2111116,Fallin' In Love In Summertime,Tina Charles,Heart 'N' Soul,192
Funk & Disco (4779 titres),275,2,2183938,Fallin' In Love In Summertime,Tina Charles,Heart 'N' Soul,192
Funk & Disco (4779 titres),276,2,1961195,Falling,Roy Orbison,The Best Of The Soul Of Rock And Roll,143
Funk & Disco (4779 titres),276,2,1961251,Falling,Roy Orbison,The Soul Of Rock And Roll,143
Funk & Disco (4779 titres),277,2,1428618,Falling In Love In Summertime,Tina Charles,Heart 'N' Soul,192
Funk & Disco (4779 titres),277,2,1428619,Falling In Love In Summertime,Tina Charles,Heart 'N' Soul,192
Funk & Disco (4779 titres),278,2,1273588,Feel My Needs (Purple Disco Machine Extended Remix),Purple Disco Machine,Discotheque,281
Funk & Disco (4779 titres),278,2,1428599,Feel My Needs (Purple Disco Machine Extended Remix),Purple Disco Machine,Discotheque,281
Funk & Disco (4779 titres),279,2,1283630,Feel The Groove,Cartouche,La Plus Grande Discothèque Du Monde,151
Funk & Disco (4779 titres),279,2,2007689,Feel the Groove,Cartouche,Supermax,278
Funk & Disco (4779 titres),280,2,2271054,Feel The Groove,Various Artists,La Plus Grande Discothèque Du Monde,151
Funk & Disco (4779 titres),280,2,1953455,Feel the Groove,Various Artists,Expansión 1,278
Funk & Disco (4779 titres),281,2,1283632,Feel The Groove (Original Mix),Cartouche,Feel The Groove (Remastered),340
Funk & Disco (4779 titres),281,2,2274973,Feel the Groove (Original Mix),Cartouche,Feel the Groove(Remastered),340
Funk & Disco (4779 titres),282,2,2140345,Feel The Groove (Sergosonic Mix),Cartouche,Feel the Groove (Remixes) [Remastered],318
Funk & Disco (4779 titres),282,2,2140346,Feel the Groove (Sergosonic mix),Cartouche,Feel the Groove (Remixes) [Remastered],288
Funk & Disco (4779 titres),283,2,1213810,Feeling Mellow (instrumental),Fatback,Feel My Soul,182
Funk & Disco (4779 titres),283,2,2183522,Feeling Mellow (instrumental),Fatback,Feel My Soul,182
Funk & Disco (4779 titres),284,2,1942190,Feels,Calvin Harris,"Funk Wav Bounces, Vol. 1",223
Funk & Disco (4779 titres),284,2,2266975,Feels,Calvin Harris,"Funk Wav Bounces, Vol. 1",223
Funk & Disco (4779 titres),285,2,1248779,Felicita,Adriano Celentano,Italiano Disco (100 Hits From Italy),189
Funk & Disco (4779 titres),285,2,1428580,Felicita,Adriano Celentano,Italiano Disco (100 Hits From Italy),189
Funk & Disco (4779 titres),286,2,1213815,Felling Mellow (vocal),Fatback,Feel My Soul,206
Funk & Disco (4779 titres),286,2,2183521,Felling Mellow (vocal),Fatback,Feel My Soul,206
Funk & Disco (4779 titres),287,2,2219324,First Heart Mighty Dawn Dart,T. Rex,Bolan Boogie,165
Funk & Disco (4779 titres),287,2,2240214,First Heart Mighty Dawn Dart,T. Rex,Bolan Boogie,165
Funk & Disco (4779 titres),288,2,2080043,Flashdance... What A Feeling,Various Artists,100 Hits Disco,236
Funk & Disco (4779 titres),288,2,1939444,Flashdance... What a Feeling,Various Artists,100 Hits Disco,236
Funk & Disco (4779 titres),289,2,1426812,Foolish Fool,Chaka Khan,Funk This,227
Funk & Disco (4779 titres),289,2,2139813,Foolish Fool,Chaka Khan,Funk This,227
Funk & Disco (4779 titres),290,2,1248091,Fortune Teller (disco X-Press mix),U Sound,Ibiza: The Special Hits Selection,250
Funk & Disco (4779 titres),290,2,1428569,Fortune Teller (disco X-Press mix),U Sound,Ibiza: The Special Hits Selection,250
Funk & Disco (4779 titres),291,2,1300495,Francesca non sa,Adriano Celentano,Italiano Disco (100 Hits From Italy),215
Funk & Disco (4779 titres),291,2,1428160,Francesca non sa,Adriano Celentano,Italiano Disco (100 Hits From Italy),215
Funk & Disco (4779 titres),292,2,1428564,Freddie's Dead,Curtis Mayfield,Get Down to the Funky Groove,326
Funk & Disco (4779 titres),292,2,2058344,Freddie’s Dead,Curtis Mayfield,Get Down to the Funky Groove,326
Funk & Disco (4779 titres),293,2,1428562,Free (Smoked Mix),Bacon Popper,Disco and Dance Hits Made in Italy,202
Funk & Disco (4779 titres),293,2,1428563,Free (Smoked Mix),Bacon Popper,Disco and Dance Hits Made in Italy,311
Funk & Disco (4779 titres),294,2,1426799,Freedom Jazz Dance,The Essence All Stars,Essence Of Funk,309
Funk & Disco (4779 titres),294,2,2112517,Freedom Jazz Dance,The Essence All Stars,Essence Of Funk,309
Funk & Disco (4779 titres),295,2,2225912,Freefall (Disco Citizens Extended Beatless mix),Chicane,Trampolines,280
Funk & Disco (4779 titres),295,2,2160081,Freefall (disco Citizens extended Beatless mix),Chicane,Trampolines,280
Funk & Disco (4779 titres),296,3,2025651,Funk #49,James Gang,James Gang Rides Again,236
Funk & Disco (4779 titres),296,3,2232722,Funk #49,James Gang,James Gang Rides Again,246
Funk & Disco (4779 titres),296,3,2265087,Funk #49,James Gang,James Gang Rides Again,246
Funk & Disco (4779 titres),297,3,1426805,Funk All Y'all,Detroit Grand Pubahs,Funk All Y'all,396
Funk & Disco (4779 titres),297,3,2120176,Funk All Y'all,Detroit Grand Pubahs,Funk All Y'all,396
Funk & Disco (4779 titres),297,3,2056559,Funk All Y’all,Detroit Grand Pubahs,Funk All Y'all,396
Funk & Disco (4779 titres),298,2,1427500,Funk Freakers,Cypress Hill,III: Temples of Boom;III - Temples of Boom (1995),191
Funk & Disco (4779 titres),298,2,2107051,Funk Freakers,Cypress Hill,III: Temples of Boom;III - Temples of Boom (1995),191
Funk & Disco (4779 titres),299,2,2074007,Funk Funk,Cameo,Cardiac Arrest,288
Funk & Disco (4779 titres),299,2,2140698,Funk Funk,Cameo,Cardiac Arrest (Chocolate City),290
Funk & Disco (4779 titres),300,2,1426780,Funk Party,GRiZ,Funk Party (single),290
Funk & Disco (4779 titres),300,2,2002511,Funk Party,GRiZ,Funk Party,290
Funk & Disco (4779 titres),301,2,1428558,Funk Phenomena,Armand Van Helden,Various Artists,424
Funk & Disco (4779 titres),301,2,1485415,Funk Phenomena,Armand Van Helden,Various Artists,424
Funk & Disco (4779 titres),302,2,1247167,Funk Phenomena (extended mix),"Armand van Helden, ANOTR",Various Artists,343
Funk & Disco (4779 titres),302,2,1428556,Funk Phenomena (extended mix),"Armand van Helden, ANOTR",Various Artists,343
Funk & Disco (4779 titres),303,2,1977438,Funk U (Double M & D. Bone Disco Ass Pleasure),Brooklyn Bounce,Loud & Proud - Best 2002,374
Funk & Disco (4779 titres),303,2,1977310,Funk U (Double M. & D. Bone Disco Ass Pleasure),Brooklyn Bounce,The Progressive Years,375
Funk & Disco (4779 titres),304,2,1977417,Funk U (Mellow Trax Remix),Brooklyn Bounce,Best Of The 90's,344
Funk & Disco (4779 titres),304,2,2183280,Funk U (Mellow Trax Remix),Brooklyn Bounce,Best Of The 90's,344
Funk & Disco (4779 titres),305,3,1977364,Funk U (Single Mix),Brooklyn Bounce,System Shock (The Lost Album 1999),229
Funk & Disco (4779 titres),305,3,1977404,Funk U (Single Mix),Brooklyn Bounce,Best Of The 90's,229
Funk & Disco (4779 titres),305,3,1977499,Funk U! (Single Mix),Brooklyn Bounce,BB-Styles,228
Funk & Disco (4779 titres),306,2,1341469,Funk-O-Nots,Ohio Players,Jass-Ay-Lay-Dee,294
Funk & Disco (4779 titres),306,2,2264299,Funk-O-Nots,Ohio Players,Jass-Ay-Lay-Dee,295
Funk & Disco (4779 titres),307,4,2218536,Funkasize,Kool and The Gang,Funk Essentials,291
Funk & Disco (4779 titres),307,4,2233647,Funkasize,Kool and The Gang,Kool Funk Essentials 1970-1977,291
Funk & Disco (4779 titres),307,4,2239794,Funkasize,Kool and The Gang,Kool Funk Essentials 1970-1977,291
Funk & Disco (4779 titres),307,4,2239806,Funkasize,Kool and The Gang,Funk Essentials,291
Funk & Disco (4779 titres),308,3,2167256,Funky Little Drummer Boy,Sharon Jones and the Dap‐Kings,It's a Holiday Soul Party,198
Funk & Disco (4779 titres),308,3,2210728,Funky Little Drummer Boy,Sharon Jones and the Dap‐Kings,It’s a Holiday Soul Party,198
Funk & Disco (4779 titres),308,3,2246472,Funky Little Drummer Boy,Sharon Jones and the Dap‐Kings,It's a Holiday Soul Party,198
Funk & Disco (4779 titres),309,2,2218829,Funky Stuff,Kool and The Gang,The Best Of 1969-1976 (Funk Essentials),187
Funk & Disco (4779 titres),309,2,2239962,Funky Stuff,Kool and The Gang,The Best Of 1969-1976 (Funk Essentials),187
Funk & Disco (4779 titres),310,4,1971852,Fussing And Fighting,Bob Marley & The Wailers,"Soul Revolution, Part II Dub",149
Funk & Disco (4779 titres),310,4,1996990,Fussing And Fighting,Bob Marley & The Wailers,"Soul Revolution, Part II Dub",149
Funk & Disco (4779 titres),310,4,2268419,Fussing And Fighting,Bob Marley & The Wailers,"Soul Revolution, Part II Dub",149
Funk & Disco (4779 titres),310,4,2268420,Fussing And Fighting,Bob Marley & The Wailers,"Soul Revolution, Part II Dub",149
Funk & Disco (4779 titres),311,2,2232493,Future,Kevin Yost,KY Funk 'n Stuff 2: Unreleased Past and Present,336
Funk & Disco (4779 titres),311,2,2272313,Future,Kevin Yost,KY Funk 'n Stuff 2: Unreleased Past and Present,336
Funk & Disco (4779 titres),312,2,1983187,G Funk Intro,Snoop Dogg,Doggystyle,144
Funk & Disco (4779 titres),312,2,2260256,G Funk Intro,Snoop Dogg,Doggystyle,144
Funk & Disco (4779 titres),313,2,2154411,GEL,Collective Soul,COLLECTIVE SOUL,178
Funk & Disco (4779 titres),313,2,2100164,Gel,Collective Soul,COLLECTIVE SOUL,178
Funk & Disco (4779 titres),314,2,2181878,GET DANCIN',Various Artists,100 HITS THE BEST DISCO ALBUM,267
Funk & Disco (4779 titres),314,2,1849392,Get Dancin’,Various Artists,100 Hits: the Best Disco Album,267
Funk & Disco (4779 titres),315,2,2213466,GIVE ME THE GROOVE (JOY DI MAGGIO EXTENDED),Kris Colin,GIVE ME THE GROOVE [SINGLE],333
Funk & Disco (4779 titres),315,2,1428449,Give Me the Groove (Joy Di Maggio Extended),Kris Colin,Give Me the Groove - Single,333
Funk & Disco (4779 titres),316,2,2174941,GIVE THANKS,J BOOG,BACKYARD BOOGIE,218
Funk & Disco (4779 titres),316,2,2057190,Give Thanks,J BOOG,BACKYARD BOOGIE,218
Funk & Disco (4779 titres),317,4,2235648,GIVE UP THE FUNK (TEAR THE ROOF OFF THE SUCKER),Parliament,MOTHERSHIP CONNECTION,346
Funk & Disco (4779 titres),317,4,1230603,Give Up The Funk (Tear The Roof Off The Sucker),Parliament,Greatest Hits (The Bomb) - Parliament,348
Funk & Disco (4779 titres),317,4,1428447,Give Up The Funk (Tear The Roof Off The Sucker),Parliament,Greatest Hits (The Bomb) - Parliament,348
Funk & Disco (4779 titres),317,4,2264236,Give Up The Funk (Tear The Roof Off The Sucker),Parliament,Mothership Connection,348
Funk & Disco (4779 titres),318,2,2181870,GIVIN' UP GIVIN' IN,Various Artists,100 HITS THE BEST DISCO ALBUM,232
Funk & Disco (4779 titres),318,2,1286877,Givin’ Up Givin’ In,Various Artists,100 Hits: The Best Disco Album,233
Funk & Disco (4779 titres),319,2,2229914,GOT TO GETCHA,Various Artists,FUNK: THE ESSENTIAL ALBUM,169
Funk & Disco (4779 titres),319,2,2005309,Got to Getcha,Various Artists,Twogether: Funk,169
Funk & Disco (4779 titres),320,2,2188416,GROOVE IS IN THE HEART (ALBUM VERSION),Deee‐Lite,RHINO HI-FIVE: DEEE-LITE,231
Funk & Disco (4779 titres),320,2,2184031,Groove Is in the Heart (Album Version),Deee‐Lite,Rhino Hi-Five: Deee-Lite,231
Funk & Disco (4779 titres),321,2,1631392,Gangsters of the Groove,Heatwave,Greatest Hits,262
Funk & Disco (4779 titres),321,2,2276846,Gangsters of the Groove,Heatwave,Candles  (Mp3),263
Funk & Disco (4779 titres),322,2,1298802,Gave Me Love (Soul Avengerz Mix),Identity Feat. Inaya Day,Gave Me Love (Soul Avengerz Mix),441
Funk & Disco (4779 titres),322,2,1428484,Gave Me Love (Soul Avengerz Mix),Identity Feat. Inaya Day,Gave Me Love (Soul Avengerz Mix),441
Funk & Disco (4779 titres),323,2,1428481,Gente di mare,Adriano Celentano,Italiano Disco (100 Hits From Italy),210
Funk & Disco (4779 titres),323,2,2119845,Gente di mare,Adriano Celentano,Italiano Disco (100 Hits From Italy),210
Funk & Disco (4779 titres),324,2,1427318,Get Down,Curtis Mayfield,Get Down to the Funky Groove,342
Funk & Disco (4779 titres),324,2,2058345,Get Down,Curtis Mayfield,Get Down to the Funky Groove,342
Funk & Disco (4779 titres),325,2,1428480,Get Down,Various Artists,Kneipenhits: Disco,210
Funk & Disco (4779 titres),325,2,1849431,Get Down,Various Artists,100 Hits: the Best Disco Album,210
Funk & Disco (4779 titres),326,3,1971978,Get Down On It,Kool and The Gang,Soul Funk & Disco Classics,369
Funk & Disco (4779 titres),326,3,1188229,Get Down on It,Kool and The Gang,100% Hits Funk vol. 1,0
Funk & Disco (4779 titres),326,3,1429096,Get Down on It,Kool and The Gang,100% Hits Funk vol. 1,0
Funk & Disco (4779 titres),327,2,2219314,Get It On,T. Rex,Bolan Boogie,266
Funk & Disco (4779 titres),327,2,2240204,Get It On,T. Rex,Bolan Boogie,266
Funk & Disco (4779 titres),328,2,1427167,Get Loose,James Brown,Handful of Soul;James_Brown,322
Funk & Disco (4779 titres),328,2,2107102,Get Loose,James Brown,Handful of Soul;James_Brown,322
Funk & Disco (4779 titres),329,2,1245127,Get Ready For This - Sunclub Groove Remix feat. The Sunclub,2 - JOURNEY THROUGH THE DARK - 07,Get Ready!,505
Funk & Disco (4779 titres),329,2,1428477,Get Ready For This - Sunclub Groove Remix feat. The Sunclub,2 - JOURNEY THROUGH THE DARK - 07,Get Ready For This (Remixes Pt. 2),505
Funk & Disco (4779 titres),330,2,1977420,Get Ready To Bounce (Funk Attack),Brooklyn Bounce,Best Of The 90's,411
Funk & Disco (4779 titres),330,2,1977592,Get Ready To Bounce (Funk Attack),Brooklyn Bounce,The Beginning,412
Funk & Disco (4779 titres),331,2,1417630,Get The Funk Out Ma Face,The Brothers Johnson,Look Out For #1,148
Funk & Disco (4779 titres),331,2,2064000,Get the Funk Out Ma Face,The Brothers Johnson,The Brothers Johnson,362
Funk & Disco (4779 titres),332,2,2232496,Getting Away From It All (feat. Euphonic 7),Kevin Yost,KY Funk 'n Stuff 2: Unreleased Past and Present,337
Funk & Disco (4779 titres),332,2,2272316,Getting Away From It All (feat. Euphonic 7),Kevin Yost,KY Funk 'n Stuff 2: Unreleased Past and Present,337
Funk & Disco (4779 titres),333,2,2129029,Gimme Gimme Gimme (A Man After Midnight),Various Artists,Absolute Disco,291
Funk & Disco (4779 titres),333,2,1954213,Gimme! Gimme! Gimme! (A Man After Midnight),Various Artists,Absolute Disco,291
Funk & Disco (4779 titres),334,2,1966499,Gimme The Funk,Charades,Gimme The Funk - Single,147
Funk & Disco (4779 titres),334,2,1966497,Gimme the Funk,Charades,Mega Club,147
Funk & Disco (4779 titres),335,2,2218834,Give It Up,Kool and The Gang,The Best Of 1969-1976 (Funk Essentials),220
Funk & Disco (4779 titres),335,2,2239967,Give It Up,Kool and The Gang,The Best Of 1969-1976 (Funk Essentials),220
Funk & Disco (4779 titres),336,4,2174179,Glass And Leather,Front Line Assembly,Mechanical Soul,363
Funk & Disco (4779 titres),336,4,2178319,Glass And Leather,Front Line Assembly,Mechanical Soul,363
Funk & Disco (4779 titres),336,4,2271493,Glass And Leather,Front Line Assembly,Mechanical Soul,363
Funk & Disco (4779 titres),336,4,2055785,Glass and Leather,Front Line Assembly,Mechanical Soul,363
Funk & Disco (4779 titres),337,3,1426831,Go,Tina Charles,Heart 'N' Soul,211
Funk & Disco (4779 titres),337,3,1426832,Go,Tina Charles,Heart 'N' Soul,211
Funk & Disco (4779 titres),337,3,2114939,Go,Tina Charles,Heart 'N' Soul,211
Funk & Disco (4779 titres),338,3,1420891,God Rest Ye Merry Gents,Sharon Jones and the Dap‐Kings,It’s a Holiday Soul Party,137
Funk & Disco (4779 titres),338,3,2108258,God Rest Ye Merry Gents,Sharon Jones and the Dap‐Kings,It's a Holiday Soul Party,137
Funk & Disco (4779 titres),338,3,2167259,God Rest Ye Merry Gents,Sharon Jones and the Dap‐Kings,It's a Holiday Soul Party,137
Funk & Disco (4779 titres),339,2,2008398,Goin' Out I'm Dancin,Charades,Opération Funk 6,48
Funk & Disco (4779 titres),339,2,2088911,Goin' Out I'm Dancin,Charades,Opération Funk 6,211
Funk & Disco (4779 titres),340,2,1946114,Good Girl's Gone Bad,Booty Luv,Boogie 2Nite,154
Funk & Disco (4779 titres),340,2,1946128,Good Girl's Gone Bad,Booty Luv,Boogie 2nite,154
Funk & Disco (4779 titres),341,2,2059153,Good Love,The Black Keys,Dropout Boogie,217
Funk & Disco (4779 titres),341,2,2164947,Good Love,The Black Keys,Dropout Boogie,217
Funk & Disco (4779 titres),342,2,1428424,Good Stuff (UK radio edit),DJ Crazy B / DJ Eanov,So Good: Funk & R'n'b Selection,220
Funk & Disco (4779 titres),342,2,2146076,Good Stuff (UK radio edit),DJ Crazy B / DJ Eanov,So Good: Funk & R'n'b Selection,220
Funk & Disco (4779 titres),343,2,1849294,Got to Getcha,Maceo and All the King’s Men,100% Hits Funk - Volume 1,169
Funk & Disco (4779 titres),343,2,2005649,Got to Getcha,Maceo and All the King’s Men,Stone Cold Funk: A Galaxy of Original Rare Grooves,169
Funk & Disco (4779 titres),344,2,1427121,Gravity,Blue,Heart & Soul,193
Funk & Disco (4779 titres),344,2,2113007,Gravity,Blue,Heart & Soul,193
Funk & Disco (4779 titres),345,2,2259583,Grits (extended version),James Brown,Grits & Soul,374
Funk & Disco (4779 titres),345,2,2259584,Grits (extended version),James Brown,Grits & Soul,374
Funk & Disco (4779 titres),346,4,1428413,Groove Holmes,Beastie Boys,[standalone recordings],152
Funk & Disco (4779 titres),346,4,2219901,Groove Holmes,Beastie Boys,The In Sound From Way Out!,151
Funk & Disco (4779 titres),346,4,2234271,Groove Holmes,Beastie Boys,Check Your Head,153
Funk & Disco (4779 titres),346,4,2240300,Groove Holmes,Beastie Boys,The In Sound From Way Out!,151
Funk & Disco (4779 titres),347,4,2193185,Groove Holmes (Live Vs. The Biz),Beastie Boys,So What'Cha Want,370
Funk & Disco (4779 titres),347,4,2234275,Groove Holmes (Live vs. The Biz),Beastie Boys,So What’cha Want,370
Funk & Disco (4779 titres),347,4,1428412,Groove Holmes (live vs. The Biz),Beastie Boys,[standalone recordings],372
Funk & Disco (4779 titres),347,4,2135070,Groove Holmes (live vs. The Biz),Beastie Boys,[standalone recordings],372
Funk & Disco (4779 titres),348,10,1273954,Groove Is in the Heart,Deee‐Lite,Unknown Album,231
Funk & Disco (4779 titres),348,10,1428401,Groove Is in the Heart,Deee‐Lite,Unknown Album,231
Funk & Disco (4779 titres),348,10,1428407,Groove Is in the Heart,Deee‐Lite,World Clique,232
Funk & Disco (4779 titres),348,10,1721606,Groove Is in the Heart,Deee‐Lite,World Clique,232
Funk & Disco (4779 titres),348,10,1829896,Groove Is in the Heart,Deee‐Lite,World Clique,232
Funk & Disco (4779 titres),348,10,1847166,Groove Is in the Heart,Deee‐Lite,World Clique,232
Funk & Disco (4779 titres),348,10,2131722,Groove Is in the Heart,Deee‐Lite,World Clique,232
Funk & Disco (4779 titres),348,10,2131723,Groove Is in the Heart,Deee‐Lite,World Clique,232
Funk & Disco (4779 titres),348,10,2184068,Groove Is in the Heart,Deee‐Lite,World Clique,232
Funk & Disco (4779 titres),348,10,2184069,Groove Is in the Heart,Deee‐Lite,World Clique,232
Funk & Disco (4779 titres),349,4,1428406,Groove Is in the Heart,Various Artists,Top 100 Running Songs,234
Funk & Disco (4779 titres),349,4,1685489,Groove Is in the Heart,Various Artists,100 Greatest Guilty Pleasures: Cheesy Pop Hits,231
Funk & Disco (4779 titres),349,4,1950628,Groove Is in the Heart,Various Artists,La Musique de Tout le monde en parle,232
Funk & Disco (4779 titres),349,4,2131687,Groove Is in the Heart,Various Artists,La Musique de Tout le monde en parle,232
Funk & Disco (4779 titres),350,2,1428409,Groove Is in the Heart (2000 mix),Deee‐Lite,[standalone recordings],290
Funk & Disco (4779 titres),350,2,2119730,Groove Is in the Heart (2000 mix),Deee‐Lite,[standalone recordings],290
Funk & Disco (4779 titres),351,6,1428403,Groove Is in the Heart (LP version),Deee‐Lite,Rhino Hi-Five: Deee-Lite,231
Funk & Disco (4779 titres),351,6,1950630,Groove Is in the Heart (LP version),Deee‐Lite,Groove Is in the Heart,231
Funk & Disco (4779 titres),351,6,2131659,Groove Is in the Heart (LP version),Deee‐Lite,Groove Is in the Heart,231
Funk & Disco (4779 titres),351,6,2131710,Groove Is in the Heart (LP version),Deee‐Lite,Rhino Hi-Five: Deee-Lite,231
Funk & Disco (4779 titres),351,6,2184030,Groove Is in the Heart (LP version),Deee‐Lite,Rhino Hi-Five: Deee-Lite,231
Funk & Disco (4779 titres),351,6,2184032,Groove Is in the Heart (LP version),Deee‐Lite,Rhino Hi-Five: Deee-Lite,231
Funk & Disco (4779 titres),352,2,2217853,Groove Lick,Dj Icey,DIFFERENT DAY,0
Funk & Disco (4779 titres),352,2,2258609,Groove Lick,Dj Icey,DIFFERENT DAY,0
Funk & Disco (4779 titres),353,2,1348493,Groove Thang,Zhané,Pronounced Jah-Nay,232
Funk & Disco (4779 titres),353,2,1427577,Groove Thang,Zhané,Pronounced Jah-Nay,232
Funk & Disco (4779 titres),354,4,1427560,Groove To Get Down,T-Connection,Playlist: The Best of T-Connection,251
Funk & Disco (4779 titres),354,4,1427561,Groove To Get Down,T-Connection,Playlist: The Best of T-Connection,251
Funk & Disco (4779 titres),354,4,1427563,Groove to Get Down,T-Connection,Playlist: The Best of T-Connection,251
Funk & Disco (4779 titres),354,4,2119733,Groove to Get Down,T-Connection,Playlist: The Best of T-Connection,251
Funk & Disco (4779 titres),355,2,2107714,Groove to the Sound,Run‐D.M.C.,Unknown Album,214
Funk & Disco (4779 titres),355,2,2162698,Groove to the Sound,Run‐D.M.C.,Back From Hell,214
Funk & Disco (4779 titres),356,2,1894326,Groovejet (If This Ain't Love) 2020,Sophie Ellis-Bextor,Songs From the Kitchen Disco,226
Funk & Disco (4779 titres),356,2,1885293,Groovejet (If This Ain’t Love) 2020,Sophie Ellis-Bextor,Songs From the Kitchen Disco,226
Funk & Disco (4779 titres),357,2,1428390,Guajira,Carlos Santana,Aniversario (disco 2),345
Funk & Disco (4779 titres),357,2,2136985,Guajira,Carlos Santana,Aniversario (disco 2),345
Funk & Disco (4779 titres),358,2,2153431,HAWAIIAN PAKALOLO,J BOOG,BACKYARD BOOGIE,241
Funk & Disco (4779 titres),358,2,2057191,Hawaiian Pakalolo,J BOOG,BACKYARD BOOGIE,241
Funk & Disco (4779 titres),359,2,2186827,HE CAN'T LOVE U,DJ ABDEL AND CUT KILLER,"HIP HOP SOUL PARTY, EPISODE IV",309
Funk & Disco (4779 titres),359,2,2186828,HE CAN’T LOVE U,DJ ABDEL AND CUT KILLER,"HIP HOP SOUL PARTY, EPISODE IV",309
Funk & Disco (4779 titres),360,2,2185589,HORNY '98,Karla Bonoff,PERU RARE GROOVE,184
Funk & Disco (4779 titres),360,2,2185590,HORNY’98,Karla Bonoff,PERU RARE GROOVE,184
Funk & Disco (4779 titres),361,2,1428190,Hail to the Wrong,Chaka Khan,Funk This,223
Funk & Disco (4779 titres),361,2,2139814,Hail to the Wrong,Chaka Khan,Funk This,223
Funk & Disco (4779 titres),362,2,2218310,Hangin' Out (12'' Disco Mix) (Bonus Track),Kool and The Gang,Ladies Night,304
Funk & Disco (4779 titres),362,2,2239717,Hangin' Out (12'' Disco Mix) (Bonus Track),Kool and The Gang,Ladies Night,304
Funk & Disco (4779 titres),363,2,2102323,Happiness,The Black Keys,Dropout Boogie,224
Funk & Disco (4779 titres),363,2,2164950,Happiness,The Black Keys,Dropout Boogie,224
Funk & Disco (4779 titres),364,2,1942186,Hard to Love,Calvin Harris,"Funk Wav Bounces, Vol. 1",230
Funk & Disco (4779 titres),364,2,2266971,Hard to Love,Calvin Harris,"Funk Wav Bounces, Vol. 1",230
Funk & Disco (4779 titres),365,2,1427122,Haven't Found You Yet,Blue,Heart & Soul,200
Funk & Disco (4779 titres),365,2,2099420,Haven’t Found You Yet,Blue,Heart & Soul,200
Funk & Disco (4779 titres),366,2,2159443,He Ain't Heavy... He's My Brother,Al Green,Soul Survivor,240
Funk & Disco (4779 titres),366,2,1893836,He Ain’t Heavy... He’s My Brother,Al Green,Soul Survivor,240
Funk & Disco (4779 titres),367,2,1285785,He Ain’t Comin’ Home No More,Nina Simone,High Priestess of Soul,190
Funk & Disco (4779 titres),367,2,1426914,He Ain’t Comin’ Home No More,Nina Simone,High Priestess of Soul,190
Funk & Disco (4779 titres),368,2,1946116,He's A Winner,Booty Luv,Boogie 2Nite,195
Funk & Disco (4779 titres),368,2,1946130,He's A Winner,Booty Luv,Boogie 2nite,195
Funk & Disco (4779 titres),369,2,1428378,Hear My Name (Solid Groove Hear My Dub),Armand Van Helden,The Best of Armand Van Helden,360
Funk & Disco (4779 titres),369,2,2064187,Hear My Name (Solid Groove Hear My Dub),Armand Van Helden,The Best of Armand Van Helden,360
Funk & Disco (4779 titres),370,2,1428374,Hear My Name (Solid Groove Hear My Rub remix),Armand Van Helden,Various Artists,377
Funk & Disco (4779 titres),370,2,2126623,Hear My Name (Solid Groove Hear My Rub remix),Armand Van Helden,Various Artists,377
Funk & Disco (4779 titres),371,2,1427123,Heart & Soul,Blue,Heart & Soul,162
Funk & Disco (4779 titres),371,2,2121231,Heart & Soul,Blue,Heart & Soul,162
Funk & Disco (4779 titres),372,2,2177518,Heart And Soul [David Jensen Session 23/08/1982],Big Country,At The BBC,288
Funk & Disco (4779 titres),372,2,2220430,Heart And Soul [David Jensen Session 23/08/1982],Big Country,At The BBC,288
Funk & Disco (4779 titres),373,3,1885377,Heart and Soul,David Gray,Skellig,260
Funk & Disco (4779 titres),373,3,2063150,Heart and Soul,David Gray,Skellig,260
Funk & Disco (4779 titres),373,3,2159360,Heart and Soul,David Gray,Skellig,260
Funk & Disco (4779 titres),374,2,2220393,Heart and Soul,Big Country,The Crossing (deluxe edition),273
Funk & Disco (4779 titres),374,2,2240479,Heart and Soul,Big Country,The Crossing (deluxe edition),273
Funk & Disco (4779 titres),375,2,1942187,Heatstroke,Calvin Harris,"Funk Wav Bounces, Vol. 1",229
Funk & Disco (4779 titres),375,2,2266972,Heatstroke,Calvin Harris,"Funk Wav Bounces, Vol. 1",229
Funk & Disco (4779 titres),376,2,1893156,Heaven's Little Angel (groove mix),The Outfield,Any Time Now,246
Funk & Disco (4779 titres),376,2,2080713,Heaven's Little Angel (groove mix),The Outfield,Any Time Now,246
Funk & Disco (4779 titres),377,2,1252651,Hell Yes,Oh No,Dr. No's Kali Tornado Funk,118
Funk & Disco (4779 titres),377,2,1687639,Hell Yes,Oh No,Dr. No's Kali Tornado Funk,118
Funk & Disco (4779 titres),378,2,1428362,Hennessey N Buddah,DJ Abdel and Cut Killer,Hip Hop Soul Party 5,247
Funk & Disco (4779 titres),378,2,2146089,Hennessey n Buddah,DJ Abdel and Cut Killer,"Hip Hop Soul Party, Volume 5",247
Funk & Disco (4779 titres),379,3,1281072,"Hey, Soul Sister",Train,NRJ Summer Hits Only 2010,214
Funk & Disco (4779 titres),379,3,1429258,"Hey, Soul Sister",Train,NRJ Summer Hits Only 2010,214
Funk & Disco (4779 titres),379,3,2054112,"Hey, Soul Sister",Train,"Hey, Soul Sister - Single",215
Funk & Disco (4779 titres),380,2,1247906,High Wire,Various Artists,100 Hits: Boogie Nights,230
Funk & Disco (4779 titres),380,2,1849401,High Wire,Various Artists,100 Hits: the Best Disco Album,230
Funk & Disco (4779 titres),381,2,1893300,History,The Verve,A Northern Soul,329
Funk & Disco (4779 titres),381,2,2082177,History,The Verve,A Northern Soul,326
Funk & Disco (4779 titres),382,2,2061310,"Hold On, I'm Comin'",James Brown,Handful of Soul;James_Brown,156
Funk & Disco (4779 titres),382,2,1427168,"Hold On, I’m Comin’",James Brown,Handful of Soul;James_Brown,156
Funk & Disco (4779 titres),383,2,1248897,Hole In My Soul,Aerosmith,Nine Lives,378
Funk & Disco (4779 titres),383,2,1427484,Hole In My Soul,Aerosmith,Nine Lives,378
Funk & Disco (4779 titres),384,2,2218832,Hollywood Swinging,Kool and The Gang,The Best Of 1969-1976 (Funk Essentials),279
Funk & Disco (4779 titres),384,2,2239965,Hollywood Swinging,Kool and The Gang,The Best Of 1969-1976 (Funk Essentials),279
Funk & Disco (4779 titres),385,2,1242826,Hot Like Fire (Timbaland’s Groove mix),Aaliyah,One in a Million,277
Funk & Disco (4779 titres),385,2,1428228,Hot Like Fire (Timbaland’s Groove mix),Aaliyah,One in a Million,277
Funk & Disco (4779 titres),386,3,1428343,Hot Mix,James Brown,Grits & Soul;JAMES BROWN grifts and soul,138
Funk & Disco (4779 titres),386,3,1428344,Hot Mix,James Brown,Grits & Soul,138
Funk & Disco (4779 titres),386,3,2109573,Hot Mix,James Brown,Grits & Soul,138
Funk & Disco (4779 titres),387,2,1420461,Hot Shot,Various Artists,100 Hits: The Best Disco Album,261
Funk & Disco (4779 titres),387,2,1954711,Hot Shot,Various Artists,Back to the Disco (Disc 2),241
Funk & Disco (4779 titres),388,2,1428341,Hot Stage Lights,Various Artists,Spirit Of Funk,277
Funk & Disco (4779 titres),388,2,2064532,Hot Stage Lights,Various Artists,Spirit Of Funk,277
Funk & Disco (4779 titres),389,2,1428339,How Do You Stop,Various Artists,"80s Soul Jams, Vol. II",289
Funk & Disco (4779 titres),389,2,2061284,How Do You Stop,Various Artists,"80s Soul Jams, Vol. II",289
Funk & Disco (4779 titres),390,2,1940915,Hymn 4 My Soul,JOE COCKER,Hymn for My Soul,234
Funk & Disco (4779 titres),390,2,1941544,Hymn 4 My Soul,JOE COCKER,The Very Best Of Joe Cocker,236
Funk & Disco (4779 titres),391,2,2004282,I Am Somebody,DJ Mouss,Funk Connection,168
Funk & Disco (4779 titres),391,2,2260047,I Am Somebody,DJ Mouss,Funk Connection,168
Funk & Disco (4779 titres),392,2,2098557,I Am for Real (May the Funk Be with You),George Duke,Follow the Rainbow,319
Funk & Disco (4779 titres),392,2,2166125,I Am for Real (May the Funk Be with You),George Duke,Follow the Rainbow,319
Funk & Disco (4779 titres),393,5,1411547,I Created Disco,Calvin Harris,I Created Disco,248
Funk & Disco (4779 titres),393,5,1426895,I Created Disco,Calvin Harris,I Created Disco,248
Funk & Disco (4779 titres),393,5,1942171,I Created Disco,Calvin Harris,I Created Disco,248
Funk & Disco (4779 titres),393,5,2140798,I Created Disco,Calvin Harris,Unknown Album,248
Funk & Disco (4779 titres),393,5,2266956,I Created Disco,Calvin Harris,I Created Disco,248
Funk & Disco (4779 titres),394,2,1428318,I Don't Love You No More (I Don't Care About You),Jimmyu Norman,Birth of Soul - Vol. 4,150
Funk & Disco (4779 titres),394,2,2123591,I Don’t Love You No More (I Don’t Care About You),Jimmyu Norman,Birth of Soul - Vol. 4,150
Funk & Disco (4779 titres),395,2,1185588,I Drove All Night,Roy Orbison,The Soul Of Rock And Roll,225
Funk & Disco (4779 titres),395,2,1961198,I Drove All Night,Roy Orbison,The Best Of The Soul Of Rock And Roll,225
Funk & Disco (4779 titres),396,6,1428316,I Got Soul,Eamon,Golden Rail Motel,190
Funk & Disco (4779 titres),396,6,2062117,I Got Soul,Eamon,Golden Rail Motel,190
Funk & Disco (4779 titres),396,6,2197687,I Got Soul,Eamon,Golden Rail Motel,190
Funk & Disco (4779 titres),396,6,2197688,I Got Soul,Eamon,Golden Rail Motel,190
Funk & Disco (4779 titres),396,6,2236243,I Got Soul,Eamon,Golden Rail Motel,190
Funk & Disco (4779 titres),396,6,2236245,I Got Soul,Eamon,Golden Rail Motel,190
Funk & Disco (4779 titres),397,4,1428309,I Gotta Dance With You,Tina Charles,Heart 'N' Soul,199
Funk & Disco (4779 titres),397,4,1428310,I Gotta Dance With You,Tina Charles,Heart 'N' Soul,199
Funk & Disco (4779 titres),397,4,2114940,I Gotta Dance With You,Tina Charles,Heart 'N' Soul,199
Funk & Disco (4779 titres),397,4,2259858,I Gotta Dance With You,Tina Charles,Heart 'n' Soul,199
Funk & Disco (4779 titres),398,2,1285786,I Hold No Grudge,Nina Simone,High Priestess of Soul,141
Funk & Disco (4779 titres),398,2,1426915,I Hold No Grudge,Nina Simone,High Priestess of Soul,141
Funk & Disco (4779 titres),399,2,1241401,I Know You Got Soul,Eric B. & Rakim,Paid In Full (Expanded),283
Funk & Disco (4779 titres),399,2,2003462,I Know You Got Soul,Eric B. & Rakim,Paid In Full (Expanded),285
Funk & Disco (4779 titres),400,2,2181867,I LOVE MUSIC,Various Artists,100 HITS THE BEST DISCO ALBUM,210
Funk & Disco (4779 titres),400,2,1849445,I Love Music,Various Artists,100 Hits: the Best Disco Album,210
Funk & Disco (4779 titres),401,2,1849413,I Lost My Heart to a Starship Trooper,Various Artists,100 Hits: the Best Disco Album,259
Funk & Disco (4779 titres),401,2,1849469,I Lost My Heart to a Starship Trooper,Various Artists,100 Hits: Boogie Nights,259
Funk & Disco (4779 titres),402,2,2100389,I Lost My Soul,Boris Brejcha,DJ Mixes Single Tracks,493
Funk & Disco (4779 titres),402,2,2164283,I Lost My Soul,Boris Brejcha,DJ Mixes Single Tracks,493
Funk & Disco (4779 titres),403,2,1285787,I Love My Baby,Nina Simone,High Priestess of Soul,241
Funk & Disco (4779 titres),403,2,1426916,I Love My Baby,Nina Simone,High Priestess of Soul,241
Funk & Disco (4779 titres),404,2,1297916,I Love the Nightlife (Disco 'Round),Alicia Bridges,I Love the Nightlife,244
Funk & Disco (4779 titres),404,2,1428287,I Love the Nightlife (Disco 'Round),Alicia Bridges,I Love the Nightlife,244
Funk & Disco (4779 titres),405,2,2008393,I Only Want to be With You,Bobby Youngblood,Opération Funk 6,166
Funk & Disco (4779 titres),405,2,2008396,I Only Want to be With You,Bobby Youngblood,Opération Funk 6,166
Funk & Disco (4779 titres),406,2,1940895,I Put a Spell on You,JOE COCKER,Heart & Soul,271
Funk & Disco (4779 titres),406,2,1940896,I Put a Spell on You,JOE COCKER,Heart & Soul,273
Funk & Disco (4779 titres),407,2,2181877,I WANNA DANCE WIT CHOO (DOO DAT DANCE),Various Artists,100 HITS THE BEST DISCO ALBUM,303
Funk & Disco (4779 titres),407,2,1954955,I Wanna Dance Wit’ Choo (Doo Dat Dance),Various Artists,100 Hits: the Best Disco Album,303
Funk & Disco (4779 titres),408,2,1428289,I Want Your Love,Chic,Definitive Groove: Chic,413
Funk & Disco (4779 titres),408,2,2136565,I Want Your Love,Chic,Definitive Groove: Chic,413
Funk & Disco (4779 titres),409,2,2080968,I Want Your Soul,Armand Van Helden,Ghettoblaster CD1,399
Funk & Disco (4779 titres),409,2,2271277,I Want Your Soul,Armand Van Helden,Ghettoblaster (Deluxe Version),399
Funk & Disco (4779 titres),410,3,1427476,I Want Your Soul (Crookers Remix),Armand Van Helden,I Want Your Soul,301
Funk & Disco (4779 titres),410,3,2080943,I Want Your Soul (Crookers Remix),Armand Van Helden,I Want Your Soul,327
Funk & Disco (4779 titres),410,3,2126595,I Want Your Soul (Crookers Remix),Armand Van Helden,I Want Your Soul,301
Funk & Disco (4779 titres),411,3,2084028,I Want Your Soul (Enrico Sangiuliano Dub),Armand Van Helden,Various Artists,476
Funk & Disco (4779 titres),411,3,1485421,I Want Your Soul (Enrico Sangiuliano dub),Armand Van Helden,Various Artists,474
Funk & Disco (4779 titres),411,3,2126625,I Want Your Soul (Enrico Sangiuliano dub),Armand Van Helden,Various Artists,474
Funk & Disco (4779 titres),412,3,2084029,I Want Your Soul (Enrico Sangiuliano Remix),Armand Van Helden,Various Artists,476
Funk & Disco (4779 titres),412,3,1485422,I Want Your Soul (Enrico Sangiuliano remix),Armand Van Helden,Various Artists,475
Funk & Disco (4779 titres),412,3,2126626,I Want Your Soul (Enrico Sangiuliano remix),Armand Van Helden,Various Artists,475
Funk & Disco (4779 titres),413,2,2080940,I Want Your Soul (Original),Armand Van Helden,I Want Your Soul,398
Funk & Disco (4779 titres),413,2,2126628,I Want Your Soul (original),Armand Van Helden,Various Artists,399
Funk & Disco (4779 titres),414,2,1428272,I Want Your Soul (Wizard's Breaks mix),Armand Van Helden,Various Artists,397
Funk & Disco (4779 titres),414,2,2126627,I Want Your Soul (Wizard's Breaks mix),Armand Van Helden,Various Artists,397
Funk & Disco (4779 titres),415,2,1278962,I love you much too much,Carlos Santana,Aniversario (disco 2),285
Funk & Disco (4779 titres),415,2,1428264,I love you much too much,Carlos Santana,Aniversario (disco 2),285
Funk & Disco (4779 titres),416,2,2181874,I'M IN THE MOOD FOR DANCING,Various Artists,100 HITS THE BEST DISCO ALBUM,198
Funk & Disco (4779 titres),416,2,1849397,I’m in the Mood for Dancing,Various Artists,100 Hits: the Best Disco Album,198
Funk & Disco (4779 titres),417,4,1428258,I'll Be Your Light (In Your Moment Of Darkness),Tina Charles,Heart 'N' Soul,256
Funk & Disco (4779 titres),417,4,1428259,I'll Be Your Light (In Your Moment Of Darkness),Tina Charles,Heart 'N' Soul,256
Funk & Disco (4779 titres),417,4,2114941,I'll Be Your Light (In Your Moment Of Darkness),Tina Charles,Heart 'N' Soul,256
Funk & Disco (4779 titres),417,4,2259859,I'll Be Your Light (In Your Moment of Darkness),Tina Charles,Heart 'n' Soul,256
Funk & Disco (4779 titres),418,2,1428256,I'll Go Where Your Music Takes Me,Tina Charles,Heart 'N' Soul,286
Funk & Disco (4779 titres),418,2,2111117,I’ll Go Where Your Music Takes Me,Tina Charles,Heart 'N' Soul,286
Funk & Disco (4779 titres),419,4,1295729,I'm Doin' Fine Now,Various Artists,100 Hits: The Best Disco Album,170
Funk & Disco (4779 titres),419,4,1428132,I'm Doin' Fine Now,Various Artists,100 Hits: the Best Disco Album,170
Funk & Disco (4779 titres),419,4,1295730,I’m Doin’ Fine Now,Various Artists,100 Hits: The Best Disco Album,170
Funk & Disco (4779 titres),419,4,1428133,I’m Doin’ Fine Now,Various Artists,100 Hits: the Best Disco Album,170
Funk & Disco (4779 titres),420,2,1181471,I'm Glad That You're Here,Alphonse Mouzon,"Italo Disco Babies 1978-1985: Rare Disco & Funk Dance Hits, Vol. 3",148
Funk & Disco (4779 titres),420,2,1181472,I'm Glad That You're Here,Alphonse Mouzon,"Italo Disco Babies 1978-1985: Rare Disco & Funk Dance Hits, Vol. 3",148
Funk & Disco (4779 titres),421,2,1944499,I'm So Excited,Various Artists,100 Disco Classics: the Sound of My Life,228
Funk & Disco (4779 titres),421,2,1849442,I’m So Excited,Various Artists,100 Disco Classics: the Sound of My Life,230
Funk & Disco (4779 titres),422,3,2205984,I'm Soul,Sleepy Brown,Mr. Brown,341
Funk & Disco (4779 titres),422,3,2258655,I'm Soul,Sleepy Brown,Mr. Brown,341
Funk & Disco (4779 titres),422,3,2262384,I'm Soul,Sleepy Brown,Mr. Brown,341
Funk & Disco (4779 titres),423,2,2188508,INTRO BY KHEOPS,KHEOPS,OPERATION FUNK,222
Funk & Disco (4779 titres),423,2,2188509,INTRO BY KHEOPS,KHEOPS,OPERATION FUNK,82
Funk & Disco (4779 titres),424,3,1429182,IT'S A SHAME,Various Artists,DISCO PARTY,191
Funk & Disco (4779 titres),424,3,1955032,It's A Shame,Various Artists,70's Funk 'n' Soul Classics,191
Funk & Disco (4779 titres),424,3,1849814,It’s a Shame,Various Artists,70's Funk 'n' Soul Classics,193
Funk & Disco (4779 titres),425,2,1288827,If I Had No Loot,Tony! Toni! Toné!,Sons of Soul,110
Funk & Disco (4779 titres),425,2,1288828,If I Had No Loot,Tony! Toni! Toné!,Sons of Soul,110
Funk & Disco (4779 titres),426,2,2009087,"If You Feel the Funk (12"" Version)",Ben Liebrand,Grand 12‐Inches 2,311
Funk & Disco (4779 titres),426,2,2183929,"If You Feel the Funk (12"" Version)",Ben Liebrand,Grand 12‐Inches 2,311
Funk & Disco (4779 titres),427,2,1248948,Il tempo se ne va,Adriano Celentano,Italiano Disco (100 Hits From Italy),225
Funk & Disco (4779 titres),427,2,1428215,Il tempo se ne va,Adriano Celentano,Italiano Disco (100 Hits From Italy),225
Funk & Disco (4779 titres),428,2,2143752,In Her Eyes (Purple Disco Machine edit),Purple Disco Machine,Discotheque,307
Funk & Disco (4779 titres),428,2,2260168,In Her Eyes (Purple Disco Machine edit),Purple Disco Machine,Discotheque,308
Funk & Disco (4779 titres),429,2,1428196,In The Evening,Various Artists,Disco Rojo Vol. 3,171
Funk & Disco (4779 titres),429,2,1421981,In the Evening,Various Artists,"Disco Rojo, Volume 3",171
Funk & Disco (4779 titres),430,3,1686726,In the Evening,SebastiAn,"Disco Rojo, Volume 3",171
Funk & Disco (4779 titres),430,3,1686727,In the Evening,SebastiAn,"Disco Rojo, Volume 3",171
Funk & Disco (4779 titres),430,3,1686728,In the Evening,SebastiAn,"Disco Rojo, Volume 3",171
Funk & Disco (4779 titres),431,3,2229319,Incognito,Incognito,Jazz Funk,295
Funk & Disco (4779 titres),431,3,2232633,Incognito,Incognito,Jazz Funk,295
Funk & Disco (4779 titres),431,3,2265661,Incognito,Incognito,Jazz Funk,295
Funk & Disco (4779 titres),432,3,2099214,Infatuation (extended version),James Brown,Soul Pride: 1960-1969,319
Funk & Disco (4779 titres),432,3,2259586,Infatuation (extended version),James Brown,Grits & Soul,319
Funk & Disco (4779 titres),432,3,2259587,Infatuation (extended version),James Brown,Grits & Soul,319
Funk & Disco (4779 titres),433,2,1428188,Inmydreams,Blackchild,Groove Dealer EP,428
Funk & Disco (4779 titres),433,2,2115426,Inmydreams,Blackchild,Groove Dealer EP,428
Funk & Disco (4779 titres),434,2,1300496,Innamorati,Adriano Celentano,Italiano Disco (100 Hits From Italy),234
Funk & Disco (4779 titres),434,2,1428161,Innamorati,Adriano Celentano,Italiano Disco (100 Hits From Italy),234
Funk & Disco (4779 titres),435,3,2229318,Interference,Incognito,Jazz Funk,319
Funk & Disco (4779 titres),435,3,2232632,Interference,Incognito,Jazz Funk,319
Funk & Disco (4779 titres),435,3,2265660,Interference,Incognito,Jazz Funk,319
Funk & Disco (4779 titres),436,3,2175468,Interstellar Soul,T. Rex,Whatever Happened to the Teenage Dream? (1973),207
Funk & Disco (4779 titres),436,3,2219262,Interstellar Soul,T. Rex,Whatever Happened to the Teenage Dream? (1973),207
Funk & Disco (4779 titres),436,3,2273213,Interstellar Soul,T. Rex,Whatever Happened to the Teenage Dream? (1973),207
Funk & Disco (4779 titres),437,2,1952589,Into the Groove,Various Artists,"Vintage Cafe: Jazz and Lounge Blends, Vol. 6: Blue & Beauty",231
Funk & Disco (4779 titres),437,2,2127432,Into the Groove,Various Artists,"Vintage Cafe: Jazz and Lounge Blends, Vol. 6: Blue & Beauty",231
Funk & Disco (4779 titres),438,2,1347604,Into the Groove (You Can Dance remix edit),Madonna,Into the Groove (You Can Dance remix edit),284
Funk & Disco (4779 titres),438,2,2125972,Into the Groove (You Can Dance remix edit),Madonna,Into the Groove (You Can Dance remix edit),284
Funk & Disco (4779 titres),439,6,1211651,Intro,Calvin Harris,"Funk Wav Bounces, Vol. 2",39
Funk & Disco (4779 titres),439,6,1942172,Intro,Calvin Harris,"Funk Wav Bounces, Vol. 2",39
Funk & Disco (4779 titres),439,6,1942173,Intro,Calvin Harris,"Funk Wav Bounces, Vol. 2",39
Funk & Disco (4779 titres),439,6,2061638,Intro,Calvin Harris,"Funk Wav Bounces, Vol. 2",39
Funk & Disco (4779 titres),439,6,2266957,Intro,Calvin Harris,"Funk Wav Bounces, Vol. 2",39
Funk & Disco (4779 titres),439,6,2266958,Intro,Calvin Harris,"Funk Wav Bounces, Vol. 2",39
Funk & Disco (4779 titres),440,3,1252635,Intro,Oh No,Dr. No's Kali Tornado Funk,26
Funk & Disco (4779 titres),440,3,1350396,Intro,Oh No,Dr. No's Kali Tornado Funk,26
Funk & Disco (4779 titres),440,3,2133557,Intro,Oh No,Dr. No's Kali Tornado Funk,26
Funk & Disco (4779 titres),441,2,1427464,Intro - Lost Files of Funk,Detroit Grand Pubahs,Funk All Y'all,32
Funk & Disco (4779 titres),441,2,2056560,Intro - Lost Files of Funk,Detroit Grand Pubahs,Funk All Y'all,32
Funk & Disco (4779 titres),442,2,1426806,Involvement Fluid,Detroit Grand Pubahs,Funk All Y'all,391
Funk & Disco (4779 titres),442,2,2101923,Involvement Fluid,Detroit Grand Pubahs,Funk All Y'all,391
Funk & Disco (4779 titres),443,3,2170622,Ist Deine Liebe Echt? (Disco 2000 Radio Mix),Blümchen,Die Welt Gehört Dir,198
Funk & Disco (4779 titres),443,3,2172505,Ist Deine Liebe Echt? (Disco 2000 Radio Mix),Blümchen,Die Welt Gehört Dir,198
Funk & Disco (4779 titres),443,3,2059555,Ist deine Liebe echt? (Disco 2000 radio mix),Blümchen,Die Welt Gehört Dir,198
Funk & Disco (4779 titres),444,4,2059154,It Ain’t Over,The Black Keys,Dropout Boogie,228
Funk & Disco (4779 titres),444,4,2170520,It Ain’t Over,The Black Keys,Dropout Boogie,228
Funk & Disco (4779 titres),444,4,2172557,It Ain’t Over,The Black Keys,Dropout Boogie,228
Funk & Disco (4779 titres),444,4,2271573,It Ain’t Over,The Black Keys,Dropout Boogie,228
Funk & Disco (4779 titres),445,2,1428081,It Won’t Be Me,Various Artists,Sweet Soul & Funky Music “James Brown Special”,217
Funk & Disco (4779 titres),445,2,2107104,It Won’t Be Me,Various Artists,Sweet Soul & Funky Music “James Brown Special”,217
Funk & Disco (4779 titres),446,3,1971836,It's Alright,Bob Marley & The Wailers,Soul Rebels,160
Funk & Disco (4779 titres),446,3,1245437,It’s Alright,Bob Marley & The Wailers,Soul Rebels,160
Funk & Disco (4779 titres),446,3,2132645,It’s Alright,Bob Marley & The Wailers,Soul Rebels,160
Funk & Disco (4779 titres),447,3,1954959,It’S A Disco Night (Rock Don’T Stop),Various Artists,100 Hits: the Best Disco Album,253
Funk & Disco (4779 titres),447,3,1247641,It’s a Disco Night (Rock Don’t Stop),Various Artists,100 Hits: Boogie Nights,252
Funk & Disco (4779 titres),447,3,1428147,It’s a Disco Night (Rock Don’t Stop),Various Artists,100 Hits: Boogie Nights,252
Funk & Disco (4779 titres),448,2,1285788,I’m Going Back Home,Nina Simone,High Priestess of Soul,172
Funk & Disco (4779 titres),448,2,1428129,I’m Going Back Home,Nina Simone,High Priestess of Soul,172
Funk & Disco (4779 titres),449,2,1285789,I’m Gonna Leave You,Nina Simone,High Priestess of Soul,138
Funk & Disco (4779 titres),449,2,1428130,I’m Gonna Leave You,Nina Simone,High Priestess of Soul,138
Funk & Disco (4779 titres),450,4,2201365,JE DANSE LE MIA (LE TERRIBLE FUNK REMIX) [RADIO EDIT],IAM,MELANCHOLY,239
Funk & Disco (4779 titres),450,4,1484437,Je Danse Le Mia  (Le Terrible Funk Remix Radio Edit),IAM,Ombre Est Lumière,239
Funk & Disco (4779 titres),450,4,2002098,Je Danse le Mia (Le Terrible Funk Remix Radio Edit),IAM,Ombre Est Lumiere (Volume Unique),239
Funk & Disco (4779 titres),450,4,1422942,Je danse le Mia (Le Terrible Funk remix radio edit),IAM,"Ombre est lumière, volume unique",239
Funk & Disco (4779 titres),451,2,1356296,JIVING ROUND,The Bar-Kays,GOTTA GROOVE,197
Funk & Disco (4779 titres),451,2,1420199,Jiving ’Round,The Bar-Kays,Gotta Groove,197
Funk & Disco (4779 titres),452,2,2184319,JUMP UP,Various Artists,WIRED 2: STILL IN THE GROOVE  (COMPILATION)  (M4A),241
Funk & Disco (4779 titres),452,2,1428091,Jump Up,Various Artists,Wired 2: Still In The Groove,241
Funk & Disco (4779 titres),453,3,2166941,JUST PLAIN FUNK,James Brown,I GOT THE FEELIN',185
Funk & Disco (4779 titres),453,3,1428079,Just Plain Funk,James Brown,I GOT THE FEELIN',185
Funk & Disco (4779 titres),453,3,2099202,Just Plain Funk,James Brown,I Got the Feelin’,185
Funk & Disco (4779 titres),454,2,1248949,Ja tebia liubliu,Adriano Celentano,Italiano Disco (100 Hits From Italy),320
Funk & Disco (4779 titres),454,2,1428127,Ja tebia liubliu,Adriano Celentano,Italiano Disco (100 Hits From Italy),320
Funk & Disco (4779 titres),455,2,1428124,Jazzy's Groove,DJ Jazzy Jeff & the Fresh Prince,Original Album Classics,225
Funk & Disco (4779 titres),455,2,1428121,Jazzy’s Groove,DJ Jazzy Jeff & the Fresh Prince,And in This Corner…,225
Funk & Disco (4779 titres),456,2,1935427,Je danse le Mia (Le terrible Funk Remix Extended),IAM,Je danse le Mia,44
Funk & Disco (4779 titres),456,2,1958926,Je danse le Mia (Le terrible Funk Remix Extended),IAM,Monde M.R.S,267
Funk & Disco (4779 titres),457,2,1195396,Je rêve,Shy’m,Soul Bro Therapy,195
Funk & Disco (4779 titres),457,2,1428115,Je rêve,Shy’m,Soul Bro Therapy,195
Funk & Disco (4779 titres),458,2,1940902,Jealous Guy,JOE COCKER,Heart & Soul,246
Funk & Disco (4779 titres),458,2,1940903,Jealous Guy,JOE COCKER,Heart & Soul,248
Funk & Disco (4779 titres),459,2,2219323,Jeepster,T. Rex,Bolan Boogie,252
Funk & Disco (4779 titres),459,2,2240213,Jeepster,T. Rex,Bolan Boogie,252
Funk & Disco (4779 titres),460,2,2026759,Jestofunk - Disco Queen (Moz-Art mix),161. Jestofunk,Disco Queen (Moz,374
Funk & Disco (4779 titres),460,2,2026758,Jestofunk Disco Queen (Moz-Art mix),161. Jestofunk,Disco Queen (Moz,374
Funk & Disco (4779 titres),461,2,2168886,Jesus Will Fix It,Al Green,Soul Survivor,202
Funk & Disco (4779 titres),461,2,2225681,Jesus Will Fix It,Al Green,Soul Survivor,202
Funk & Disco (4779 titres),462,2,2219317,Jewel,T. Rex,Bolan Boogie,168
Funk & Disco (4779 titres),462,2,2240207,Jewel,T. Rex,Bolan Boogie,168
Funk & Disco (4779 titres),463,4,2218537,Jitterbugs,Kool and The Gang,Funk Essentials,328
Funk & Disco (4779 titres),463,4,2233648,Jitterbugs,Kool and The Gang,Kool Funk Essentials 1970-1977,327
Funk & Disco (4779 titres),463,4,2239795,Jitterbugs,Kool and The Gang,Kool Funk Essentials 1970-1977,327
Funk & Disco (4779 titres),463,4,2239807,Jitterbugs,Kool and The Gang,Funk Essentials,328
Funk & Disco (4779 titres),464,2,1428107,Jive Samba,The Essence All Stars,Essence Of Funk,408
Funk & Disco (4779 titres),464,2,2112518,Jive Samba,The Essence All Stars,Essence Of Funk,408
Funk & Disco (4779 titres),465,2,1300407,Joys (Purple Disco Machine Extended Remix),Roberto Surace,Defected Presents Most Rated 2020,397
Funk & Disco (4779 titres),465,2,2143754,Joys (Purple Disco Machine Extended remix),Roberto Surace,Defected Presents Most Rated 2020,397
Funk & Disco (4779 titres),466,32,2176298,Jungle Boogie,Kool and The Gang,The Very Best of Kool and the Gang,185
Funk & Disco (4779 titres),466,32,2176344,Jungle Boogie,Kool and The Gang,Gold,183
Funk & Disco (4779 titres),466,32,2176384,Jungle Boogie,Kool and The Gang,Gangthology,185
Funk & Disco (4779 titres),466,32,2176459,Jungle Boogie,Kool and The Gang,The 50 Greatest Songs,183
Funk & Disco (4779 titres),466,32,2218237,Jungle Boogie,Kool and The Gang,The Very Best of Kool and the Gang,185
Funk & Disco (4779 titres),466,32,2218353,Jungle Boogie,Kool and The Gang,Icon,184
Funk & Disco (4779 titres),466,32,2218372,Jungle Boogie,Kool and The Gang,Gold,183
Funk & Disco (4779 titres),466,32,2218412,Jungle Boogie,Kool and The Gang,Gangthology,185
Funk & Disco (4779 titres),466,32,2218465,Jungle Boogie,Kool and The Gang,The 50 Greatest Songs,183
Funk & Disco (4779 titres),466,32,2218494,Jungle Boogie,Kool and The Gang,Number 1’s,183
Funk & Disco (4779 titres),466,32,2218511,Jungle Boogie,Kool and The Gang,Get Down On It: The Very Best Of Kool & The Gang,187
Funk & Disco (4779 titres),466,32,2218559,Jungle Boogie,Kool and The Gang,Get Down On It: The Very Best Of Kool & The Gang,187
Funk & Disco (4779 titres),466,32,2218639,Jungle Boogie,Kool and The Gang,The Very Best Of,183
Funk & Disco (4779 titres),466,32,2218753,Jungle Boogie,Kool and The Gang,The Best of Kool & the Gang (1969–1976),184
Funk & Disco (4779 titres),466,32,2218836,Jungle Boogie,Kool and The Gang,The Best Of 1969-1976 (Funk Essentials),185
Funk & Disco (4779 titres),466,32,2233667,Jungle Boogie,Kool and The Gang,20th Century Masters - The Millennium Collection: The Best of Kool & the Gang,185
Funk & Disco (4779 titres),466,32,2233683,Jungle Boogie,Kool and The Gang,Spin Their Top Hits,185
Funk & Disco (4779 titres),466,32,2233728,Jungle Boogie,Kool and The Gang,Wild And Peaceful [2022 Remaster],186
Funk & Disco (4779 titres),466,32,2239744,Jungle Boogie,Kool and The Gang,Icon,184
Funk & Disco (4779 titres),466,32,2239766,Jungle Boogie,Kool and The Gang,Number 1’s,183
Funk & Disco (4779 titres),466,32,2239829,Jungle Boogie,Kool and The Gang,Get Down On It: The Very Best Of Kool & The Gang,187
Funk & Disco (4779 titres),466,32,2239855,Jungle Boogie,Kool and The Gang,Spin Their Top Hits,185
Funk & Disco (4779 titres),466,32,2239917,Jungle Boogie,Kool and The Gang,The Best of Kool & the Gang (1969–1976),184
Funk & Disco (4779 titres),466,32,2239969,Jungle Boogie,Kool and The Gang,The Best Of 1969-1976 (Funk Essentials),185
Funk & Disco (4779 titres),466,32,2259933,Jungle Boogie,Kool and The Gang,Best Selection,185
Funk & Disco (4779 titres),466,32,2259934,Jungle Boogie,Kool and The Gang,Best Selection,185
Funk & Disco (4779 titres),466,32,2272003,Jungle Boogie,Kool and The Gang,Gold,183
Funk & Disco (4779 titres),466,32,2272063,Jungle Boogie,Kool and The Gang,The Very Best of Kool and the Gang,185
Funk & Disco (4779 titres),466,32,2272097,Jungle Boogie,Kool and The Gang,Unknown Album,183
Funk & Disco (4779 titres),466,32,2218572,Jungle boogie,Kool and The Gang,The Very Best Of,186
Funk & Disco (4779 titres),466,32,2258761,Jungle boogie,Kool and The Gang,The Very Best Of,186
Funk & Disco (4779 titres),466,32,2272551,Jungle boogie,Kool and The Gang,The Very Best Of,186
Funk & Disco (4779 titres),467,2,2206715,Jungle Boogie (Club Remix),Kool and The Gang,Everything Is Kool & The Gang - Greatest Hits & More,352
Funk & Disco (4779 titres),467,2,2258703,Jungle Boogie (Club Remix),Kool and The Gang,Everything Is Kool & The Gang - Greatest Hits & More,352
Funk & Disco (4779 titres),468,2,2243978,Jungle Jazz,Kool and The Gang,Spirit Of The Boogie,289
Funk & Disco (4779 titres),468,2,2258004,Jungle Jazz,Kool and The Gang,Spirit Of The Boogie,289
Funk & Disco (4779 titres),469,3,1422647,Just Another Christmas Song,Sharon Jones and the Dap‐Kings,It’s a Holiday Soul Party,188
Funk & Disco (4779 titres),469,3,2056869,Just Another Christmas Song,Sharon Jones and the Dap‐Kings,It's a Holiday Soul Party,188
Funk & Disco (4779 titres),469,3,2167252,Just Another Christmas Song,Sharon Jones and the Dap‐Kings,It's a Holiday Soul Party,188
Funk & Disco (4779 titres),470,3,1884712,Kaya,Bob Marley & The Wailers,Soul Revolution Part II,156
Funk & Disco (4779 titres),470,3,1971859,Kaya,Bob Marley & The Wailers,"Soul Revolution, Part II Dub",158
Funk & Disco (4779 titres),470,3,2268427,Kaya,Bob Marley & The Wailers,"Soul Revolution, Part II Dub",158
Funk & Disco (4779 titres),471,5,1884706,Keep On Moving,Bob Marley & The Wailers,Soul Revolution Part II,187
Funk & Disco (4779 titres),471,5,1971841,Keep On Moving,Bob Marley & The Wailers,"Soul Revolution, Part II Dub",186
Funk & Disco (4779 titres),471,5,1996985,Keep On Moving,Bob Marley & The Wailers,"Soul Revolution, Part II Dub",186
Funk & Disco (4779 titres),471,5,2268408,Keep On Moving,Bob Marley & The Wailers,"Soul Revolution, Part II Dub",186
Funk & Disco (4779 titres),471,5,2268409,Keep On Moving,Bob Marley & The Wailers,"Soul Revolution, Part II Dub",186
Funk & Disco (4779 titres),472,2,1245443,Keep On Moving (dub version),Bob Marley & The Wailers,"Soul Revolution, Part II",187
Funk & Disco (4779 titres),472,2,1428069,Keep On Moving (dub version),Bob Marley & The Wailers,"Soul Revolution, Part II",187
Funk & Disco (4779 titres),473,2,2005306,Keep on Dancin',Various Artists,Ultimate Disco: 60 Essential Disco Classics,210
Funk & Disco (4779 titres),473,2,1849435,Keep on Dancin’,Various Artists,100 Hits: the Best Disco Album,210
Funk & Disco (4779 titres),474,2,1285790,Keeper of the Flame,Nina Simone,High Priestess of Soul,206
Funk & Disco (4779 titres),474,2,1426917,Keeper of the Flame,Nina Simone,High Priestess of Soul,206
Funk & Disco (4779 titres),475,2,2174544,Kind Of Cool 1 (Inner City Groove),Gare du Nord,Kind Of Cool,309
Funk & Disco (4779 titres),475,2,2056554,Kind of Cool 1 (Inner City Groove),Gare du Nord,Kind Of Cool,309
Funk & Disco (4779 titres),476,2,2218538,Kind of Funky,Kool and The Gang,Funk Essentials,501
Funk & Disco (4779 titres),476,2,2239808,Kind of Funky,Kool and The Gang,Funk Essentials,501
Funk & Disco (4779 titres),477,2,1253553,Knucklehead Funkin',The Gap Band,Strike a Groove,281
Funk & Disco (4779 titres),477,2,2233133,Knucklehead Funkin',The Gap Band,Strike a Groove,119
Funk & Disco (4779 titres),478,2,2218839,Kool It (Here Comes The Fuzz),Kool and The Gang,The Best Of 1969-1976 (Funk Essentials),169
Funk & Disco (4779 titres),478,2,2239972,Kool It (Here Comes The Fuzz),Kool and The Gang,The Best Of 1969-1976 (Funk Essentials),169
Funk & Disco (4779 titres),479,2,1300497,L'italiano,Adriano Celentano,Italiano Disco (100 Hits From Italy),232
Funk & Disco (4779 titres),479,2,1428066,L'italiano,Adriano Celentano,Italiano Disco (100 Hits From Italy),232
Funk & Disco (4779 titres),480,2,2153436,LET IT BLAZE,J BOOG,BACKYARD BOOGIE,222
Funk & Disco (4779 titres),480,2,2111784,Let It Blaze,J BOOG,BACKYARD BOOGIE,222
Funk & Disco (4779 titres),481,2,2153434,LET'S DO IT AGAIN,J BOOG,BACKYARD BOOGIE,192
Funk & Disco (4779 titres),481,2,2109021,Let's Do It Again,J BOOG,BACKYARD BOOGIE,192
Funk & Disco (4779 titres),482,2,2154415,LIGHTEN UP,Collective Soul,COLLECTIVE SOUL,216
Funk & Disco (4779 titres),482,2,2100165,Lighten Up,Collective Soul,COLLECTIVE SOUL,216
Funk & Disco (4779 titres),483,2,2154417,LOVE,Collective Soul,COLLECTIVE SOUL,212
Funk & Disco (4779 titres),483,2,2108315,Love,Collective Soul,COLLECTIVE SOUL,212
Funk & Disco (4779 titres),484,2,2188520,LOVE'S COMIN' AT YA,KHEOPS,OPERATION FUNK,172
Funk & Disco (4779 titres),484,2,2188521,LOVE'S COMIN' AT YA,KHEOPS,OPERATION FUNK,172
Funk & Disco (4779 titres),485,2,1958888,La Saga (Soul Remix),IAM,L'Ecole Du Micro D'Argent,287
Funk & Disco (4779 titres),485,2,2271158,La Saga (Soul remix),IAM,L'École du micro d'argent,287
Funk & Disco (4779 titres),486,2,2218309,Ladies Night (12'' Promo Disco Mix) (Bonus Track),Kool and The Gang,Ladies Night,423
Funk & Disco (4779 titres),486,2,2239716,Ladies Night (12'' Promo Disco Mix) (Bonus Track),Kool and The Gang,Ladies Night,423
Funk & Disco (4779 titres),487,2,1428059,"Lady, Lady, Lady",Adriano Celentano,Italiano Disco (100 Hits From Italy),246
Funk & Disco (4779 titres),487,2,2115201,"Lady, Lady, Lady",Adriano Celentano,Italiano Disco (100 Hits From Italy),246
Funk & Disco (4779 titres),488,2,2168773,Last Days Of Disco (Still Going Remix),Robbie Williams,Unknown Album,386
Funk & Disco (4779 titres),488,2,2118213,Last Days of Disco (Still Going remix),Robbie Williams,Unknown Album,386
Funk & Disco (4779 titres),489,2,1953539,"Le Bien, le Mal",Various Artists,"Cool Groove, Vol. 1",202
Funk & Disco (4779 titres),489,2,2006738,"Le Bien, le Mal",Various Artists,"Cool Groove, Vol. 1",202
Funk & Disco (4779 titres),490,2,1300144,Le Monde Est à Toi,CRAZY B / DJ EANOV,So Good - Funk & R'N'B Selection,219
Funk & Disco (4779 titres),490,2,2137167,Le monde est à toi,CRAZY B / DJ EANOV,So Good - Funk & R'N'B Selection,219
Funk & Disco (4779 titres),491,2,1942177,Lean on Me,Calvin Harris,"Funk Wav Bounces, Vol. 2",232
Funk & Disco (4779 titres),491,2,2266962,Lean on Me,Calvin Harris,"Funk Wav Bounces, Vol. 2",233
Funk & Disco (4779 titres),492,2,2112162,Lean on Me feat. Swae Lee,Calvin Harris,"Funk Wav Bounces, Vol. 2",233
Funk & Disco (4779 titres),492,2,2140784,Lean on Me feat. Swae Lee,Calvin Harris,"Funk Wav Bounces, Vol. 2",233
Funk & Disco (4779 titres),493,2,2168726,Leaving U 4 The Groove,LMFAO,Party Rock,212
Funk & Disco (4779 titres),493,2,2101131,Leaving U 4 the Groove,LMFAO,Party Rock,212
Funk & Disco (4779 titres),494,3,2243396,Let Me Know,J BOOG,Backyard Boogie,88
Funk & Disco (4779 titres),494,3,2257781,Let Me Know,J BOOG,BACKYARD BOOGIE,218
Funk & Disco (4779 titres),494,3,2263764,Let Me Know,J BOOG,Backyard Boogie,88
Funk & Disco (4779 titres),495,2,2218837,Let The Music Take Your Mind (Extended Version),Kool and The Gang,The Best Of 1969-1976 (Funk Essentials),262
Funk & Disco (4779 titres),495,2,2239970,Let The Music Take Your Mind (Extended Version),Kool and The Gang,The Best Of 1969-1976 (Funk Essentials),262
Funk & Disco (4779 titres),496,3,2217702,Let Yourself Go,James Brown,James Brown Sings Raw Soul,175
Funk & Disco (4779 titres),496,3,2229415,Let Yourself Go,James Brown,James Brown Sings Raw Soul,175
Funk & Disco (4779 titres),496,3,2265932,Let Yourself Go,James Brown,James Brown Sings Raw Soul,175
Funk & Disco (4779 titres),497,2,1246934,Let the Beat Hit 'Em (Soul Avengerz mix),ASBO feat. Katherine Ellis,Let the Beat Hit 'Em (feat. Katherine Ellis) - EP,445
Funk & Disco (4779 titres),497,2,1428013,Let the Beat Hit 'Em (Soul Avengerz mix),ASBO feat. Katherine Ellis,Let the Beat Hit 'Em (feat. Katherine Ellis) - EP,445
Funk & Disco (4779 titres),498,2,1278996,"Let the Guitar Play (feat. Darryl ""DMC"" McDaniels) [Soul Radio Version]",Santana,"Let the Guitar Play (feat. Darryl ""DMC"" McDaniels) - Single",270
Funk & Disco (4779 titres),498,2,1428011,"Let the Guitar Play (feat. Darryl ""DMC"" McDaniels) [Soul Radio Version]",Santana,"Let the Guitar Play (feat. Darryl ""DMC"" McDaniels) - Single",270
Funk & Disco (4779 titres),499,2,1427867,Let's Get Sad,Blue,Heart & Soul,212
Funk & Disco (4779 titres),499,2,2111165,Let's Get Sad,Blue,Heart & Soul,212
Funk & Disco (4779 titres),500,2,1428000,Let's Get Together,Antoine Clamaran and Agua Sin Gas,Disco Rework - EP,487
Funk & Disco (4779 titres),500,2,2064414,Let's Get Together,Antoine Clamaran and Agua Sin Gas,Disco Rework - EP,487
Funk & Disco (4779 titres),501,10,1236453,Let's Groove,"Earth, Wind and Fire",Raise!,240
Funk & Disco (4779 titres),501,10,1236456,Let's Groove,"Earth, Wind and Fire",Inconnu,235
Funk & Disco (4779 titres),501,10,1427426,Let's Groove,"Earth, Wind and Fire",Inconnu,235
Funk & Disco (4779 titres),501,10,1427428,Let's Groove,"Earth, Wind and Fire",Raise!,240
Funk & Disco (4779 titres),501,10,1936366,Let's Groove,"Earth, Wind and Fire",100% Pure Groove,315
Funk & Disco (4779 titres),501,10,1957134,Let's Groove,"Earth, Wind and Fire",The Very Best of Earth Wind & Fire,335
Funk & Disco (4779 titres),501,10,2259453,Let's Groove,"Earth, Wind and Fire",Let's Groove,336
Funk & Disco (4779 titres),501,10,1350489,Let’s Groove,"Earth, Wind and Fire",Let's Groove,240
Funk & Disco (4779 titres),501,10,1427992,Let’s Groove,"Earth, Wind and Fire",Let's Groove,240
Funk & Disco (4779 titres),501,10,1849122,Let’s Groove,"Earth, Wind and Fire",100% Hits Funk Vol. 1,108
Funk & Disco (4779 titres),502,2,1285745,Let's Groove,EZ,Pure Garage: Rewind: Back to the Old School,128
Funk & Disco (4779 titres),502,2,1285746,Let's Groove,EZ,Pure Garage: Rewind: Back to the Old School,128
Funk & Disco (4779 titres),503,2,1441167,Let's boogie,Various Artists,Funky Cops,206
Funk & Disco (4779 titres),503,2,1441168,Let’s Boogie,Various Artists,Funky Cops,206
Funk & Disco (4779 titres),504,2,1347873,Lets Groove,Various Artists,The Best of Hit Machine (The Best of the 90s),63
Funk & Disco (4779 titres),504,2,1427994,Lets Groove,Various Artists,The Best of Hit Machine (The Best of the 90s),63
Funk & Disco (4779 titres),505,2,1427995,Let’s Go Get Stoned,James Brown,Handful of Soul;James_Brown,199
Funk & Disco (4779 titres),505,2,2061311,Let’s Go Get Stoned,James Brown,Handful of Soul;James_Brown,199
Funk & Disco (4779 titres),506,2,1849425,Let’s Go Round Again,Various Artists,100 Hits: the Best Disco Album,203
Funk & Disco (4779 titres),506,2,1954060,Let’s Go Round Again,Various Artists,100 Hits: The Best Disco Album,203
Funk & Disco (4779 titres),507,4,2124940,Light My Fire / 137 Disco Heaven,Amii Stewart,Knock on Wood: The Anthology,504
Funk & Disco (4779 titres),507,4,2232433,Light My Fire / 137 Disco Heaven,Amii Stewart,Knock on Wood,510
Funk & Disco (4779 titres),507,4,2264880,Light My Fire / 137 Disco Heaven,Amii Stewart,Knock on Wood,511
Funk & Disco (4779 titres),507,4,2017667,Light My Fire ⁄ 137 Disco Heaven,Amii Stewart,Knock on Wood: The Anthology,504
Funk & Disco (4779 titres),508,2,2058271,Light Travels,Simple Minds,Graffiti Soul,252
Funk & Disco (4779 titres),508,2,2172821,Light Travels,Simple Minds,Graffiti Soul,252
Funk & Disco (4779 titres),509,3,2221874,Like You (Groove 3),Wiz Khalifa,Multiverse,115
Funk & Disco (4779 titres),509,3,2241682,Like You (Groove 3),Wiz Khalifa,Multiverse,115
Funk & Disco (4779 titres),509,3,2262207,Like You (Groove 3),Wiz Khalifa,Multiverse,115
Funk & Disco (4779 titres),510,2,1427981,"Limited Loss feat. Speech, Tasha LaRae, JJ Boogie, Melvin Jones, Jonas Vestergaard & Mike Burton",Arrested Development,On the Cutting Room Floor,226
Funk & Disco (4779 titres),510,2,2126493,"Limited Loss feat. Speech, Tasha LaRae, JJ Boogie, Melvin Jones, Jonas Vestergaard & Mike Burton",Arrested Development,On the Cutting Room Floor,226
Funk & Disco (4779 titres),511,2,1427969,Little Child Runnin' Wild,Curtis Mayfield,Get Down to the Funky Groove,321
Funk & Disco (4779 titres),511,2,2098329,Little Child Runnin’ Wild,Curtis Mayfield,Get Down to the Funky Groove,321
Funk & Disco (4779 titres),512,3,1911050,Live My Best Life,Calvin Harris,"Funk Wav Bounces, Vol. 2",163
Funk & Disco (4779 titres),512,3,1942176,Live My Best Life,Calvin Harris,"Funk Wav Bounces, Vol. 2",163
Funk & Disco (4779 titres),512,3,2266961,Live My Best Life,Calvin Harris,"Funk Wav Bounces, Vol. 2",163
Funk & Disco (4779 titres),513,2,2108661,Live My Best Life feat. Snoop Dogg & Latto,Calvin Harris,"Funk Wav Bounces, Vol. 2",163
Funk & Disco (4779 titres),513,2,2140785,Live My Best Life feat. Snoop Dogg & Latto,Calvin Harris,"Funk Wav Bounces, Vol. 2",163
Funk & Disco (4779 titres),514,2,2234478,"Live My Life (Michael Mo 7"" Soul Mix)",Boy George,Classic Masters,253
Funk & Disco (4779 titres),514,2,2240453,"Live My Life (Michael Mo 7"" Soul Mix)",Boy George,Classic Masters,253
Funk & Disco (4779 titres),515,3,2175506,Look to Your Soul (Outtake),T. Rex,Whatever Happened to the Teenage Dream? (1973),115
Funk & Disco (4779 titres),515,3,2219300,Look to Your Soul (Outtake),T. Rex,Whatever Happened to the Teenage Dream? (1973),115
Funk & Disco (4779 titres),515,3,2273232,Look to Your Soul (Outtake),T. Rex,Whatever Happened to the Teenage Dream? (1973),115
Funk & Disco (4779 titres),516,2,2218843,Love And Understanding (Come Together),Kool and The Gang,The Best Of 1969-1976 (Funk Essentials),473
Funk & Disco (4779 titres),516,2,2239976,Love And Understanding (Come Together),Kool and The Gang,The Best Of 1969-1976 (Funk Essentials),473
Funk & Disco (4779 titres),517,3,2099061,Love Bug / Sweets for My Sweet,Tina Charles,Heart 'N' Soul,414
Funk & Disco (4779 titres),517,3,2259856,Love Bug / Sweets for My Sweet,Tina Charles,Heart 'n' Soul,414
Funk & Disco (4779 titres),517,3,2259857,Love Bug / Sweets for My Sweet,Tina Charles,Heart 'n' Soul,414
Funk & Disco (4779 titres),518,2,1940899,Love Don't Live Here Anymore,JOE COCKER,Heart & Soul,254
Funk & Disco (4779 titres),518,2,1940900,Love Don’t Live Here Anymore,JOE COCKER,Heart & Soul,257
Funk & Disco (4779 titres),519,2,1427930,Love Don't Love Me,DJ Abdel and Cut Killer,"Hip Hop Soul Party, Volume 5",269
Funk & Disco (4779 titres),519,2,2146088,Love Don't Love Me,DJ Abdel and Cut Killer,"Hip Hop Soul Party, Volume 5",269
Funk & Disco (4779 titres),520,2,2234497,Love Hurts (Disco Moment Mix),Boy George & Jesus Loves You,The Devil in Sister George,397
Funk & Disco (4779 titres),520,2,2257872,Love Hurts (Disco Moment Mix),Boy George & Jesus Loves You,The Devil in Sister George,397
Funk & Disco (4779 titres),521,6,1178522,Love Souvenir,Calvin Harris,I Created Disco,261
Funk & Disco (4779 titres),521,6,1411551,Love Souvenir,Calvin Harris,I Created Disco,261
Funk & Disco (4779 titres),521,6,1427924,Love Souvenir,Calvin Harris,I Created Disco,261
Funk & Disco (4779 titres),521,6,1427925,Love Souvenir,Calvin Harris,I Created Disco,261
Funk & Disco (4779 titres),521,6,1942162,Love Souvenir,Calvin Harris,I Created Disco,261
Funk & Disco (4779 titres),521,6,2266947,Love Souvenir,Calvin Harris,I Created Disco,261
Funk & Disco (4779 titres),522,2,2218833,"Love The Life You Live, Pts. 1 & 2",Kool and The Gang,The Best Of 1969-1976 (Funk Essentials),341
Funk & Disco (4779 titres),522,2,2239966,"Love The Life You Live, Pts. 1 & 2",Kool and The Gang,The Best Of 1969-1976 (Funk Essentials),341
Funk & Disco (4779 titres),523,2,1428627,Lovely Day,Various Artists,100 Hits: the Best Disco Album,252
Funk & Disco (4779 titres),523,2,1631396,Lovely Day,Various Artists,100 Hits: The Best Disco Album,252
Funk & Disco (4779 titres),524,3,1427417,Lullaby,Shawn Mullins,Soul's Core,329
Funk & Disco (4779 titres),524,3,1427418,Lullaby,Shawn Mullins,Soul's Core,329
Funk & Disco (4779 titres),524,3,2118775,Lullaby,Shawn Mullins,Soul's Core,329
Funk & Disco (4779 titres),525,2,1248950,L’arcobaleno,Adriano Celentano,Italiano Disco (100 Hits From Italy),209
Funk & Disco (4779 titres),525,2,1427900,L’arcobaleno,Adriano Celentano,Italiano Disco (100 Hits From Italy),209
Funk & Disco (4779 titres),526,2,2276416,M' Bah Bah (Disco Mix),Shawasana,Vol 08,142
Funk & Disco (4779 titres),526,2,2016948,M' Bah Bah (Disco mix),Shawasana,Unknown Album,142
Funk & Disco (4779 titres),527,2,2188699,MANEATER,Daryl Hall & John Oates,GREATEST HITS (ROCK 'N SOUL PART 1),272
Funk & Disco (4779 titres),527,2,2079956,Maneater,Daryl Hall & John Oates,"Greatest Hits: Rock ’n Soul, Part 1",272
Funk & Disco (4779 titres),528,2,2186842,MAZE (MIX À L'ANCIENNE),DJ ABDEL AND CUT KILLER,"HIP HOP SOUL PARTY, EPISODE IV",461
Funk & Disco (4779 titres),528,2,1954175,Maze (Mix à l'Ancienne),DJ Abdel and Cut Killer,"Hip Hop Soul Party, Episode IV",461
Funk & Disco (4779 titres),529,2,1427892,MIX BAR MARS 2015 YANN BUTLER,Yann BUTLER,BACK TO THE FUNK and MIX LIVE,6711
Funk & Disco (4779 titres),529,2,1995276,MIX BAR MARS 2015 YANN BUTLER,Yann BUTLER,Back to the Funk  mix Live and Remix Funk,2950
Funk & Disco (4779 titres),530,2,2181869,MS. GRACE,Various Artists,100 HITS THE BEST DISCO ALBUM,204
Funk & Disco (4779 titres),530,2,1849385,Ms Grace,Various Artists,100 Hits: the Best Disco Album,204
Funk & Disco (4779 titres),531,2,2153433,MYSTERY,J BOOG,BACKYARD BOOGIE,202
Funk & Disco (4779 titres),531,2,2057192,Mystery,J BOOG,BACKYARD BOOGIE,202
Funk & Disco (4779 titres),532,4,1834464,Machine Gun Funk,The Notorious B.I.G.,Ready to Die,261
Funk & Disco (4779 titres),532,4,2066522,Machine Gun Funk,The Notorious B.I.G.,Ready To Die,250
Funk & Disco (4779 titres),532,4,2066523,Machine Gun Funk,The Notorious B.I.G.,Ready To Die,250
Funk & Disco (4779 titres),532,4,2066533,Machine Gun Funk,The Notorious B.I.G.,Ready to Die,255
Funk & Disco (4779 titres),533,2,1350062,Magic (Purple Disco Machine extended mix),Kylie Minogue,DISCO,250
Funk & Disco (4779 titres),533,2,1427882,Magic (Purple Disco Machine extended mix),Kylie Minogue,DISCO,250
Funk & Disco (4779 titres),534,2,1427868,Magnetic,Blue,Heart & Soul,194
Funk & Disco (4779 titres),534,2,2113008,Magnetic,Blue,Heart & Soul,194
Funk & Disco (4779 titres),535,2,2117437,Make It Funky (Pt.1),Various Artists,The Best of Disco & Funk,194
Funk & Disco (4779 titres),535,2,1427873,Make it Funky (Pt. 1),Various Artists,The Best of Disco & Funk,194
Funk & Disco (4779 titres),536,2,1427869,Man Do,Blue,Heart & Soul,179
Funk & Disco (4779 titres),536,2,2113009,Man Do,Blue,Heart & Soul,179
Funk & Disco (4779 titres),537,3,2010066,Manhattan-Kaboul,Axelle Red,French Soul [Disc 1],230
Funk & Disco (4779 titres),537,3,2067251,Manhattan-Kaboul,Axelle Red,French Soul,230
Funk & Disco (4779 titres),537,3,2010063,Manhattan‐Kaboul,Axelle Red,French Soul,230
Funk & Disco (4779 titres),538,5,1884710,Memphis,Bob Marley & The Wailers,Soul Revolution Part II,113
Funk & Disco (4779 titres),538,5,1971856,Memphis,Bob Marley & The Wailers,"Soul Revolution, Part II Dub",129
Funk & Disco (4779 titres),538,5,1996992,Memphis,Bob Marley & The Wailers,"Soul Revolution, Part II Dub",129
Funk & Disco (4779 titres),538,5,2268423,Memphis,Bob Marley & The Wailers,"Soul Revolution, Part II Dub",129
Funk & Disco (4779 titres),538,5,2268424,Memphis,Bob Marley & The Wailers,"Soul Revolution, Part II Dub",129
Funk & Disco (4779 titres),539,5,1444071,Merrymaking at My Place,Calvin Harris,I Created Disco,250
Funk & Disco (4779 titres),539,5,1444072,Merrymaking at My Place,Calvin Harris,I Created Disco,250
Funk & Disco (4779 titres),539,5,1882290,Merrymaking at My Place,Calvin Harris,I Created Disco,250
Funk & Disco (4779 titres),539,5,1942159,Merrymaking at My Place,Calvin Harris,I Created Disco,250
Funk & Disco (4779 titres),539,5,2266944,Merrymaking at My Place,Calvin Harris,I Created Disco,250
Funk & Disco (4779 titres),540,2,1444084,Message to Michael,James Brown,Handful of Soul;James_Brown,227
Funk & Disco (4779 titres),540,2,2061312,Message to Michael,James Brown,Handful of Soul;James_Brown,227
Funk & Disco (4779 titres),541,2,1940513,Mighty Quinn (31-Dec-2007),Amy Winehouse,The Soul Of Amy Winehouse - Unplugged And Electrified,204
Funk & Disco (4779 titres),541,2,2065638,Mighty Quinn (31-Dec-2007),Amy Winehouse,The Soul Of Amy Winehouse - Unplugged And Electrified,204
Funk & Disco (4779 titres),542,3,2221883,Mirror Love (Groove 2),Wiz Khalifa,Multiverse,231
Funk & Disco (4779 titres),542,3,2241691,Mirror Love (Groove 2),Wiz Khalifa,Multiverse,231
Funk & Disco (4779 titres),542,3,2262216,Mirror Love (Groove 2),Wiz Khalifa,Multiverse,231
Funk & Disco (4779 titres),543,2,1279428,Mis - Treater Boogie Blues,Los Lobos,Gates of Gold,189
Funk & Disco (4779 titres),543,2,1445040,Mis - Treater Boogie Blues,Los Lobos,Gates of Gold,189
Funk & Disco (4779 titres),544,3,2130610,Miss Europa Disco Dancer,Manic Street Preachers,Know Your Enemy,232
Funk & Disco (4779 titres),544,3,2215905,Miss Europa Disco Dancer,Manic Street Preachers,Know Your Enemy (20th Anniversary 2CD Japan),232
Funk & Disco (4779 titres),544,3,2263669,Miss Europa Disco Dancer,Manic Street Preachers,Know Your Enemy (20th Anniversary 2CD Japan),57
Funk & Disco (4779 titres),545,2,2112067,Mistakes and All,"J.B.'s, The",Bring the Funk On Down,334
Funk & Disco (4779 titres),545,2,2163472,Mistakes and All,"J.B.'s, The",Bring the Funk On Down,334
Funk & Disco (4779 titres),546,3,1232898,Modular Feelings,MIGUEL CAMPBELL,Community Funk 2,288
Funk & Disco (4779 titres),546,3,1232899,Modular Feelings,MIGUEL CAMPBELL,Community Funk 2,288
Funk & Disco (4779 titres),546,3,2116077,Modular Feelings,MIGUEL CAMPBELL,COMMUNITY FUNK 2,288
Funk & Disco (4779 titres),547,2,2099371,Mojo Boogie,Gary Moore,Bad for You Baby,212
Funk & Disco (4779 titres),547,2,2153735,Mojo Boogie,Gary Moore,Bad for You Baby,212
Funk & Disco (4779 titres),548,2,2059247,Monday Blues,Kylie Minogue,Disco,312
Funk & Disco (4779 titres),548,2,2164705,Monday Blues,Kylie Minogue,Disco,312
Funk & Disco (4779 titres),549,3,2217699,"Money Won't Change You, Part 1",James Brown,James Brown Sings Raw Soul,166
Funk & Disco (4779 titres),549,3,2229412,"Money Won't Change You, Part 1",James Brown,James Brown Sings Raw Soul,166
Funk & Disco (4779 titres),549,3,2265929,"Money Won't Change You, Part 1",James Brown,James Brown Sings Raw Soul,166
Funk & Disco (4779 titres),550,3,2217700,"Money Won't Change You, Part 2",James Brown,James Brown Sings Raw Soul,144
Funk & Disco (4779 titres),550,3,2229413,"Money Won't Change You, Part 2",James Brown,James Brown Sings Raw Soul,144
Funk & Disco (4779 titres),550,3,2265930,"Money Won't Change You, Part 2",James Brown,James Brown Sings Raw Soul,144
Funk & Disco (4779 titres),551,2,1296936,Mont Blanc (Purple Disco Machine remix extended),Mind Enterprises,Mont Blanc (Purple Disco Machine remix),483
Funk & Disco (4779 titres),551,2,2116020,Mont Blanc (Purple Disco Machine remix extended),Mind Enterprises,Mont Blanc (Purple Disco Machine remix),483
Funk & Disco (4779 titres),552,2,2058272,Moscow Underground,Simple Minds,Graffiti Soul,301
Funk & Disco (4779 titres),552,2,2174362,Moscow Underground,Simple Minds,Graffiti Soul,301
Funk & Disco (4779 titres),553,2,2243981,Mother Earth,Kool and The Gang,Spirit Of The Boogie,340
Funk & Disco (4779 titres),553,2,2258007,Mother Earth,Kool and The Gang,Spirit Of The Boogie,340
Funk & Disco (4779 titres),554,6,1208262,Move Your Boogie Body,The Bar-Kays,Injoy,378
Funk & Disco (4779 titres),554,6,2198693,Move Your Boogie Body,The Bar-Kays,Injoy,378
Funk & Disco (4779 titres),554,6,2198696,Move Your Boogie Body,The Bar-Kays,Injoy,378
Funk & Disco (4779 titres),554,6,2237122,Move Your Boogie Body,The Bar-Kays,Injoy,378
Funk & Disco (4779 titres),554,6,2245012,Move Your Boogie Body,The Bar-Kays,Injoy,378
Funk & Disco (4779 titres),554,6,2251204,Move Your Boogie Body,The Bar-Kays,Injoy,378
Funk & Disco (4779 titres),555,2,2083156,Moves Like Jagger (Soul Seekerz Club Mix),Maroon 5,Holiday Gift,441
Funk & Disco (4779 titres),555,2,2246387,Moves Like Jagger (Soul Seekerz Club Mix),Maroon 5,Holiday Gift,441
Funk & Disco (4779 titres),556,2,1350222,Moves Like Jagger (Soul Seekerz Club Mix) feat. Christina Aguilera,Maroon 5,Holiday Gift,441
Funk & Disco (4779 titres),556,2,2124721,Moves Like Jagger (Soul Seekerz Club Mix) feat. Christina Aguilera,Maroon 5,Holiday Gift,441
Funk & Disco (4779 titres),557,2,2075423,Mr Soul,Neil Young and the Bluetones,Road Of Plenty (The Unreleased Songs 1966-2010 & Live Rarities 1969-1984) (Disc 5: Live Rarities 1969-1984),307
Funk & Disco (4779 titres),557,2,2075453,Mr. Soul,Neil Young and the Bluetones,"Archives, Vol. III: 1976-1987 - Hitchhikin’ Judy (Disc 3)",167
Funk & Disco (4779 titres),558,2,1885295,Murder on the Dancefloor,Sophie Ellis-Bextor,Songs From the Kitchen Disco,229
Funk & Disco (4779 titres),558,2,1894328,Murder on the Dancefloor,Sophie Ellis-Bextor,Songs From the Kitchen Disco,229
Funk & Disco (4779 titres),559,2,1972043,Music & Lights,Rosetta Stone,Soul Funk & Disco Classics,318
Funk & Disco (4779 titres),559,2,2006605,Music & Lights,Rosetta Stone,Disco [Disc 4],218
Funk & Disco (4779 titres),560,2,1209102,Musique,France Gall,Dancing Disco,329
Funk & Disco (4779 titres),560,2,2102693,Musique,France Gall,Dancing Disco,325
Funk & Disco (4779 titres),561,2,2244213,Mutant Disco,Macao Plex,Mutant Series,419
Funk & Disco (4779 titres),561,2,2263599,Mutant Disco,Macao Plex,Mutant Series,419
Funk & Disco (4779 titres),562,2,1348645,My Baby's Got ESP,Four Below Zero,Roulette Disco: Original Club Classics From the Dawn of the Disco Era,324
Funk & Disco (4779 titres),562,2,2115867,My Baby's Got ESP,Four Below Zero,Roulette Disco: Original Club Classics From the Dawn of the Disco Era,324
Funk & Disco (4779 titres),563,2,1245438,My Sympathy,Bob Marley & The Wailers,Soul Rebels,146
Funk & Disco (4779 titres),563,2,2115764,My Sympathy,Bob Marley & The Wailers,Soul Rebels,146
Funk & Disco (4779 titres),564,2,2218841,"N.T., Pts. 1 & 2",Kool and The Gang,The Best Of 1969-1976 (Funk Essentials),390
Funk & Disco (4779 titres),564,2,2239974,"N.T., Pts. 1 & 2",Kool and The Gang,The Best Of 1969-1976 (Funk Essentials),390
Funk & Disco (4779 titres),565,2,2186841,NO MORE,DJ ABDEL AND CUT KILLER,"HIP HOP SOUL PARTY, EPISODE IV",204
Funk & Disco (4779 titres),565,2,2259796,No More,DJ Abdel and Cut Killer,"Hip Hop Soul Party, Episode IV",204
Funk & Disco (4779 titres),566,2,2115777,Nasty Girl (Maurice's Nu Soul remix radio edit),Destiny's Child,Nasty Girl,239
Funk & Disco (4779 titres),566,2,2141108,Nasty Girl (Maurice’s Nu Soul remix radio edit),Destiny's Child,Nasty Girl,239
Funk & Disco (4779 titres),567,6,1178509,Neon Rocks,Calvin Harris,I Created Disco,228
Funk & Disco (4779 titres),567,6,1411544,Neon Rocks,Calvin Harris,I Created Disco,228
Funk & Disco (4779 titres),567,6,1444073,Neon Rocks,Calvin Harris,I Created Disco,228
Funk & Disco (4779 titres),567,6,1942168,Neon Rocks,Calvin Harris,I Created Disco,228
Funk & Disco (4779 titres),567,6,2115699,Neon Rocks,Calvin Harris,I Created Disco,228
Funk & Disco (4779 titres),567,6,2266953,Neon Rocks,Calvin Harris,I Created Disco,228
Funk & Disco (4779 titres),568,3,1911039,New Money,Calvin Harris,"Funk Wav Bounces, Vol. 2",168
Funk & Disco (4779 titres),568,3,1942179,New Money,Calvin Harris,"Funk Wav Bounces, Vol. 2",168
Funk & Disco (4779 titres),568,3,2266964,New Money,Calvin Harris,"Funk Wav Bounces, Vol. 2",168
Funk & Disco (4779 titres),569,2,2061639,New Money feat. 21 Savage,Calvin Harris,"Funk Wav Bounces, Vol. 2",168
Funk & Disco (4779 titres),569,2,2140786,New Money feat. 21 Savage,Calvin Harris,"Funk Wav Bounces, Vol. 2",168
Funk & Disco (4779 titres),570,2,2055786,New World,Front Line Assembly,Mechanical Soul,307
Funk & Disco (4779 titres),570,2,2178320,New World,Front Line Assembly,Mechanical Soul,307
Funk & Disco (4779 titres),571,3,1911045,New to You,Calvin Harris,"Funk Wav Bounces, Vol. 2",302
Funk & Disco (4779 titres),571,3,1942182,New to You,Calvin Harris,"Funk Wav Bounces, Vol. 2",302
Funk & Disco (4779 titres),571,3,2266967,New to You,Calvin Harris,"Funk Wav Bounces, Vol. 2",302
Funk & Disco (4779 titres),572,3,2216647,Night Train Boogie,Laid Back,Laid Back,235
Funk & Disco (4779 titres),572,3,2228278,Night Train Boogie,Laid Back,Laid Back,235
Funk & Disco (4779 titres),572,3,2262098,Night Train Boogie,Laid Back,Laid Back,235
Funk & Disco (4779 titres),573,2,2235229,Nikki’s Groove,Marcus Miller,M²,208
Funk & Disco (4779 titres),573,2,2245813,Nikki’s Groove,Marcus Miller,M²,208
Funk & Disco (4779 titres),574,2,1884017,No Knock on My Door,The Verve,A Northern Soul,311
Funk & Disco (4779 titres),574,2,1903723,No Knock on My Door,The Verve,A Northern Soul,311
Funk & Disco (4779 titres),575,2,1231312,"No, No, No (Camdino Soul extended remix)",Destiny's Child,Destiny’s Child / The Writing’s on the Wall,394
Funk & Disco (4779 titres),575,2,2115773,"No, No, No (Camdino Soul extended remix)",Destiny's Child,Destiny’s Child / The Writing’s on the Wall,394
Funk & Disco (4779 titres),576,2,2118703,Nobody Better (Blacksmith Rn'b Rub),DJ Crazy B / DJ Eanov,So Good: Funk & R’n’b Selection,304
Funk & Disco (4779 titres),576,2,1294206,Nobody Better (Blacksmith Rn’b Rub),DJ Crazy B / DJ Eanov,So Good: Funk & R’n’b Selection,304
Funk & Disco (4779 titres),577,3,2217704,Nobody Knows,James Brown,James Brown Sings Raw Soul,199
Funk & Disco (4779 titres),577,3,2229417,Nobody Knows,James Brown,James Brown Sings Raw Soul,199
Funk & Disco (4779 titres),577,3,2265934,Nobody Knows,James Brown,James Brown Sings Raw Soul,199
Funk & Disco (4779 titres),578,3,2229122,Nobody Likes You (feat. Peter Funk),Kevin Yost,Unknown Album,326
Funk & Disco (4779 titres),578,3,2232494,Nobody Likes You (feat. Peter Funk),Kevin Yost,KY Funk 'n Stuff 2: Unreleased Past and Present,326
Funk & Disco (4779 titres),578,3,2272314,Nobody Likes You (feat. Peter Funk),Kevin Yost,KY Funk 'n Stuff 2: Unreleased Past and Present,326
Funk & Disco (4779 titres),579,6,1973368,Noel Groove,Kaiser Chiefs,Kaiser Chiefs’ Easy Eighth Album,182
Funk & Disco (4779 titres),579,6,2232487,Noel Groove,Kaiser Chiefs,Kaiser Chiefs’ Easy Eighth Album,182
Funk & Disco (4779 titres),579,6,2243705,Noel Groove,Kaiser Chiefs,Kaiser Chiefs’ Easy Eighth Album,182
Funk & Disco (4779 titres),579,6,2258142,Noel Groove,Kaiser Chiefs,Kaiser Chiefs’ Easy Eighth Album,182
Funk & Disco (4779 titres),579,6,2263868,Noel Groove,Kaiser Chiefs,Kaiser Chiefs’ Easy Eighth Album,182
Funk & Disco (4779 titres),579,6,2265373,Noel Groove,Kaiser Chiefs,Kaiser Chiefs’ Easy Eighth Album,182
Funk & Disco (4779 titres),580,3,2177208,Nonstop Disco Powerpack,Beastie Boys,"Hot Sauce Committee, Part Two",249
Funk & Disco (4779 titres),580,3,2219883,Nonstop Disco Powerpack,Beastie Boys,"Hot Sauce Committee, Part Two",249
Funk & Disco (4779 titres),580,3,2271770,Nonstop Disco Powerpack,Beastie Boys,"Hot Sauce Committee, Part Two",249
Funk & Disco (4779 titres),581,2,2111764,Not Just Another Groove,Run‐D.M.C.,Unknown Album,259
Funk & Disco (4779 titres),581,2,2162702,Not Just Another Groove,Run‐D.M.C.,Back From Hell,259
Funk & Disco (4779 titres),582,4,1942174,Nothing More to Say,Calvin Harris,"Funk Wav Bounces, Vol. 2",233
Funk & Disco (4779 titres),582,4,1942175,Nothing More to Say,Calvin Harris,"Funk Wav Bounces, Vol. 2",233
Funk & Disco (4779 titres),582,4,2266959,Nothing More to Say,Calvin Harris,"Funk Wav Bounces, Vol. 2",234
Funk & Disco (4779 titres),582,4,2266960,Nothing More to Say,Calvin Harris,"Funk Wav Bounces, Vol. 2",234
Funk & Disco (4779 titres),583,5,1976613,Novocaine For The Soul,EELS,Electro-Shock Blues Show,262
Funk & Disco (4779 titres),583,5,1976390,Novocaine for the Soul,EELS,Beautiful Freak,194
Funk & Disco (4779 titres),583,5,1976552,Novocaine for the Soul,EELS,Tremendous Dynamite: Live in 2010 + 2011,186
Funk & Disco (4779 titres),583,5,1976642,Novocaine for the Soul,EELS,Eels With Strings: Live at Town Hall,187
Funk & Disco (4779 titres),583,5,1976496,novocaine for the soul,EELS,meet the eels - essential eels vol. 01 (1996-2006),187
Funk & Disco (4779 titres),584,2,1976754,Novocaine for the Soul (Live From Hell) (BBC Radio 1 version),EELS,Rags to Rags,200
Funk & Disco (4779 titres),584,2,1997042,Novocaine for the Soul (Live From Hell) (BBC Radio 1 version),EELS,Rags to Rags,200
Funk & Disco (4779 titres),585,2,1976595,Novocaine for the Soul (Moog Cookbook remix),EELS,B‐Sides & Rarities: 1996–2003,192
Funk & Disco (4779 titres),585,2,1976522,novocaine for the soul (moog cookbook remix),EELS,"useless trinkets - b-sides, soundtracks, rarities and unreleased 1996-2006",190
Funk & Disco (4779 titres),586,2,1444149,Now You're Gone,Curtis Mayfield,Get Down to the Funky Groove,404
Funk & Disco (4779 titres),586,2,2108058,Now You’re Gone,Curtis Mayfield,Get Down to the Funky Groove,404
Funk & Disco (4779 titres),587,2,2157007,OLD SOUL SONG (FOR THE NEW WORLD ORDER),Bright Eyes,"I'M WIDE AWAKE, IT'S MORNING",269
Funk & Disco (4779 titres),587,2,2061712,Old Soul Song (for the New World Order),Bright Eyes,"I'M WIDE AWAKE, IT'S MORNING",269
Funk & Disco (4779 titres),588,2,2237717,ON MET CA HAUT,DJ ABDEL AND CUT KILLER,"HIP HOP SOUL PARTY, VOLUME 5",247
Funk & Disco (4779 titres),588,2,2146092,On met ca haut,DJ Abdel and Cut Killer,"Hip Hop Soul Party, Volume 5",247
Funk & Disco (4779 titres),589,2,2229648,ON MET ÇA HAUT,DJ Abdel,HIP HOP SOUL PARTY 5,247
Funk & Disco (4779 titres),589,2,2229649,ON MET ÇA HAUT,DJ Abdel,HIP HOP SOUL PARTY 5,247
Funk & Disco (4779 titres),590,3,2200729,ONCE IN A LIFETIME GROOVE,Various Artists,DANCEFLOOR CONNECTION 2007,191
Funk & Disco (4779 titres),590,3,2010744,Once in A Lifetime Groove,Various Artists,Fun Radio Soul and Dance,192
Funk & Disco (4779 titres),590,3,1197124,Once in a Lifetime Groove,Various Artists,I Love My Dancefloor,194
Funk & Disco (4779 titres),591,4,1911043,Obsessed,Calvin Harris,"Funk Wav Bounces, Vol. 2",226
Funk & Disco (4779 titres),591,4,1911044,Obsessed,Calvin Harris,"Funk Wav Bounces, Vol. 2",226
Funk & Disco (4779 titres),591,4,1942181,Obsessed,Calvin Harris,"Funk Wav Bounces, Vol. 2",226
Funk & Disco (4779 titres),591,4,2266966,Obsessed,Calvin Harris,"Funk Wav Bounces, Vol. 2",114
Funk & Disco (4779 titres),592,2,2061640,Obsessed feat. Charlie Puth & Shenseea,Calvin Harris,"Funk Wav Bounces, Vol. 2",226
Funk & Disco (4779 titres),592,2,2140788,Obsessed feat. Charlie Puth & Shenseea,Calvin Harris,"Funk Wav Bounces, Vol. 2",226
Funk & Disco (4779 titres),593,2,1902642,Offshore (Disco Citizens Remix),Paul Oakenfold,Anthems,283
Funk & Disco (4779 titres),593,2,1979148,Offshore (Disco Citizens Remix),Paul Oakenfold,Generations - Three Decades of Dance,242
Funk & Disco (4779 titres),594,2,1444085,Oh! Henry,James Brown,Handful of Soul;James_Brown,300
Funk & Disco (4779 titres),594,2,2061313,Oh! Henry,James Brown,Handful of Soul;James_Brown,300
Funk & Disco (4779 titres),595,2,2097409,Ok,KC and the Sunshine Band,100% Hits Funk Vol. 2,192
Funk & Disco (4779 titres),595,2,2097414,Ok,KC and the Sunshine Band,100% Hits Funk Vol. 2,192
Funk & Disco (4779 titres),596,2,1909703,Old Folks Boogie (acoustic),Little Feat,"Raw Tomatos, Volume One",126
Funk & Disco (4779 titres),596,2,2065569,Old Folks Boogie (acoustic),Little Feat,"Raw Tomatos, Volume One",126
Funk & Disco (4779 titres),597,2,2073390,On The Beat,Brooklyn Bronx and Queens Band,Funk Yourself,355
Funk & Disco (4779 titres),597,2,2009321,On the Beat,Brooklyn Bronx and Queens Band,Funk Yourself,355
Funk & Disco (4779 titres),598,2,2060018,On the Spot,"J.B.'s, The",Bring the Funk On Down,241
Funk & Disco (4779 titres),598,2,2170685,On the Spot,"J.B.'s, The",Bring the Funk On Down,241
Funk & Disco (4779 titres),599,2,1252644,Once Again,Oh No,Dr. No's Kali Tornado Funk,106
Funk & Disco (4779 titres),599,2,1687640,Once Again,Oh No,Dr. No's Kali Tornado Funk,106
Funk & Disco (4779 titres),600,2,1444074,One Hump or Two,Detroit Grand Pubahs,Funk All Y'all,223
Funk & Disco (4779 titres),600,2,2056561,One Hump or Two,Detroit Grand Pubahs,Funk All Y'all,223
Funk & Disco (4779 titres),601,2,1444124,One for All Time,Chaka Khan,Funk This,285
Funk & Disco (4779 titres),601,2,2139815,One for All Time,Chaka Khan,Funk This,285
Funk & Disco (4779 titres),602,3,2217701,Only You,James Brown,James Brown Sings Raw Soul,167
Funk & Disco (4779 titres),602,3,2229414,Only You,James Brown,James Brown Sings Raw Soul,167
Funk & Disco (4779 titres),602,3,2265931,Only You,James Brown,James Brown Sings Raw Soul,167
Funk & Disco (4779 titres),603,2,1961181,Ooby Dooby,Roy Orbison,The Best Of The Soul Of Rock And Roll,132
Funk & Disco (4779 titres),603,2,1961203,Ooby Dooby,Roy Orbison,The Soul Of Rock And Roll,132
Funk & Disco (4779 titres),604,2,1964620,Oogie Boogie's Song,Danny Elfman,Tim Burton's The Nightmare Before Christmas (Remastered & Complete),200
Funk & Disco (4779 titres),604,2,1923570,Oogie Boogie’s Song,Danny Elfman,Tim Burton’s The Nightmare Before Christmas: Original Motion Picture Soundtrack,197
Funk & Disco (4779 titres),605,3,2233881,Open Sesame (12' Disco Version),Kool and The Gang,Open Sesame,524
Funk & Disco (4779 titres),605,3,2258281,Open Sesame (12' Disco Version),Kool and The Gang,Open Sesame,524
Funk & Disco (4779 titres),605,3,2272086,Open Sesame (12' Disco Version),Kool and The Gang,Open Sesame,524
Funk & Disco (4779 titres),606,2,2218838,"Open Sesame, Pt. 2",Kool and The Gang,The Best Of 1969-1976 (Funk Essentials),268
Funk & Disco (4779 titres),606,2,2239971,"Open Sesame, Pt. 2",Kool and The Gang,The Best Of 1969-1976 (Funk Essentials),268
Funk & Disco (4779 titres),607,2,1444086,Our Day Will Come,James Brown,Handful of Soul;James_Brown,238
Funk & Disco (4779 titres),607,2,2061314,Our Day Will Come,James Brown,Handful of Soul;James_Brown,238
Funk & Disco (4779 titres),608,2,1296907,Outro,DJ Crazy B / DJ Eanov,So Good: Funk & R'n'b Selection,100
Funk & Disco (4779 titres),608,2,2111680,Outro,DJ Crazy B / DJ Eanov,So Good: Funk & R’n’b Selection,87
Funk & Disco (4779 titres),609,2,2101248,Overpowered by Funk,The Clash,Combat Rock,292
Funk & Disco (4779 titres),609,2,2164035,Overpowered by Funk,The Clash,Combat Rock,292
Funk & Disco (4779 titres),610,4,1348024,P-Funk (Wants to Get Funked Up),Parliament,Live: P.Funk Earth Tour,373
Funk & Disco (4779 titres),610,4,1444144,P-Funk (Wants to Get Funked Up),Parliament,Live: P.Funk Earth Tour,373
Funk & Disco (4779 titres),610,4,1849693,P-Funk (Wants to Get Funked Up),Parliament,100 % Funk,215
Funk & Disco (4779 titres),610,4,2264231,P. Funk (Wants To Get Funked Up),Parliament,Mothership Connection,461
Funk & Disco (4779 titres),611,2,2256367,PEEWEE’S GROOVE IN “D”,James Brown,JAMES BROWN PLAYS THE REAL THING,312
Funk & Disco (4779 titres),611,2,2264206,Peewee’s Groove in “D”,James Brown,James Brown Plays the Real Thing,312
Funk & Disco (4779 titres),612,3,2229314,Parisienne Girl,Incognito,Jazz Funk,345
Funk & Disco (4779 titres),612,3,2232628,Parisienne Girl,Incognito,Jazz Funk,345
Funk & Disco (4779 titres),612,3,2265656,Parisienne Girl,Incognito,Jazz Funk,345
Funk & Disco (4779 titres),613,2,1248951,Pay Pay Pay,Adriano Celentano,Italiano Disco (100 Hits From Italy),256
Funk & Disco (4779 titres),613,2,2122872,Pay Pay Pay,Adriano Celentano,Italiano Disco (100 Hits From Italy),256
Funk & Disco (4779 titres),614,4,1286022,Pense a moi,Gage,Soul Rebel,427
Funk & Disco (4779 titres),614,4,1286023,Pense a moi,Gage,Soul Rebel,427
Funk & Disco (4779 titres),614,4,2103267,Pense a moi,Gage,Soul Rebel,7
Funk & Disco (4779 titres),614,4,1286020,Pense à moi,Gage,Soul rebel,427
Funk & Disco (4779 titres),615,4,1286019,Pense à moi (version acoustique),Gage,Soul rebel,246
Funk & Disco (4779 titres),615,4,2065599,Pense à moi (version acoustique),Gage,Soul rebel,246
Funk & Disco (4779 titres),615,4,2105496,Pense à moi (version acoustique),Gage,Soul rebel,246
Funk & Disco (4779 titres),615,4,2118479,Pense à moi (version acoustique),Gage,Soul rebel,246
Funk & Disco (4779 titres),616,2,1280787,Per Lucia,Adriano Celentano,Italiano Disco (100 Hits From Italy),193
Funk & Disco (4779 titres),616,2,2118475,Per Lucia,Adriano Celentano,Italiano Disco (100 Hits From Italy),193
Funk & Disco (4779 titres),617,2,2054394,Picture of My Life / So Good to Feel Real,Jamiroquai,A Funk Odyssey,377
Funk & Disco (4779 titres),617,2,2054395,Picture of My Life ⁄ So Good to Feel Real,Jamiroquai,A Funk Odyssey,377
Funk & Disco (4779 titres),618,2,1444075,Plasticine Gene,Detroit Grand Pubahs,Funk All Y'all,313
Funk & Disco (4779 titres),618,2,2101924,Plasticine Gene,Detroit Grand Pubahs,Funk All Y'all,313
Funk & Disco (4779 titres),619,2,2224956,Please Come Home For Christmas,Sharon Jones and the Dap‐Kings,It's a Holiday Soul Party,178
Funk & Disco (4779 titres),619,2,1422648,Please Come Home for Christmas,Sharon Jones and the Dap‐Kings,It’s a Holiday Soul Party,178
Funk & Disco (4779 titres),620,2,2218842,Pneumonia,Kool and The Gang,The Best Of 1969-1976 (Funk Essentials),183
Funk & Disco (4779 titres),620,2,2239975,Pneumonia,Kool and The Gang,The Best Of 1969-1976 (Funk Essentials),183
Funk & Disco (4779 titres),621,4,1911040,Potion,Calvin Harris,"Funk Wav Bounces, Vol. 2",215
Funk & Disco (4779 titres),621,4,1942180,Potion,Calvin Harris,"Funk Wav Bounces, Vol. 2",215
Funk & Disco (4779 titres),621,4,2061641,Potion,Calvin Harris,"Funk Wav Bounces, Vol. 2",215
Funk & Disco (4779 titres),621,4,2266965,Potion,Calvin Harris,"Funk Wav Bounces, Vol. 2",215
Funk & Disco (4779 titres),622,4,2233649,Power Of The Dollar,Kool and The Gang,Kool Funk Essentials 1970-1977,389
Funk & Disco (4779 titres),622,4,2239796,Power Of The Dollar,Kool and The Gang,Kool Funk Essentials 1970-1977,389
Funk & Disco (4779 titres),622,4,2218539,Power of the Dollar,Kool and The Gang,Funk Essentials,390
Funk & Disco (4779 titres),622,4,2239809,Power of the Dollar,Kool and The Gang,Funk Essentials,390
Funk & Disco (4779 titres),623,2,1961182,Pretty One,Roy Orbison,The Best Of The Soul Of Rock And Roll,139
Funk & Disco (4779 titres),623,2,1961227,Pretty One,Roy Orbison,The Soul Of Rock And Roll,137
Funk & Disco (4779 titres),624,2,1248781,Prima notte d’amore,Adriano Celentano,Italiano Disco (100 Hits From Italy),175
Funk & Disco (4779 titres),624,2,1444172,Prima notte d’amore,Adriano Celentano,Italiano Disco (100 Hits From Italy),175
Funk & Disco (4779 titres),625,2,1429143,Promises (Sonny Fodera extended disco mix),Armand van Helden/ANOTR,Various Artists,443
Funk & Disco (4779 titres),625,2,2118381,Promises (Sonny Fodera extended disco mix),Armand van Helden/ANOTR,Various Artists,443
Funk & Disco (4779 titres),626,2,2100743,Punk to Funk,Fatboy Slim,Better Living Through Chemistry,298
Funk & Disco (4779 titres),626,2,2163081,Punk to Funk,Fatboy Slim,Better Living Through Chemistry,298
Funk & Disco (4779 titres),627,2,2055787,Purge,Front Line Assembly,Mechanical Soul,324
Funk & Disco (4779 titres),627,2,2174180,Purge,Front Line Assembly,Mechanical Soul,324
Funk & Disco (4779 titres),628,2,2152320,Purple Disco Machine Ft Mind Enterprises - Exotica (Extended),Karla Bonoff,Unknown Album,380
Funk & Disco (4779 titres),628,2,2254150,Purple Disco Machine Ft Mind Enterprises - Exotica (Extended),Karla Bonoff,Unknown Album,380
Funk & Disco (4779 titres),629,5,1884708,Put It On,Bob Marley & The Wailers,Soul Revolution Part II,211
Funk & Disco (4779 titres),629,5,1971850,Put It On,Bob Marley & The Wailers,"Soul Revolution, Part II Dub",212
Funk & Disco (4779 titres),629,5,1996989,Put It On,Bob Marley & The Wailers,"Soul Revolution, Part II Dub",212
Funk & Disco (4779 titres),629,5,2268417,Put It On,Bob Marley & The Wailers,"Soul Revolution, Part II Dub",212
Funk & Disco (4779 titres),629,5,2268418,Put It On,Bob Marley & The Wailers,"Soul Revolution, Part II Dub",212
Funk & Disco (4779 titres),630,2,1209101,Quand on est enfant,France Gall,Dancing Disco,113
Funk & Disco (4779 titres),630,2,2061162,Quand on est enfant,France Gall,Dancing Disco,110
Funk & Disco (4779 titres),631,2,1248952,Quel casinha (Il ragazzo della via Gluck) feat. Cesária Évora,Adriano Celentano,Italiano Disco (100 Hits From Italy),265
Funk & Disco (4779 titres),631,2,2118342,Quel casinha (Il ragazzo della via Gluck) feat. Cesária Évora,Adriano Celentano,Italiano Disco (100 Hits From Italy),265
Funk & Disco (4779 titres),632,2,2184976,REACH UP,Various Artists,OPERATION FUNK,218
Funk & Disco (4779 titres),632,2,1954325,Reach Up,Various Artists,Double Disco: 12 Inch Hits Non Stop,166
Funk & Disco (4779 titres),633,2,1248934,Ragazza di miele,Adriano Celentano,Italiano Disco (100 Hits From Italy),192
Funk & Disco (4779 titres),633,2,2118307,Ragazza di miele,Adriano Celentano,Italiano Disco (100 Hits From Italy),192
Funk & Disco (4779 titres),634,2,1248520,Ragazzino,Adriano Celentano,Italiano Disco (100 Hits From Italy),251
Funk & Disco (4779 titres),634,2,2118306,Ragazzino,Adriano Celentano,Italiano Disco (100 Hits From Italy),251
Funk & Disco (4779 titres),635,2,1444076,Rain,Detroit Grand Pubahs,Funk All Y'all,428
Funk & Disco (4779 titres),635,2,2111790,Rain,Detroit Grand Pubahs,Funk All Y'all,428
Funk & Disco (4779 titres),636,2,2219322,Raw Ramp,T. Rex,Bolan Boogie,315
Funk & Disco (4779 titres),636,2,2240212,Raw Ramp,T. Rex,Bolan Boogie,315
Funk & Disco (4779 titres),637,2,2235268,Reach Out I'll Be There,Royal Philharmonic Orchestra,Motown With The Royal Philharmonic Orchestra (A Symphony Of Soul),202
Funk & Disco (4779 titres),637,2,2264535,Reach Out I'll Be There,Royal Philharmonic Orchestra,Motown With The Royal Philharmonic Orchestra (A Symphony Of Soul),147
Funk & Disco (4779 titres),638,2,2271078,Reach Up,Karla Bonoff,Operation Funk,196
Funk & Disco (4779 titres),638,2,2271079,Reach Up,Karla Bonoff,Operation Funk,196
Funk & Disco (4779 titres),639,3,1911046,Ready or Not,Calvin Harris,"Funk Wav Bounces, Vol. 2",157
Funk & Disco (4779 titres),639,3,1942183,Ready or Not,Calvin Harris,"Funk Wav Bounces, Vol. 2",157
Funk & Disco (4779 titres),639,3,2266968,Ready or Not,Calvin Harris,"Funk Wav Bounces, Vol. 2",157
Funk & Disco (4779 titres),640,2,2102984,Ready or Not feat. Busta Rhymes,Calvin Harris,"Funk Wav Bounces, Vol. 2",157
Funk & Disco (4779 titres),640,2,2140790,Ready or Not feat. Busta Rhymes,Calvin Harris,"Funk Wav Bounces, Vol. 2",157
Funk & Disco (4779 titres),641,3,1282475,Real Groove,Kylie Minogue,Various Artists,194
Funk & Disco (4779 titres),641,3,2059248,Real Groove,Kylie Minogue,Disco,263
Funk & Disco (4779 titres),641,3,2164704,Real Groove,Kylie Minogue,Disco,263
Funk & Disco (4779 titres),642,2,1444077,Real Life,Detroit Grand Pubahs,Funk All Y'all,67
Funk & Disco (4779 titres),642,2,2101925,Real Life,Detroit Grand Pubahs,Funk All Y'all,67
Funk & Disco (4779 titres),643,2,1940518,Rehab (23-Sep-2007),Amy Winehouse,The Soul Of Amy Winehouse - Unplugged And Electrified,221
Funk & Disco (4779 titres),643,2,2065639,Rehab (23-Sep-2007),Amy Winehouse,The Soul Of Amy Winehouse - Unplugged And Electrified,221
Funk & Disco (4779 titres),644,2,1940507,Rehab (Unplugged 11-May-2007),Amy Winehouse,The Soul Of Amy Winehouse - Unplugged And Electrified,209
Funk & Disco (4779 titres),644,2,2105501,Rehab (Unplugged 11-May-2007),Amy Winehouse,The Soul Of Amy Winehouse - Unplugged And Electrified,209
Funk & Disco (4779 titres),645,2,1252667,Remember Her,Oh No,Dr. No's Kali Tornado Funk,55
Funk & Disco (4779 titres),645,2,2116594,Remember Her,Oh No,Dr. No's Kali Tornado Funk,55
Funk & Disco (4779 titres),646,2,2111118,Rendezvous,Tina Charles,Heart 'N' Soul,202
Funk & Disco (4779 titres),646,2,2183939,Rendezvous,Tina Charles,Heart 'N' Soul,202
Funk & Disco (4779 titres),647,2,1276880,Rhthm & Soul,Spoon,Ga Ga Ga Ga Ga,211
Funk & Disco (4779 titres),647,2,2118246,Rhthm & Soul,Spoon,Ga Ga Ga Ga Ga,211
Funk & Disco (4779 titres),648,2,2218831,Rhyme Tyme People,Kool and The Gang,The Best Of 1969-1976 (Funk Essentials),201
Funk & Disco (4779 titres),648,2,2239964,Rhyme Tyme People,Kool and The Gang,The Best Of 1969-1976 (Funk Essentials),201
Funk & Disco (4779 titres),649,2,1444078,Ride,Detroit Grand Pubahs,Funk All Y'all,191
Funk & Disco (4779 titres),649,2,2101926,Ride,Detroit Grand Pubahs,Funk All Y'all,191
Funk & Disco (4779 titres),650,2,2219321,Ride A White Swan,T. Rex,Bolan Boogie,135
Funk & Disco (4779 titres),650,2,2240211,Ride A White Swan,T. Rex,Bolan Boogie,135
Funk & Disco (4779 titres),651,2,2243977,Ride The Rhythm,Kool and The Gang,Spirit Of The Boogie,175
Funk & Disco (4779 titres),651,2,2258003,Ride The Rhythm,Kool and The Gang,Spirit Of The Boogie,175
Funk & Disco (4779 titres),652,5,1884711,Riding High,Bob Marley & The Wailers,Soul Revolution Part II,161
Funk & Disco (4779 titres),652,5,1971858,Riding High,Bob Marley & The Wailers,"Soul Revolution, Part II Dub",166
Funk & Disco (4779 titres),652,5,1996993,Riding High,Bob Marley & The Wailers,"Soul Revolution, Part II Dub",166
Funk & Disco (4779 titres),652,5,2268425,Riding High,Bob Marley & The Wailers,"Soul Revolution, Part II Dub",166
Funk & Disco (4779 titres),652,5,2268426,Riding High,Bob Marley & The Wailers,"Soul Revolution, Part II Dub",166
Funk & Disco (4779 titres),653,2,2130945,Right On for the Darkness,Curtis Mayfield,Get Down to the Funky Groove,447
Funk & Disco (4779 titres),653,2,2109793,Right on for the Darkness,Curtis Mayfield,Get Down to the Funky Groove,447
Funk & Disco (4779 titres),654,2,2062812,Ring Ring Ring (Ha Ha Hey),De La Soul,De La Soul Is Dead,246
Funk & Disco (4779 titres),654,2,2110762,"Ring, Ring, Ring (Ha Ha Hey)",De La Soul,De La Soul Is Dead,214
Funk & Disco (4779 titres),655,3,2177427,Rip Groove,Pete Tong & Boy George,The Annual III,251
Funk & Disco (4779 titres),655,3,2220290,Rip Groove,Pete Tong & Boy George,The Annual III,251
Funk & Disco (4779 titres),655,3,2273777,Rip Groove,Pete Tong & Boy George,The Annual III,251
Funk & Disco (4779 titres),656,2,2232697,Rock Your Soul,Herbie Hancock,Jammin’ With Herbie,411
Funk & Disco (4779 titres),656,2,2264788,Rock Your Soul,Herbie Hancock,Jammin’ With Herbie,411
Funk & Disco (4779 titres),657,3,1211667,Rollin,Calvin Harris,"Funk Wav Bounces, Vol. 1",272
Funk & Disco (4779 titres),657,3,1942188,Rollin,Calvin Harris,"Funk Wav Bounces, Vol. 1",272
Funk & Disco (4779 titres),657,3,2266973,Rollin,Calvin Harris,"Funk Wav Bounces, Vol. 1",272
Funk & Disco (4779 titres),658,3,2176470,Ronnie’s Groove,Kool and The Gang,The 50 Greatest Songs,176
Funk & Disco (4779 titres),658,3,2218476,Ronnie’s Groove,Kool and The Gang,The 50 Greatest Songs,176
Funk & Disco (4779 titres),658,3,2272110,Ronnie’s Groove,Kool and The Gang,Unknown Album,176
Funk & Disco (4779 titres),659,2,2055788,Rubber Tube Gag,Front Line Assembly,Mechanical Soul,285
Funk & Disco (4779 titres),659,2,2178321,Rubber Tube Gag,Front Line Assembly,Mechanical Soul,285
Funk & Disco (4779 titres),660,2,1961183,Running Scared,Roy Orbison,The Best Of The Soul Of Rock And Roll,133
Funk & Disco (4779 titres),660,2,1961232,Running Scared,Roy Orbison,The Soul Of Rock And Roll,133
Funk & Disco (4779 titres),661,2,2181876,SHAME,Various Artists,100 HITS THE BEST DISCO ALBUM,178
Funk & Disco (4779 titres),661,2,1954969,Shame,Various Artists,100 Hits: the Best Disco Album,178
Funk & Disco (4779 titres),662,2,2153432,SHE GIVE ME LOVIN',J BOOG,BACKYARD BOOGIE,248
Funk & Disco (4779 titres),662,2,2057193,She Give Me Lovin',J BOOG,BACKYARD BOOGIE,248
Funk & Disco (4779 titres),663,2,2203860,SING A SIMPLE SONG,Commodores,COMMODORES: SOUL GROOVES,194
Funk & Disco (4779 titres),663,2,2027309,Sing A Simple Song,Commodores,Disco Stars [[Disc 2]],185
Funk & Disco (4779 titres),664,3,2186830,SO SWEET,DJ ABDEL AND CUT KILLER,"HIP HOP SOUL PARTY, EPISODE IV",168
Funk & Disco (4779 titres),664,3,2186831,SO SWEET,DJ ABDEL AND CUT KILLER,"HIP HOP SOUL PARTY, EPISODE IV",168
Funk & Disco (4779 titres),664,3,2146094,So Sweet,DJ Abdel and Cut Killer,"Hip Hop Soul Party, Episode IV",168
Funk & Disco (4779 titres),665,2,2186062,SOMEBODY ELSE’S GUY,Various Artists,GENERATIONS FUNK,224
Funk & Disco (4779 titres),665,2,2271065,Somebody Else's Guy,Various Artists,Mega Single: Funk,224
Funk & Disco (4779 titres),666,3,1487333,SOUL SERENADE,Aretha Franklin,I Never Loved a Man the Way I Love You,158
Funk & Disco (4779 titres),666,3,1422526,Soul Serenade,Aretha Franklin,I Never Loved a Man the Way I Love You,158
Funk & Disco (4779 titres),666,3,2117783,Soul Serenade,Aretha Franklin,I Never Loved a Man the Way I Love You,158
Funk & Disco (4779 titres),667,2,2154412,STARING DOWN,Collective Soul,COLLECTIVE SOUL,215
Funk & Disco (4779 titres),667,2,2100169,Staring Down,Collective Soul,COLLECTIVE SOUL,215
Funk & Disco (4779 titres),668,2,2186838,STRANGE FRUIT,DJ ABDEL AND CUT KILLER,"HIP HOP SOUL PARTY, EPISODE IV",220
Funk & Disco (4779 titres),668,2,2186839,STRANGE FRUIT,DJ ABDEL AND CUT KILLER,"HIP HOP SOUL PARTY, EPISODE IV",220
Funk & Disco (4779 titres),669,2,1356299,STREET WALKER,The Bar-Kays,GOTTA GROOVE,203
Funk & Disco (4779 titres),669,2,2133078,Street Walker,The Bar-Kays,Black Rock / Gotta Groove,203
Funk & Disco (4779 titres),670,2,1444079,Sandwiches,Detroit Grand Pubahs,Funk All Y'all,182
Funk & Disco (4779 titres),670,2,2056562,Sandwiches,Detroit Grand Pubahs,Funk All Y'all,182
Funk & Disco (4779 titres),671,3,1879604,Satisfy My Soul,Bob Marley & The Wailers,Legend: The Best of Bob Marley and The Wailers,271
Funk & Disco (4779 titres),671,3,1879663,Satisfy My Soul,Bob Marley & The Wailers,Kaya (Remastered 2013),269
Funk & Disco (4779 titres),671,3,2132635,Satisfy My Soul,Bob Marley & The Wailers,Kaya (Remastered 2013),273
Funk & Disco (4779 titres),672,2,1951990,Save My Soul,Groove Armada,Soundboy Rock,262
Funk & Disco (4779 titres),672,2,2267675,Save My Soul,Groove Armada,Soundboy Rock,262
Funk & Disco (4779 titres),673,4,1903730,Save Our Soul,Bob Sinclar,Champs Elysées,262
Funk & Disco (4779 titres),673,4,1950877,Save Our Soul,Bob Sinclar,Enjoy,262
Funk & Disco (4779 titres),673,4,2135087,Save Our Soul,Bob Sinclar,Champs Elysées,263
Funk & Disco (4779 titres),673,4,2270725,Save Our Soul,Bob Sinclar,Champs Elysées,263
Funk & Disco (4779 titres),674,3,1950895,Save Our Soul (Brian Tappert Re Edit),Bob Sinclar,Bob Sinclar - House Masters [Disc 2],410
Funk & Disco (4779 titres),674,3,1950798,Save Our Soul (Brian Tappert Re-Edit),Bob Sinclar,Save Our Soul,409
Funk & Disco (4779 titres),674,3,1427550,Save Our Soul (Brian Tappert re-edit),Bob Sinclar,Champs Elysées Remixed,276
Funk & Disco (4779 titres),675,2,1427549,Save Our Soul (DJ Spen mix),Bob Sinclar,Champs Elysées Remixed,468
Funk & Disco (4779 titres),675,2,2123644,Save Our Soul (DJ Spen mix),Bob Sinclar,Champs Elysées Remixed,468
Funk & Disco (4779 titres),676,2,2074839,Say It (Soul Seekerz Remix),Rihanna,Unknown Album,348
Funk & Disco (4779 titres),676,2,1347435,Say It (Soul Seekerz remix),Rihanna,Good Girl Gone Bad: Reloaded,348
Funk & Disco (4779 titres),677,2,2100137,Say Something,Kylie Minogue,Disco,320
Funk & Disco (4779 titres),677,2,2164707,Say Something,Kylie Minogue,Disco,320
Funk & Disco (4779 titres),678,2,1444206,Say Yeah,The Limit,80's Soul,183
Funk & Disco (4779 titres),678,2,1444207,Say Yeah,The Limit,80's Soul,183
Funk & Disco (4779 titres),679,2,1444080,Schizophrenic Investigator,Detroit Grand Pubahs,Funk All Y'all,182
Funk & Disco (4779 titres),679,2,2132083,Schizophrenic Investigator,Detroit Grand Pubahs,Funk All Y'all,182
Funk & Disco (4779 titres),680,2,1300498,Se mi ami,Adriano Celentano,Italiano Disco (100 Hits From Italy),225
Funk & Disco (4779 titres),680,2,2124066,Se mi ami,Adriano Celentano,Italiano Disco (100 Hits From Italy),225
Funk & Disco (4779 titres),681,2,1300499,Se una donna se ne va,Adriano Celentano,Italiano Disco (100 Hits From Italy),230
Funk & Disco (4779 titres),681,2,2118036,Se una donna se ne va,Adriano Celentano,Italiano Disco (100 Hits From Italy),230
Funk & Disco (4779 titres),682,2,1186058,Secret Garden,T'pau,Heart And Soul - The Very Best Of T'Pau,244
Funk & Disco (4779 titres),682,2,2183941,Secret Garden,T'pau,Heart And Soul - The Very Best Of T'Pau,244
Funk & Disco (4779 titres),683,2,1291924,Sell My Soul,Our Lady Peace,Gravity,260
Funk & Disco (4779 titres),683,2,2118068,Sell My Soul,Our Lady Peace,Gravity,260
Funk & Disco (4779 titres),684,2,1300500,Serenata,Adriano Celentano,Italiano Disco (100 Hits From Italy),227
Funk & Disco (4779 titres),684,2,2118037,Serenata,Adriano Celentano,Italiano Disco (100 Hits From Italy),227
Funk & Disco (4779 titres),685,2,2007926,Shake Your Groove Thing,Peaches & Herb,Funky Cops Mixed by Dj Abdel,227
Funk & Disco (4779 titres),685,2,2107456,Shake Your Groove Thing,Peaches & Herb,Shake_Your_Groove_Thing_(1978),234
Funk & Disco (4779 titres),686,2,1297765,She Put the Hurt On Me,Otis Redding,Complete & Unbelievable: The Otis Redding Dictionary of Soul,155
Funk & Disco (4779 titres),686,2,2117991,She Put the Hurt on Me,Otis Redding,Complete & Unbelievable: The Otis Redding Dictionary of Soul,155
Funk & Disco (4779 titres),687,2,2219318,She Was Born To Be My Unicorn,T. Rex,Bolan Boogie,156
Funk & Disco (4779 titres),687,2,2240208,She Was Born To Be My Unicorn,T. Rex,Bolan Boogie,156
Funk & Disco (4779 titres),688,3,1444092,Shenandoah,Bob Dylan,Down In the Groove (Remastered),218
Funk & Disco (4779 titres),688,3,1444094,Shenandoah,Bob Dylan,Down In the Groove (Remastered),218
Funk & Disco (4779 titres),688,3,2097925,Shenandoah,Bob Dylan,Down in the Groove,218
Funk & Disco (4779 titres),689,2,1946111,Shine,Booty Luv,Boogie 2Nite,206
Funk & Disco (4779 titres),689,2,1946122,Shine,Booty Luv,Boogie 2nite,205
Funk & Disco (4779 titres),690,3,2229316,Shine On,Incognito,Jazz Funk,303
Funk & Disco (4779 titres),690,3,2232630,Shine On,Incognito,Jazz Funk,303
Funk & Disco (4779 titres),690,3,2265658,Shine On,Incognito,Jazz Funk,303
Funk & Disco (4779 titres),691,4,2218540,Shortage,Kool and The Gang,Funk Essentials,219
Funk & Disco (4779 titres),691,4,2233650,Shortage,Kool and The Gang,Kool Funk Essentials 1970-1977,218
Funk & Disco (4779 titres),691,4,2239797,Shortage,Kool and The Gang,Kool Funk Essentials 1970-1977,218
Funk & Disco (4779 titres),691,4,2239810,Shortage,Kool and The Gang,Funk Essentials,219
Funk & Disco (4779 titres),692,3,2116903,Si maman si,France Gall,Dancing Disco (Remasterisé),90
Funk & Disco (4779 titres),692,3,2102694,"Si, maman si",France Gall,Dancing Disco,178
Funk & Disco (4779 titres),692,3,1209105,"Si, maman, si",France Gall,Dancing Disco,177
Funk & Disco (4779 titres),693,2,1252650,Side of Time,Oh No,Dr. No's Kali Tornado Funk,93
Funk & Disco (4779 titres),693,2,1444204,Side of Time,Oh No,Dr. No's Kali Tornado Funk,93
Funk & Disco (4779 titres),694,2,1444126,Sign 'O' The Times,Chaka Khan,Funk This,324
Funk & Disco (4779 titres),694,2,2139817,Sign ‘o’ the Times,Chaka Khan,Funk This,324
Funk & Disco (4779 titres),695,2,1422649,Silent Night,Sharon Jones and the Dap‐Kings,It’s a Holiday Soul Party,256
Funk & Disco (4779 titres),695,2,2167253,Silent Night,Sharon Jones and the Dap‐Kings,It's a Holiday Soul Party,256
Funk & Disco (4779 titres),696,2,2210727,Silver Bells,Sharon Jones and the Dap‐Kings,It’s a Holiday Soul Party,199
Funk & Disco (4779 titres),696,2,2224957,Silver Bells,Sharon Jones and the Dap‐Kings,It's a Holiday Soul Party,199
Funk & Disco (4779 titres),697,2,1942189,Skrt on Me,Calvin Harris,"Funk Wav Bounces, Vol. 1",228
Funk & Disco (4779 titres),697,2,2266974,Skrt on Me,Calvin Harris,"Funk Wav Bounces, Vol. 1",228
Funk & Disco (4779 titres),698,2,1904656,Slide,Calvin Harris,"Funk Wav Bounces, Vol. 1",230
Funk & Disco (4779 titres),698,2,2007834,Slide,Calvin Harris,"Funk Wav Bounces, Vol. 1",230
Funk & Disco (4779 titres),699,2,2232929,Slow Emotion,Nikka Costa,Dirty Disco,206
Funk & Disco (4779 titres),699,2,2264877,Slow Emotion,Nikka Costa,Dirty Disco,140
Funk & Disco (4779 titres),700,2,1297689,Smack Dab in the Middle (Larry Levan remix),HATIK,Disco Connection: Authentic Classic Disco 1976-1981,251
Funk & Disco (4779 titres),700,2,1297690,Smack Dab in the Middle (Larry Levan remix),HATIK,Disco Connection: Authentic Classic Disco 1976-1981,251
Funk & Disco (4779 titres),701,2,1217800,Smells Like Funk,Black Eyed Peas,Elephunk,302
Funk & Disco (4779 titres),701,2,2116779,Smells Like Funk,Black Eyed Peas,Elephunk,304
Funk & Disco (4779 titres),702,3,2112385,So Real to Me,Al Green,Soul Survivor,53
Funk & Disco (4779 titres),702,3,2159436,So Real to Me,Al Green,Soul Survivor,53
Funk & Disco (4779 titres),702,3,2159441,So Real to Me,Al Green,Soul Survivor,53
Funk & Disco (4779 titres),703,2,2193182,So What'Cha Want (Soul Assassin Remix Version),Beastie Boys,So What'Cha Want,246
Funk & Disco (4779 titres),703,2,2234273,So What’cha Want (Soul Assassin remix version),Beastie Boys,So What’cha Want,245
Funk & Disco (4779 titres),704,3,1245206,Soirée disco,Boris,Boris,223
Funk & Disco (4779 titres),704,3,1276483,Soirée disco,Boris,Boris,223
Funk & Disco (4779 titres),704,3,2117866,Soirée disco,Boris,Boris,223
Funk & Disco (4779 titres),705,2,2056557,Sold My Soul,Gare du Nord,Kind Of Cool,396
Funk & Disco (4779 titres),705,2,2174545,Sold My Soul,Gare du Nord,Kind Of Cool,396
Funk & Disco (4779 titres),706,4,1248953,Soli,Adriano Celentano,Italiano Disco (100 Hits From Italy),244
Funk & Disco (4779 titres),706,4,1300501,Soli,Adriano Celentano,Italiano Disco (100 Hits From Italy),245
Funk & Disco (4779 titres),706,4,1428247,Soli,Adriano Celentano,Italiano Disco (100 Hits From Italy),245
Funk & Disco (4779 titres),706,4,2122873,Soli,Adriano Celentano,Italiano Disco (100 Hits From Italy),244
Funk & Disco (4779 titres),707,2,1946112,Some Kinda Rush,Booty Luv,Boogie 2Nite,211
Funk & Disco (4779 titres),707,2,1946124,Some Kinda Rush,Booty Luv,Boogie 2nite,211
Funk & Disco (4779 titres),708,2,2270783,Some Kinda Rush (Radio Edit),Booty Luv,Boogie 2Nite,211
Funk & Disco (4779 titres),708,2,1883497,Some Kinda Rush (radio edit),Booty Luv,Boogie 2nite,216
Funk & Disco (4779 titres),709,2,1940509,Some Unholy War (Alternate Version),Amy Winehouse,The Soul Of Amy Winehouse - Unplugged And Electrified,193
Funk & Disco (4779 titres),709,2,2065641,Some Unholy War (Alternate Version),Amy Winehouse,The Soul Of Amy Winehouse - Unplugged And Electrified,193
Funk & Disco (4779 titres),710,2,1890452,Somebody Else,Calvin Harris,"Funk Wav Bounces, Vol. 2",178
Funk & Disco (4779 titres),710,2,1911049,Somebody Else,Calvin Harris,"Funk Wav Bounces, Vol. 2",178
Funk & Disco (4779 titres),711,2,2107254,Somebody Else feat. Jorja Smith & Lil Durk,Calvin Harris,"Funk Wav Bounces, Vol. 2",178
Funk & Disco (4779 titres),711,2,2140791,Somebody Else feat. Jorja Smith & Lil Durk,Calvin Harris,"Funk Wav Bounces, Vol. 2",178
Funk & Disco (4779 titres),712,2,1954008,Somebody’s Watching Me (Beatfreakz club mix),Various Artists,Hed Kandi: Disco Heaven 2006,380
Funk & Disco (4779 titres),712,2,2117849,Somebody’s Watching Me (Beatfreakz club mix),Various Artists,Hed Kandi: Disco Heaven,380
Funk & Disco (4779 titres),713,4,2259590,Somethin' Else (alternate version),James Brown,Grits & Soul,395
Funk & Disco (4779 titres),713,4,1444151,Somethin’ Else (alternate version),James Brown,Grits & Soul,395
Funk & Disco (4779 titres),713,4,1444153,Somethin’ Else (alternate version),James Brown,Grits & Soul,395
Funk & Disco (4779 titres),713,4,2108278,Somethin’ Else (alternate version),James Brown,Grits & Soul,395
Funk & Disco (4779 titres),714,2,1946117,Something To Talk About,Booty Luv,Boogie 2Nite,203
Funk & Disco (4779 titres),714,2,1946131,Something To Talk About,Booty Luv,Boogie 2nite,203
Funk & Disco (4779 titres),715,3,1954224,Sorry I'm A Lady,Various Artists,100 Hits: the Best Disco Album,218
Funk & Disco (4779 titres),715,3,1849410,"Sorry, I’m a Lady",Various Artists,100 Hits: the Best Disco Album,218
Funk & Disco (4779 titres),715,3,1954226,"Sorry, I’m a Lady",Various Artists,100 Hits: the Best Disco Album,218
Funk & Disco (4779 titres),716,2,1226362,Soul,Céline Dion,Soul,194
Funk & Disco (4779 titres),716,2,2117215,Soul,Céline Dion,Soul,194
Funk & Disco (4779 titres),717,2,1973146,Soul And Inspiration,The Righteous Brothers,Very Best Of The Righteous Brothers,204
Funk & Disco (4779 titres),717,2,1973212,Soul And Inspiration,The Righteous Brothers,"The Great Artist Series ""The Righteous Brothers""",202
Funk & Disco (4779 titres),718,3,2033280,Soul Cake,Sting,If on A Winter's Night... (Bonus Track Version),209
Funk & Disco (4779 titres),718,3,2117332,Soul Cake,Sting,If on A Winter's Night... (Bonus Track Version),209
Funk & Disco (4779 titres),718,3,2259694,Soul Cake,Sting,If on a Winter's Night...,209
Funk & Disco (4779 titres),719,3,1973175,Soul City,The Righteous Brothers,You've Lost That Lovin' Feelin',144
Funk & Disco (4779 titres),719,3,1997011,Soul City,The Righteous Brothers,You've Lost That Lovin' Feelin',144
Funk & Disco (4779 titres),719,3,2273533,Soul City,The Righteous Brothers,You've Lost That Lovin' Feelin',144
Funk & Disco (4779 titres),720,2,1893447,Soul Clean,SAULT,Acts of Faith,90
Funk & Disco (4779 titres),720,2,2080019,Soul Clean,SAULT,Acts of Faith,90
Funk & Disco (4779 titres),721,5,1934942,Soul Control,Jessie Ware,What’s Your Pleasure?,239
Funk & Disco (4779 titres),721,5,1973542,Soul Control,Jessie Ware,What's Your Pleasure?,239
Funk & Disco (4779 titres),721,5,2063547,Soul Control,Jessie Ware,What's Your Pleasure?,239
Funk & Disco (4779 titres),721,5,2256511,Soul Control,Jessie Ware,What's Your Pleasure?,239
Funk & Disco (4779 titres),721,5,2266427,Soul Control,Jessie Ware,What's Your Pleasure?,239
Funk & Disco (4779 titres),722,3,2247196,Soul Dance,Stan Getz,Jazz in Paris: Communications '72,280
Funk & Disco (4779 titres),722,3,2258128,Soul Dance,Stan Getz,Jazz in Paris: Communications '72,280
Funk & Disco (4779 titres),722,3,2262777,Soul Dance,Stan Getz,Jazz in Paris: Communications '72,280
Funk & Disco (4779 titres),723,3,1244750,Soul Driver,Bruce Springsteen,Human Touch,279
Funk & Disco (4779 titres),723,3,2117795,Soul Driver,Bruce Springsteen,Human Touch,279
Funk & Disco (4779 titres),723,3,2170086,Soul Driver,Bruce Springsteen,Human Touch,276
Funk & Disco (4779 titres),724,2,2113507,Soul Eyes,Stan Getz,Bossas and Ballads: The Lost Sessions,443
Funk & Disco (4779 titres),724,2,2163383,Soul Eyes,Stan Getz,Bossas and Ballads: The Lost Sessions,443
Funk & Disco (4779 titres),725,2,2100444,Soul Flower (remix),The Pharcyde,Bizarre Ride II the Pharcyde,263
Funk & Disco (4779 titres),725,2,2163166,Soul Flower (remix),The Pharcyde,Bizarre Ride II the Pharcyde,263
Funk & Disco (4779 titres),726,3,1879847,Soul Inside My Beautiful Imagination,SAULT,Earth,215
Funk & Disco (4779 titres),726,3,1969900,Soul Inside My Beautiful Imagination,SAULT,Earth,215
Funk & Disco (4779 titres),726,3,1997821,Soul Inside My Beautiful Imagination,SAULT,Earth,216
Funk & Disco (4779 titres),727,2,2117786,Soul Mate,Jimmy Cliff,Higher & Higher,247
Funk & Disco (4779 titres),727,2,2194999,Soul Mate,Jimmy Cliff,Higher And Higher,246
Funk & Disco (4779 titres),728,2,2109425,Soul Men,"J.B.'s, The",Bring the Funk On Down,346
Funk & Disco (4779 titres),728,2,2163471,Soul Men,"J.B.'s, The",Bring the Funk On Down,346
Funk & Disco (4779 titres),729,2,2117781,Soul Purpose,Nightmares On Wax,In A Space Outta Sound,207
Funk & Disco (4779 titres),729,2,2157092,Soul Purpose,Nightmares On Wax,In A Space Outta Sound,207
Funk & Disco (4779 titres),730,3,2211750,Soul Rebel,UB40,Labour Of Love,235
Funk & Disco (4779 titres),730,3,2258790,Soul Rebel,UB40,Labour Of Love,235
Funk & Disco (4779 titres),730,3,2263048,Soul Rebel,UB40,Labour Of Love,235
Funk & Disco (4779 titres),731,15,1279035,Soul Sacrifice,Santana,The Best Instrumentals,396
Funk & Disco (4779 titres),731,15,1347384,Soul Sacrifice,Santana,High Profile,293
Funk & Disco (4779 titres),731,15,1423272,Soul Sacrifice,Santana,The Ultimate Collection,195
Funk & Disco (4779 titres),731,15,1423280,Soul Sacrifice,Santana,The Woodstock Experience: Santana,695
Funk & Disco (4779 titres),731,15,1427351,Soul Sacrifice,Santana,High Profile,293
Funk & Disco (4779 titres),731,15,1427353,Soul Sacrifice,Santana,Santana,296
Funk & Disco (4779 titres),731,15,1427355,Soul Sacrifice,Santana,The Best Instrumentals,396
Funk & Disco (4779 titres),731,15,1444187,Soul Sacrifice,Santana,Between Good and Evil,398
Funk & Disco (4779 titres),731,15,1444189,Soul Sacrifice,Santana,Maria Maria,397
Funk & Disco (4779 titres),731,15,1444191,Soul Sacrifice,Santana,Mother Earth,403
Funk & Disco (4779 titres),731,15,1444193,Soul Sacrifice,Santana,Santana,296
Funk & Disco (4779 titres),731,15,1444195,Soul Sacrifice,Santana,The Ultimate Collection,193
Funk & Disco (4779 titres),731,15,1444197,Soul Sacrifice,Santana,The Very Best of Santana,294
Funk & Disco (4779 titres),731,15,1689284,Soul Sacrifice,Santana,Acapulco Sunrise,297
Funk & Disco (4779 titres),731,15,2018302,Soul Sacrifice,Santana,The Woodstock Experience: Santana,193
Funk & Disco (4779 titres),732,2,1444201,Soul Sacrifice (From Woodstock I),Carlos Santana,santana - dance of the rainbow serpent - best -- almost complet,530
Funk & Disco (4779 titres),732,2,2132212,Soul Sacrifice (From Woodstock I),Carlos Santana,santana - dance of the rainbow serpent - best -- almost complet,530
Funk & Disco (4779 titres),733,5,1951093,Soul Saga (Song Of The Buffalo Soldier),Quincy Jones,Body Heat,298
Funk & Disco (4779 titres),733,5,2267640,Soul Saga (Song Of The Buffalo Soldier),Quincy Jones,Body Heat,298
Funk & Disco (4779 titres),733,5,1444182,Soul Saga (Song of the Buffalo Soldier),Quincy Jones,Body Heat,298
Funk & Disco (4779 titres),733,5,1444183,Soul Saga (Song of the Buffalo Soldier),Quincy Jones,Body Heat,298
Funk & Disco (4779 titres),733,5,2060329,Soul Saga (Song of the Buffalo Soldier),Quincy Jones,Body Heat,298
Funk & Disco (4779 titres),734,2,2098062,Soul Serenade,Quincy Jones,Golden Boy,230
Funk & Disco (4779 titres),734,2,2166469,Soul Serenade,Quincy Jones,Golden Boy,230
Funk & Disco (4779 titres),735,2,1183046,Soul Stripper,AC/DC,High Voltage,391
Funk & Disco (4779 titres),735,2,2183952,Soul Stripper,AC/DC,High Voltage,391
Funk & Disco (4779 titres),736,2,2159437,Soul Survivor,Al Green,Soul Survivor,281
Funk & Disco (4779 titres),736,2,2250312,Soul Survivor,Al Green,Soul Survivor,281
Funk & Disco (4779 titres),737,2,1940818,Soul Time,JOE COCKER,Have a Little Faith,274
Funk & Disco (4779 titres),737,2,2093235,Soul Time,JOE COCKER,Best Blues Ballads,277
Funk & Disco (4779 titres),738,2,2175574,Soul Train by Adam Horovitz,Beastie Boys,(2018) Beastie Boys: The Book,214
Funk & Disco (4779 titres),738,2,2219703,Soul Train by Adam Horovitz,Beastie Boys,(2018) Beastie Boys: The Book,214
Funk & Disco (4779 titres),739,2,2233895,Soul Vibrations,Kool and The Gang,Music Is The Message,282
Funk & Disco (4779 titres),739,2,2265101,Soul Vibrations,Kool and The Gang,Music Is the Message,282
Funk & Disco (4779 titres),740,2,2077024,Soul of a Man,Stark Sands,Kinky Boots (Original Broadway Cast Recording),202
Funk & Disco (4779 titres),740,2,2117708,Soul of a Man,Stark Sands,Kinky Boots - The New Musical Based on a True Story (2013),202
Funk & Disco (4779 titres),741,2,2220591,Soul on Fire,Big Country,Rarities II,282
Funk & Disco (4779 titres),741,2,2240624,Soul on Fire,Big Country,Rarities II,282
Funk & Disco (4779 titres),742,3,2056669,Soul on Ice,Ice Cube,I Am the West,219
Funk & Disco (4779 titres),742,3,2156807,Soul on Ice,Ice Cube,I Am the West,219
Funk & Disco (4779 titres),742,3,2169829,Soul on Ice,Ice Cube,I Am the West,219
Funk & Disco (4779 titres),743,3,1869838,Soulman,Ben L’Oncle Soul,Ben L'oncle Soul,224
Funk & Disco (4779 titres),743,3,1988459,Soulman,Ben L’Oncle Soul,Ben L'Oncle Soul,223
Funk & Disco (4779 titres),743,3,2260420,Soulman,Ben L’Oncle Soul,Ben l'Oncle Soul,223
Funk & Disco (4779 titres),744,2,1880266,Sound of Your Soul,Toploader,Only Human,227
Funk & Disco (4779 titres),744,2,1894539,Sound of Your Soul,Toploader,Only Human,227
Funk & Disco (4779 titres),745,2,2007995,Spa Music Collective,Buddha Zen Spa,"The Peace Inside: Spa Music Therapy to Relax Body, Mind and Soul",345
Funk & Disco (4779 titres),745,2,2183803,Spa Music Collective,Buddha Zen Spa,"The Peace Inside: Spa Music Therapy to Relax Body, Mind and Soul",345
Funk & Disco (4779 titres),746,21,2176349,Spirit Of The Boogie,Kool and The Gang,Gold,292
Funk & Disco (4779 titres),746,21,2176527,Spirit Of The Boogie,Kool and The Gang,The Very Best Of,291
Funk & Disco (4779 titres),746,21,2218377,Spirit Of The Boogie,Kool and The Gang,Gold,292
Funk & Disco (4779 titres),746,21,2218644,Spirit Of The Boogie,Kool and The Gang,The Very Best Of,291
Funk & Disco (4779 titres),746,21,2218844,Spirit Of The Boogie,Kool and The Gang,The Best Of 1969-1976 (Funk Essentials),292
Funk & Disco (4779 titres),746,21,2239977,Spirit Of The Boogie,Kool and The Gang,The Best Of 1969-1976 (Funk Essentials),292
Funk & Disco (4779 titres),746,21,2243976,Spirit Of The Boogie,Kool and The Gang,Spirit Of The Boogie,293
Funk & Disco (4779 titres),746,21,2258002,Spirit Of The Boogie,Kool and The Gang,Spirit Of The Boogie,293
Funk & Disco (4779 titres),746,21,2272007,Spirit Of The Boogie,Kool and The Gang,Gold,292
Funk & Disco (4779 titres),746,21,2022436,Spirit of the Boogie,Kool and The Gang,Funky Cops,297
Funk & Disco (4779 titres),746,21,2176456,Spirit of the Boogie,Kool and The Gang,The 50 Greatest Songs,292
Funk & Disco (4779 titres),746,21,2218301,Spirit of the Boogie,Kool and The Gang,The Best of Kool and the Gang (1969–1976),292
Funk & Disco (4779 titres),746,21,2218462,Spirit of the Boogie,Kool and The Gang,The 50 Greatest Songs,292
Funk & Disco (4779 titres),746,21,2218493,Spirit of the Boogie,Kool and The Gang,Number 1’s,210
Funk & Disco (4779 titres),746,21,2218761,Spirit of the Boogie,Kool and The Gang,The Best of Kool & the Gang (1969–1976),292
Funk & Disco (4779 titres),746,21,2233678,Spirit of the Boogie,Kool and The Gang,Spin Their Top Hits,294
Funk & Disco (4779 titres),746,21,2239708,Spirit of the Boogie,Kool and The Gang,The Best of Kool and the Gang (1969–1976),292
Funk & Disco (4779 titres),746,21,2239765,Spirit of the Boogie,Kool and The Gang,Number 1’s,210
Funk & Disco (4779 titres),746,21,2239850,Spirit of the Boogie,Kool and The Gang,Spin Their Top Hits,294
Funk & Disco (4779 titres),746,21,2239925,Spirit of the Boogie,Kool and The Gang,The Best of Kool & the Gang (1969–1976),292
Funk & Disco (4779 titres),746,21,2272095,Spirit of the Boogie,Kool and The Gang,Unknown Album,292
Funk & Disco (4779 titres),747,2,2117754,Spoiled,Joss Stone,"Mind, Body & Soul",243
Funk & Disco (4779 titres),747,2,2259394,Spoiled,Joss Stone,"Mind, Body & Soul",243
Funk & Disco (4779 titres),748,3,1444154,Spoken Introduction,James Brown,Grits & Soul,50
Funk & Disco (4779 titres),748,3,1444155,Spoken Introduction,James Brown,Grits & Soul,50
Funk & Disco (4779 titres),748,3,2109574,Spoken Introduction,James Brown,Grits & Soul,50
Funk & Disco (4779 titres),749,3,2011430,Spread Your Love (Splice of Life Nu Soul Vocal),Various Artists,The Best,369
Funk & Disco (4779 titres),749,3,2023580,Spread Your Love (Splice of Life Nu Soul Vocal),Various Artists,House of Irma Vol.1 (Disc 2),369
Funk & Disco (4779 titres),749,3,2006214,Spread Your Love [Splice of Life Nu Soul Vocal],Various Artists,House of Irma Vol.1 (Disc 2),369
Funk & Disco (4779 titres),750,2,1246144,Spy feat. Ben l’Oncle Soul,Beat Assailant,[standalone recordings],150
Funk & Disco (4779 titres),750,2,2117742,Spy feat. Ben l’Oncle Soul,Beat Assailant,[standalone recordings],150
Funk & Disco (4779 titres),751,5,1884714,Stand Alone,Bob Marley & The Wailers,Soul Revolution Part II,127
Funk & Disco (4779 titres),751,5,1971843,Stand Alone,Bob Marley & The Wailers,"Soul Revolution, Part II Dub",131
Funk & Disco (4779 titres),751,5,1996986,Stand Alone,Bob Marley & The Wailers,"Soul Revolution, Part II Dub",131
Funk & Disco (4779 titres),751,5,2268410,Stand Alone,Bob Marley & The Wailers,"Soul Revolution, Part II Dub",131
Funk & Disco (4779 titres),751,5,2268411,Stand Alone,Bob Marley & The Wailers,"Soul Revolution, Part II Dub",131
Funk & Disco (4779 titres),752,2,1252659,Stand By,Oh No,Dr. No's Kali Tornado Funk,45
Funk & Disco (4779 titres),752,2,1422126,Stand By,Oh No,Dr. No's Kali Tornado Funk,45
Funk & Disco (4779 titres),753,4,2218541,Starchild,Kool and The Gang,Funk Essentials,534
Funk & Disco (4779 titres),753,4,2233651,Starchild,Kool and The Gang,Kool Funk Essentials 1970-1977,533
Funk & Disco (4779 titres),753,4,2239798,Starchild,Kool and The Gang,Kool Funk Essentials 1970-1977,533
Funk & Disco (4779 titres),753,4,2239811,Starchild,Kool and The Gang,Funk Essentials,534
Funk & Disco (4779 titres),754,2,2080708,Stay (Armand Van Helden Soul Solution Remix),Sash!,It’s My Life,464
Funk & Disco (4779 titres),754,2,1422639,Stay (Armand van Helden Soul Solution remix),Sash!,It’s My Life,464
Funk & Disco (4779 titres),755,4,1911047,Stay With Me,Calvin Harris,"Funk Wav Bounces, Vol. 2",229
Funk & Disco (4779 titres),755,4,1942184,Stay With Me,Calvin Harris,"Funk Wav Bounces, Vol. 2",229
Funk & Disco (4779 titres),755,4,2140792,Stay With Me,Calvin Harris,"Funk Wav Bounces, Vol. 2",229
Funk & Disco (4779 titres),755,4,2266969,Stay With Me,Calvin Harris,"Funk Wav Bounces, Vol. 2",229
Funk & Disco (4779 titres),756,5,1911048,Stay With Me (Part 2),Calvin Harris,"Funk Wav Bounces, Vol. 2",83
Funk & Disco (4779 titres),756,5,1942185,Stay With Me (Part 2),Calvin Harris,"Funk Wav Bounces, Vol. 2",83
Funk & Disco (4779 titres),756,5,2061642,Stay With Me (Part 2),Calvin Harris,"Funk Wav Bounces, Vol. 2",83
Funk & Disco (4779 titres),756,5,2140793,Stay With Me (Part 2),Calvin Harris,"Funk Wav Bounces, Vol. 2",83
Funk & Disco (4779 titres),756,5,2266970,Stay With Me (Part 2),Calvin Harris,"Funk Wav Bounces, Vol. 2",83
Funk & Disco (4779 titres),757,2,2101761,Stifle,Front Line Assembly,Mechanical Soul,252
Funk & Disco (4779 titres),757,2,2178322,Stifle,Front Line Assembly,Mechanical Soul,252
Funk & Disco (4779 titres),758,2,1248954,Stivali e colbacco,Adriano Celentano,Italiano Disco (100 Hits From Italy),253
Funk & Disco (4779 titres),758,2,2122874,Stivali e colbacco,Adriano Celentano,Italiano Disco (100 Hits From Italy),253
Funk & Disco (4779 titres),759,3,2217705,Stone Fox,James Brown,James Brown Sings Raw Soul,166
Funk & Disco (4779 titres),759,3,2229418,Stone Fox,James Brown,James Brown Sings Raw Soul,166
Funk & Disco (4779 titres),759,3,2265935,Stone Fox,James Brown,James Brown Sings Raw Soul,166
Funk & Disco (4779 titres),760,3,1444121,Stop What You're Doing To Me,Tina Charles,Heart 'N' Soul,188
Funk & Disco (4779 titres),760,3,2111119,Stop What You're Doing To Me,Tina Charles,Heart 'N' Soul,188
Funk & Disco (4779 titres),760,3,2139745,Stop What You’re Doing to Me,Tina Charles,Heart 'N' Soul,188
Funk & Disco (4779 titres),761,2,1903724,Stormy Clouds,The Verve,A Northern Soul,338
Funk & Disco (4779 titres),761,2,2082179,Stormy Clouds,The Verve,A Northern Soul,334
Funk & Disco (4779 titres),762,3,2071200,Straighten It Out,Pete Rock & C.L Smooth,Mecca And The Soul Brother,253
Funk & Disco (4779 titres),762,3,2118471,Straighten It Out,Pete Rock & C.L Smooth,Mecca and the Soul Brother,252
Funk & Disco (4779 titres),762,3,2178316,Straighten It Out,Pete Rock & C.L Smooth,Mecca and the Soul Brother,253
Funk & Disco (4779 titres),763,2,2071197,Straighten It Out (Remix),Pete Rock & C.L Smooth,Mecca And The Soul Brother,252
Funk & Disco (4779 titres),763,2,2178317,Straighten It Out (remix),Pete Rock & C.L Smooth,Mecca and the Soul Brother,246
Funk & Disco (4779 titres),764,2,2177409,Strong in Love (Disco Citizens Mix),Judge Jules & Boy George,The Annual IV,245
Funk & Disco (4779 titres),764,2,2220261,Strong in Love (Disco Citizens Mix),Judge Jules & Boy George,The Annual IV,245
Funk & Disco (4779 titres),765,4,2218542,Strut,Kool and The Gang,Funk Essentials,222
Funk & Disco (4779 titres),765,4,2233652,Strut,Kool and The Gang,Kool Funk Essentials 1970-1977,222
Funk & Disco (4779 titres),765,4,2239799,Strut,Kool and The Gang,Kool Funk Essentials 1970-1977,222
Funk & Disco (4779 titres),765,4,2239812,Strut,Kool and The Gang,Funk Essentials,222
Funk & Disco (4779 titres),766,2,1849404,Strut Your Funky Stuff,Various Artists,100 Hits: the Best Disco Album,217
Funk & Disco (4779 titres),766,2,1954709,Strut Your Funky Stuff,Various Artists,Back to the Disco (Disc 3),214
Funk & Disco (4779 titres),767,2,2232490,Sudden,Kevin Yost,KY Funk 'n Stuff 2: Unreleased Past and Present,343
Funk & Disco (4779 titres),767,2,2272311,Sudden,Kevin Yost,KY Funk 'n Stuff 2: Unreleased Past and Present,343
Funk & Disco (4779 titres),768,2,2218840,Summer Madness (Live),Kool and The Gang,The Best Of 1969-1976 (Funk Essentials),482
Funk & Disco (4779 titres),768,2,2239973,Summer Madness (Live),Kool and The Gang,The Best Of 1969-1976 (Funk Essentials),482
Funk & Disco (4779 titres),769,2,2219326,Summertime Blues,T. Rex,Bolan Boogie,163
Funk & Disco (4779 titres),769,2,2240216,Summertime Blues,T. Rex,Bolan Boogie,163
Funk & Disco (4779 titres),770,3,2229315,Summer’s Ended,Incognito,Jazz Funk,305
Funk & Disco (4779 titres),770,3,2232629,Summer’s Ended,Incognito,Jazz Funk,305
Funk & Disco (4779 titres),770,3,2265657,Summer’s Ended,Incognito,Jazz Funk,305
Funk & Disco (4779 titres),771,3,1884715,Sun Is Shining,Bob Marley & The Wailers,Soul Revolution Part II,126
Funk & Disco (4779 titres),771,3,1971844,Sun Is Shining,Bob Marley & The Wailers,"Soul Revolution, Part II Dub",131
Funk & Disco (4779 titres),771,3,2268412,Sun Is Shining,Bob Marley & The Wailers,"Soul Revolution, Part II Dub",131
Funk & Disco (4779 titres),772,3,2229320,Sunburn,Incognito,Jazz Funk,289
Funk & Disco (4779 titres),772,3,2232634,Sunburn,Incognito,Jazz Funk,289
Funk & Disco (4779 titres),772,3,2265662,Sunburn,Incognito,Jazz Funk,289
Funk & Disco (4779 titres),773,2,2177289,Super Disco Breakin (Aka Monst,Beastie Boys,Hello Nasty Instrumentals,125
Funk & Disco (4779 titres),773,2,2219993,Super Disco Breakin (Aka Monst,Beastie Boys,Hello Nasty Instrumentals,125
Funk & Disco (4779 titres),774,12,2176892,Super Disco Breakin',Beastie Boys,Beastiality - The Best Of The Beastie Boys,124
Funk & Disco (4779 titres),774,12,2176985,Super Disco Breakin',Beastie Boys,"1999-05-20: Hordern Pavilion, Sydney, Australia",139
Funk & Disco (4779 titres),774,12,2177001,Super Disco Breakin',Beastie Boys,Some New Live Shit,103
Funk & Disco (4779 titres),774,12,2177052,Super Disco Breakin',Beastie Boys,"Roskilde Festival, Denmark",106
Funk & Disco (4779 titres),774,12,2217916,Super Disco Breakin',Beastie Boys,"1998-07-08: Live at Libro Hall, Vienna, Austria",164
Funk & Disco (4779 titres),774,12,2219424,Super Disco Breakin',Beastie Boys,Beastiality - The Best Of The Beastie Boys,124
Funk & Disco (4779 titres),774,12,2219517,Super Disco Breakin',Beastie Boys,"1999-05-20: Hordern Pavilion, Sydney, Australia",139
Funk & Disco (4779 titres),774,12,2219533,Super Disco Breakin',Beastie Boys,Some New Live Shit,103
Funk & Disco (4779 titres),774,12,2219584,Super Disco Breakin',Beastie Boys,"Roskilde Festival, Denmark",106
Funk & Disco (4779 titres),774,12,2239345,Super Disco Breakin',Beastie Boys,"1998-07-08: Live at Libro Hall, Vienna, Austria",164
Funk & Disco (4779 titres),774,12,2271708,Super Disco Breakin',Beastie Boys,Some New Live Shit,103
Funk & Disco (4779 titres),774,12,1246182,Super Disco Breakin’,Beastie Boys,Hello Nasty,127
Funk & Disco (4779 titres),775,3,2177290,Super Disco Breakin' (Aka Monster),Beastie Boys,Hello Nasty Instrumentals,121
Funk & Disco (4779 titres),775,3,2219994,Super Disco Breakin' (Aka Monster),Beastie Boys,Hello Nasty Instrumentals,121
Funk & Disco (4779 titres),775,3,2271604,Super Disco Breakin' (Aka Monster),Beastie Boys,Hello Nasty Instrumentals,121
Funk & Disco (4779 titres),776,2,2059249,Supernova,Kylie Minogue,Disco,296
Funk & Disco (4779 titres),776,2,2164706,Supernova,Kylie Minogue,Disco,296
Funk & Disco (4779 titres),777,2,2111727,Sweet Soul Music,The Outfield,Final Innings,243
Funk & Disco (4779 titres),777,2,2166002,Sweet Soul Music,The Outfield,Final Innings,243
Funk & Disco (4779 titres),778,2,1347493,Sweet Sticky Thing,Ohio Players,Funk on Fire: The Mercury Anthology,375
Funk & Disco (4779 titres),778,2,2086319,Sweet Sticky Thing,Ohio Players,Funk On Fire: The Mercury Anthology [Disc 1],375
Funk & Disco (4779 titres),779,2,2117078,T.S.O.P. (The Sound Of Philadelphia),Various Artists,100 Essential Tracks: Disco Hits,224
Funk & Disco (4779 titres),779,2,1268311,T.S.O.P. (The Sound of Philadelphia),Various Artists,70er Disco & Pop (Der Sound Einer Generation),222
Funk & Disco (4779 titres),780,3,2186832,TABOO,DJ ABDEL AND CUT KILLER,"HIP HOP SOUL PARTY, EPISODE IV",255
Funk & Disco (4779 titres),780,3,2186833,TABOO,DJ ABDEL AND CUT KILLER,"HIP HOP SOUL PARTY, EPISODE IV",255
Funk & Disco (4779 titres),780,3,2186834,TABOO,DJ ABDEL AND CUT KILLER,"HIP HOP SOUL PARTY, EPISODE IV",255
Funk & Disco (4779 titres),781,2,2215178,THE BOOGIE THAT BE,Black Eyed Peas,ELEPHUNK,312
Funk & Disco (4779 titres),781,2,1217804,The Boogie That Be,Black Eyed Peas,Elephunk,312
Funk & Disco (4779 titres),782,2,2108499,Tag Alone,"J.B.'s, The",Bring the Funk On Down,213
Funk & Disco (4779 titres),782,2,2163468,Tag Alone,"J.B.'s, The",Bring the Funk On Down,213
Funk & Disco (4779 titres),783,2,1885294,Take Me Home (A Girl Like Me),Sophie Ellis-Bextor,Songs From the Kitchen Disco,250
Funk & Disco (4779 titres),783,2,1894327,Take Me Home (A Girl Like Me),Sophie Ellis-Bextor,Songs From the Kitchen Disco,250
Funk & Disco (4779 titres),784,3,1849284,Take That to the Bank,Shalamar,100% Hits Funk Vol. 1,202
Funk & Disco (4779 titres),784,3,1936170,Take That to the Bank,Shalamar,Disco Garden,54
Funk & Disco (4779 titres),784,3,1984629,Take That to the Bank,Shalamar,Disco Gardens,373
Funk & Disco (4779 titres),785,2,2183275,Take You Dancing - Twisted Disco House Mix,Karla Bonoff,Beach Club del Mar 2021 (Chill House Café Playlist Compilation Vol.11),367
Funk & Disco (4779 titres),785,2,2183276,Take You Dancing - Twisted Disco House Mix,Karla Bonoff,Beach Club del Mar 2021 (Chill House Café Playlist Compilation Vol.11),367
Funk & Disco (4779 titres),786,2,1940510,Teach Me Tonight (31-Dec-2004),Amy Winehouse,The Soul Of Amy Winehouse - Unplugged And Electrified,193
Funk & Disco (4779 titres),786,2,2065642,Teach Me Tonight (31-Dec-2004),Amy Winehouse,The Soul Of Amy Winehouse - Unplugged And Electrified,193
Funk & Disco (4779 titres),787,2,1940517,Tears Dry On Their Own (23-Sep-2007),Amy Winehouse,The Soul Of Amy Winehouse - Unplugged And Electrified,193
Funk & Disco (4779 titres),787,2,2065643,Tears Dry On Their Own (23-Sep-2007),Amy Winehouse,The Soul Of Amy Winehouse - Unplugged And Electrified,193
Funk & Disco (4779 titres),788,3,2217697,Tell Me That You Love Me,James Brown,James Brown Sings Raw Soul,100
Funk & Disco (4779 titres),788,3,2229410,Tell Me That You Love Me,James Brown,James Brown Sings Raw Soul,100
Funk & Disco (4779 titres),788,3,2265927,Tell Me That You Love Me,James Brown,James Brown Sings Raw Soul,100
Funk & Disco (4779 titres),789,2,1851857,The Boogie Monster,Armand Van Helden,2 Future 4 U,426
Funk & Disco (4779 titres),789,2,2126582,The Boogie Monster,Armand Van Helden,2Future4U,426
Funk & Disco (4779 titres),790,2,1942166,The Girls,Calvin Harris,I Created Disco,315
Funk & Disco (4779 titres),790,2,2266951,The Girls,Calvin Harris,I Created Disco,315
Funk & Disco (4779 titres),791,2,1252648,The Hole,Oh No,Dr. No's Kali Tornado Funk,98
Funk & Disco (4779 titres),791,2,2122870,The Hole,Oh No,Dr. No's Kali Tornado Funk,98
Funk & Disco (4779 titres),792,2,2219316,The King of the Mountain Cometh,T. Rex,Bolan Boogie,233
Funk & Disco (4779 titres),792,2,2240206,The King of the Mountain Cometh,T. Rex,Bolan Boogie,233
Funk & Disco (4779 titres),793,2,2079963,The Little Groove Maker Me (Part 1),James Brown,It’s a Mother,179
Funk & Disco (4779 titres),793,2,2079966,"The Little Groove Maker Me, Part 1",James Brown,It’s a Mother,180
Funk & Disco (4779 titres),794,2,2079964,The Little Groove Maker Me (Part 2),James Brown,It’s a Mother,138
Funk & Disco (4779 titres),794,2,2079967,"The Little Groove Maker Me, Part 2",James Brown,It’s a Mother,139
Funk & Disco (4779 titres),795,3,2217703,The Nearness of You,James Brown,James Brown Sings Raw Soul,186
Funk & Disco (4779 titres),795,3,2229416,The Nearness of You,James Brown,James Brown Sings Raw Soul,186
Funk & Disco (4779 titres),795,3,2265933,The Nearness of You,James Brown,James Brown Sings Raw Soul,186
Funk & Disco (4779 titres),796,2,1894657,The Network,Bob Sinclar,Disco Crash,343
Funk & Disco (4779 titres),796,2,1911257,The Network,Bob Sinclar,Disco Crash (Extended Versions),343
Funk & Disco (4779 titres),797,3,1280335,The Rain,k-os,Atlantis: Hymns for Disco,231
Funk & Disco (4779 titres),797,3,1870954,The Rain,k‐os,Atlantis: Hymns for Disco,232
Funk & Disco (4779 titres),797,3,2096925,The Rain,k-os,Atlantis∶ Hymns for Disco,232
Funk & Disco (4779 titres),798,3,2229321,The Smile of a Child,Incognito,Jazz Funk,247
Funk & Disco (4779 titres),798,3,2232635,The Smile of a Child,Incognito,Jazz Funk,247
Funk & Disco (4779 titres),798,3,2265663,The Smile of a Child,Incognito,Jazz Funk,247
Funk & Disco (4779 titres),799,3,2177403,Thinkin' About Me (F**Ked Up Disco Mix),Judge Jules & Boy George,The Annual IV,143
Funk & Disco (4779 titres),799,3,2220255,Thinkin' About Me (F**Ked Up Disco Mix),Judge Jules & Boy George,The Annual IV,143
Funk & Disco (4779 titres),799,3,2273799,Thinkin' About Me (F**Ked Up Disco Mix),Judge Jules & Boy George,The Annual IV,143
Funk & Disco (4779 titres),800,4,1178502,This Is The Industry,Calvin Harris,I Created Disco,236
Funk & Disco (4779 titres),800,4,1411542,This Is The Industry,Calvin Harris,I Created Disco,236
Funk & Disco (4779 titres),800,4,1942165,This Is the Industry,Calvin Harris,I Created Disco,236
Funk & Disco (4779 titres),800,4,2266950,This Is the Industry,Calvin Harris,I Created Disco,236
Funk & Disco (4779 titres),801,3,2217696,Till Then,James Brown,James Brown Sings Raw Soul,159
Funk & Disco (4779 titres),801,3,2229409,Till Then,James Brown,James Brown Sings Raw Soul,159
Funk & Disco (4779 titres),801,3,2265926,Till Then,James Brown,James Brown Sings Raw Soul,159
Funk & Disco (4779 titres),802,2,1252642,Touch-O-Matic Version II,Oh No,Dr. No's Kali Tornado Funk,48
Funk & Disco (4779 titres),802,2,2116595,Touch-O-Matic Version II,Oh No,Dr. No's Kali Tornado Funk,48
Funk & Disco (4779 titres),803,3,1244816,Traffic Cops,Calvin Harris,I Created Disco,54
Funk & Disco (4779 titres),803,3,1942169,Traffic Cops,Calvin Harris,I Created Disco,54
Funk & Disco (4779 titres),803,3,2266954,Traffic Cops,Calvin Harris,I Created Disco,54
Funk & Disco (4779 titres),804,2,1252662,Troubles,Oh No,Dr. No's Kali Tornado Funk,20
Funk & Disco (4779 titres),804,2,2116596,Troubles,Oh No,Dr. No's Kali Tornado Funk,20
Funk & Disco (4779 titres),805,2,2113355,Try Me,Bob Marley & The Wailers,Soul Rebels,171
Funk & Disco (4779 titres),805,2,2159429,Try Me,Bob Marley & The Wailers,Soul Rebels,171
Funk & Disco (4779 titres),806,4,2233653,U.S. Of Consciousness,Kool and The Gang,Kool Funk Essentials 1970-1977,172
Funk & Disco (4779 titres),806,4,2239800,U.S. Of Consciousness,Kool and The Gang,Kool Funk Essentials 1970-1977,172
Funk & Disco (4779 titres),806,4,2218543,U.S. of Consciousness,Kool and The Gang,Funk Essentials,172
Funk & Disco (4779 titres),806,4,2239813,U.S. of Consciousness,Kool and The Gang,Funk Essentials,172
Funk & Disco (4779 titres),807,2,2174037,UNTITLED,Collective Soul,COLLECTIVE SOUL,240
Funk & Disco (4779 titres),807,2,2057296,Untitled,Collective Soul,COLLECTIVE SOUL,240
Funk & Disco (4779 titres),808,2,1960276,UPTOWN FUNK,Fleur East,"Love, Sax and Flashbacks",139
Funk & Disco (4779 titres),808,2,2267974,UPTOWN FUNK,Fleur East,"LOVE, SAX AND FLASHBACKS",139
Funk & Disco (4779 titres),809,2,1209100,Une nuit à Paris,France Gall,Dancing Disco,135
Funk & Disco (4779 titres),809,2,2061163,Une nuit à Paris,France Gall,Dancing Disco,133
Funk & Disco (4779 titres),810,2,2109623,Unstoppable,Kylie Minogue,Disco,294
Funk & Disco (4779 titres),810,2,2164712,Unstoppable,Kylie Minogue,Disco,294
Funk & Disco (4779 titres),811,2,2232928,Unsubscribe,Nikka Costa,Dirty Disco,174
Funk & Disco (4779 titres),811,2,2264876,Unsubscribe,Nikka Costa,Dirty Disco,125
Funk & Disco (4779 titres),812,5,1885135,Uptown Funk,Mark Ronson,Uptown Special,268
Funk & Disco (4779 titres),812,5,1966617,Uptown Funk,Mark Ronson,Uptown Special,270
Funk & Disco (4779 titres),812,5,2032231,Uptown Funk,Mark Ronson,Now 100 Hits Dance,266
Funk & Disco (4779 titres),812,5,2110537,Uptown Funk,Mark Ronson,Uptown Special,294
Funk & Disco (4779 titres),812,5,2268040,Uptown Funk,Mark Ronson,Uptown Special,270
Funk & Disco (4779 titres),813,2,1940508,Valerie (Alternate Version),Amy Winehouse,The Soul Of Amy Winehouse - Unplugged And Electrified,232
Funk & Disco (4779 titres),813,2,2065644,Valerie (Alternate Version),Amy Winehouse,The Soul Of Amy Winehouse - Unplugged And Electrified,232
Funk & Disco (4779 titres),814,3,1244817,Vault Character,Calvin Harris,I Created Disco,8
Funk & Disco (4779 titres),814,3,1942160,Vault Character,Calvin Harris,I Created Disco,8
Funk & Disco (4779 titres),814,3,2266945,Vault Character,Calvin Harris,I Created Disco,8
Funk & Disco (4779 titres),815,4,1178527,Vegas,Calvin Harris,I Created Disco,342
Funk & Disco (4779 titres),815,4,1411546,Vegas,Calvin Harris,I Created Disco,342
Funk & Disco (4779 titres),815,4,1942170,Vegas,Calvin Harris,I Created Disco,342
Funk & Disco (4779 titres),815,4,2266955,Vegas,Calvin Harris,I Created Disco,342
Funk & Disco (4779 titres),816,2,2181597,WARM MY SOUL,Karla Bonoff,NOVA TUNES 2.6,243
Funk & Disco (4779 titres),816,2,2105319,Warm My Soul,Karla Bonoff,Audios,243
Funk & Disco (4779 titres),817,2,2174942,WATCH AND LEARN,J BOOG,BACKYARD BOOGIE,219
Funk & Disco (4779 titres),817,2,2057194,Watch and Learn,J BOOG,BACKYARD BOOGIE,219
Funk & Disco (4779 titres),818,2,2174038,WELCOME ALL AGAIN,Collective Soul,COLLECTIVE SOUL,234
Funk & Disco (4779 titres),818,2,2057297,Welcome All Again,Collective Soul,COLLECTIVE SOUL,234
Funk & Disco (4779 titres),819,2,1192674,WHAT DOES YOUR SOUL LOOK LIKE (PART 1 - BLUE SKY REVISIT) / **TRANSMISSION 3,DJ Shadow,ENDTRODUCING.....,448
Funk & Disco (4779 titres),819,2,2144591,"What Does Your Soul Look Like, Part 1: Blue Sky Revisit / Transmission 3",DJ Shadow,ENDTRODUCING.....,448
Funk & Disco (4779 titres),820,3,2229317,Wake Up the City,Incognito,Jazz Funk,248
Funk & Disco (4779 titres),820,3,2232631,Wake Up the City,Incognito,Jazz Funk,248
Funk & Disco (4779 titres),820,3,2265659,Wake Up the City,Incognito,Jazz Funk,248
Funk & Disco (4779 titres),821,3,2229324,Walking on Wheels,Incognito,Jazz Funk,294
Funk & Disco (4779 titres),821,3,2232638,Walking on Wheels,Incognito,Jazz Funk,294
Funk & Disco (4779 titres),821,3,2265666,Walking on Wheels,Incognito,Jazz Funk,294
Funk & Disco (4779 titres),822,2,2099194,Wee Wee,James Brown,Grits & Soul,154
Funk & Disco (4779 titres),822,2,2259588,Wee Wee,James Brown,Grits & Soul,154
Funk & Disco (4779 titres),823,2,2120212,What About the Music,"J.B.'s, The",Bring the Funk On Down,368
Funk & Disco (4779 titres),823,2,2172298,What About the Music,"J.B.'s, The",Bring the Funk On Down,368
Funk & Disco (4779 titres),824,2,1485006,What Your Soul Sings,Massive Attack,100th Window,398
Funk & Disco (4779 titres),824,2,1485016,What Your Soul Sings,Massive Attack,100th Window,398
Funk & Disco (4779 titres),825,2,1849403,"What's Your Name, What's Your Number",Various Artists,100 Hits: the Best Disco Album,196
Funk & Disco (4779 titres),825,2,1953977,"What's Your Name, What's Your Number",Various Artists,100 Hits: the Best Disco Album,196
Funk & Disco (4779 titres),826,2,1884774,Where You Are,Booty Luv,Boogie 2Nite,232
Funk & Disco (4779 titres),826,2,1946132,Where You Are,Booty Luv,Boogie 2nite,248
Funk & Disco (4779 titres),827,3,2221177,Where the Soul of Man Never Dies,Johnny Cash,My Mother's Hymn Book,135
Funk & Disco (4779 titres),827,3,2241064,Where the Soul of Man Never Dies,Johnny Cash,My Mother's Hymn Book,135
Funk & Disco (4779 titres),827,3,2261932,Where the Soul of Man Never Dies,Johnny Cash,My Mother's Hymn Book,135
Funk & Disco (4779 titres),828,2,1202644,White Christmas,Sharon Jones and the Dap‐Kings,It’s a Holiday Soul Party,137
Funk & Disco (4779 titres),828,2,1347118,White Christmas,Sharon Jones and the Dap‐Kings,It's a Holiday Soul Party,137
Funk & Disco (4779 titres),829,2,2109426,Who Do You Think You’re Fooling?,"J.B.'s, The",Bring the Funk On Down,267
Funk & Disco (4779 titres),829,2,2163470,Who Do You Think You’re Fooling?,"J.B.'s, The",Bring the Funk On Down,267
Funk & Disco (4779 titres),830,2,2218830,"Who's Gonna Take The Weight, Pts. 1 & 2",Kool and The Gang,The Best Of 1969-1976 (Funk Essentials),384
Funk & Disco (4779 titres),830,2,2239963,"Who's Gonna Take The Weight, Pts. 1 & 2",Kool and The Gang,The Best Of 1969-1976 (Funk Essentials),384
Funk & Disco (4779 titres),831,2,1946113,Who's That Girl,Booty Luv,Boogie 2Nite,183
Funk & Disco (4779 titres),831,2,1946127,Who's That Girl,Booty Luv,Boogie 2nite,183
Funk & Disco (4779 titres),832,2,2100674,Why Did You Have to Go?,"J.B.'s, The",Bring the Funk On Down,223
Funk & Disco (4779 titres),832,2,2163466,Why Did You Have to Go?,"J.B.'s, The",Bring the Funk On Down,223
Funk & Disco (4779 titres),833,3,2229322,Why Don’t You Believe,Incognito,Jazz Funk,200
Funk & Disco (4779 titres),833,3,2232636,Why Don’t You Believe,Incognito,Jazz Funk,200
Funk & Disco (4779 titres),833,3,2265664,Why Don’t You Believe,Incognito,Jazz Funk,200
Funk & Disco (4779 titres),834,2,2059155,Wild Child,The Black Keys,Dropout Boogie,164
Funk & Disco (4779 titres),834,2,2170521,Wild Child,The Black Keys,Dropout Boogie,164
Funk & Disco (4779 titres),835,2,1940521,Will You Still Love Me Tomorrow (Bridget Jones - The Edge Of Reason Soundtrack 2004),Amy Winehouse,The Soul Of Amy Winehouse - Unplugged And Electrified,220
Funk & Disco (4779 titres),835,2,2065647,Will You Still Love Me Tomorrow (Bridget Jones - The Edge Of Reason Soundtrack 2004),Amy Winehouse,The Soul Of Amy Winehouse - Unplugged And Electrified,220
Funk & Disco (4779 titres),836,2,2243982,Winter Sadness,Kool and The Gang,Spirit Of The Boogie,306
Funk & Disco (4779 titres),836,2,2258008,Winter Sadness,Kool and The Gang,Spirit Of The Boogie,306
Funk & Disco (4779 titres),837,2,2012010,Wish I Didn't Miss You,Angie Stone,Mahogany Soul,268
Funk & Disco (4779 titres),837,2,2064101,Wish I Didn’t Miss You,Angie Stone,Mahogany Soul,268
Funk & Disco (4779 titres),838,2,1911041,Woman of the Year,Calvin Harris,"Funk Wav Bounces, Vol. 2",206
Funk & Disco (4779 titres),838,2,1911042,Woman of the Year,Calvin Harris,"Funk Wav Bounces, Vol. 2",206
Funk & Disco (4779 titres),839,2,1948670,Woman's Got Soul,The Impressions,The Best Of Curtis Mayfield & The Impressions,139
Funk & Disco (4779 titres),839,2,1948703,Woman’s Got Soul,The Impressions,The Anthology: 1961–1977,137
Funk & Disco (4779 titres),840,2,2219320,Woodland Rock,T. Rex,Bolan Boogie,144
Funk & Disco (4779 titres),840,2,2240210,Woodland Rock,T. Rex,Bolan Boogie,144
Funk & Disco (4779 titres),841,3,1982833,Woody Boogie,Baltimora,Living In the Background,354
Funk & Disco (4779 titres),841,3,2131098,Woody Boogie,Baltimora,Living In the Background,205
Funk & Disco (4779 titres),841,3,2268871,Woody Boogie,Baltimora,Living In The Background,354
Funk & Disco (4779 titres),842,3,1285793,Work Song,Nina Simone,High Priestess of Soul,187
Funk & Disco (4779 titres),842,3,2183951,Work Song,Nina Simone,High Priestess of Soul,187
Funk & Disco (4779 titres),842,3,2197100,Work Song,Nina Simone,High Priestess of Soul,187
Funk & Disco (4779 titres),843,2,1961190,Working For The Man,Roy Orbison,The Best Of The Soul Of Rock And Roll,146
Funk & Disco (4779 titres),843,2,1961246,Working For The Man,Roy Orbison,The Soul Of Rock And Roll,146
Funk & Disco (4779 titres),844,3,1202651,World of Love,Sharon Jones and the Dap‐Kings,It’s a Holiday Soul Party,199
Funk & Disco (4779 titres),844,3,2108259,World of Love,Sharon Jones and the Dap‐Kings,It's a Holiday Soul Party,199
Funk & Disco (4779 titres),844,3,2167258,World of Love,Sharon Jones and the Dap‐Kings,It's a Holiday Soul Party,199
Funk & Disco (4779 titres),845,3,2244749,Wounded in the Battle of Love,Johnnie Taylor,Gotta Get the Groove Back,74
Funk & Disco (4779 titres),845,3,2257720,Wounded in the Battle of Love,Johnnie Taylor,Gotta Get the Groove Back,242
Funk & Disco (4779 titres),845,3,2263609,Wounded in the Battle of Love,Johnnie Taylor,Gotta Get the Groove Back,74
Funk & Disco (4779 titres),846,2,2008408,X-Tra,Dolette McDonald,Opération Funk 6,348
Funk & Disco (4779 titres),846,2,2008410,X-Tra,Dolette McDonald,Opération Funk 6,348
Funk & Disco (4779 titres),847,2,2187128,YOU ARE MY HIGH,Demon,MIDNIGHT FUNK,227
Funk & Disco (4779 titres),847,2,2187129,YOU ARE MY HIGH,Demon,MIDNIGHT FUNK,227
Funk & Disco (4779 titres),848,2,2006597,Ya No Hay Nadie Que Nos Pare,Various Artists,"Disco Estrella, Vol.20: Los Auténticos Éxitos Del Verano 2017",212
Funk & Disco (4779 titres),848,2,1953481,Ya no hay nadie que nos pare,Various Artists,"Disco estrella, Vol.20: Los auténticos éxitos del verano 2017",212
Funk & Disco (4779 titres),849,4,2009852,Yes Sir I Can Boogie,Baccara,Our Very Best,271
Funk & Disco (4779 titres),849,4,1493874,"Yes Sir, I Can Boogie",Baccara,Baccara: The Original Hits,237
Funk & Disco (4779 titres),849,4,2009846,"Yes Sir, I Can Boogie",Baccara,The Original Hits,271
Funk & Disco (4779 titres),849,4,2184048,"Yes Sir, I Can Boogie",Baccara,The Original Hits,271
Funk & Disco (4779 titres),850,4,1953921,"Yes Sir, I Can Boogie",Various Artists,Unknown Album,271
Funk & Disco (4779 titres),850,4,2116523,"Yes Sir, I Can Boogie",Various Artists,100 Hits: The Best Disco Album,271
Funk & Disco (4779 titres),850,4,2183849,"Yes Sir, I Can Boogie",Various Artists,100 Disco Classics: The Sound of My Life,271
Funk & Disco (4779 titres),850,4,2183851,"Yes Sir, I Can Boogie",Various Artists,100 Hits: The Best Disco Album,271
Funk & Disco (4779 titres),851,2,2159435,Yield Not to Temptation,Al Green,Soul Survivor,213
Funk & Disco (4779 titres),851,2,2159440,Yield Not to Temptation,Al Green,Soul Survivor,213
Funk & Disco (4779 titres),852,2,1348250,You Don't Know (Crissy Kybosh remix),DJ Andy Smith,"Reach Up - Disco Wonderland, Vol. 2",420
Funk & Disco (4779 titres),852,2,2142787,You Don't Know (Crissy Kybosh remix),DJ Andy Smith,"Reach Up - Disco Wonderland, Vol. 2",420
Funk & Disco (4779 titres),853,2,1940519,You Know I'm No Good (Berlin 15-Oct-2007),Amy Winehouse,The Soul Of Amy Winehouse - Unplugged And Electrified,235
Funk & Disco (4779 titres),853,2,2106202,You Know I'm No Good (Berlin 15-Oct-2007),Amy Winehouse,The Soul Of Amy Winehouse - Unplugged And Electrified,235
Funk & Disco (4779 titres),854,2,1945602,You Know and I Know,Al Green,Soul Survivor,238
Funk & Disco (4779 titres),854,2,2159434,You Know and I Know,Al Green,Soul Survivor,238
Funk & Disco (4779 titres),855,2,2220425,You Make Me Feel Good (Disco Mix),J.K.,Sweet Lady Night (The Special Edition) WEB,361
Funk & Disco (4779 titres),855,2,2240511,You Make Me Feel Good (Disco Mix),J.K.,Sweet Lady Night (The Special Edition) WEB,361
Funk & Disco (4779 titres),856,2,2025811,You're My Heart You're My Soul,Dieter Bohlen,Mysterious Knowledge⧸Unknown Colors,228
Funk & Disco (4779 titres),856,2,2025813,You_Re My Heart_ You_Re My Soul,Dieter Bohlen,Mysterious Knowledge⧸Unknown Colors,357
Funk & Disco (4779 titres),857,2,1953790,"You're My Heart, You're My Soul",Various Artists,1985: The Best Year Of My Life!,358
Funk & Disco (4779 titres),857,2,1978508,"You’re My Heart, You’re My Soul",Various Artists,No.1 Stade,198
Funk & Disco (4779 titres),858,3,2217698,Yours and Mine,James Brown,James Brown Sings Raw Soul,188
Funk & Disco (4779 titres),858,3,2229411,Yours and Mine,James Brown,James Brown Sings Raw Soul,188
Funk & Disco (4779 titres),858,3,2265928,Yours and Mine,James Brown,James Brown Sings Raw Soul,188
Funk & Disco (4779 titres),859,2,1935997,[YOU'RE MY] SOUL AND INSPIRATI,The Righteous Brothers,The Power of Love: Les Plus Grands Hymnes à l’amour,203
Funk & Disco (4779 titres),859,2,2257192,[YOU'RE MY] SOUL AND INSPIRATI,The Righteous Brothers,Unchained Melody,203
Funk & Disco (4779 titres),860,3,2059724,disco tits,Tove Lo,BLUE LIPS (lady wood phase II),223
Funk & Disco (4779 titres),860,3,2174900,disco tits,Tove Lo,BLUE LIPS (lady wood phase II),223
Funk & Disco (4779 titres),860,3,2258552,disco tits,Tove Lo,BLUE LIPS (lady wood phase II),223
