playlist,duplicate_group_id,count,track_id,title,artist,album,duration_s
Génération Top 50 (7793 titres),1,12,1348187,Les Sunlights des tropiques,Gilbert Montagné,Gold,234
Génération Top 50 (7793 titres),1,12,1287538,Les sunlights des tropiques,Gilbert Montagné,Gold,234
Génération Top 50 (7793 titres),1,12,1493999,Les sunlights des tropiques,Gilbert Montagné,Gold,234
Génération Top 50 (7793 titres),1,12,2131578,Les Sunlights des tropiques,Gilbert Montagné,Gold,234
Génération Top 50 (7793 titres),1,12,2198679,Les Sunlights des tropiques,Gilbert Montagné,Gold,234
Génération Top 50 (7793 titres),1,12,2237107,Les Sunlights des tropiques,Gilbert Montagné,Gold,234
Génération Top 50 (7793 titres),1,12,2131579,Les sunlights des tropiques,Gilbert Montagné,Gold,234
Génération Top 50 (7793 titres),1,12,2131580,Les sunlights des tropiques,Gilbert Montagné,Gold,234
Génération Top 50 (7793 titres),1,12,2198680,Les sunlights des tropiques,Gilbert Montagné,Gold,234
Génération Top 50 (7793 titres),1,12,2198681,Les sunlights des tropiques,Gilbert Montagné,Gold,234
Génération Top 50 (7793 titres),1,12,2237108,Les sunlights des tropiques,Gilbert Montagné,Gold,234
Génération Top 50 (7793 titres),1,12,2237109,Les sunlights des tropiques,Gilbert Montagné,Gold,234
Génération Top 50 (7793 titres),2,2,1235496,La corrida,Francis Cabrel,L'essentiel / 1977 - 2007,338
Génération Top 50 (7793 titres),2,2,1944665,La Corrida,Francis Cabrel,Double Tour,445
Génération Top 50 (7793 titres),3,3,2179959,Samedi soir sur la Terre,Francis Cabrel,Samedi soir sur la Terre,341
Génération Top 50 (7793 titres),3,3,1944669,Samedi Soir Sur La Terre,Francis Cabrel,Double Tour,456
Génération Top 50 (7793 titres),3,3,1235485,Samedi soir sur la Terre,Francis Cabrel,Various Artists,414
Génération Top 50 (7793 titres),4,3,2212908,Y'A D'LA HAINE,Les Rita Mitsouko,SYSTÈME D,279
Génération Top 50 (7793 titres),4,3,1869711,Y'a d'la haine,Les Rita Mitsouko,Best of & Raretés,279
Génération Top 50 (7793 titres),4,3,2096277,Y’A D’la Haine,Les Rita Mitsouko,Best of & Raretés,279
Génération Top 50 (7793 titres),5,2,1494011,Africa,Rose Laurens,Africa,216
Génération Top 50 (7793 titres),5,2,2068104,Africa,Rose Laurens,Africa,216
Génération Top 50 (7793 titres),6,3,1869567,Amor de mis amores (La Foule),Various Artists,Best of Top 50,226
Génération Top 50 (7793 titres),6,3,1952611,Amor de mis amores (La foule),Various Artists,Top 50 : Le best of,226
Génération Top 50 (7793 titres),6,3,1952612,Amor de mis amores (La foule),Various Artists,Top 50 : Le best of,231
Génération Top 50 (7793 titres),7,2,2201028,FAUT QU'J'TRAVAILLE,Princess Erika,D'ORIGINE (VERSION ALTERNATIVE),294
Génération Top 50 (7793 titres),7,2,2063516,Faut qu’j’travaille,Princess Erika,Faut qu'j'travaille - EP,296
Génération Top 50 (7793 titres),8,5,1980700,Joe Le Taxi,Vanessa Paradis,M & J,234
Génération Top 50 (7793 titres),8,5,2131693,Joe Le Taxi,Vanessa Paradis,M & J,234
Génération Top 50 (7793 titres),8,5,1980672,Joe le taxi,Vanessa Paradis,Best of Vanessa Paradis,234
Génération Top 50 (7793 titres),8,5,2131618,Joe le taxi,Vanessa Paradis,Best of Vanessa Paradis,234
Génération Top 50 (7793 titres),8,5,2131695,Joe le taxi,Vanessa Paradis,M&J,236
Génération Top 50 (7793 titres),9,4,1294960,Partenaire Particulier,Partenaire Particulier,Le son des années 80,245
Génération Top 50 (7793 titres),9,4,1427625,Partenaire Particulier,Partenaire Particulier,Le son des années 80,245
Génération Top 50 (7793 titres),9,4,1294958,Partenaire Particulier,Partenaire Particulier,New Wave 80's,230
Génération Top 50 (7793 titres),9,4,1348022,Partenaire particulier,Partenaire Particulier,Le son des années 80,245
Génération Top 50 (7793 titres),10,2,1950253,Babacar (Remasterisé En 2004),France Gall,Babacar (Remasterisé En 2004),289
Génération Top 50 (7793 titres),10,2,2131609,Babacar (Remasterisé En 2004),France Gall,Babacar (Remasterisé En 2004),289
Génération Top 50 (7793 titres),11,2,1282118,Bo le lavabo,Lagaf’,Histoire d'en rire,228
Génération Top 50 (7793 titres),11,2,2266773,Bo le lavabo,Lagaf’,Histoire d'en rire,228
Génération Top 50 (7793 titres),12,8,1953937,Dieu Que C'est Beau,Daniel Balavoine,L'essentiel CD 1,243
Génération Top 50 (7793 titres),12,8,2069614,Dieu Que C'est Beau,Daniel Balavoine,Balavoine: Dieu Que C'est Beau,242
Génération Top 50 (7793 titres),12,8,1965655,Dieu Que C'est Beau,Daniel Balavoine,Balavoine: Dieu Que C'est Beau,243
Génération Top 50 (7793 titres),12,8,1965399,Dieu que c'est beau,Daniel Balavoine,L'essentiel CD 1,241
Génération Top 50 (7793 titres),12,8,1965439,Dieu que c'est beau,Daniel Balavoine,Anthologie,261
Génération Top 50 (7793 titres),12,8,1965469,Dieu que c'est beau,Daniel Balavoine,L'Essentiel,241
Génération Top 50 (7793 titres),12,8,1870088,Dieu que c’est beau,Daniel Balavoine,Au Palais Des Sports,239
Génération Top 50 (7793 titres),12,8,1965574,dieu que c'est beau,Daniel Balavoine,le meilleur de balavoine,240
Génération Top 50 (7793 titres),13,2,2234466,Don’t Let Him Steal Your Heart Away,Phil Collins,"Hello, I Must Be Going!",285
Génération Top 50 (7793 titres),13,2,1960348,Don't Let Him Steal Your Heart Away,Phil Collins,On The Air Tonight Radio Concerts,359
Génération Top 50 (7793 titres),14,5,2111678,Ella Elle L'a,France Gall,ÉVIDEMMENT: LES ANNÉES WARNER,291
Génération Top 50 (7793 titres),14,5,2061159,"Ella, Elle L'a",France Gall,Babacar,291
Génération Top 50 (7793 titres),14,5,1209123,"Ella, elle l'a",France Gall,Babacar,291
Génération Top 50 (7793 titres),14,5,2131611,"Ella, elle l'a",France Gall,Babacar,291
Génération Top 50 (7793 titres),14,5,1209195,"Ella, elle l'a",France Gall,France,310
Génération Top 50 (7793 titres),15,2,2267588,"Ella, elle l'a (Remasterisé en 2004)",France Gall,Babacar (Remasterisé en 2004),291
Génération Top 50 (7793 titres),15,2,1950254,"Ella, elle l'a (Remasterisé en 2004)",France Gall,Unknown Album,291
Génération Top 50 (7793 titres),16,3,1245710,Everybody Everybody (Le Freak Mix),Black Box,Everybody Everybody - Single,322
Génération Top 50 (7793 titres),16,3,2214205,EVERYBODY EVERYBODY (LE FREAK MIX),Black Box,EVERYBODY EVERYBODY - SINGLE,254
Génération Top 50 (7793 titres),16,3,2133022,"Everybody, Everybody (Le Freak Mix)",Black Box,Everybody Everybody - Single,247
Génération Top 50 (7793 titres),17,2,1979825,Je suis pour,Michel Sardou,La Vieille,206
Génération Top 50 (7793 titres),17,2,1979801,Je Suis Pour,Michel Sardou,Michel Sardou - Hitbox - Cd 2,207
Génération Top 50 (7793 titres),18,2,1931015,L'amour à la machine,Alain Souchon,C’est déja ça,226
Génération Top 50 (7793 titres),18,2,2128260,L’Amour à la machine,Alain Souchon,C'est deja ça,226
Génération Top 50 (7793 titres),19,8,1965453,Mon Fils Ma Bataille,Daniel Balavoine,Anthologie,251
Génération Top 50 (7793 titres),19,8,1965496,Mon Fils Ma Bataille,Daniel Balavoine,Les 50 Plus Belles Chansons,248
Génération Top 50 (7793 titres),19,8,1965537,Mon Fils Ma Bataille,Daniel Balavoine,Master Série Vol. 1,248
Génération Top 50 (7793 titres),19,8,1965462,"Mon fils, ma bataille",Daniel Balavoine,L'Essentiel,247
Génération Top 50 (7793 titres),19,8,1965621,Mon Fils Ma Bataille,Daniel Balavoine,"L'album De Sa Vie, 100 Titres",248
Génération Top 50 (7793 titres),19,8,1252584,Mon fils ma bataille,Daniel Balavoine,Mon fils ma bataille (single),248
Génération Top 50 (7793 titres),19,8,2135914,"Mon fils, ma bataille",Daniel Balavoine,Sur scène (Live),299
Génération Top 50 (7793 titres),19,8,1965570,mon fils ma bataille,Daniel Balavoine,le meilleur de balavoine,244
Génération Top 50 (7793 titres),20,2,1849831,Mon fils ma bataille,Various Artists,80 Hits : Chanson Française,247
Génération Top 50 (7793 titres),20,2,1954250,Mon fils ma bataille,Various Artists,80 Hits : Chanson française,247
Génération Top 50 (7793 titres),21,2,1227255,Move That Body,Technotronic,The Greatest Hits,234
Génération Top 50 (7793 titres),21,2,1830582,Move That Body,Technotronic,Body To Body,236
Génération Top 50 (7793 titres),22,5,2268017,N’importe quoi,Florent Pagny,2bis,247
Génération Top 50 (7793 titres),22,5,2030244,N'importe Quoi,Florent Pagny,Master Série : Florent Pagny,279
Génération Top 50 (7793 titres),22,5,1966349,N'importe quoi,Florent Pagny,De Part et d'autre CD3 (triple best of),229
Génération Top 50 (7793 titres),22,5,2003060,N’Importe Quoi,Florent Pagny,N'importe Quoi,230
Génération Top 50 (7793 titres),22,5,2115796,N’importe quoi,Florent Pagny,Les Années 80 : C’était mieux avant,228
Génération Top 50 (7793 titres),23,2,2128284,Quand je serai KO,Alain Souchon,Ultra Moderne Solitude,186
Génération Top 50 (7793 titres),23,2,1953842,QUAND JE SERAI KO,Alain Souchon,(COLLECTION),186
Génération Top 50 (7793 titres),24,2,1848907,Quand j’serai K.O,Alain Souchon,20 Chansons,186
Génération Top 50 (7793 titres),24,2,1242463,Quand j’serai K.O.,Alain Souchon,Unknown Album,186
Génération Top 50 (7793 titres),25,2,2117882,"The Power (7"" version)",Snap!,SNAP! The Power Greatest Hits,227
Génération Top 50 (7793 titres),25,2,2256770,"The Power (7"" Version)",Snap!,The Cult Of Snap! - 1990 >> 2003,231
Génération Top 50 (7793 titres),26,2,2124921,Un homme à la mer,Étienne Daho,Un Homme A La Mer,258
Génération Top 50 (7793 titres),26,2,2202168,UN HOMME À LA MER,Étienne Daho,PARIS AILLEURS,233
Génération Top 50 (7793 titres),27,3,1186213,"1, 2, 3, 4 (Sumpin’ New) (Timber mix)",Coolio,Various Artists,168
Génération Top 50 (7793 titres),27,3,1848545,"1, 2, 3, 4 (Sumpin’ New) (Timber mix)",Coolio,"1, 2, 3, 4 (Sumpin' New)",167
Génération Top 50 (7793 titres),27,3,2131589,"1, 2, 3, 4 (Sumpin’ New) (Timber mix)",Coolio,Various Artists,168
Génération Top 50 (7793 titres),28,3,2199319,After Dark,Seven Lions,Start Again,229
Génération Top 50 (7793 titres),28,3,2086392,After Dark,Seven Lions,Start Again,229
Génération Top 50 (7793 titres),28,3,2261004,After Dark,Seven Lions,Start Again,229
Génération Top 50 (7793 titres),29,3,1202299,All the Man That I Need,Whitney Houston,I’m Your Baby Tonight,251
Génération Top 50 (7793 titres),29,3,1492999,All the Man That I Need,Whitney Houston,I’m Your Baby Tonight,248
Génération Top 50 (7793 titres),29,3,2224870,All the Man That I Need,Whitney Houston,I'm Your Baby Tonight,251
Génération Top 50 (7793 titres),30,3,2215149,BONNE IDÉE,Jean-Jacques Goldman,EN PASSANT,207
Génération Top 50 (7793 titres),30,3,2170049,Bonne idée,Jean-Jacques Goldman,En passant,211
Génération Top 50 (7793 titres),30,3,1955526,Bonne idée,Jean-Jacques Goldman,Concert très très privé,198
Génération Top 50 (7793 titres),31,2,1980671,Be My Baby,Vanessa Paradis,Best of Vanessa Paradis,220
Génération Top 50 (7793 titres),31,2,1980775,Be My Baby,Vanessa Paradis,Vanessa Paradis,221
Génération Top 50 (7793 titres),32,5,1348855,Beat It,Michael Jackson,Thriller 25 Super Deluxe Edition,257
Génération Top 50 (7793 titres),32,5,1935886,Beat It,Michael Jackson,THRILLER (SPECIAL EDIT),257
Génération Top 50 (7793 titres),32,5,2193580,Beat It,Michael Jackson,Michael Jackson's This Is It,258
Génération Top 50 (7793 titres),32,5,2018114,Beat It,Michael Jackson,Thriller,2542
Génération Top 50 (7793 titres),32,5,2105382,Beat It,Michael Jackson,Thriller 25 Super Deluxe Edition,257
Génération Top 50 (7793 titres),33,2,1287639,Born to Be Alive,Patrick Hernandez,Jukebox estATE 2011,188
Génération Top 50 (7793 titres),33,2,2188796,BORN TO BE ALIVE,Patrick Hernandez,CLASSIC '80S,199
Génération Top 50 (7793 titres),34,2,1959163,Bouge !,Patrick Bruel,Bruel,236
Génération Top 50 (7793 titres),34,2,2267925,Bouge !,Patrick Bruel,Bruel,236
Génération Top 50 (7793 titres),35,2,2124909,Boulevard des Capucines,Étienne Daho,L'Invitation,265
Génération Top 50 (7793 titres),35,2,1176984,Boulevard des Capucines,Étienne Daho,L'Invitation,265
Génération Top 50 (7793 titres),36,2,1625927,C'est dans l'air (radio edit),Mylène Farmer,[standalone recordings],217
Génération Top 50 (7793 titres),36,2,1351214,C’est dans l’air (radio edit),Mylène Farmer,C'est dans l'air (single),217
Génération Top 50 (7793 titres),37,3,2031643,C'est la Nuit,Khaled,Kenza,305
Génération Top 50 (7793 titres),37,3,1193649,C’est la nuit,Khaled,Kenza,304
Génération Top 50 (7793 titres),37,3,1348097,C’est la nuit,Khaled,Kenza,305
Génération Top 50 (7793 titres),38,2,1966348,Ca fait des nuits,Florent Pagny,De Part et d'autre CD3 (triple best of),235
Génération Top 50 (7793 titres),38,2,2003069,Ca Fait Des Nuits,Florent Pagny,Les 100 Plus Belles Chansons Disc 1,235
Génération Top 50 (7793 titres),39,2,2101592,Cantina,Aurelio Voltaire,BiTrektual,456
Génération Top 50 (7793 titres),39,2,2163103,Cantina,Aurelio Voltaire,BiTrektual,456
Génération Top 50 (7793 titres),40,4,1209104,Ce garçon qui danse,France Gall,Dancing Disco,250
Génération Top 50 (7793 titres),40,4,2102692,Ce garçon qui danse,France Gall,Dancing Disco,246
Génération Top 50 (7793 titres),40,4,2271487,Ce garçon qui danse,France Gall,France Gall,246
Génération Top 50 (7793 titres),40,4,2271488,Ce garçon qui danse,France Gall,France Gall,246
Génération Top 50 (7793 titres),41,6,2114050,Chanteur de jazz,Michel Sardou,Chanteur De Jazz,281
Génération Top 50 (7793 titres),41,6,2274588,Chanteur De Jazz,Michel Sardou,Millésimes,282
Génération Top 50 (7793 titres),41,6,1244337,Chanteur de jazz,Michel Sardou,Chanteur De Jazz,281
Génération Top 50 (7793 titres),41,6,1860243,Chanteur de jazz,Michel Sardou,Bercy 89,268
Génération Top 50 (7793 titres),41,6,2196968,Chanteur de jazz,Michel Sardou,Chanteur De Jazz,281
Génération Top 50 (7793 titres),41,6,2196969,Chanteur de jazz,Michel Sardou,Chanteur De Jazz,281
Génération Top 50 (7793 titres),42,2,2181464,"DU RHUM, DES FEMMES",Various Artists,TOP 50 : 30 ANS − 1984 | 1993,179
Génération Top 50 (7793 titres),42,2,1247677,"Du rhum, des femmes",Various Artists,100 Tubes 80,180
Génération Top 50 (7793 titres),43,2,1957040,De Bretagne ou d’ailleurs,Philippe Lavil,De Bretagne ou d’ailleurs,236
Génération Top 50 (7793 titres),43,2,2180140,De bretagne ou d’ailleurs,Philippe Lavil,De Bretagne ou d’ailleurs,236
Génération Top 50 (7793 titres),44,2,2063186,Disparate Youth,Santigold,Master of My Make-Believe,284
Génération Top 50 (7793 titres),44,2,2169511,Disparate Youth,Santigold,Master of My Make-Believe,284
Génération Top 50 (7793 titres),45,3,1979809,Dix ans Plus Tôt,Michel Sardou,Les 50 Plus Belles Chansons Disc 2,297
Génération Top 50 (7793 titres),45,3,1393793,Dix ans plus tôt,Michel Sardou,La Java de Broadway,296
Génération Top 50 (7793 titres),45,3,1980046,Dix Ans Plus Tôt,Michel Sardou,Les Grands Moments (Live 2013 A L'Olympia)(Disc 1/2),293
Génération Top 50 (7793 titres),46,3,1492461,Dix ans plus tot,Michel Sardou,La java de Broadway,297
Génération Top 50 (7793 titres),46,3,2217248,Dix ans plus tot,Michel Sardou,La java de Broadway,297
Génération Top 50 (7793 titres),46,3,2265728,Dix ans plus tot,Michel Sardou,La java de Broadway,297
Génération Top 50 (7793 titres),47,2,1960351,Do You Remember,Phil Collins,No Way Out,276
Génération Top 50 (7793 titres),47,2,1960388,Do You Remember?,Phil Collins,Best Ballads,275
Génération Top 50 (7793 titres),48,2,1681935,"Désir, désir",Laurent Voulzy,Belle-Île-en-Mer 1977-1988,296
Génération Top 50 (7793 titres),48,2,1215860,"Désir, désir",Laurent Voulzy,Belle-Île-en-Mer (1977 - 1988),296
Génération Top 50 (7793 titres),49,2,2215003,ELLE PRÉFÈRE L'AMOUR EN MER,Philippe Lavil,Unknown Album,180
Génération Top 50 (7793 titres),49,2,1957038,Elle préfère l’amour en mer,Philippe Lavil,Unknown Album,180
Génération Top 50 (7793 titres),50,2,2057748,El día que me quieras,Florent Pagny,"Baryton, gracias a la vida",248
Génération Top 50 (7793 titres),50,2,2170401,El día que me quieras,Florent Pagny,"Baryton, gracias a la vida",248
Génération Top 50 (7793 titres),51,2,2056457,Envie de chanter,Début de Soirée,Passagers de la nuit,245
Génération Top 50 (7793 titres),51,2,2170596,Envie de chanter,Début de Soirée,Passagers de la nuit,245
Génération Top 50 (7793 titres),52,4,1249299,Et un jour une femme,Florent Pagny,Unknown Album,318
Génération Top 50 (7793 titres),52,4,2202680,ET UN JOUR UNE FEMME,Florent Pagny,CHÂTELET LES HALLES,320
Génération Top 50 (7793 titres),52,4,1966274,Et un jour une femme,Florent Pagny,De Part et d'autre CD1 (triple best of),319
Génération Top 50 (7793 titres),52,4,2077174,Et un jour une femme,Florent Pagny,Et un jour une femme,318
Génération Top 50 (7793 titres),53,2,1346883,Get Up (Before the Night Is Over) (single mix),Technotronic,Get Up / Pump Up the Jam (Remix),209
Génération Top 50 (7793 titres),53,2,1830584,Get Up (Before The Night Is Over) [Single Mix],Technotronic,Get Up (Before The Night Is Over) [Single],209
Génération Top 50 (7793 titres),54,2,2061237,Girls Ain't Nothing But Trouble (1988 Extended Remix),DJ Jazzy Jeff & the Fresh Prince,Rock the House,292
Génération Top 50 (7793 titres),54,2,2022112,Girls Ain't Nothing but Trouble (1988 Extended Remix),DJ Jazzy Jeff & the Fresh Prince,Rock the House,246
Génération Top 50 (7793 titres),55,2,2119584,How Do You Do!,Roxette,A Collection of Roxette Hits: Their 20 Greatest Songs!,189
Génération Top 50 (7793 titres),55,2,2256164,How Do You Do!,Roxette,More 90's hits,190
Génération Top 50 (7793 titres),56,3,2095050,I Really Like You,Sabrina,I Love Acoustic 8,204
Génération Top 50 (7793 titres),56,3,2142243,I Really Like You,Sabrina,I Love Acoustic 8,204
Génération Top 50 (7793 titres),56,3,2251969,I Really Like You,Sabrina,I Love Acoustic 8,204
Génération Top 50 (7793 titres),57,2,1617867,I Think I Can Beat Mike Tyson,DJ Jazzy Jeff & the Fresh Prince,And in This Corner…,289
Génération Top 50 (7793 titres),57,2,2061224,I Think I Can Beat Mike Tyson,DJ Jazzy Jeff & the Fresh Prince,Original Album Classics,289
Génération Top 50 (7793 titres),58,2,2061225,I'm Looking for the One (To Be with Me),DJ Jazzy Jeff & the Fresh Prince,Original Album Classics,275
Génération Top 50 (7793 titres),58,2,2061217,I’m Looking for the One (to Be With Me),DJ Jazzy Jeff & the Fresh Prince,Code Red,275
Génération Top 50 (7793 titres),59,7,1492992,I'm Your Baby Tonight,Whitney Houston,The Ultimate Collection,253
Génération Top 50 (7793 titres),59,7,1893617,I'm Your Baby Tonight,Whitney Houston,I'm Your Baby Tonight,253
Génération Top 50 (7793 titres),59,7,1492958,I'm Your Baby Tonight,Whitney Houston,Various Artists,351
Génération Top 50 (7793 titres),59,7,1836582,I'm Your Baby Tonight,Whitney Houston,I Will Always Love You: The Best of Whitney Houston,300
Génération Top 50 (7793 titres),59,7,1943919,I'm Your Baby Tonight,Whitney Houston,I'm Your Baby Tonight,299
Génération Top 50 (7793 titres),59,7,2267168,I'm Your Baby Tonight,Whitney Houston,I'm Your Baby Tonight,299
Génération Top 50 (7793 titres),59,7,2180116,I’m Your Baby Tonight,Whitney Houston,I’m Your Baby Tonight,299
Génération Top 50 (7793 titres),60,2,1266784,Il faut du temps,Pascal Obispo,Millésimes,268
Génération Top 50 (7793 titres),60,2,1266757,Il faut du temps,Pascal Obispo,Superflu,266
Génération Top 50 (7793 titres),61,2,1849892,It's on You,Various Artists,90's Euro Dance Top 50,244
Génération Top 50 (7793 titres),61,2,1867095,It’s on You,Various Artists,90's Euro Dance Top 50,244
Génération Top 50 (7793 titres),62,4,1255552,It’s in Your Eyes,Phil Collins,Dance Into the Light,182
Génération Top 50 (7793 titres),62,4,2220217,It’s in Your Eyes,Phil Collins,Dance Lessons: The DITL Demos,180
Génération Top 50 (7793 titres),62,4,2220227,It’s in Your Eyes,Phil Collins,Dance Lessons: The DITL Demos,179
Génération Top 50 (7793 titres),62,4,2240429,It’s in Your Eyes,Phil Collins,Dance Lessons: The DITL Demos,180
Génération Top 50 (7793 titres),63,2,2118514,J'aimerais tellement,Various Artists,80 Hits : Chanson Française,233
Génération Top 50 (7793 titres),63,2,2123014,J'aimerais tellement,Various Artists,80 Hits : Chanson française,233
Génération Top 50 (7793 titres),64,2,1959180,J'te l'dis quand même,Patrick Bruel,Alors regarde,218
Génération Top 50 (7793 titres),64,2,1959178,J’te l’dis quand même,Patrick Bruel,Alors regarde,219
Génération Top 50 (7793 titres),65,3,2229729,JE DOIS M'EN ALLER,Niagara,JE DOIS M'EN ALLER (SINGLE),191
Génération Top 50 (7793 titres),65,3,2229731,JE DOIS M’EN ALLER,Niagara,JE DOIS M'EN ALLER,191
Génération Top 50 (7793 titres),65,3,2061546,Je dois m’en aller,Niagara,Encore un dernier baiser,191
Génération Top 50 (7793 titres),66,4,2203751,JUMP,Madonna,CONFESSIONS ON A DANCE FLOOR,238
Génération Top 50 (7793 titres),66,4,2117404,Jump,Madonna,"Confessions On A Dance Floor (2LP, EU, 9362-49460-1)",240
Génération Top 50 (7793 titres),66,4,1910465,Jump,Madonna,Confessions On A Dance Floor,240
Génération Top 50 (7793 titres),66,4,1911390,Jump,Madonna,Confessions on a Dance Floor,226
Génération Top 50 (7793 titres),67,5,1986289,Je n'ai plus rien à te donner,Marc Lavoine,C'est ça Lavoine,201
Génération Top 50 (7793 titres),67,5,2272392,Je n'ai plus rien à te donner,Marc Lavoine,...les Amours du dimanche...,232
Génération Top 50 (7793 titres),67,5,2274446,Je n'ai plus rien à te donner,Marc Lavoine,Best of - Morceaux D'amour (Disc 2∶ Cd 2),203
Génération Top 50 (7793 titres),67,5,1869685,Je n’ai plus rien à te donner,Marc Lavoine,Best of - Morceaux D'amour (Disc 2∶ Cd 2),201
Génération Top 50 (7793 titres),67,5,2031107,Je N' Ai Plus Rien À Te Donner,Marc Lavoine,Les Amours Du Dimanche,201
Génération Top 50 (7793 titres),68,3,1957466,L'amour à la plage,Niagara,Flammes,201
Génération Top 50 (7793 titres),68,3,2122648,L'amour à la plage,Niagara,Encore un dernier baiser,203
Génération Top 50 (7793 titres),68,3,2266558,L'amour à la plage,Niagara,Flammes,201
Génération Top 50 (7793 titres),69,7,2202841,LA P'TITE BILL ELLE EST MALADE,Alain Souchon,JAMAIS CONTENT,205
Génération Top 50 (7793 titres),69,7,1235973,La P'tite Bill Elle Est Malade,Alain Souchon,(Collection),205
Génération Top 50 (7793 titres),69,7,1235975,La P'tite Bill Elle Est Malade,Alain Souchon,(Collection),205
Génération Top 50 (7793 titres),69,7,2020720,La P'tite Bill Elle Est Malade,Alain Souchon,"Collection, Volume 1",205
Génération Top 50 (7793 titres),69,7,2232610,La p'tite bill elle est malade,Alain Souchon,Jamais content,205
Génération Top 50 (7793 titres),69,7,2265181,La p'tite bill elle est malade,Alain Souchon,Jamais content,205
Génération Top 50 (7793 titres),69,7,1235967,"La p’tite Bill, elle est malade",Alain Souchon,Various Artists,205
Génération Top 50 (7793 titres),70,4,1494489,La Dame de Haute‐Savoie,Francis Cabrel,Fragile,182
Génération Top 50 (7793 titres),70,4,1849820,La Dame de Haute‐Savoie,Francis Cabrel,77-87,181
Génération Top 50 (7793 titres),70,4,1944670,La Dame De Haute-Savoie,Francis Cabrel,Double Tour,266
Génération Top 50 (7793 titres),70,4,1235537,La dame de Haute-Savoie,Francis Cabrel,77/87,181
Génération Top 50 (7793 titres),71,2,1350508,La Siest’ avec toi,Ottawan,La siest' avec toi,238
Génération Top 50 (7793 titres),71,2,2098149,La Siest’ avec toi,Ottawan,[standalone recordings],238
Génération Top 50 (7793 titres),72,2,2248682,Le Rapt,Jean-Jacques Goldman,Jean‐Jacques Goldman,267
Génération Top 50 (7793 titres),72,2,2024026,Le Rapt,Jean-Jacques Goldman,Tournée 98 En Passant (Disc 1),302
Génération Top 50 (7793 titres),73,2,1493318,Les années 80... c'est trop bien !,Marco Attali,Les années 80... c'est trop bien !,205
Génération Top 50 (7793 titres),73,2,2180068,Les années 80… C'est trop bien !,Marco Attali,Les années 80... c'est trop bien !,205
Génération Top 50 (7793 titres),74,3,2066852,Les brunes comptent pas pour des prunes,Lio,Je garde quelques images... pour mes vies postérieures,187
Génération Top 50 (7793 titres),74,3,2119009,Les brunes comptent pas pour des prunes,Lio,Je garde quelques images... pour mes vies postérieures,186
Génération Top 50 (7793 titres),74,3,2269534,Les brunes comptent pas pour des prunes,Lio,Je garde quelques images... pour mes vies postérieures,187
Génération Top 50 (7793 titres),75,2,2180064,Les démons de minuit,Images,Les démons de minuit,231
Génération Top 50 (7793 titres),75,2,2119414,Les Démons de minuit,Images,Inconnu,233
Génération Top 50 (7793 titres),76,2,2064392,Lobby,Anitta & Missy Elliott,Lobby - Single,157
Génération Top 50 (7793 titres),76,2,2011936,Lobby,Anitta & Missy Elliott,Lobby,157
Génération Top 50 (7793 titres),77,2,2064390,Loin,Aliose,Pixels - EP,187
Génération Top 50 (7793 titres),77,2,2019156,Loin,Aliose,Comme on Respire,189
Génération Top 50 (7793 titres),78,2,2064388,Loin (remix by We Are I.V.),Aliose,Comme on respire,189
Génération Top 50 (7793 titres),78,2,2019157,Loin (Remix by We Are I.V),Aliose,Comme on Respire,189
Génération Top 50 (7793 titres),79,2,2000632,Ma Liberte Contre la Tienne,Patricia Kaas,Patricia Kaas (Disc 4: le Mot de Passe),348
Génération Top 50 (7793 titres),79,2,2235589,MA LIBERTÉ CONTRE LA TIENNE,Patricia Kaas,KUSCHEL ROCK 13,346
Génération Top 50 (7793 titres),80,2,1297936,Macumba,Compilation Années 80,Années 80,207
Génération Top 50 (7793 titres),80,2,2118745,Macumba,Compilation Années 80,Années 80,206
Génération Top 50 (7793 titres),81,3,2003642,Maitresse,Emile & Images,Jusqu'au Bout de la Nuit,230
Génération Top 50 (7793 titres),81,3,1990044,Maitresse,Emile & Images,Stars 80 - L'album anniversaire (Live),230
Génération Top 50 (7793 titres),81,3,2198386,Maitresse,Emile & Images,Stars 80 - L'album anniversaire (Live),230
Génération Top 50 (7793 titres),82,2,2000015,Manhattan-Kaboul,Renaud,Mon Film Sur Moi Et Mes Chansons Préférées de Moi  (Compilation)  (M4a),230
Génération Top 50 (7793 titres),82,2,1883413,Manhattan Kaboul,Renaud,Boucan D’Enfer,229
Génération Top 50 (7793 titres),83,3,1860184,Marilyn & John,Vanessa Paradis,M&J,346
Génération Top 50 (7793 titres),83,3,1980716,Marilyn & John,Vanessa Paradis,M & J,344
Génération Top 50 (7793 titres),83,3,1980748,Marilyn & John,Vanessa Paradis,Best of Vanessa Paradis,344
Génération Top 50 (7793 titres),84,3,1860193,Marilyn & John (version anglaise),Vanessa Paradis,M&J,348
Génération Top 50 (7793 titres),84,3,1980717,Marilyn & John (version anglaise),Vanessa Paradis,M & J,346
Génération Top 50 (7793 titres),84,3,1980718,Marilyn & John (version anglaise),Vanessa Paradis,M & J,346
Génération Top 50 (7793 titres),85,4,1965526,Me Laisse Pas M'en Aller,Daniel Balavoine,Master Série Vol. 2,216
Génération Top 50 (7793 titres),85,4,1965580,Me laisse pas m'en aller,Daniel Balavoine,Le Meilleur De Balavoine,214
Génération Top 50 (7793 titres),85,4,1965428,Me laisse pas m’en aller,Daniel Balavoine,"Master Serie, Volume 2",215
Génération Top 50 (7793 titres),85,4,1965431,Me laisse pas m’en aller,Daniel Balavoine,"L'album De Sa Vie, 100 Titres",214
Génération Top 50 (7793 titres),86,2,1227248,Megamix (Hit radio version),Technotronic,Back 2 Back: Pump Up the Jam / Trip on This (Remixes),255
Génération Top 50 (7793 titres),86,2,2107301,Megamix (Hit radio version),Technotronic,Trip on This! The Remixes,257
Génération Top 50 (7793 titres),87,2,2115885,Musulmanes,Michel Sardou,Musulmanes,377
Génération Top 50 (7793 titres),87,2,1980067,Musulmanes,Michel Sardou,Les Grandes chansons,351
Génération Top 50 (7793 titres),88,2,2063588,Ménilmontant,Patrick Bruel,Entre‐deux…,220
Génération Top 50 (7793 titres),88,2,2173620,Ménilmontant,Patrick Bruel,Unknown Album,220
Génération Top 50 (7793 titres),89,2,2101595,Nosferatu's Affliction,Aurelio Voltaire,Summerween Surf,313
Génération Top 50 (7793 titres),89,2,2159806,Nosferatu's Affliction,Aurelio Voltaire,Summerween Surf,313
Génération Top 50 (7793 titres),90,3,1289881,Nuit,Fredericks Goldman Jones,Pluriel 90-96,340
Génération Top 50 (7793 titres),90,3,2116977,Nuit,Fredericks Goldman Jones,Pluriel 90-96,340
Génération Top 50 (7793 titres),90,3,2202255,NUIT,Fredericks Goldman Jones,SUR SCÈNE,450
Génération Top 50 (7793 titres),91,2,2019890,Ooh la La,Goldfrapp,Supernature,204
Génération Top 50 (7793 titres),91,2,2118581,Ooh La La,Goldfrapp,Inconnu,204
Génération Top 50 (7793 titres),92,2,2102564,Parents Just Don't Understand,DJ Jazzy Jeff & the Fresh Prince,Original Album Classics,315
Génération Top 50 (7793 titres),92,2,1197072,Parents Just Don't Understand,DJ Jazzy Jeff & the Fresh Prince,"He's The DJ, I'm The Rapper",334
Génération Top 50 (7793 titres),93,3,2056453,Positifs,Début de Soirée,Faut pas exagerer,273
Génération Top 50 (7793 titres),93,3,2172682,Positifs,Début de Soirée,Faut Pas Exagérer,273
Génération Top 50 (7793 titres),93,3,2170594,Positifs,Début de Soirée,Faut pas exagerer,273
Génération Top 50 (7793 titres),94,2,2100530,Pour eux,Début de Soirée,Faut pas exagerer,238
Génération Top 50 (7793 titres),94,2,2156044,Pour eux,Début de Soirée,Faut pas exagerer,238
Génération Top 50 (7793 titres),95,2,2059284,Put Yourself in My Place,Kylie Minogue,Kylie Minogue,294
Génération Top 50 (7793 titres),95,2,2167619,Put Yourself in My Place,Kylie Minogue,Kylie Minogue,294
Génération Top 50 (7793 titres),96,6,1955531,Quand la musique est bonne,Jean-Jacques Goldman,En public,305
Génération Top 50 (7793 titres),96,6,2215136,QUAND LA MUSIQUE EST BONNE,Jean-Jacques Goldman,SINGULIER,230
Génération Top 50 (7793 titres),96,6,1955536,Quand la Musique Est Bonne,Jean-Jacques Goldman,2eme Album,230
Génération Top 50 (7793 titres),96,6,1848792,Quand la musique est bonne,Jean-Jacques Goldman,2eme Album,232
Génération Top 50 (7793 titres),96,6,2259610,Quand la musique est bonne,Jean-Jacques Goldman,Intégrale 81-91,232
Génération Top 50 (7793 titres),96,6,2259611,Quand la musique est bonne,Jean-Jacques Goldman,Intégrale 81-91,232
Génération Top 50 (7793 titres),97,4,1347095,Rhythm Is a Dancer (original 12″),Snap!,The Madman's Return,332
Génération Top 50 (7793 titres),97,4,1721599,Rhythm Is a Dancer (original 12″),Snap!,The Madman's Return,332
Génération Top 50 (7793 titres),97,4,2124048,Rhythm Is a Dancer (original 12″),Snap!,The Madman's Return,332
Génération Top 50 (7793 titres),97,4,1829889,Rhythm Is a Dancer (original 12″),Snap!,The Madman's Return,332
Génération Top 50 (7793 titres),98,5,1227262,"Rockin Over the Beat (Rockin' Over Manchester 7"" remix)",Technotronic,Best of Technotronic,244
Génération Top 50 (7793 titres),98,5,2117296,"Rockin Over the Beat (Rockin' Over Manchester 7"" remix)",Technotronic,Best of Technotronic,244
Génération Top 50 (7793 titres),98,5,1940296,"Rockin Over the Beat (Rockin' Over Manchester 7"" remix)",Technotronic,Best of Technotronic,244
Génération Top 50 (7793 titres),98,5,1940297,"Rockin Over the Beat (Rockin' Over Manchester 7"" remix)",Technotronic,Best of Technotronic,244
Génération Top 50 (7793 titres),98,5,1940298,"Rockin Over the Beat (Rockin' Over Manchester 7"" remix)",Technotronic,Best of Technotronic,244
Génération Top 50 (7793 titres),99,2,2204487,SUMMERTIME (SINGLE EDIT),DJ Jazzy Jeff & the Fresh Prince,THE VERY BEST OF D.J. JAZZY JEFF & THE FRESH PRINCE,271
Génération Top 50 (7793 titres),99,2,2204486,SUMMERTIME - SINGLE EDIT,DJ Jazzy Jeff & the Fresh Prince,THE VERY BEST OF D.J. JAZZY JEFF & THE FRESH PRINCE,270
Génération Top 50 (7793 titres),100,2,1983615,TOO FUNKY (SINGLE EDIT),George Michael,LISTEN WITHOUT PREJUDICE / MTV UNPLUGGED,225
Génération Top 50 (7793 titres),100,2,2106149,TOO FUNKY (SINGLE EDIT),George Michael,LISTEN WITHOUT PREJUDICE / MTV UNPLUGGED,225
Génération Top 50 (7793 titres),101,3,1229512,U Can't Touch This,MC Hammer,U Can’t Touch This,257
Génération Top 50 (7793 titres),101,3,1229514,U Can't Touch This,MC Hammer,Please Hammer Don't Hurt 'Em,255
Génération Top 50 (7793 titres),101,3,2001073,U Can_'t Touch This,MC Hammer,"Please Hammer, Don’T Hurt ’Em",277
Génération Top 50 (7793 titres),102,4,2202258,"UN, DEUX, TROIS",Fredericks Goldman Jones,SUR SCÈNE,366
Génération Top 50 (7793 titres),102,4,2191869,"Un, deux, trois",Fredericks Goldman Jones,Sur scène,366
Génération Top 50 (7793 titres),102,4,2032603,"Un, Deux, Trois",Fredericks Goldman Jones,Fredericks Goldman Jones,256
Génération Top 50 (7793 titres),102,4,2054477,"Un, deux, trois",Fredericks Goldman Jones,Du New Morning au Zénith,241
Génération Top 50 (7793 titres),103,3,2164712,Unstoppable,Kylie Minogue,Disco,294
Génération Top 50 (7793 titres),103,3,1282483,Unstoppable,Kylie Minogue,Various Artists,214
Génération Top 50 (7793 titres),103,3,2109623,Unstoppable,Kylie Minogue,Disco,294
Génération Top 50 (7793 titres),104,2,1943299,Vivo per lei,Hélène Ségara,Cœur de verre,263
Génération Top 50 (7793 titres),104,2,2002272,Vivo Per Lei,Hélène Ségara,Compile,263
Génération Top 50 (7793 titres),105,3,1492965,Worth It,Whitney Houston,Various Artists,279
Génération Top 50 (7793 titres),105,3,1891624,Worth It,Whitney Houston,I Look to You,279
Génération Top 50 (7793 titres),105,3,2128109,Worth It,Whitney Houston,Various Artists,279
Génération Top 50 (7793 titres),106,3,2107124,You Can’t Hurry Love,Phil Collins,The Very Best Of,174
Génération Top 50 (7793 titres),106,3,1960338,You Can't Hurry Love,Phil Collins,Serious Hits... Live,174
Génération Top 50 (7793 titres),106,3,2234463,You Can’t Hurry Love,Phil Collins,"Hello, I Must Be Going!",175
Génération Top 50 (7793 titres),107,5,1955520,Unknown,Jean-Jacques Goldman,Unknown Album,206
Génération Top 50 (7793 titres),107,5,2163836,Unknown,Jean-Jacques Goldman,Unknown Album,333
Génération Top 50 (7793 titres),107,5,2163837,Unknown,Jean-Jacques Goldman,Unknown Album,412
Génération Top 50 (7793 titres),107,5,2259609,Unknown,Jean-Jacques Goldman,Intégrale 81-91,267
Génération Top 50 (7793 titres),107,5,2259632,Unknown,Jean-Jacques Goldman,Intégrale 81-91,384
Génération Top 50 (7793 titres),108,2,1965608,Unknown,Daniel Balavoine,"L'album De Sa Vie, 100 Titres",206
Génération Top 50 (7793 titres),108,2,1965610,Unknown,Daniel Balavoine,"L'album De Sa Vie, 100 Titres",132
Génération Top 50 (7793 titres),109,3,1983611,Unknown,George Michael,Older,327
Génération Top 50 (7793 titres),109,3,1983612,Unknown,George Michael,Older,382
Génération Top 50 (7793 titres),109,3,1983613,Unknown,George Michael,Older,315
Génération Top 50 (7793 titres),110,9,2041626,(INTRO) A QUOI TU SERS?,Jean-Jacques Goldman,ENTRE GRIS CLAIR ET GRIS FONCÉ,329
Génération Top 50 (7793 titres),110,9,2041629,(INTRO) A QUOI TU SERS?,Jean-Jacques Goldman,ENTRE GRIS CLAIR ET GRIS FONCÉ,330
Génération Top 50 (7793 titres),110,9,2201748,(INTRO) A QUOI TU SERS?,Jean-Jacques Goldman,ENTRE GRIS CLAIR ET GRIS FONCÉ,330
Génération Top 50 (7793 titres),110,9,2201767,(INTRO) A QUOI TU SERS?,Jean-Jacques Goldman,ENTRE GRIS CLAIR ET GRIS FONCÉ,210
Génération Top 50 (7793 titres),110,9,2175278,(Intro) À quoi tu sers,Jean-Jacques Goldman,Traces,335
Génération Top 50 (7793 titres),110,9,1849863,(Intro) À quoi tu sers ?,Jean-Jacques Goldman,81-89 * la Collection  (Compilation)  (Disc 5: Entre Gris Clair Et Gris Foncé - Cd1),340
Génération Top 50 (7793 titres),110,9,2259619,(Intro) À quoi tu sers ?,Jean-Jacques Goldman,Intégrale 81-91,330
Génération Top 50 (7793 titres),110,9,2180085,(intro) À quoi tu sers ?,Jean-Jacques Goldman,Traces,335
Génération Top 50 (7793 titres),110,9,2027598,Intro A Quoi Tu Sers,Jean-Jacques Goldman,Traces,335
Génération Top 50 (7793 titres),111,2,2030634,01 - Comment Lui Dire,France Gall,Lounge Legends: Twenty Classic Recordings,214
Génération Top 50 (7793 titres),111,2,2197180,01 - Comment Lui Dire,France Gall,Lounge Legends: Twenty Classic Recordings,214
Génération Top 50 (7793 titres),112,2,2030635,04 - la Déclaration D'amour,France Gall,Lounge Legends: Twenty Classic Recordings,202
Génération Top 50 (7793 titres),112,2,2197181,04 - la Déclaration D'amour,France Gall,Lounge Legends: Twenty Classic Recordings,202
Génération Top 50 (7793 titres),113,2,2201826,04 LA PLUIE [SLOW] 1,Jean-Jacques Goldman,CHANSONS POUR LES PIEDS,506
Génération Top 50 (7793 titres),113,2,2197494,04 la Pluie [Slow] 1,Jean-Jacques Goldman,Chansons pour les pieds,506
Génération Top 50 (7793 titres),114,2,2201830,06 UN GOÚT SUR TES LÈVRES [RYTHM AND BLUES],Jean-Jacques Goldman,CHANSONS POUR LES PIEDS,269
Génération Top 50 (7793 titres),114,2,2201831,06 UN GOÚT SUR TES LÈVRES [RYTHM AND BLUES],Jean-Jacques Goldman,CHANSONS POUR LES PIEDS,269
Génération Top 50 (7793 titres),115,2,2188137,"1, 2, 3, 4 (SUMPIN’ NEW)",Coolio,GANGSTA’S PARADISE,214
Génération Top 50 (7793 titres),115,2,1867267,"1, 2, 3, 4 (Sumpin’ New)",Coolio,"1, 2, 3, 4 (Sumpin' New) (Sing",167
Génération Top 50 (7793 titres),116,2,2097363,"1, 2, 3, 4 (Sumpin' New) (Timber mix - Extended Version)",Coolio,"1, 2, 3, 4 (Sumpin' New) (Single)",167
Génération Top 50 (7793 titres),116,2,2097362,"1, 2, 3, 4 (Sumpin' New) (Timber mix/Extended Version)",Coolio,"1, 2, 3, 4 (Sumpin' New) (Single)",167
Génération Top 50 (7793 titres),117,2,2166770,1000 X's & O's,Prince,HITnRUN Phase One,267
Génération Top 50 (7793 titres),117,2,2098102,1000 X’s & O’s,Prince,HITnRUN Phase One,267
Génération Top 50 (7793 titres),118,2,1244335,18 ans 18 jours,Michel Sardou,Chanteur De Jazz,220
Génération Top 50 (7793 titres),118,2,2196970,18 ans 18 jours,Michel Sardou,Chanteur De Jazz,220
Génération Top 50 (7793 titres),119,2,2232614,18 ans que je t'ai à l'œil,Alain Souchon,Jamais content,190
Génération Top 50 (7793 titres),119,2,2265185,18 ans que je t'ai à l'œil,Alain Souchon,Jamais content,190
Génération Top 50 (7793 titres),120,2,2124456,1928,Les Rita Mitsouko,La Femme Trombone,216
Génération Top 50 (7793 titres),120,2,2259544,1928,Les Rita Mitsouko,La Femme Trombone,216
Génération Top 50 (7793 titres),121,2,1244336,1965,Michel Sardou,Chanteur De Jazz,261
Génération Top 50 (7793 titres),121,2,2196971,1965,Michel Sardou,Chanteur De Jazz,261
Génération Top 50 (7793 titres),122,3,1957643,2 Hearts,Kylie Minogue,X,171
Génération Top 50 (7793 titres),122,3,2059292,2 Hearts,Kylie Minogue,"The Albums, 2000-2010",173
Génération Top 50 (7793 titres),122,3,2266194,2 Hearts,Kylie Minogue,X,171
Génération Top 50 (7793 titres),123,3,2214378,4 MINUTES,Madonna,HARD CANDY,189
Génération Top 50 (7793 titres),123,3,1904768,4 Minutes,Madonna,Hard Candy,243
Génération Top 50 (7793 titres),123,3,2067096,4 Minutes,Madonna,Celebration (Bonus Track Versi,189
Génération Top 50 (7793 titres),124,2,1998244,4 Minutes (Feat. Justin Timberlake & Timbaland),Madonna,Hard Candy,443
Génération Top 50 (7793 titres),124,2,2067101,4 Minutes Feat. Justin Timberlake & Timbaland,Madonna,Celebration,189
Génération Top 50 (7793 titres),125,2,2275554,4 My People,Missy Elliott,Vol 23,228
Génération Top 50 (7793 titres),125,2,2277824,4 My People,Missy Elliott,Bravo Black Hits 7,229
Génération Top 50 (7793 titres),126,2,1197061,A Dog Is a Dog,DJ Jazzy Jeff & the Fresh Prince,Homebase,270
Génération Top 50 (7793 titres),126,2,2061220,A Dog Is a Dog,DJ Jazzy Jeff & the Fresh Prince,Original Album Classics,269
Génération Top 50 (7793 titres),127,2,2230323,A L'OMBRE,Mylène Farmer,REMIXES,306
Génération Top 50 (7793 titres),127,2,1852787,À l’ombre,Mylène Farmer,MYLÈNE FARMER REMIXES,306
Génération Top 50 (7793 titres),128,3,2221477,A Million Days,Prince,Musicology,230
Génération Top 50 (7793 titres),128,3,2241339,A Million Days,Prince,Musicology,230
Génération Top 50 (7793 titres),128,3,2261065,A Million Days,Prince,Musicology,230
Génération Top 50 (7793 titres),129,2,2059136,A Monster's Holiday,Aurelio Voltaire,Summerween Surf,294
Génération Top 50 (7793 titres),129,2,2169973,A Monster's Holiday,Aurelio Voltaire,Summerween Surf,294
Génération Top 50 (7793 titres),130,5,1848599,A Nos Actes Manqués,Jean-Jacques Goldman,...Au Zénith,262
Génération Top 50 (7793 titres),130,5,2027049,A Nos Actes Manqués,Jean-Jacques Goldman,Pluriel 90-96,262
Génération Top 50 (7793 titres),130,5,2215138,À NOS ACTES MANQUÉS,Jean-Jacques Goldman,TOURNÉE 98 EN PASSANT,384
Génération Top 50 (7793 titres),130,5,2024002,À Nos Actes Manqués,Jean-Jacques Goldman,Tournée 98 : En Passant [Live] [Disc 2],385
Génération Top 50 (7793 titres),130,5,1848595,À nos actes manqués,Jean-Jacques Goldman,'intégrale 81-91' [Disc 8] - Q,281
Génération Top 50 (7793 titres),131,3,2201795,A QUOI TU SERS (INTRO),Jean-Jacques Goldman,INTÉGRALE 81-91,330
Génération Top 50 (7793 titres),131,3,2247246,A QUOI TU SERS? (INTRO),Jean-Jacques Goldman,JEAN-JACQUES GOLDMAN,335
Génération Top 50 (7793 titres),131,3,1838832,À quoi tu sers (Intro),Jean-Jacques Goldman,Entre gris clair et gris foncé,335
Génération Top 50 (7793 titres),132,2,2220093,A Race Apart,Phil Collins,Remembers the Past,154
Génération Top 50 (7793 titres),132,2,2240341,A Race Apart,Phil Collins,Remembers the Past,154
Génération Top 50 (7793 titres),133,2,2220096,A Ring from Robert,Phil Collins,Remembers the Past,150
Génération Top 50 (7793 titres),133,2,2240344,A Ring from Robert,Phil Collins,Remembers the Past,150
Génération Top 50 (7793 titres),134,2,1277044,A Second to Midnight,Kylie Minogue with Years & Years,A Second to Midnight,208
Génération Top 50 (7793 titres),134,2,1277046,A Second to Midnight,Kylie Minogue with Years & Years,Odyssey,207
Génération Top 50 (7793 titres),135,2,1492963,A Song for You,Whitney Houston,Various Artists,250
Génération Top 50 (7793 titres),135,2,1891621,A Song for You,Whitney Houston,I Look to You,250
Génération Top 50 (7793 titres),136,2,2061235,A Touch of Jazz,DJ Jazzy Jeff & the Fresh Prince,Rock the House,201
Génération Top 50 (7793 titres),136,2,2197231,A Touch of Jazz,DJ Jazzy Jeff & the Fresh Prince,Rock the House,201
Génération Top 50 (7793 titres),137,2,2061206,A Touch of Jazz (Collapsed in the Street edit),DJ Jazzy Jeff & the Fresh Prince,A Touch Of Jazz,282
Génération Top 50 (7793 titres),137,2,2196727,A Touch of Jazz (Collapsed in the Street edit),DJ Jazzy Jeff & the Fresh Prince,A Touch Of Jazz,282
Génération Top 50 (7793 titres),138,2,2061207,A Touch of Jazz (Collapsed in the Street mix),DJ Jazzy Jeff & the Fresh Prince,A Touch Of Jazz,406
Génération Top 50 (7793 titres),138,2,2196728,A Touch of Jazz (Collapsed in the Street mix),DJ Jazzy Jeff & the Fresh Prince,A Touch Of Jazz,406
Génération Top 50 (7793 titres),139,2,2061208,A Touch of Jazz (extended Re-Touch),DJ Jazzy Jeff & the Fresh Prince,A Touch Of Jazz,288
Génération Top 50 (7793 titres),139,2,2196729,A Touch of Jazz (extended Re-Touch),DJ Jazzy Jeff & the Fresh Prince,A Touch Of Jazz,288
Génération Top 50 (7793 titres),140,2,1980715,A la hauteur de mes bas,Vanessa Paradis,Les sources,238
Génération Top 50 (7793 titres),140,2,1980712,À la hauteur de mes bas,Vanessa Paradis,Les Sources,238
Génération Top 50 (7793 titres),141,3,1966315,A la huella a la huella,Florent Pagny,Baryton Gracias A La Vida (2012),175
Génération Top 50 (7793 titres),141,3,2100372,A la huella a la huella,Florent Pagny,"Baryton, gracias a la vida",179
Génération Top 50 (7793 titres),141,3,2153844,A la huella a la huella,Florent Pagny,"Baryton, gracias a la vida",179
Génération Top 50 (7793 titres),142,4,1848604,A nos actes manqués,Fredericks Goldman Jones,...Au Zénith,262
Génération Top 50 (7793 titres),142,4,2202267,À NOS ACTES MANQUÉS,Fredericks Goldman Jones,SUR SCÈNE,608
Génération Top 50 (7793 titres),142,4,2116973,À nos actes manqués,Fredericks Goldman Jones,...Au Zénith,262
Génération Top 50 (7793 titres),142,4,2191871,À nos actes manqués,Fredericks Goldman Jones,Sur scène,608
Génération Top 50 (7793 titres),143,2,2214594,ALL TIME LOW,Jon Bellion,THE HUMAN CONDITION,219
Génération Top 50 (7793 titres),143,2,2124990,All Time Low,Jon Bellion,Various Artists,219
Génération Top 50 (7793 titres),144,2,2215143,APPARTENIR,Jean-Jacques Goldman,ENTRE GRIS CLAIR ET GRIS FONCÉ,141
Génération Top 50 (7793 titres),144,2,2224250,Appartenir,Jean-Jacques Goldman,Entre Gris Clair Et Gris Foncé [Disc 1],142
Génération Top 50 (7793 titres),145,6,2215023,AU BOUT DE MES RÊVES,Jean-Jacques Goldman,QUAND LA MUSIQUE EST BONNE,235
Génération Top 50 (7793 titres),145,6,2215026,AU BOUT DE MES RÊVES,Jean-Jacques Goldman,QUAND LA MUSIQUE EST BONNE,270
Génération Top 50 (7793 titres),145,6,1350745,Au bout de mes rêves,Jean-Jacques Goldman,Jean-Jacques Goldman,234
Génération Top 50 (7793 titres),145,6,1848785,Au bout de mes rêves,Jean-Jacques Goldman,2eme Album,233
Génération Top 50 (7793 titres),145,6,2170051,Au bout de mes rêves,Jean-Jacques Goldman,Jean-Jacques Goldman,234
Génération Top 50 (7793 titres),145,6,2259606,Au bout de mes rêves,Jean-Jacques Goldman,Intégrale 81-91,235
Génération Top 50 (7793 titres),146,3,2235581,AU CAFÉ DES DÉLICES,Patrick Bruel,JUSTE AVANT,283
Génération Top 50 (7793 titres),146,3,1959142,Au Café Des Délices,Patrick Bruel,Juste avant,283
Génération Top 50 (7793 titres),146,3,2112298,Au café des délices,Patrick Bruel,Puzzle,281
Génération Top 50 (7793 titres),147,2,2215104,AUTRE HISTOIRE,Jean-Jacques Goldman,DÉMODÉ,256
Génération Top 50 (7793 titres),147,2,1848779,Autre histoire,Jean-Jacques Goldman,1er Album,256
Génération Top 50 (7793 titres),148,2,1294976,Abdel Kader,Taha/Khaled/Faudel,"1,2,3 Soleils",310
Génération Top 50 (7793 titres),148,2,2091711,Abdel Kader,"Taha, Khaled, Faudel",Best 2000,312
Génération Top 50 (7793 titres),149,2,2025092,Abdel Kader,Khaled,N'ssi N'ssi,279
Génération Top 50 (7793 titres),149,2,2139451,Abdel Kader,Khaled,Best 2000,312
Génération Top 50 (7793 titres),150,2,2217378,Addicte aux heroines,Patricia Kaas,KABARET,137
Génération Top 50 (7793 titres),150,2,2229103,Addicte aux heroines,Patricia Kaas,KABARET,137
Génération Top 50 (7793 titres),151,2,2025093,Adieu,Khaled,N'ssi N'ssi,319
Génération Top 50 (7793 titres),151,2,2123167,Adieu,Khaled,N'ssi N'ssi,319
Génération Top 50 (7793 titres),152,4,2135764,Adieu minette,Renaud,Dans mes cordes,236
Génération Top 50 (7793 titres),152,4,2216667,Adieu minette,Renaud,Laisse béton,231
Génération Top 50 (7793 titres),152,4,2228298,Adieu minette,Renaud,Laisse béton,231
Génération Top 50 (7793 titres),152,4,2263838,Adieu minette,Renaud,Laisse béton,231
Génération Top 50 (7793 titres),153,13,1957663,After Dark,Kylie Minogue,Body Language,313
Génération Top 50 (7793 titres),153,13,2128710,After Dark,Kylie Minogue,Body Language,313
Génération Top 50 (7793 titres),153,13,2198992,After Dark,Kylie Minogue,Body Language,313
Génération Top 50 (7793 titres),153,13,2198993,After Dark,Kylie Minogue,Body Language,313
Génération Top 50 (7793 titres),153,13,2206954,After Dark,Kylie Minogue,Body Language,313
Génération Top 50 (7793 titres),153,13,2206956,After Dark,Kylie Minogue,Body Language,313
Génération Top 50 (7793 titres),153,13,2242526,After Dark,Kylie Minogue,Body Language,313
Génération Top 50 (7793 titres),153,13,2242528,After Dark,Kylie Minogue,Body Language,313
Génération Top 50 (7793 titres),153,13,2251383,After Dark,Kylie Minogue,Body Language,313
Génération Top 50 (7793 titres),153,13,2251385,After Dark,Kylie Minogue,Body Language,313
Génération Top 50 (7793 titres),153,13,2260740,After Dark,Kylie Minogue,Body Language,313
Génération Top 50 (7793 titres),153,13,2260742,After Dark,Kylie Minogue,Body Language,313
Génération Top 50 (7793 titres),153,13,2266210,After Dark,Kylie Minogue,Body Language,313
Génération Top 50 (7793 titres),154,3,2068102,After Dark,Seven Lions & Blastoyz feat. Amy Cutler,After Dark,229
Génération Top 50 (7793 titres),154,3,2198759,After Dark,Seven Lions & Blastoyz feat. Amy Cutler,After Dark,229
Génération Top 50 (7793 titres),154,3,2260646,After Dark,Seven Lions & Blastoyz feat. Amy Cutler,After Dark,229
Génération Top 50 (7793 titres),155,14,1202306,After We Make Love,Whitney Houston,I’m Your Baby Tonight,306
Génération Top 50 (7793 titres),155,14,1935300,After We Make Love,Whitney Houston,I'm Your Baby Tonight,306
Génération Top 50 (7793 titres),155,14,2105942,After We Make Love,Whitney Houston,I’m Your Baby Tonight,306
Génération Top 50 (7793 titres),155,14,2199173,After We Make Love,Whitney Houston,I'm Your Baby Tonight,306
Génération Top 50 (7793 titres),155,14,2199203,After We Make Love,Whitney Houston,I’m Your Baby Tonight,306
Génération Top 50 (7793 titres),155,14,2199204,After We Make Love,Whitney Houston,I’m Your Baby Tonight,306
Génération Top 50 (7793 titres),155,14,2237510,After We Make Love,Whitney Houston,I’m Your Baby Tonight,306
Génération Top 50 (7793 titres),155,14,2237512,After We Make Love,Whitney Houston,I’m Your Baby Tonight,306
Génération Top 50 (7793 titres),155,14,2242624,After We Make Love,Whitney Houston,I’m Your Baby Tonight,306
Génération Top 50 (7793 titres),155,14,2242626,After We Make Love,Whitney Houston,I’m Your Baby Tonight,306
Génération Top 50 (7793 titres),155,14,2251589,After We Make Love,Whitney Houston,I’m Your Baby Tonight,306
Génération Top 50 (7793 titres),155,14,2251591,After We Make Love,Whitney Houston,I’m Your Baby Tonight,306
Génération Top 50 (7793 titres),155,14,2260890,After We Make Love,Whitney Houston,I'm Your Baby Tonight,306
Génération Top 50 (7793 titres),155,14,2260920,After We Make Love,Whitney Houston,I’m Your Baby Tonight,306
Génération Top 50 (7793 titres),156,2,2010585,Aftermath,As Lions,Live,218
Génération Top 50 (7793 titres),156,2,2055615,Aftermath,As Lions,Selfish Age,217
Génération Top 50 (7793 titres),157,3,1192991,Aia Mina,Khaled,Spirit of Rai,267
Génération Top 50 (7793 titres),157,3,1235199,Aia Mina,Khaled,"Fuir, Mais Où?",265
Génération Top 50 (7793 titres),157,3,2123157,Aia Mina,Khaled,"Fuir, Mais Où?",265
Génération Top 50 (7793 titres),158,3,1274423,Aicha,"Taha, Khaled, Faudel","1,2,3 Soleils",411
Génération Top 50 (7793 titres),158,3,1294978,Aicha,Taha/Khaled/Faudel,"1,2,3 Soleils",409
Génération Top 50 (7793 titres),158,3,1884667,Aicha,"Taha, Khaled, Faudel","1, 2, 3 Soleils - CD2",189
Génération Top 50 (7793 titres),159,2,2016574,Aicha,Khaled,Unknown Album,258
Génération Top 50 (7793 titres),159,2,2113237,Aicha,Khaled,Aïcha,259
Génération Top 50 (7793 titres),160,2,1852160,Ailleurs Land,Florent Pagny,Ailleurs Land,234
Génération Top 50 (7793 titres),160,2,1966273,Ailleurs land,Florent Pagny,De Part et d'autre CD1 (triple best of),234
Génération Top 50 (7793 titres),161,2,1966228,Aime La Vie,Florent Pagny,Aime la Vie,195
Génération Top 50 (7793 titres),161,2,1904864,Aime la vie,Florent Pagny,Aime la vie,195
Génération Top 50 (7793 titres),162,7,1965513,Aimer Est Plus Fort Que D'être Aimé,Daniel Balavoine,Master Série Vol. 2,251
Génération Top 50 (7793 titres),162,7,1965397,Aimer est plus fort que d'être aimé,Daniel Balavoine,L'essentiel CD 1,246
Génération Top 50 (7793 titres),162,7,1965433,Aimer est plus fort que d'être aimé,Daniel Balavoine,Anthologie,251
Génération Top 50 (7793 titres),162,7,1965463,Aimer est plus fort que d'être aimé,Daniel Balavoine,L'Essentiel,246
Génération Top 50 (7793 titres),162,7,1965557,Aimer est plus fort que d'être aimé,Daniel Balavoine,Les 100 Plus Belles Chansons,248
Génération Top 50 (7793 titres),162,7,1965585,Aimer est plus fort que d'être aimé,Daniel Balavoine,Le Meilleur De Balavoine,251
Génération Top 50 (7793 titres),162,7,1965415,Aimer est plus fort que d’être aimé,Daniel Balavoine,"Master Serie, Volume 2",251
Génération Top 50 (7793 titres),163,2,1295139,Ain't No Stoppin' Us Now,B-Bros,Total Thrill,420
Génération Top 50 (7793 titres),163,2,2013857,Ain't No Stoppin' Us Now,B-Bros,Unknown Album,420
Génération Top 50 (7793 titres),164,4,2063509,Ain't No Sunshine,Michael Jackson,Got To Be There (2013),252
Génération Top 50 (7793 titres),164,4,2169885,Ain't No Sunshine,Michael Jackson,Got To Be There (2013),252
Génération Top 50 (7793 titres),164,4,2120465,Ain’t No Sunshine,Michael Jackson,Got To Be There (2013),252
Génération Top 50 (7793 titres),164,4,2200327,Ain’t No Sunshine,Michael Jackson,Got To Be There,252
Génération Top 50 (7793 titres),165,4,2232121,Alertez Managua,Indochine,Le Baiser,235
Génération Top 50 (7793 titres),165,4,2258310,Alertez Managua,Indochine,Le baiser,235
Génération Top 50 (7793 titres),165,4,2263324,Alertez Managua,Indochine,Le baiser,235
Génération Top 50 (7793 titres),165,4,2265576,Alertez Managua,Indochine,Le Baiser,235
Génération Top 50 (7793 titres),166,3,1966314,Alfonsina y el mar,Florent Pagny,Baryton Gracias A La Vida (2012),299
Génération Top 50 (7793 titres),166,3,2057747,Alfonsina y el mar,Florent Pagny,"Baryton, gracias a la vida",304
Génération Top 50 (7793 titres),166,3,2153843,Alfonsina y el mar,Florent Pagny,"Baryton, gracias a la vida",304
Génération Top 50 (7793 titres),167,2,2093093,All At Once,Whitney Houston,Whitney Houston,268
Génération Top 50 (7793 titres),167,2,2160365,All at Once,Whitney Houston,Whitney Houston,269
Génération Top 50 (7793 titres),168,3,2216110,All Nature,Goldmund;Scott Moore,Layers of Afternoon,134
Génération Top 50 (7793 titres),168,3,2227814,All Nature,Goldmund;Scott Moore,Layers of Afternoon,134
Génération Top 50 (7793 titres),168,3,2261623,All Nature,Goldmund;Scott Moore,Layers of Afternoon,134
Génération Top 50 (7793 titres),169,2,2111212,All Night Long (All Night),Lionel Richie,Can’t Slow Down,385
Génération Top 50 (7793 titres),169,2,2255740,All Night Long (All Night),Lionel Richie,Can’t Slow Down,385
Génération Top 50 (7793 titres),170,2,1428834,All That She Wants,Ace Of Base,All That She Wants,257
Génération Top 50 (7793 titres),170,2,2256687,All That She Wants,Ace Of Base,Greatest Hits,210
Génération Top 50 (7793 titres),171,2,2125131,All That She Wants (Banghra Version),Ace Of Base,All That She Wants,257
Génération Top 50 (7793 titres),171,2,1428832,All That She Wants (Banghra version),Ace Of Base,All That She Wants (The Remixes) - EP,257
Génération Top 50 (7793 titres),172,2,2023038,All That She Wants (Madness Version),Ace Of Base,Dance Remixes,213
Génération Top 50 (7793 titres),172,2,1954189,All That She Wants (Madness version),Ace Of Base,Dance Remixes,213
Génération Top 50 (7793 titres),173,3,2125133,All That She Wants (Radio Edit),Ace Of Base,Dance Remixes,213
Génération Top 50 (7793 titres),173,3,1428727,All That She Wants (radio edit),Ace Of Base,Unknown Album,211
Génération Top 50 (7793 titres),173,3,1954190,All That She Wants (radio edit),Ace Of Base,Dance Remixes,213
Génération Top 50 (7793 titres),174,3,2247797,All the Things You Are,Michael Jackson,Music & Me,179
Génération Top 50 (7793 titres),174,3,2258169,All the Things You Are,Michael Jackson,Music & Me,179
Génération Top 50 (7793 titres),174,3,2262719,All the Things You Are,Michael Jackson,Music & Me,179
Génération Top 50 (7793 titres),175,2,2063537,All the While,Helios,Espera,296
Génération Top 50 (7793 titres),175,2,2173575,All the While,Helios,Espera,296
Génération Top 50 (7793 titres),176,5,1945489,Allo Maman Bobo,Alain Souchon,20 Chansons,211
Génération Top 50 (7793 titres),176,5,2232612,"Allô ! maman, bobo",Alain Souchon,Jamais content,211
Génération Top 50 (7793 titres),176,5,2265183,"Allô ! maman, bobo",Alain Souchon,Jamais content,211
Génération Top 50 (7793 titres),176,5,1945488,Allô Maman Bobo,Alain Souchon,(Collection),209
Génération Top 50 (7793 titres),176,5,1242495,Allô maman bobo,Alain Souchon,Jamais Content,209
Génération Top 50 (7793 titres),177,2,2109957,Alphabet St.,Prince,Lovesexy,340
Génération Top 50 (7793 titres),177,2,2167780,Alphabet St.,Prince,Lovesexy,340
Génération Top 50 (7793 titres),178,3,1966324,Amar y Amar,Florent Pagny,C'est Comme Ca,203
Génération Top 50 (7793 titres),178,3,2057758,Amar y amar,Florent Pagny,C'est Comme Ça,204
Génération Top 50 (7793 titres),178,3,2170403,Amar y amar,Florent Pagny,C'est Comme Ça,204
Génération Top 50 (7793 titres),179,4,1347618,Amazing,Madonna,Music,223
Génération Top 50 (7793 titres),179,4,2221787,Amazing,Madonna,Music,222
Génération Top 50 (7793 titres),179,4,2241629,Amazing,Madonna,Music,222
Génération Top 50 (7793 titres),179,4,2265853,Amazing,Madonna,Music,222
Génération Top 50 (7793 titres),180,4,1913201,American Pie,Madonna,American Pie - Single,275
Génération Top 50 (7793 titres),180,4,2221793,American Pie,Madonna,Music,275
Génération Top 50 (7793 titres),180,4,2241635,American Pie,Madonna,Music,275
Génération Top 50 (7793 titres),180,4,2265859,American Pie,Madonna,Music,275
Génération Top 50 (7793 titres),181,2,1944646,Ami,Francis Cabrel,Les murs de poussière,174
Génération Top 50 (7793 titres),181,2,2267201,Ami,Francis Cabrel,Les murs de poussière,174
Génération Top 50 (7793 titres),182,2,2056450,Anges gardiens,Début de Soirée,Faut pas exagerer,234
Génération Top 50 (7793 titres),182,2,2156041,Anges gardiens,Début de Soirée,Faut pas exagerer,234
Génération Top 50 (7793 titres),183,2,1235535,Animal,Francis Cabrel,Algo Más de Amor,323
Génération Top 50 (7793 titres),183,2,1944696,Animal,Francis Cabrel,Sarbacane (Remastered),327
Génération Top 50 (7793 titres),184,2,1960327,Another Day In Paradise,Phil Collins,The Singles (Deluxe Edition),336
Génération Top 50 (7793 titres),184,2,2256649,Another Day In Paradise,Phil Collins,The Singles (CD2),323
Génération Top 50 (7793 titres),185,2,2220221,Another Time,Phil Collins,Dance Lessons: The DITL Demos,323
Génération Top 50 (7793 titres),185,2,2240433,Another Time,Phil Collins,Dance Lessons: The DITL Demos,323
Génération Top 50 (7793 titres),186,2,1202301,Anymore,Whitney Houston,I’m Your Baby Tonight,263
Génération Top 50 (7793 titres),186,2,1935299,Anymore,Whitney Houston,I'm Your Baby Tonight,262
Génération Top 50 (7793 titres),187,3,2114553,Anyone Out There,Duran Duran,Anyone_Out_There,239
Génération Top 50 (7793 titres),187,3,2165014,Anyone Out There,Duran Duran,Duran Duran,245
Génération Top 50 (7793 titres),187,3,2110110,Anyone Out There?,Duran Duran,Duran Duran,245
Génération Top 50 (7793 titres),188,3,2002784,As,George Michael,Ladies & Gentlemen,271
Génération Top 50 (7793 titres),188,3,2002786,As,George Michael,Ladies & Gentlemen: the Best of George Michael  (Compilation)  (Disc 2: for the Feet),282
Génération Top 50 (7793 titres),188,3,2002788,As,George Michael,George Michael,282
Génération Top 50 (7793 titres),189,2,2096958,As (Original),George Michael; Mary J. Blige,As,271
Génération Top 50 (7793 titres),189,2,1870989,As (original),George Michael Mary J. Blige,As,271
Génération Top 50 (7793 titres),190,2,2063532,Attendre,Julio Iglesias,L'homme que je suis,222
Génération Top 50 (7793 titres),190,2,2173552,Attendre,Julio Iglesias,L'homme que je suis,222
Génération Top 50 (7793 titres),191,2,1979979,Attention les enfants danger,Michel Sardou,Les 100 Plus Belles Chansons,257
Génération Top 50 (7793 titres),191,2,1979789,Attention les enfants... danger,Michel Sardou,La même eau qui coule,250
Génération Top 50 (7793 titres),192,3,2091669,Auf der Piste,Tbbros.,Analog Tapes 11 - Minimal Tech House Experience,464
Génération Top 50 (7793 titres),192,3,2198953,Auf der Piste,Tbbros.,Analog Tapes 11 - Minimal Tech House Experience,464
Génération Top 50 (7793 titres),192,3,2260714,Auf der Piste,Tbbros.,Analog Tapes 11 - Minimal Tech House Experience,464
Génération Top 50 (7793 titres),193,4,1944647,Automne (Colchiques dans les prés),Francis Cabrel,Les murs de poussière,147
Génération Top 50 (7793 titres),193,4,2197825,Automne (Colchiques dans les prés),Francis Cabrel,Les murs de poussière,147
Génération Top 50 (7793 titres),193,4,2236331,Automne (Colchiques dans les prés),Francis Cabrel,Les murs de poussière,147
Génération Top 50 (7793 titres),193,4,2267202,Automne (Colchiques dans les prés),Francis Cabrel,Les murs de poussière,146
Génération Top 50 (7793 titres),194,2,1966224,Avec Un Peu D'Avance,Florent Pagny,Aime la Vie,233
Génération Top 50 (7793 titres),194,2,1997255,Avec Un Peu D'avance,Florent Pagny,Aime la Vie,233
Génération Top 50 (7793 titres),195,3,2217368,Avec ce soleil,Patricia Kaas,Chante Piaf,162
Génération Top 50 (7793 titres),195,3,2229093,Avec ce soleil,Patricia Kaas,Chante Piaf,162
Génération Top 50 (7793 titres),195,3,2265839,Avec ce soleil,Patricia Kaas,Chante Piaf,162
Génération Top 50 (7793 titres),196,2,1959267,Aïcha (version mixte),Khaled,Aïcha,262
Génération Top 50 (7793 titres),196,2,2259022,Aïcha (version mixte),Khaled,Aïcha,259
Génération Top 50 (7793 titres),197,3,2212176,BEAUTIFUL MISTAKES,Maroon 5 & Megan Thee Stallion,JORDI,227
Génération Top 50 (7793 titres),197,3,2212177,BEAUTIFUL MISTAKES,Maroon 5 & Megan Thee Stallion,JORDI,227
Génération Top 50 (7793 titres),197,3,2212178,BEAUTIFUL MISTAKES,Maroon 5 & Megan Thee Stallion,JORDI,227
Génération Top 50 (7793 titres),198,3,2187967,BIENVENUE CHEZ MOI,Florent Pagny,FLORENT PAGNY,253
Génération Top 50 (7793 titres),198,3,1966353,Bienvenue chez moi,Florent Pagny,De Part et d'autre CD3 (triple best of),249
Génération Top 50 (7793 titres),198,3,1966366,Bienvenue chez moi,Florent Pagny,Bienvenue chez moi,250
Génération Top 50 (7793 titres),199,2,2230969,BILLIE JEAN (ORIGINAL 12′′ VERSION),Michael Jackson,KING OF POP∶ THE FRENCH FANS' SELECTION (DISC 3),382
Génération Top 50 (7793 titres),199,2,1935215,"Billie Jean (Original 12"" Version)",Michael Jackson,King Of Pop (The French Fans' Selection),382
Génération Top 50 (7793 titres),200,2,2230950,BLACK OR WHITE (SINGLE VERSION),Michael Jackson,THE ESSENTIAL MICHAEL JACKSON,195
Génération Top 50 (7793 titres),200,2,2230949,BLACK OR WHITE - SINGLE VERSION,Michael Jackson,THE ESSENTIAL MICHAEL JACKSON,195
Génération Top 50 (7793 titres),201,2,2215075,BROUILLARD,Jean-Jacques Goldman,Unknown Album,307
Génération Top 50 (7793 titres),201,2,2215101,BROUILLARD,Jean-Jacques Goldman,DÉMODÉ,307
Génération Top 50 (7793 titres),202,2,1209121,Babacar,France Gall,Babacar,289
Génération Top 50 (7793 titres),202,2,2061157,Babacar,France Gall,Babacar (Remasterisé),289
Génération Top 50 (7793 titres),203,3,2114821,Baby,Prince,For You,190
Génération Top 50 (7793 titres),203,3,2166164,Baby,Prince,For You,190
Génération Top 50 (7793 titres),203,3,1279953,ベイビー = Baby,Prince,For You,190
Génération Top 50 (7793 titres),204,2,2200360,Bad,Michael Jackson,Bad,247
Génération Top 50 (7793 titres),204,2,2200362,Bad,Michael Jackson,Bad,243
Génération Top 50 (7793 titres),205,2,1950592,Bagatelle,Bandolero,Unknown Album,237
Génération Top 50 (7793 titres),205,2,2267621,Bagatelle,Bandolero,Best of Bandolero (Le meilleur des années 80),237
Génération Top 50 (7793 titres),206,2,2067157,Ballad Medley: Tenderly / Autumn in New York / East of the Sun (West of the Moon) / I Can't Get Started,Stan Getz & Lionel Hampton,Hamp and Getz,491
Génération Top 50 (7793 titres),206,2,2197737,Ballad Medley: Tenderly / Autumn in New York / East of the Sun (West of the Moon) / I Can't Get Started,Stan Getz & Lionel Hampton,Hamp and Getz,491
Génération Top 50 (7793 titres),207,2,1235945,Ballade de Jim,Alain Souchon,C'est comme vous voulez,265
Génération Top 50 (7793 titres),207,2,2128257,Ballade de Jim,Alain Souchon,C'est comme vous voulez,265
Génération Top 50 (7793 titres),208,3,1350216,Barbra Streisand (HK mix),Weekend Millionaires,100 Hits Running Songs,295
Génération Top 50 (7793 titres),208,3,2068281,Barbra Streisand (HK mix),Weekend Millionaires,[standalone recordings],295
Génération Top 50 (7793 titres),208,3,2017320,Barbra Streisand (Hk mix),Weekend Millionaires,Unknown Album,295
Génération Top 50 (7793 titres),209,2,1302337,Baroud,Khaled Safy Boutella,Kutche,238
Génération Top 50 (7793 titres),209,2,1302347,Baroud,Khaled & Safy Boutella,Kutché,238
Génération Top 50 (7793 titres),210,3,2114815,Batdance,Prince,Batman,373
Génération Top 50 (7793 titres),210,3,2162940,Batdance,Prince,Batman,373
Génération Top 50 (7793 titres),210,3,2271583,Batdance,Prince,Batman,373
Génération Top 50 (7793 titres),211,2,2098517,Be My Icon,Duran Duran,Medazzaland,315
Génération Top 50 (7793 titres),211,2,2178330,Be My Icon,Duran Duran,Medazzaland,315
Génération Top 50 (7793 titres),212,2,2256763,Be My Lover,La Bouche,The Best of 80-90,241
Génération Top 50 (7793 titres),212,2,2276283,Be My Lover,La Bouche,Vol 10,177
Génération Top 50 (7793 titres),213,2,2169167,Be My Lover (House Mix),La Bouche,Sweet Dreams,235
Génération Top 50 (7793 titres),213,2,2112287,Be My Lover (House mix),La Bouche,Sweet Dreams,235
Génération Top 50 (7793 titres),214,2,1904772,Beat Goes On,Madonna,Hard Candy,266
Génération Top 50 (7793 titres),214,2,2272170,Beat Goes On,Madonna,Hard Candy,266
Génération Top 50 (7793 titres),215,2,2122634,Beautiful,Kylie Minogue,Kiss Me Once,204
Génération Top 50 (7793 titres),215,2,2167587,Beautiful,Kylie Minogue,Kiss Me Once,205
Génération Top 50 (7793 titres),216,8,1270695,Beautiful Life,Ace Of Base,Playlist: The Very Best of Ace of Base,219
Génération Top 50 (7793 titres),216,8,1270721,Beautiful Life,Ace Of Base,Beautiful Life (single),221
Génération Top 50 (7793 titres),216,8,1428807,Beautiful Life,Ace Of Base,Beautiful Life (Remixes) - Ep,221
Génération Top 50 (7793 titres),216,8,1954079,Beautiful Life,Ace Of Base,DeLuxe Collection,221
Génération Top 50 (7793 titres),216,8,1984066,Beautiful Life,Ace Of Base,The Bridge,221
Génération Top 50 (7793 titres),216,8,1984068,Beautiful Life,Ace Of Base,The Bridge,221
Génération Top 50 (7793 titres),216,8,1984069,Beautiful Life,Ace Of Base,The Bridge,221
Génération Top 50 (7793 titres),216,8,1997120,Beautiful Life,Ace Of Base,The Bridge,221
Génération Top 50 (7793 titres),217,2,1347534,Beethoven,Michel Sardou,Millésimes,219
Génération Top 50 (7793 titres),217,2,2182413,Beethoven,Michel Sardou,Millésimes,219
Génération Top 50 (7793 titres),218,3,2216104,Before I Sleep,Goldmund;Scott Moore,Layers of Afternoon,150
Génération Top 50 (7793 titres),218,3,2227808,Before I Sleep,Goldmund;Scott Moore,Layers of Afternoon,150
Génération Top 50 (7793 titres),218,3,2261617,Before I Sleep,Goldmund;Scott Moore,Layers of Afternoon,150
Génération Top 50 (7793 titres),219,2,2006665,Begging (Dennis Kruissen Remix),Various Artists,Deep House Top 50,158
Génération Top 50 (7793 titres),219,2,2199021,Begging (Dennis Kruissen Remix),Various Artists,Deep House Top 50,158
Génération Top 50 (7793 titres),220,2,1294977,Bent Sahra,Taha/Khaled/Faudel,"1,2,3 Soleils",439
Génération Top 50 (7793 titres),220,2,2091707,Bent Sahra,"Taha, Khaled, Faudel","1,2,3 Soleils",441
Génération Top 50 (7793 titres),221,2,1979834,Bercy 2001. Chanteur De Jazz,Michel Sardou,2001,249
Génération Top 50 (7793 titres),221,2,2196715,Bercy 2001. Chanteur De Jazz,Michel Sardou,2001,249
Génération Top 50 (7793 titres),222,2,1979857,Bercy 89. Chanteur De Jazz,Michel Sardou,1989,275
Génération Top 50 (7793 titres),222,2,2196711,Bercy 89. Chanteur De Jazz,Michel Sardou,1989,275
Génération Top 50 (7793 titres),223,2,1979909,Bercy 93. Chanteur De Jazz,Michel Sardou,1993,265
Génération Top 50 (7793 titres),223,2,2196713,Bercy 93. Chanteur De Jazz,Michel Sardou,1993,265
Génération Top 50 (7793 titres),224,4,1485594,"Besoin De Rien, Envie De Toi",Peter & Sloane,"Besoin De Rien, Envie De Toi",220
Génération Top 50 (7793 titres),224,4,2000459,Besoin de Rien Envie de Toi,Peter & Sloane,Master Gold France [Disc 2],211
Génération Top 50 (7793 titres),224,4,2096302,"Besoin de Rien, Envie de Toi",Peter & Sloane,"Besoin de Rien, Envie de Toi",211
Génération Top 50 (7793 titres),224,4,1869811,Besoin de rien envie de toi,Peter & Sloane,"Besoin de Rien, Envie de Toi",211
Génération Top 50 (7793 titres),225,2,1235197,Besslama,Khaled,"Fuir, Mais Où?",345
Génération Top 50 (7793 titres),225,2,2123158,Besslama,Khaled,"Fuir, Mais Où?",345
Génération Top 50 (7793 titres),226,2,1347613,Best Friend,Madonna,MDNA (Nightlife edition),202
Génération Top 50 (7793 titres),226,2,1349096,Best Friend,Madonna,MDNA,201
Génération Top 50 (7793 titres),227,2,2109070,Best Thing I Got,Sabrina Carpenter,Eyes Wide Open,199
Génération Top 50 (7793 titres),227,2,2155938,Best Thing I Got,Sabrina Carpenter,Eyes Wide Open,199
Génération Top 50 (7793 titres),228,2,2256659,Better The Devil You Know,Kylie Minogue,Ultimate Kylie cd1,233
Génération Top 50 (7793 titres),228,2,2059290,Better the Devil You Know,Kylie Minogue,Rhythm of Love,232
Génération Top 50 (7793 titres),229,2,2059497,Big Bang Generation,Duran Duran,Medazzaland,284
Génération Top 50 (7793 titres),229,2,2169371,Big Bang Generation,Duran Duran,Medazzaland,284
Génération Top 50 (7793 titres),230,2,2013055,Billie Jean,Michael Jackson,Unknown Ground,297
Génération Top 50 (7793 titres),230,2,2193581,Billie Jean,Michael Jackson,Michael Jackson's This Is It,292
Génération Top 50 (7793 titres),231,2,2013054,Billie Jean (Long Version),Michael Jackson,Unknown Ground,382
Génération Top 50 (7793 titres),231,2,1686520,Billie Jean (long version),Michael Jackson,THRILLER (SPECIAL EDIT),382
Génération Top 50 (7793 titres),232,3,2193568,Black or White,Michael Jackson,Number Ones,383
Génération Top 50 (7793 titres),232,3,2200347,Black or White,Michael Jackson,Dangerous,256
Génération Top 50 (7793 titres),232,3,2276779,Black or White,Michael Jackson,Number Ones  (Compilation)  (Mp3),383
Génération Top 50 (7793 titres),233,2,1242522,Blue Eyes Crying in the Rain,Alain Bashung,Osez Joséphine,133
Génération Top 50 (7793 titres),233,2,2197885,Blue Eyes Crying in the Rain,Alain Bashung,Osez Joséphine,133
Génération Top 50 (7793 titres),234,3,2228612,Bonjour Tristesse,Alain Souchon,La Vie Théodore,203
Génération Top 50 (7793 titres),234,3,2232355,Bonjour Tristesse,Alain Souchon,La Vie Théodore,203
Génération Top 50 (7793 titres),234,3,2265587,Bonjour Tristesse,Alain Souchon,La Vie Théodore,203
Génération Top 50 (7793 titres),235,2,1235447,Bonne nouvelle,Francis Cabrel,L'essentiel (1977-2007),130
Génération Top 50 (7793 titres),235,2,1944704,Bonne nouvelle,Francis Cabrel,Les Beaux Dégâts,281
Génération Top 50 (7793 titres),236,3,2061222,Boom! Shake The Room,DJ Jazzy Jeff & the Fresh Prince,Original Album Classics,226
Génération Top 50 (7793 titres),236,3,2256731,Boom! Shake The Room,DJ Jazzy Jeff & the Fresh Prince,Code Red,226
Génération Top 50 (7793 titres),236,3,2061214,Boom! Shake the Room,DJ Jazzy Jeff & the Fresh Prince,Code Red,226
Génération Top 50 (7793 titres),237,4,2165004,Breath After Breath,Duran Duran,Duran Duran (The Wedding Album),297
Génération Top 50 (7793 titres),237,4,2199053,Breath After Breath,Duran Duran,Duran Duran (The Wedding Album),297
Génération Top 50 (7793 titres),237,4,2256991,Breath After Breath,Duran Duran,Duran Duran (The Wedding Album),297
Génération Top 50 (7793 titres),237,4,2260802,Breath After Breath,Duran Duran,Duran Duran (The Wedding Album),297
Génération Top 50 (7793 titres),238,3,2216670,Buffalo débile,Renaud,Laisse béton,141
Génération Top 50 (7793 titres),238,3,2228301,Buffalo débile,Renaud,Laisse béton,141
Génération Top 50 (7793 titres),238,3,2263841,Buffalo débile,Renaud,Laisse béton,141
Génération Top 50 (7793 titres),239,3,2176085,Bye Bye Valentine,Indochine,La République des Meteors,281
Génération Top 50 (7793 titres),239,3,2217100,Bye Bye Valentine,Indochine,La République des Meteors,281
Génération Top 50 (7793 titres),239,3,2262516,Bye Bye Valentine,Indochine,La République des Meteors,281
Génération Top 50 (7793 titres),240,2,2230315,C'EST DANS L'AIR,Mylène Farmer,POINT DE SUTURE,269
Génération Top 50 (7793 titres),240,2,1848871,C’est dans l’air,Mylène Farmer,2001-2011,269
Génération Top 50 (7793 titres),241,3,2202266,C'EST PAS D'L'AMOUR,Fredericks Goldman Jones,SUR SCÈNE,365
Génération Top 50 (7793 titres),241,3,2032599,C’Est Pas D’L’Amour,Fredericks Goldman Jones,Fredericks Goldman Jones,296
Génération Top 50 (7793 titres),241,3,2120534,C’est pas d’l’amour,Fredericks Goldman Jones,Pluriel 90-96,297
Génération Top 50 (7793 titres),242,3,2201837,C'EST PAS VRAI,Jean-Jacques Goldman,CHANSONS POUR LES PIEDS,296
Génération Top 50 (7793 titres),242,3,1955530,C'est pas vrai,Jean-Jacques Goldman,Chansons pour les pieds,296
Génération Top 50 (7793 titres),242,3,2215117,C’EST PAS VRAI,Jean-Jacques Goldman,UN TOUR ENSEMBLE,418
Génération Top 50 (7793 titres),243,3,2201753,C'EST TA CHANCE,Jean-Jacques Goldman,ENTRE GRIS CLAIR ET GRIS FONCÉ,261
Génération Top 50 (7793 titres),243,3,2058132,C’est ta chance,Jean-Jacques Goldman,Entre gris clair et gris foncé,308
Génération Top 50 (7793 titres),243,3,2165390,C’est ta chance,Jean-Jacques Goldman,Entre gris clair et gris foncé,308
Génération Top 50 (7793 titres),244,12,2202489,C'EST ÉCRIT,Francis Cabrel,SARBACANE,354
Génération Top 50 (7793 titres),244,12,2202498,C'EST ÉCRIT,Francis Cabrel,L'ESSENTIEL: 1977-2007 [DISC 1],350
Génération Top 50 (7793 titres),244,12,1235460,C'est écrit,Francis Cabrel,L'Essentiel : 1977-2007,350
Génération Top 50 (7793 titres),244,12,1235461,C'est écrit,Francis Cabrel,L'Essentiel : 1977-2007,350
Génération Top 50 (7793 titres),244,12,1235489,C'est écrit,Francis Cabrel,Sarbacane (Remastered),354
Génération Top 50 (7793 titres),244,12,1235490,C'est écrit,Francis Cabrel,Sarbacane (Remastered),352
Génération Top 50 (7793 titres),244,12,1235514,C'est écrit,Francis Cabrel,L'essentiel / 1977 - 2007,350
Génération Top 50 (7793 titres),244,12,2202502,C’EST ÉCRIT,Francis Cabrel,L’ESSENTIEL : 1977-2007,354
Génération Top 50 (7793 titres),244,12,1235479,C’est écrit,Francis Cabrel,Various Artists,350
Génération Top 50 (7793 titres),244,12,1235503,C’est écrit,Francis Cabrel,L’Essentiel 1977-2017,352
Génération Top 50 (7793 titres),244,12,1235504,C’est écrit,Francis Cabrel,L’Essentiel 1977-2017,350
Génération Top 50 (7793 titres),244,12,2114153,C’est écrit,Francis Cabrel,Various Artists,353
Génération Top 50 (7793 titres),245,3,1966323,C'est Comme Ça,Florent Pagny,C'est Comme Ca,268
Génération Top 50 (7793 titres),245,3,2170404,C'est Comme Ça,Florent Pagny,C'est Comme Ça,269
Génération Top 50 (7793 titres),245,3,2202677,C’EST COMME ÇA,Florent Pagny,C'EST COMME ÇA,269
Génération Top 50 (7793 titres),246,4,1979810,C'est Ma Vie,Michel Sardou,Les 50 Plus Belles Chansons Disc 2,270
Génération Top 50 (7793 titres),246,4,1492467,C'est ma vie,Michel Sardou,La java de Broadway,270
Génération Top 50 (7793 titres),246,4,2217254,C'est ma vie,Michel Sardou,La java de Broadway,270
Génération Top 50 (7793 titres),246,4,2265734,C'est ma vie,Michel Sardou,La java de Broadway,270
Génération Top 50 (7793 titres),247,2,2027052,C'est Pas D'l'amour,Jean-Jacques Goldman,Pluriel 90-96,359
Génération Top 50 (7793 titres),247,2,2032605,C’Est Pas D’L’Amour,Jean-Jacques Goldman,Fredericks Goldman Jones,297
Génération Top 50 (7793 titres),248,2,1484189,C'est Quand Qu'on Va Où,Renaud,Dans mes cordes,220
Génération Top 50 (7793 titres),248,2,2135767,C’est quand qu’on va où ?,Renaud,Dans mes cordes,220
Génération Top 50 (7793 titres),249,3,2217370,C'est un gars,Patricia Kaas,Chante Piaf,186
Génération Top 50 (7793 titres),249,3,2229095,C'est un gars,Patricia Kaas,Chante Piaf,186
Génération Top 50 (7793 titres),249,3,2265841,C'est un gars,Patricia Kaas,Chante Piaf,186
Génération Top 50 (7793 titres),250,4,1235478,C'était l'hiver,Francis Cabrel,Various Artists,233
Génération Top 50 (7793 titres),250,4,1944691,C'était l'hiver,Francis Cabrel,Cabrel Public,241
Génération Top 50 (7793 titres),250,4,1235498,C’était l’hiver,Francis Cabrel,L'essentiel / 1977 - 2007,232
Génération Top 50 (7793 titres),250,4,1944683,C’était l’hiver,Francis Cabrel,D'une Ombre À L'Autre 3,234
Génération Top 50 (7793 titres),251,2,2101845,C'était un homme,Les Rita Mitsouko,Cool Frénésie,274
Génération Top 50 (7793 titres),251,2,2164156,C'était un homme,Les Rita Mitsouko,Cool Frénésie,274
Génération Top 50 (7793 titres),252,3,1215842,CACHÉ DERRIÈRE,Laurent Voulzy,Le Gothique Flamboyant Pop Dancing Tour,308
Génération Top 50 (7793 titres),252,3,2213175,CACHÉ DERRIÈRE,Laurent Voulzy,CACHÉ DERRIÈRE,300
Génération Top 50 (7793 titres),252,3,1215858,Caché Derrière,Laurent Voulzy,Cache Derriere,300
Génération Top 50 (7793 titres),253,2,2213392,CAN'T GET YOU OUT OF MY HEAD,Kylie Minogue,CAN'T GET YOU OUT OF MY HEAD,229
Génération Top 50 (7793 titres),253,2,2213394,CAN'T GET YOU OUT OF MY HEAD,Kylie Minogue,CAN'T GET YOU OUT OF MY HEAD,229
Génération Top 50 (7793 titres),254,4,2187966,CARUSO,Florent Pagny,FLORENT PAGNY,342
Génération Top 50 (7793 titres),254,4,1966281,Caruso,Florent Pagny,De Part et d'autre CD1 (triple best of),342
Génération Top 50 (7793 titres),254,4,1966369,Caruso,Florent Pagny,Caruso,343
Génération Top 50 (7793 titres),254,4,2114001,Caruso,Florent Pagny,Various Artists,343
Génération Top 50 (7793 titres),255,3,1959262,CHEBBA,Khaled,INCONNU,330
Génération Top 50 (7793 titres),255,3,1235140,Chebba,Khaled,Unknown Album,344
Génération Top 50 (7793 titres),255,3,2113246,Chebba,Khaled,N'Ssi N'Ssi,349
Génération Top 50 (7793 titres),256,7,2202681,CHÂTELET LES HALLES,Florent Pagny,CHÂTELET LES HALLES,306
Génération Top 50 (7793 titres),256,7,2057763,Châtelet les Halles,Florent Pagny,Châtelet les Halles,308
Génération Top 50 (7793 titres),256,7,2170409,Châtelet les Halles,Florent Pagny,Châtelet les Halles,308
Génération Top 50 (7793 titres),256,7,2260369,Châtelet les Halles,Florent Pagny,Châtelet les Halles,302
Génération Top 50 (7793 titres),256,7,2260370,Châtelet les Halles,Florent Pagny,Châtelet les Halles,310
Génération Top 50 (7793 titres),256,7,1966275,Châtelet les halles,Florent Pagny,De Part et d'autre CD1 (triple best of),306
Génération Top 50 (7793 titres),256,7,2113999,Châtelet‐les‐Halles,Florent Pagny,Châtelet les Halles,307
Génération Top 50 (7793 titres),257,2,2215047,CONFIDENTIEL,Jean-Jacques Goldman,NON HOMOLOGUÉ,156
Génération Top 50 (7793 titres),257,2,2215087,CONFIDENTIEL,Jean-Jacques Goldman,EN PUBLIC,183
Génération Top 50 (7793 titres),258,2,2274907,Ca fait des nuits,Divers,"C'était mieux avant : Les années 80, vol. 2",234
Génération Top 50 (7793 titres),258,2,2274908,Ca fait des nuits,Divers,"C'était mieux avant : Les années 80, vol. 2",234
Génération Top 50 (7793 titres),259,2,2112262,Call Me,DJ Khaled,Gutta,194
Génération Top 50 (7793 titres),259,2,2166748,Call Me,DJ Khaled,Gutta,194
Génération Top 50 (7793 titres),260,3,2221479,Call My Name,Prince,Musicology,315
Génération Top 50 (7793 titres),260,3,2241341,Call My Name,Prince,Musicology,315
Génération Top 50 (7793 titres),260,3,2261066,Call My Name,Prince,Musicology,315
Génération Top 50 (7793 titres),261,4,1492960,Call You Tonight,Whitney Houston,Various Artists,253
Génération Top 50 (7793 titres),261,4,1492986,Call You Tonight,Whitney Houston,I Look To You,250
Génération Top 50 (7793 titres),261,4,1891616,Call You Tonight,Whitney Houston,I Look to You,253
Génération Top 50 (7793 titres),261,4,2267167,Call You Tonight,Whitney Houston,I Look To You,250
Génération Top 50 (7793 titres),262,2,2154226,Can't Find My Way,Phil Collins,Unknown Album,309
Génération Top 50 (7793 titres),262,2,2062192,Can’t Find My Way,Phil Collins,Both Sides (Deluxe Edition),309
Génération Top 50 (7793 titres),263,4,1960331,Can't Stop Loving You,Phil Collins,The Singles (Deluxe Edition),258
Génération Top 50 (7793 titres),263,4,2220212,Can't Stop Loving You,Phil Collins,2002/11/12 - Testify [US CD],257
Génération Top 50 (7793 titres),263,4,2240424,Can't Stop Loving You,Phil Collins,2002/11/12 - Testify [US CD],257
Génération Top 50 (7793 titres),263,4,2000415,Can’T Stop Loving You,Phil Collins,Testify,258
Génération Top 50 (7793 titres),264,2,1960381,Can't Turn Back the Years,Phil Collins,Best Ballads,278
Génération Top 50 (7793 titres),264,2,1960376,Can’t Turn Back the Years,Phil Collins,Best Ballads,275
Génération Top 50 (7793 titres),265,2,2061215,Can't Wait to Be With You,DJ Jazzy Jeff & the Fresh Prince,Code Red,232
Génération Top 50 (7793 titres),265,2,2061223,Can’t Wait to Be With You,DJ Jazzy Jeff & the Fresh Prince,Original Album Classics,232
Génération Top 50 (7793 titres),266,2,1347591,Candy Shop,Madonna,Hard Candy,257
Génération Top 50 (7793 titres),266,2,1904767,Candy Shop,Madonna,Hard Candy,255
Génération Top 50 (7793 titres),267,2,2108478,Can’t See Yall,DJ Khaled,Gutta,224
Génération Top 50 (7793 titres),267,2,2166744,Can’t See Yall,DJ Khaled,Gutta,224
Génération Top 50 (7793 titres),268,2,1176994,Cap Falcon,Étienne Daho,L'Invitation,290
Génération Top 50 (7793 titres),268,2,2124910,Cap Falcon,Étienne Daho,L'Invitation,290
Génération Top 50 (7793 titres),269,2,1187586,Captain Nemo,Ace Of Base,Flowers (Remastered),242
Génération Top 50 (7793 titres),269,2,2123375,Captain Nemo,Ace Of Base,Flowers,242
Génération Top 50 (7793 titres),270,2,2114554,Careless Memories,Duran Duran,Duran Duran,235
Génération Top 50 (7793 titres),270,2,2165016,Careless Memories,Duran Duran,Duran Duran,235
Génération Top 50 (7793 titres),271,2,2031443,Careless Whisper,George Michael,Ladies & Gentlemen,299
Génération Top 50 (7793 titres),271,2,2140611,Careless Whisper,George Michael,Careless Whisper,209
Génération Top 50 (7793 titres),272,2,2103254,Cash Flow,DJ Khaled,Gutta,262
Génération Top 50 (7793 titres),272,2,2166734,Cash Flow,DJ Khaled,Gutta,262
Génération Top 50 (7793 titres),273,2,1197062,Caught in the Middle (Love & Life),DJ Jazzy Jeff & the Fresh Prince,Homebase,261
Génération Top 50 (7793 titres),273,2,2102561,Caught in the Middle (Love & Life),DJ Jazzy Jeff & the Fresh Prince,Original Album Classics,261
Génération Top 50 (7793 titres),274,2,1279788,Ce soir je ne dors pas,France Gall,France Gall,188
Génération Top 50 (7793 titres),274,2,2061171,Ce soir je ne dors pas,France Gall,France Gall (Remasterisé),188
Génération Top 50 (7793 titres),275,2,2093458,Celebrate,DJ Khaled,Father of Asahd,206
Génération Top 50 (7793 titres),275,2,2198290,Celebrate,DJ Khaled,Father of Asahd,206
Génération Top 50 (7793 titres),276,7,1282484,Celebrate You,Kylie Minogue,Various Artists,221
Génération Top 50 (7793 titres),276,7,2131513,Celebrate You,Kylie Minogue,Various Artists,221
Génération Top 50 (7793 titres),276,7,2198245,Celebrate You,Kylie Minogue,Disco,312
Génération Top 50 (7793 titres),276,7,2198411,Celebrate You,Kylie Minogue,Various Artists,221
Génération Top 50 (7793 titres),276,7,2198412,Celebrate You,Kylie Minogue,Various Artists,221
Génération Top 50 (7793 titres),276,7,2236815,Celebrate You,Kylie Minogue,Various Artists,221
Génération Top 50 (7793 titres),276,7,2236816,Celebrate You,Kylie Minogue,Various Artists,221
Génération Top 50 (7793 titres),277,2,1221468,Celui qui chante,Michel Berger,Beauséjour,190
Génération Top 50 (7793 titres),277,2,2124279,Celui qui chante,Michel Berger,Celui qui chante,189
Génération Top 50 (7793 titres),278,2,2102900,Celui qui s’en va,Patrick Bruel,Entre‐deux…,208
Génération Top 50 (7793 titres),278,2,2165407,Celui qui s’en va,Patrick Bruel,Entre-Deux...,208
Génération Top 50 (7793 titres),279,2,2220094,Center of the Circle,Phil Collins,Remembers the Past,196
Génération Top 50 (7793 titres),279,2,2240342,Center of the Circle,Phil Collins,Remembers the Past,196
Génération Top 50 (7793 titres),280,2,1965398,Ces petits riens,Daniel Balavoine,L'essentiel CD 1,205
Génération Top 50 (7793 titres),280,2,1965471,Ces petits riens,Daniel Balavoine,L'Essentiel,205
Génération Top 50 (7793 titres),281,2,1176976,Cet air étrange,Étienne Daho,L'Invitation,241
Génération Top 50 (7793 titres),281,2,2124911,Cet air étrange,Étienne Daho,L'Invitation,241
Génération Top 50 (7793 titres),282,2,1302340,Chab Rassi,Khaled Safy Boutella,Kutche,304
Génération Top 50 (7793 titres),282,2,1302350,Chab Rassi,Khaled & Safy Boutella,Kutché,304
Génération Top 50 (7793 titres),283,2,1944645,Change de docteur,Francis Cabrel,Les murs de poussière,212
Génération Top 50 (7793 titres),283,2,2267200,Change de docteur,Francis Cabrel,Les murs de poussière,212
Génération Top 50 (7793 titres),284,3,2120026,Chanson simple,Patricia Kaas,Dans ma chair,203
Génération Top 50 (7793 titres),284,3,2172445,Chanson simple,Patricia Kaas,Dans ma chair,203
Génération Top 50 (7793 titres),284,3,2271838,Chanson simple,Patricia Kaas,Dans ma chair,203
Génération Top 50 (7793 titres),285,3,1966212,Chanter,Florent Pagny,Triple Best Of,230
Génération Top 50 (7793 titres),285,3,1966279,Chanter,Florent Pagny,De Part et d'autre CD1 (triple best of),228
Génération Top 50 (7793 titres),285,3,2021468,Chanter,Florent Pagny,Savoir Aimer,226
Génération Top 50 (7793 titres),286,2,1221455,Chanter pour ceux qui sont loin de chez eux,Michel Berger,Différences,222
Génération Top 50 (7793 titres),286,2,2114052,Chanter pour ceux qui sont loin de chez eux,Michel Berger,Celui qui chante,219
Génération Top 50 (7793 titres),287,2,2081267,Chanteur de jazz (Playback orchestre),Michel Sardou,Je vole,285
Génération Top 50 (7793 titres),287,2,2197015,Chanteur de jazz (Playback orchestre),Michel Sardou,En chantant,285
Génération Top 50 (7793 titres),288,2,2055833,Chaos and Disorder,Prince,Chaos and Disorder,259
Génération Top 50 (7793 titres),288,2,2169481,Chaos and Disorder,Prince,Chaos and Disorder,259
Génération Top 50 (7793 titres),289,2,2170400,Chaque Jour Est Un Long Chemin,Elsa,Chaque Jour Est Un Long Chemin,275
Génération Top 50 (7793 titres),289,2,2223734,Chaque Jour Est Un Long Chemin,Elsa,Chaque Jour Est Un Long Chemin,275
Génération Top 50 (7793 titres),290,2,1302338,Chebba,Khaled Safy Boutella,Kutche,346
Génération Top 50 (7793 titres),290,2,1302348,Chebba,Khaled & Safy Boutella,Kutché,346
Génération Top 50 (7793 titres),291,2,1351210,Cherokee,Stan Getz & Lionel Hampton,Hamp and Getz,559
Génération Top 50 (7793 titres),291,2,2114030,Cherokee,Stan Getz & Lionel Hampton,Hamp and Getz,559
Génération Top 50 (7793 titres),292,2,2061788,Chet Baker,Vanessa Paradis,Divinidylle,179
Génération Top 50 (7793 titres),292,2,2169660,Chet Baker,Vanessa Paradis,Divinidylle,179
Génération Top 50 (7793 titres),293,3,1957658,Chocolate,Kylie Minogue,Body Language,302
Génération Top 50 (7793 titres),293,3,2100134,Chocolate,Kylie Minogue,Body Language,300
Génération Top 50 (7793 titres),293,3,2266205,Chocolate,Kylie Minogue,Body Language,302
Génération Top 50 (7793 titres),294,2,2210772,Christmas Isn't Christmas 'Til You Get Here,Kylie Minogue,Kylie Christmas,183
Génération Top 50 (7793 titres),294,2,2246392,Christmas Isn’t Christmas ’Til You Get Here,Kylie Minogue,Kylie Christmas,183
Génération Top 50 (7793 titres),295,3,2221480,Cinnamon Girl,Prince,Musicology,236
Génération Top 50 (7793 titres),295,3,2241342,Cinnamon Girl,Prince,Musicology,236
Génération Top 50 (7793 titres),295,3,2261067,Cinnamon Girl,Prince,Musicology,236
Génération Top 50 (7793 titres),296,2,1980110,Cinq ans passés,Michel Sardou,1972,229
Génération Top 50 (7793 titres),296,2,2079108,Cinq ans passés,Michel Sardou,Danton,230
Génération Top 50 (7793 titres),297,3,1966319,Clandestino,Florent Pagny,Baryton Gracias A La Vida (2012),216
Génération Top 50 (7793 titres),297,3,2107302,Clandestino,Florent Pagny,"Baryton, gracias a la vida",221
Génération Top 50 (7793 titres),297,3,2153848,Clandestino,Florent Pagny,"Baryton, gracias a la vida",221
Génération Top 50 (7793 titres),298,2,1210584,Clarity,24kgoldn,Growing Pains,137
Génération Top 50 (7793 titres),298,2,1210585,Clarity,24kgoldn,Growing Pains,137
Génération Top 50 (7793 titres),299,4,1426621,Classic 80s Megamix,"(Rick Astley, Pet Shop Boys, Forrest, Kool & The Gang, Whitney Houston, Madonna, Taylor Dayne, Black Box)",The DMC Commercial Collection 190 (11/98),1282
Génération Top 50 (7793 titres),299,4,1426629,Classic 80s Megamix,"(Rick Astley, Pet Shop Boys, Forrest, Kool & The Gang, Whitney Houston, Madonna, Taylor Dayne, Black Box)",[Standalone Recordings],1282
Génération Top 50 (7793 titres),299,4,2111169,Classic 80s Megamix,"Rick Astley, Pet Shop Boys, Forrest, Kool & the Gang, Whitney Houston, Madonna, Taylor Dayne & Black Box",The DMC Commercial Collection 190 (11/98),1282
Génération Top 50 (7793 titres),299,4,2260527,Classic 80s Megamix,"Rick Astley, Pet Shop Boys, Forrest, Kool & the Gang, Whitney Houston, Madonna, Taylor Dayne & Black Box",[standalone recordings],1282
Génération Top 50 (7793 titres),300,3,2061216,Code Red,DJ Jazzy Jeff & the Fresh Prince,Code Red,211
Génération Top 50 (7793 titres),300,3,2260347,Code Red,DJ Jazzy Jeff & the Fresh Prince,Code Red,211
Génération Top 50 (7793 titres),300,3,2260348,Code Red,DJ Jazzy Jeff & the Fresh Prince,Code Red,211
Génération Top 50 (7793 titres),301,2,1966285,Combien De Gens,Florent Pagny,Vieillir Avec Toi (Deluxe Version),250
Génération Top 50 (7793 titres),301,2,2012632,Combien de Gens,Florent Pagny,Vieillir Avec Toi (Deluxe Version),210
Génération Top 50 (7793 titres),302,2,1966297,Combien De Gens (Acoustique),Florent Pagny,Vieillir Avec Toi (Deluxe Version),214
Génération Top 50 (7793 titres),302,2,2160838,Combien De Gens (Acoustique),Florent Pagny,Vieillir Avec Toi (Edition Limitée),214
Génération Top 50 (7793 titres),303,2,2098512,Come Undone,Duran Duran,Duran Duran (The Wedding Album),256
Génération Top 50 (7793 titres),303,2,2165003,Come Undone,Duran Duran,Duran Duran (The Wedding Album),256
Génération Top 50 (7793 titres),304,2,2220204,Come With Me,Phil Collins,2002/11/12 - Testify [US CD],274
Génération Top 50 (7793 titres),304,2,2240416,Come With Me,Phil Collins,2002/11/12 - Testify [US CD],274
Génération Top 50 (7793 titres),305,5,1960243,Comme Toi,Jean-Jacques Goldman,2eme Album,258
Génération Top 50 (7793 titres),305,5,2028825,Comme Toi,Jean-Jacques Goldman,En Public,326
Génération Top 50 (7793 titres),305,5,1848600,Comme toi,Jean-Jacques Goldman,...Au Zénith,281
Génération Top 50 (7793 titres),305,5,2259607,Comme toi,Jean-Jacques Goldman,Intégrale 81-91,259
Génération Top 50 (7793 titres),305,5,2259638,Comme toi,Jean-Jacques Goldman,En public,326
Génération Top 50 (7793 titres),306,2,2028807,Comme Toi (Live),Jean-Jacques Goldman,En Public,326
Génération Top 50 (7793 titres),306,2,2028814,Comme Toi (Live),Jean-Jacques Goldman,En Public,327
Génération Top 50 (7793 titres),307,2,2006744,Comme Un Boomerang,Étienne Daho + Dani,Comme Un Boomerang,180
Génération Top 50 (7793 titres),307,2,1299021,Comme un boomerang,Étienne Daho + Dani,Comme un boomerang,180
Génération Top 50 (7793 titres),308,2,2010592,Comme Un Boomerang,Étienne Daho,Live,180
Génération Top 50 (7793 titres),308,2,2121245,Comme un boomerang,Étienne Daho,Daho Show EP,178
Génération Top 50 (7793 titres),309,2,2010594,Comme Un Boomerang (Feat. Dani,Étienne Daho,Live,180
Génération Top 50 (7793 titres),309,2,2010593,Comme Un Boomerang (Feat. Dani),Étienne Daho,Live,180
Génération Top 50 (7793 titres),310,3,1248250,Comme au cinéma,Various Artists,Années 80 : la Discothèque Idéale,258
Génération Top 50 (7793 titres),310,3,1427176,Comme au cinéma,Various Artists,Années 80 : la Discothèque Idéale,258
Génération Top 50 (7793 titres),310,3,1953292,Comme au cinéma,Various Artists,"Les Années 80 : C'était mieux avant, vol. 3",258
Génération Top 50 (7793 titres),311,3,1492459,Comme d'habitude,Michel Sardou,La java de Broadway,247
Génération Top 50 (7793 titres),311,3,2217246,Comme d'habitude,Michel Sardou,La java de Broadway,247
Génération Top 50 (7793 titres),311,3,2265726,Comme d'habitude,Michel Sardou,La java de Broadway,247
Génération Top 50 (7793 titres),312,2,2103089,Comme de bien entendu,Patrick Bruel,Entre‐deux…,276
Génération Top 50 (7793 titres),312,2,2165405,Comme de bien entendu,Patrick Bruel,Entre-Deux...,276
Génération Top 50 (7793 titres),313,2,2057764,Comment je saurai,Florent Pagny,Châtelet les Halles,295
Génération Top 50 (7793 titres),313,2,2170410,Comment je saurai,Florent Pagny,Châtelet les Halles,295
Génération Top 50 (7793 titres),314,2,2074434,Company,24kgoldn,El Dorado,213
Génération Top 50 (7793 titres),314,2,2074435,Company,24kgoldn,El Dorado,213
Génération Top 50 (7793 titres),315,2,1288185,Confidence pour confidence,Jean Schultheis,Confidence pour confidence,134
Génération Top 50 (7793 titres),315,2,1904895,Confidence pour confidence,Jean Schultheis,Abracadabra,286
Génération Top 50 (7793 titres),316,2,1944632,Cool Papa Cool,Francis Cabrel,Fragile,174
Génération Top 50 (7793 titres),316,2,2233401,Cool papa cool,Francis Cabrel,Fragile,174
Génération Top 50 (7793 titres),317,4,2059746,Cool frénésie,Les Rita Mitsouko,Cool Frénésie,234
Génération Top 50 (7793 titres),317,4,2170498,Cool frénésie,Les Rita Mitsouko,Cool Frénésie,234
Génération Top 50 (7793 titres),317,4,2172420,Cool frénésie,Les Rita Mitsouko,Cool Frénésie,234
Génération Top 50 (7793 titres),317,4,2273305,Cool frénésie,Les Rita Mitsouko,Cool Frénésie,234
Génération Top 50 (7793 titres),318,2,1256286,Corps et armes,Étienne Daho,Corps et Armes,248
Génération Top 50 (7793 titres),318,2,2121242,Corps et armes,Étienne Daho,Corps et Armes,245
Génération Top 50 (7793 titres),319,3,1965539,Correspondances,Daniel Balavoine,Master Série Vol. 1,167
Génération Top 50 (7793 titres),319,3,1965611,Correspondances,Daniel Balavoine,"L'album De Sa Vie, 100 Titres",160
Génération Top 50 (7793 titres),319,3,1965641,Correspondances,Daniel Balavoine,Les Aventures De Simon Et Gunther...,160
Génération Top 50 (7793 titres),320,2,1965600,Couleurs D'automne,Daniel Balavoine,"L'album De Sa Vie, 100 Titres",275
Génération Top 50 (7793 titres),320,2,2197811,Couleurs D'automne,Daniel Balavoine,"L'album De Sa Vie, 100 Titres",275
Génération Top 50 (7793 titres),321,2,2100532,Cour d'anglais,Début de Soirée,Passagers de la nuit,251
Génération Top 50 (7793 titres),321,2,2158972,Cour d'anglais,Début de Soirée,Passagers de la nuit,251
Génération Top 50 (7793 titres),322,2,2059294,Cowboy Style,Kylie Minogue,Various Artists,284
Génération Top 50 (7793 titres),322,2,2259550,Cowboy Style,Kylie Minogue,Kylie Minogue / Impossible Princess,284
Génération Top 50 (7793 titres),323,3,2114822,Crazy You,Prince,For You,137
Génération Top 50 (7793 titres),323,3,2166162,Crazy You,Prince,For You,137
Génération Top 50 (7793 titres),323,3,1279951,クレイジー・ユー = Crazy You,Prince,For You,137
Génération Top 50 (7793 titres),324,3,1270691,Cruel Summer,Ace Of Base,Flowers (Remastered),221
Génération Top 50 (7793 titres),324,3,1428762,Cruel Summer,Ace Of Base,Flowers (Remastered),221
Génération Top 50 (7793 titres),324,3,2123376,Cruel Summer,Ace Of Base,Flowers,215
Génération Top 50 (7793 titres),325,2,1957664,Cruise Control,Kylie Minogue,Body Language,234
Génération Top 50 (7793 titres),325,2,2266211,Cruise Control,Kylie Minogue,Body Language,234
Génération Top 50 (7793 titres),326,2,1493953,Cœur de loup,Various Artists,Délire 80 - La fête la plus folle (30 tubes années 80),222
Génération Top 50 (7793 titres),326,2,1952609,Cœur de loup,Various Artists,Top 50 : Le best of,223
Génération Top 50 (7793 titres),327,2,1980686,C’est quoi,Vanessa Paradis,Love Songs Tour,183
Génération Top 50 (7793 titres),327,2,1860034,C’est quoi ?,Vanessa Paradis,Love Songs,191
Génération Top 50 (7793 titres),328,2,1966282,D'un amour l'autre,Florent Pagny,De Part et d'autre CD1 (triple best of),169
Génération Top 50 (7793 titres),328,2,1966208,"D'un amour, l'autre",Florent Pagny,Savoir Aimer,169
Génération Top 50 (7793 titres),329,2,2000758,D.I.S.C.O.,Ottawan,Let's Dance,199
Génération Top 50 (7793 titres),329,2,2113835,D.I.S.C.O.,Ottawan,Various Artists,301
Génération Top 50 (7793 titres),330,2,2200623,DES VÔTRES,Fredericks Goldman Jones,ROUGE,344
Génération Top 50 (7793 titres),330,2,2200624,DES VÔTRES,Fredericks Goldman Jones,ROUGE,344
Génération Top 50 (7793 titres),331,3,2214376,DEVIL PRAY,Madonna,DEVIL PRAY,245
Génération Top 50 (7793 titres),331,3,1347633,Devil Pray,Madonna,Rebel Heart,245
Génération Top 50 (7793 titres),331,3,1893789,Devil Pray,Madonna,Rebel Heart,246
Génération Top 50 (7793 titres),332,2,2230973,DON'T WALK AWAY,Michael Jackson,INVINCIBLE,264
Génération Top 50 (7793 titres),332,2,2123684,Don’t Walk Away,Michael Jackson,Unknown Album,268
Génération Top 50 (7793 titres),333,2,2181463,DON’T WORRY BE HAPPY,Various Artists,TOP 50 : 30 ANS − 1984 | 1993,234
Génération Top 50 (7793 titres),333,2,2005394,Don’T Worry be Happy,Various Artists,Top 50 : 30 ans − 1984 | 1993,235
Génération Top 50 (7793 titres),334,4,2201774,"DORS BÉBÉ, DORS",Jean-Jacques Goldman,INTÉGRALE 81-91,206
Génération Top 50 (7793 titres),334,4,2058135,Dors bébé dors,Jean-Jacques Goldman,Positif,206
Génération Top 50 (7793 titres),334,4,2259616,Dors bébé dors,Jean-Jacques Goldman,Intégrale 81-91,206
Génération Top 50 (7793 titres),334,4,2266227,Dors bébé dors,Jean-Jacques Goldman,Positif,206
Génération Top 50 (7793 titres),335,3,2201793,DOUX,Jean-Jacques Goldman,INTÉGRALE 81-91,279
Génération Top 50 (7793 titres),335,3,2215058,DOUX,Jean-Jacques Goldman,INTÉGRALE 81-91,239
Génération Top 50 (7793 titres),335,3,2259624,Doux,Jean-Jacques Goldman,Intégrale 81-91,234
Génération Top 50 (7793 titres),336,2,2070921,DREAMIN’,Seven Lions,OPHELIA VOLUME 1,320
Génération Top 50 (7793 titres),336,2,2070905,Dreamin',Seven Lions,Start Again,320
Génération Top 50 (7793 titres),337,4,2098091,Damned If I Do,Prince,Emancipation,321
Génération Top 50 (7793 titres),337,4,2258991,Damned If I Do,Prince,Emancipation,321
Génération Top 50 (7793 titres),337,4,2258992,Damned If I Do,Prince,Emancipation,321
Génération Top 50 (7793 titres),337,4,2271585,Damned If I Do,Prince,Emancipation,321
Génération Top 50 (7793 titres),338,3,1282482,Dance Floor Darling,Kylie Minogue,Various Artists,192
Génération Top 50 (7793 titres),338,3,2107488,Dance Floor Darling,Kylie Minogue,Disco,274
Génération Top 50 (7793 titres),338,3,2164711,Dance Floor Darling,Kylie Minogue,Disco,274
Génération Top 50 (7793 titres),339,2,2114829,Dance On,Prince,Lovesexy,226
Génération Top 50 (7793 titres),339,2,2167783,Dance On,Prince,Lovesexy,226
Génération Top 50 (7793 titres),340,3,2100142,Dancefloor,Kylie Minogue,Fever,205
Génération Top 50 (7793 titres),340,3,2165962,Dancefloor,Kylie Minogue,Fever,205
Génération Top 50 (7793 titres),340,3,2271490,Dancefloor,Kylie Minogue,Unknown Album,205
Génération Top 50 (7793 titres),341,2,2098524,Danceophobia,Duran Duran,Paper Gods,253
Génération Top 50 (7793 titres),341,2,2179846,Danceophobia,Duran Duran,Paper Gods,253
Génération Top 50 (7793 titres),342,3,1209098,Dancing Disco,France Gall,Dancing Disco,356
Génération Top 50 (7793 titres),342,3,2061160,Dancing Disco,France Gall,Dancing Disco,351
Génération Top 50 (7793 titres),342,3,2271482,Dancing Disco,France Gall,"""Viens je t'emmène""",351
Génération Top 50 (7793 titres),343,2,1958959,Dancing on the Ceiling,Lionel Richie,Dancing on the Ceiling,271
Génération Top 50 (7793 titres),343,2,2064233,Dancing on the Ceiling,Lionel Richie,Various Artists,270
Génération Top 50 (7793 titres),344,2,2100156,Dangerous Game,Kylie Minogue,Kylie Minogue,330
Génération Top 50 (7793 titres),344,2,2167620,Dangerous Game,Kylie Minogue,Kylie Minogue,330
Génération Top 50 (7793 titres),345,2,1980792,Dans Mon Café,Vanessa Paradis,Bliss,270
Génération Top 50 (7793 titres),345,2,1980761,Dans mon cafe,Vanessa Paradis,Au Zenith,255
Génération Top 50 (7793 titres),346,2,2058378,Dans ma chair,Patricia Kaas,Dans ma chair,274
Génération Top 50 (7793 titres),346,2,2174171,Dans ma chair,Patricia Kaas,Dans ma chair,274
Génération Top 50 (7793 titres),347,2,2258107,Dans mon cirage,Julien Clerc,Jaloux,190
Génération Top 50 (7793 titres),347,2,2265207,Dans mon cirage,Julien Clerc,Jaloux,190
Génération Top 50 (7793 titres),348,2,2100528,Danse autour de nous,Début de Soirée,Faut pas exagerer,279
Génération Top 50 (7793 titres),348,2,2156043,Danse autour de nous,Début de Soirée,Faut pas exagerer,279
Génération Top 50 (7793 titres),349,2,2260158,Darling I'm a Mess,Sabrina Carpenter,Eyes Wide Open,179
Génération Top 50 (7793 titres),349,2,2107163,Darling I’m a Mess,Sabrina Carpenter,Eyes Wide Open,179
Génération Top 50 (7793 titres),350,3,2216101,Darnley,Goldmund;Scott Moore,Layers of Afternoon,168
Génération Top 50 (7793 titres),350,3,2227805,Darnley,Goldmund;Scott Moore,Layers of Afternoon,168
Génération Top 50 (7793 titres),350,3,2261614,Darnley,Goldmund;Scott Moore,Layers of Afternoon,168
Génération Top 50 (7793 titres),351,2,1944629,De L'Autre Côté De Toi,Francis Cabrel,Fragile,190
Génération Top 50 (7793 titres),351,2,2123726,De l’autre côté de toi,Francis Cabrel,Fragile,190
Génération Top 50 (7793 titres),352,3,1965594,De Vous À Elle En Passant Par Moi,Daniel Balavoine,"L'album De Sa Vie, 100 Titres",199
Génération Top 50 (7793 titres),352,3,1965459,De vous à elle en passant par moi,Daniel Balavoine,Anthologie,202
Génération Top 50 (7793 titres),352,3,1965472,De vous à elle en passant par moi,Daniel Balavoine,L'Essentiel,200
Génération Top 50 (7793 titres),353,3,2221485,Dear Mr. Man,Prince,Musicology,254
Génération Top 50 (7793 titres),353,3,2241347,Dear Mr. Man,Prince,Musicology,254
Génération Top 50 (7793 titres),353,3,2261070,Dear Mr. Man,Prince,Musicology,254
Génération Top 50 (7793 titres),354,2,2159807,Death Is Coming Soon,Aurelio Voltaire,Summerween Surf,327
Génération Top 50 (7793 titres),354,2,2107172,Death is Coming Soon,Aurelio Voltaire,Summerween Surf,327
Génération Top 50 (7793 titres),355,2,1966326,Decirle Adios al Adios,Florent Pagny,C'est Comme Ca,196
Génération Top 50 (7793 titres),355,2,2154336,Decirle adios al adios,Florent Pagny,Unknown Album,197
Génération Top 50 (7793 titres),356,2,1959165,Demain Le Monde !,Patrick Bruel,Bruel,261
Génération Top 50 (7793 titres),356,2,2267927,Demain Le Monde !,Patrick Bruel,Bruel,261
Génération Top 50 (7793 titres),357,2,1966367,Demandez À Mon Cheval,Florent Pagny,Ailleurs Land,246
Génération Top 50 (7793 titres),357,2,1351171,Demandez à mon cheval,Florent Pagny,Brutalism,246
Génération Top 50 (7793 titres),358,2,1944611,Depuis Toujours,Francis Cabrel,Hors-Saison,262
Génération Top 50 (7793 titres),358,2,2267190,Depuis Toujours,Francis Cabrel,Hors-Saison,255
Génération Top 50 (7793 titres),359,2,1193660,Derwiche Tourneur,Khaled,Kenza,366
Génération Top 50 (7793 titres),359,2,1619722,Derwiche Tourneur,Khaled,Kenza,360
Génération Top 50 (7793 titres),360,3,2165391,Des bouts de moi,Jean-Jacques Goldman,Entre gris clair et gris foncé,282
Génération Top 50 (7793 titres),360,3,2259621,Des bouts de moi,Jean-Jacques Goldman,Intégrale 81-91,305
Génération Top 50 (7793 titres),360,3,2259622,Des bouts de moi,Jean-Jacques Goldman,Intégrale 81-91,305
Génération Top 50 (7793 titres),361,4,2232119,Des fleurs pour Salinger,Indochine,Le Baiser,194
Génération Top 50 (7793 titres),361,4,2258308,Des fleurs pour Salinger,Indochine,Le baiser,194
Génération Top 50 (7793 titres),361,4,2263322,Des fleurs pour Salinger,Indochine,Le baiser,194
Génération Top 50 (7793 titres),361,4,2265574,Des fleurs pour Salinger,Indochine,Le Baiser,194
Génération Top 50 (7793 titres),362,2,2100529,Des maquettes au mix,Début de Soirée,Faut pas exagerer,262
Génération Top 50 (7793 titres),362,2,2156045,Des maquettes au mix,Début de Soirée,Faut pas exagerer,262
Génération Top 50 (7793 titres),363,2,1347593,Devil Wouldn’t Recognize You,Madonna,Hard Candy,308
Génération Top 50 (7793 titres),363,2,1904775,Devil Wouldn’t Recognize You,Madonna,Hard Candy,308
Génération Top 50 (7793 titres),364,2,1294980,Didi,Taha/Khaled/Faudel,"1,2,3 Soleils",366
Génération Top 50 (7793 titres),364,2,2091712,Didi,"Taha, Khaled, Faudel","1,2,3 Soleils",369
Génération Top 50 (7793 titres),365,4,1893503,Didn't We Almost Have It All,Whitney Houston,Whitney,307
Génération Top 50 (7793 titres),365,4,2102511,Didn't We Almost Have It All,Whitney Houston,I Will Always Love You: The Best of Whitney Houston,307
Génération Top 50 (7793 titres),365,4,2084973,Didn’t We Almost Have It All,Whitney Houston,Whitney,307
Génération Top 50 (7793 titres),365,4,2122583,Didn’t We Almost Have It All,Whitney Houston,I Will Always Love You: The Best of Whitney Houston,307
Génération Top 50 (7793 titres),366,5,1965523,Dieu Que L'Amour Est Triste,Daniel Balavoine,Master Série Vol. 2,245
Génération Top 50 (7793 titres),366,5,1965501,Dieu Que l'Amour Est Triste,Daniel Balavoine,Les 50 Plus Belles Chansons,243
Génération Top 50 (7793 titres),366,5,1965400,Dieu que l'amour est triste,Daniel Balavoine,L'essentiel CD 1,245
Génération Top 50 (7793 titres),366,5,1965483,Dieu que l'amour est triste,Daniel Balavoine,L'Essentiel,245
Génération Top 50 (7793 titres),366,5,1965425,Dieu que l’amour est triste,Daniel Balavoine,"Master Serie, Volume 2",244
Génération Top 50 (7793 titres),367,2,2107445,Dig U Better Dead,Prince,Chaos and Disorder,239
Génération Top 50 (7793 titres),367,2,2163854,Dig U Better Dead,Prince,Chaos and Disorder,239
Génération Top 50 (7793 titres),368,2,2055834,Dinner With Delores,Prince,Chaos and Disorder,166
Génération Top 50 (7793 titres),368,2,2163847,Dinner With Delores,Prince,Chaos and Disorder,166
Génération Top 50 (7793 titres),369,2,1986469,Dirty Diana,Michael Jackson,Unknown Album,305
Génération Top 50 (7793 titres),369,2,2200368,Dirty Diana,Michael Jackson,Bad,292
Génération Top 50 (7793 titres),370,2,1253942,Dirty Mind,Prince,Dirty Mind,253
Génération Top 50 (7793 titres),370,2,2055839,Dirty Mind,Prince,Dirty Mind,253
Génération Top 50 (7793 titres),371,3,1980723,Dis lui toi que je t'aime,Vanessa Paradis,Mi amor,236
Génération Top 50 (7793 titres),371,3,1980749,Dis lui toi que je t’aime,Vanessa Paradis,Best of Vanessa Paradis,236
Génération Top 50 (7793 titres),371,3,1980763,Dis-lui toi que je t'aime,Vanessa Paradis,Au Zenith,301
Génération Top 50 (7793 titres),372,2,2100384,Dix choses,Florent Pagny,Châtelet les Halles,245
Génération Top 50 (7793 titres),372,2,2154568,Dix choses,Florent Pagny,Châtelet les Halles,245
Génération Top 50 (7793 titres),373,3,1492465,Dixit Virgile (Ad Libitum),Michel Sardou,La java de Broadway,218
Génération Top 50 (7793 titres),373,3,2217252,Dixit Virgile (Ad Libitum),Michel Sardou,La java de Broadway,218
Génération Top 50 (7793 titres),373,3,2265732,Dixit Virgile (Ad Libitum),Michel Sardou,La java de Broadway,218
Génération Top 50 (7793 titres),374,2,2110675,Do I Love You,Phil Collins,Going Back,170
Génération Top 50 (7793 titres),374,2,2156410,Do I Love You,Phil Collins,Going Back,170
Génération Top 50 (7793 titres),375,2,1253944,Do It All Night,Prince,Dirty Mind,221
Génération Top 50 (7793 titres),375,2,2055840,Do It All Night,Prince,Dirty Mind,222
Génération Top 50 (7793 titres),376,2,2234462,"Do You Know, Do You Care?",Phil Collins,"Hello, I Must Be Going!",298
Génération Top 50 (7793 titres),376,2,2013140,Do You Know_ Do You Care_,Phil Collins,Unknown Britten,296
Génération Top 50 (7793 titres),377,2,2107690,Docking Bay 94,Aurelio Voltaire,BiTrektual,291
Génération Top 50 (7793 titres),377,2,2154052,Docking Bay 94,Aurelio Voltaire,BiTrektual,291
Génération Top 50 (7793 titres),378,3,2247800,Doggin' Around,Michael Jackson,Music & Me,175
Génération Top 50 (7793 titres),378,3,2258172,Doggin' Around,Michael Jackson,Music & Me,175
Génération Top 50 (7793 titres),378,3,2262722,Doggin' Around,Michael Jackson,Music & Me,175
Génération Top 50 (7793 titres),379,2,1289022,Don d'organe,Tony Chasseur,An konsantré pasion (Anthologie Tony Chasseur en 2 volumes),271
Génération Top 50 (7793 titres),379,2,2139544,Don d'organe,Tony Chasseur,An konsantré pasion (Anthologie Tony Chasseur en 2 volumes),271
Génération Top 50 (7793 titres),380,2,2173430,Don't Be Commin' (In My Face),Missy Elliott,Supa Dupa Fly,251
Génération Top 50 (7793 titres),380,2,2120377,Don’t Be Commin’ (in My Face),Missy Elliott,Supa Dupa Fly,251
Génération Top 50 (7793 titres),381,2,2220206,Don't Get Me Started,Phil Collins,2002/11/12 - Testify [US CD],281
Génération Top 50 (7793 titres),381,2,2240418,Don't Get Me Started,Phil Collins,2002/11/12 - Testify [US CD],281
Génération Top 50 (7793 titres),382,2,2067468,Don't Sleep,24kgoldn,El Dorado,207
Génération Top 50 (7793 titres),382,2,1249166,Don’t Sleep,24kgoldn,El Dorado,207
Génération Top 50 (7793 titres),383,4,2193570,Don't Stop 'Til You Get Enough,Michael Jackson,Off the Wall,364
Génération Top 50 (7793 titres),383,4,2200306,Don’t Stop ’Til You Get Enough,Michael Jackson,"HIStory - Past, Present And Future - Book I",364
Génération Top 50 (7793 titres),383,4,1350547,Don’t Stop ’til You Get Enough,Michael Jackson,Off the Wall,365
Génération Top 50 (7793 titres),383,4,2113529,Don’t Stop ’til You Get Enough,Michael Jackson,Vision,253
Génération Top 50 (7793 titres),384,4,2221789,Don't Tell Me,Madonna,Music,280
Génération Top 50 (7793 titres),384,4,2241631,Don't Tell Me,Madonna,Music,280
Génération Top 50 (7793 titres),384,4,2265855,Don't Tell Me,Madonna,Music,280
Génération Top 50 (7793 titres),384,4,1347619,Don’t Tell Me,Madonna,Music,280
Génération Top 50 (7793 titres),385,2,1427813,Don't Turn Around,Ace Of Base,Singles Of The 90s,263
Génération Top 50 (7793 titres),385,2,2125134,Don’t Turn Around,Ace Of Base,Don't Turn Around (The Remixes) - EP,263
Génération Top 50 (7793 titres),386,9,1270715,"Don't Turn Around (7"" Aswad mix)",Ace Of Base,Cruel Summer (single),263
Génération Top 50 (7793 titres),386,9,1984080,"Don't Turn Around (7"" Aswad mix)",Ace Of Base,Cruel Summer,263
Génération Top 50 (7793 titres),386,9,1997124,"Don't Turn Around (7"" Aswad mix)",Ace Of Base,Cruel Summer,263
Génération Top 50 (7793 titres),386,9,2022231,"Don't Turn Around (7"" Aswad mix)",Ace Of Base,Classic Remixes (Bonus Track Ver.),263
Génération Top 50 (7793 titres),386,9,2271283,"Don't Turn Around (7"" Aswad mix)",Ace Of Base,Cruel Summer,263
Génération Top 50 (7793 titres),386,9,1428789,Don't Turn Around (7′′ Aswad Mix),Ace Of Base,Cruel Summer (Single),263
Génération Top 50 (7793 titres),386,9,2208220,Don't Turn Around (7″ Aswad mix),Ace Of Base,Cruel Summer (single),263
Génération Top 50 (7793 titres),386,9,1428803,Don’t Turn Around (7″ Aswad mix),Ace Of Base,Life Is a Flower (The Remixes),263
Génération Top 50 (7793 titres),386,9,2113521,Don’t Turn Around (7″ Aswad mix),Ace Of Base,Cruel Summer,263
Génération Top 50 (7793 titres),387,2,2088995,Don't Wanna Know,Sabrina(사브리나),I Love Acoustic 9,378
Génération Top 50 (7793 titres),387,2,2160699,Don't Wanna Know,Sabrina(사브리나),I Love Acoustic 9,378
Génération Top 50 (7793 titres),388,2,2096917,Donne-Moi le Micro,IAM,Anthologie 1991-2004 (Disc 1),275
Génération Top 50 (7793 titres),388,2,1867059,Donne‐moi le micro,IAM,Anthologie 1991-2004 (Disc 1),275
Génération Top 50 (7793 titres),389,2,1944679,Dormir debout,Francis Cabrel,D'une Ombre À L'Autre 3,277
Génération Top 50 (7793 titres),389,2,1944702,Dormir debout,Francis Cabrel,Sarbacane (Remastered),286
Génération Top 50 (7793 titres),390,3,1966278,Dors,Florent Pagny,De Part et d'autre CD1 (triple best of),238
Génération Top 50 (7793 titres),390,3,2021469,Dors,Florent Pagny,Savoir Aimer,238
Génération Top 50 (7793 titres),390,3,2116548,Dors,Florent Pagny,Châtelet Les Halles,237
Génération Top 50 (7793 titres),391,2,2075032,Dreamin',Seven Lions feat. Amy Cutler,Dreamin',320
Génération Top 50 (7793 titres),391,2,2075033,Dreamin',Seven Lions feat. Amy Cutler,Dreamin',320
Génération Top 50 (7793 titres),392,2,2220100,Dribbling On with Pete,Phil Collins,Remembers the Past,221
Génération Top 50 (7793 titres),392,2,2240348,Dribbling On with Pete,Phil Collins,Remembers the Past,221
Génération Top 50 (7793 titres),393,2,2220210,Driving Me Crazy,Phil Collins,2002/11/12 - Testify [US CD],277
Génération Top 50 (7793 titres),393,2,2240422,Driving Me Crazy,Phil Collins,2002/11/12 - Testify [US CD],277
Génération Top 50 (7793 titres),394,2,1894384,Drowned World / Substitute For Love,Madonna,Ray Of Light (2 LP Reissue 2003),311
Génération Top 50 (7793 titres),394,2,1347625,Drowned World/Substitute for Love,Madonna,Ray of Light,308
Génération Top 50 (7793 titres),395,4,1966336,Duele,Florent Pagny,C'est Comme Ca,211
Génération Top 50 (7793 titres),395,4,2111501,Duele,Florent Pagny,C'est Comme Ça,211
Génération Top 50 (7793 titres),395,4,2154346,Duele,Florent Pagny,Unknown Album,211
Génération Top 50 (7793 titres),395,4,2271403,Duele,Florent Pagny,C'est Comme Ça,211
Génération Top 50 (7793 titres),396,2,2122365,Dumb Dancin',DJ Jazzy Jeff & the Fresh Prince,Original Album Classics,295
Génération Top 50 (7793 titres),396,2,2142722,Dumb Dancin’,DJ Jazzy Jeff & the Fresh Prince,Homebase,295
Génération Top 50 (7793 titres),397,4,1682194,DÉSENCHANTÉE,Mylène Farmer,L'AUTRE...,322
Génération Top 50 (7793 titres),397,4,2230333,DÉSENCHANTÉE,Mylène Farmer,L'AUTRE...,322
Génération Top 50 (7793 titres),397,4,2099553,Désenchantée,Mylène Farmer,86/97,288
Génération Top 50 (7793 titres),397,4,2278320,Désenchantée,Mylène Farmer,Plus Grandir,286
Génération Top 50 (7793 titres),398,2,1209189,Débranche,France Gall,France,285
Génération Top 50 (7793 titres),398,2,2061167,Débranche,France Gall,Débranche !,251
Génération Top 50 (7793 titres),399,2,2100376,E lucean le stelle (extrait de « La Tosca » de Puccini),Florent Pagny,Baryton,174
Génération Top 50 (7793 titres),399,2,2153856,E lucean le stelle (extrait de « La Tosca » de Puccini),Florent Pagny,Baryton,174
Génération Top 50 (7793 titres),400,2,2031645,E'dir E'sseba,Khaled,Kenza,349
Génération Top 50 (7793 titres),400,2,1193652,E’dir E’sseba,Khaled,Kenza,349
Génération Top 50 (7793 titres),401,2,2215141,ELLE A FAIT UN BÉBÉ TOUTE SEULE,Jean-Jacques Goldman,L'INTÉGRALE: 87 - DES BOUTS DE MOI [DISC 8],261
Génération Top 50 (7793 titres),401,2,2259623,Elle a fait un bébé toute seule,Jean-Jacques Goldman,Intégrale 81-91,261
Génération Top 50 (7793 titres),402,4,2231538,ELLE A LES YEUX REVOLVER…,Marc Lavoine,ELLE A LES YEUX REVOLVER…,210
Génération Top 50 (7793 titres),402,4,1351188,Elle a les yeux revolver,Marc Lavoine,Best Of Solo,217
Génération Top 50 (7793 titres),402,4,1986287,Elle a les yeux revolver,Marc Lavoine,Marc Lavoine,210
Génération Top 50 (7793 titres),402,4,2275079,Elle a les yeux revolver,Marc Lavoine,Les 15 tubes de 1985,218
Génération Top 50 (7793 titres),403,3,2200625,ELLE AVAIT 17 ANS,Fredericks Goldman Jones,ROUGE,306
Génération Top 50 (7793 titres),403,3,2200626,ELLE AVAIT 17 ANS,Fredericks Goldman Jones,ROUGE,307
Génération Top 50 (7793 titres),403,3,2200627,ELLE AVAIT 17 ANS,Fredericks Goldman Jones,ROUGE,307
Génération Top 50 (7793 titres),404,2,2185870,ELLE IMAGINE…,Various Artists,"LE CLASSEMENT DE TOUS LES TUBES ANNÉES 80, VOL. 4",246
Génération Top 50 (7793 titres),404,2,1952428,Elle imagine,Various Artists,Marc Toesca présente Hits 80 : Salut les p'tits clous !,244
Génération Top 50 (7793 titres),405,2,2202505,ELLE S'EN VA VIVRE AILLEURS,Francis Cabrel,CARTE POSTALE,206
Génération Top 50 (7793 titres),405,2,1244386,Elle s’en va vivre ailleurs,Francis Cabrel,Carte postale (Remastered),206
Génération Top 50 (7793 titres),406,3,2215126,EN PASSANT,Jean-Jacques Goldman,UN TOUR ENSEMBLE (LIVE),458
Génération Top 50 (7793 titres),406,3,2099902,En passant,Jean-Jacques Goldman,Un Tour Ensemble (Live),458
Génération Top 50 (7793 titres),406,3,2165304,En passant,Jean-Jacques Goldman,En passant,437
Génération Top 50 (7793 titres),407,2,2201805,ENCORE UN MATIN,Jean-Jacques Goldman,INTÉGRALE 81-91,318
Génération Top 50 (7793 titres),407,2,1848588,Encore un matin,Jean-Jacques Goldman,'intégrale 81-91' [Disc 8] - Q,318
Génération Top 50 (7793 titres),408,2,2201812,ENCORE UN MATIN (REMIX) (VERSION LONGUE),Jean-Jacques Goldman,INTÉGRALE 81-91,318
Génération Top 50 (7793 titres),408,2,2201822,ENCORE UN MATIN (REMIX) (VERSION LONGUE),Jean-Jacques Goldman,INTÉGRALE 81-91,384
Génération Top 50 (7793 titres),409,2,2201800,ENCORE UN MATIN [REMIX],Jean-Jacques Goldman,INTÉGRALE 81-91,421
Génération Top 50 (7793 titres),409,2,2201813,ENCORE UN MATIN [REMIX],Jean-Jacques Goldman,INTÉGRALE 81-91,318
Génération Top 50 (7793 titres),410,4,2215112,ENSEMBLE,Jean-Jacques Goldman,UN TOUR ENSEMBLE,445
Génération Top 50 (7793 titres),410,4,2215128,ENSEMBLE,Jean-Jacques Goldman,UN TOUR ENSEMBLE (LIVE),445
Génération Top 50 (7793 titres),410,4,2058124,Ensemble,Jean-Jacques Goldman,Chansons pour les pieds,239
Génération Top 50 (7793 titres),410,4,2170052,Ensemble,Jean-Jacques Goldman,Chansons pour les pieds,239
Génération Top 50 (7793 titres),411,2,2201760,ENTRE GRIS CLAIR ET GRIS FONCÉ,Jean-Jacques Goldman,ENTRE GRIS CLAIR ET GRIS FONCÉ,319
Génération Top 50 (7793 titres),411,2,1960239,Entre gris clair et gris foncé,Jean-Jacques Goldman,Traces,437
Génération Top 50 (7793 titres),412,7,2215120,ENVOLE-MOI,Jean-Jacques Goldman,UN TOUR ENSEMBLE,354
Génération Top 50 (7793 titres),412,7,2215131,ENVOLE-MOI,Jean-Jacques Goldman,UN TOUR ENSEMBLE (LIVE),354
Génération Top 50 (7793 titres),412,7,2208476,Envole moi,Jean-Jacques Goldman,Singulier 81 - 89,308
Génération Top 50 (7793 titres),412,7,1849864,Envole-Moi,Jean-Jacques Goldman,81-89 * la Collection  (Compilation)  (Disc 5: Entre Gris Clair Et Gris Foncé - Cd1),239
Génération Top 50 (7793 titres),412,7,2111246,Envole-moi,Jean-Jacques Goldman,Un tour ensemble,354
Génération Top 50 (7793 titres),412,7,2259634,Envole-moi,Jean-Jacques Goldman,En public,232
Génération Top 50 (7793 titres),412,7,2259635,Envole-moi,Jean-Jacques Goldman,En public,232
Génération Top 50 (7793 titres),413,3,2215110,ET L’ON N’Y PEUT RIEN,Jean-Jacques Goldman,UN TOUR ENSEMBLE,338
Génération Top 50 (7793 titres),413,3,2170053,Et l'on n'y peut rien,Jean-Jacques Goldman,Chansons pour les pieds,218
Génération Top 50 (7793 titres),413,3,2058125,Et l’on n’y peut rien,Jean-Jacques Goldman,Chansons pour les pieds,218
Génération Top 50 (7793 titres),414,2,2193553,Earth Song (Hani's Club Experience),Michael Jackson,Blood on the Dance Floor: HIStory in the Mix,475
Génération Top 50 (7793 titres),414,2,2193596,Earth Song (Hani’S Club Experience),Michael Jackson,Blood on the Dance Floor: History in the Mix,475
Génération Top 50 (7793 titres),415,2,2000413,Easy Lover,Phil Collins,Serious Hits... Live,286
Génération Top 50 (7793 titres),415,2,2271883,Easy Lover,Phil Collins,Serious Hits... Live!,286
Génération Top 50 (7793 titres),416,2,1235198,El Haouri,Khaled,"Fuir, Mais Où?",344
Génération Top 50 (7793 titres),416,2,2115747,El Haouri,Khaled,"Fuir, Mais Où?",344
Génération Top 50 (7793 titres),417,4,1192992,El Harba Wine,Khaled,Spirit of Rai,228
Génération Top 50 (7793 titres),417,4,1235194,El Harba Wine,Khaled,"Fuir, Mais Où?",227
Génération Top 50 (7793 titres),417,4,1619723,El Harba Wine,Khaled,Kenza,274
Génération Top 50 (7793 titres),417,4,2123159,El Harba Wine,Khaled,"Fuir, Mais Où?",227
Génération Top 50 (7793 titres),418,2,1302336,El Lela,Khaled Safy Boutella,Kutche,303
Génération Top 50 (7793 titres),418,2,1302346,El Lela,Khaled & Safy Boutella,Kutché,303
Génération Top 50 (7793 titres),419,2,2059498,Electric Barbarella,Duran Duran,Medazzaland,319
Génération Top 50 (7793 titres),419,2,2178327,Electric Barbarella,Duran Duran,Medazzaland,319
Génération Top 50 (7793 titres),420,2,1235196,Elighithie Eddih,Khaled,"Fuir, Mais Où?",426
Génération Top 50 (7793 titres),420,2,2123160,Elighithie Eddih,Khaled,"Fuir, Mais Où?",426
Génération Top 50 (7793 titres),421,2,2028820,Elle Attend,Jean-Jacques Goldman,En Public,202
Génération Top 50 (7793 titres),421,2,1347723,Elle attend,Jean-Jacques Goldman,Various Artists,224
Génération Top 50 (7793 titres),422,2,2105368,Emeralds,Helios,Espera,252
Génération Top 50 (7793 titres),422,2,2155702,Emeralds,Helios,Espera,252
Génération Top 50 (7793 titres),423,2,1979813,En Chantant,Michel Sardou,Les 50 Plus Belles Chansons Disc 2,234
Génération Top 50 (7793 titres),423,2,1980049,En Chantant,Michel Sardou,Les Grands Moments (Live 2013 A L'Olympia)(Disc 2/2),348
Génération Top 50 (7793 titres),424,3,2228614,En collant l'oreille sur l'appareil,Alain Souchon,La Vie Théodore,260
Génération Top 50 (7793 titres),424,3,2232357,En collant l'oreille sur l'appareil,Alain Souchon,La Vie Théodore,260
Génération Top 50 (7793 titres),424,3,2265589,En collant l'oreille sur l'appareil,Alain Souchon,La Vie Théodore,260
Génération Top 50 (7793 titres),425,2,1966328,En la Vida,Florent Pagny,C'est Comme Ca,222
Génération Top 50 (7793 titres),425,2,2154338,En la vida,Florent Pagny,Unknown Album,223
Génération Top 50 (7793 titres),426,3,1939464,En rouge et noir,JEANNE MAS,Depuis la toute première fois,268
Génération Top 50 (7793 titres),426,3,1996346,En rouge et noir,JEANNE MAS,Depuis la toute première fois,268
Génération Top 50 (7793 titres),426,3,2273307,En rouge et noir,JEANNE MAS,Depuis la toute première fois,268
Génération Top 50 (7793 titres),427,3,1944622,Encore Et Encore,Francis Cabrel,Photos de voyages,271
Génération Top 50 (7793 titres),427,3,1235459,Encore et encore,Francis Cabrel,L'Essentiel : 1977-2007,273
Génération Top 50 (7793 titres),427,3,1235499,Encore et encore,Francis Cabrel,L'essentiel / 1977 - 2007,273
Génération Top 50 (7793 titres),428,2,2112720,Encore une fois,Khaled,C'est la Vie,202
Génération Top 50 (7793 titres),428,2,2113241,Encore une fois,Khaled,C'est La Vie,206
Génération Top 50 (7793 titres),429,2,2105366,Enjoy Yourself,Kylie Minogue,Enjoy Yourself,225
Génération Top 50 (7793 titres),429,2,2165378,Enjoy Yourself,Kylie Minogue,Enjoy Yourself,225
Génération Top 50 (7793 titres),430,2,2170595,Entre soleil et pluie,Début de Soirée,Passagers de la nuit,239
Génération Top 50 (7793 titres),430,2,2197889,Entre soleil et pluie,Début de Soirée,Passagers de la nuit,239
Génération Top 50 (7793 titres),431,3,2054485,Envole Moi,Fredericks Goldman Jones,Du New Morning Au Zénith [Live] [Disc 1],335
Génération Top 50 (7793 titres),431,3,2026059,Envole-Moi,Fredericks Goldman Jones,Du New Morning Au Zénith,335
Génération Top 50 (7793 titres),431,3,2113217,Envole‐moi,Fredericks Goldman Jones,Du New Morning au Zénith,335
Génération Top 50 (7793 titres),432,2,2028806,Envole-Moi (Live),Jean-Jacques Goldman,En Public,232
Génération Top 50 (7793 titres),432,2,2028813,Envole-Moi (Live),Jean-Jacques Goldman,En Public,232
Génération Top 50 (7793 titres),433,2,2061028,Erotica,Madonna,Unknown Album,319
Génération Top 50 (7793 titres),433,2,2169557,Erotica,Madonna,Erotica,319
Génération Top 50 (7793 titres),434,3,2216108,Especially So,Goldmund;Scott Moore,Layers of Afternoon,180
Génération Top 50 (7793 titres),434,3,2227812,Especially So,Goldmund;Scott Moore,Layers of Afternoon,180
Génération Top 50 (7793 titres),434,3,2261621,Especially So,Goldmund;Scott Moore,Layers of Afternoon,180
Génération Top 50 (7793 titres),435,4,2022395,Est-Ce Que Tu Me Suis,Florent Pagny,Rester Vrai,295
Génération Top 50 (7793 titres),435,4,1966347,Est-ce que tu me suis,Florent Pagny,De Part et d'autre CD3 (triple best of),267
Génération Top 50 (7793 titres),435,4,1996833,Est-ce que tu me suis,Florent Pagny,De Part et d'autre CD3 (triple best of),267
Génération Top 50 (7793 titres),435,4,2111505,Est‐ce que tu me suis ?,Florent Pagny,Unknown Album,253
Génération Top 50 (7793 titres),436,2,2274519,Et Tu Danses Avec Lui,Various Artists,Génération Top 50,213
Génération Top 50 (7793 titres),436,2,1948764,Et tu danses avec lui,Various Artists,"Top 50, Volume 3",217
Génération Top 50 (7793 titres),437,2,2217388,Et s`il fallait le faire,Patricia Kaas,KABARET,227
Génération Top 50 (7793 titres),437,2,2229113,Et s`il fallait le faire,Patricia Kaas,KABARET,227
Génération Top 50 (7793 titres),438,3,2228616,Et si en plus y'a personne,Alain Souchon,La Vie Théodore,249
Génération Top 50 (7793 titres),438,3,2232359,Et si en plus y'a personne,Alain Souchon,La Vie Théodore,249
Génération Top 50 (7793 titres),438,3,2265591,Et si en plus y'a personne,Alain Souchon,La Vie Théodore,249
Génération Top 50 (7793 titres),439,2,1955535,Etre le Premier,Jean-Jacques Goldman,2ème Album,230
Génération Top 50 (7793 titres),439,2,1960244,Etre le Premier,Jean-Jacques Goldman,2eme Album,230
Génération Top 50 (7793 titres),440,3,2247802,Euphoria,Michael Jackson,Music & Me,170
Génération Top 50 (7793 titres),440,3,2258174,Euphoria,Michael Jackson,Music & Me,170
Génération Top 50 (7793 titres),440,3,2262724,Euphoria,Michael Jackson,Music & Me,170
Génération Top 50 (7793 titres),441,2,2210776,Every Day's Like Christmas,Kylie Minogue,Kylie Christmas,253
Génération Top 50 (7793 titres),441,2,2246390,Every Day’s Like Christmas,Kylie Minogue,Kylie Christmas,253
Génération Top 50 (7793 titres),442,12,2009143,Every Single Day (Original Version),Benassi Bros.,…Phobia,283
Génération Top 50 (7793 titres),442,12,2273287,Every Single Day (Original Version),Benassi Bros.,...Phobia,283
Génération Top 50 (7793 titres),442,12,2260410,Every Single Day (original version),Benassi Bros.,Best of Benassi Bros.,287
Génération Top 50 (7793 titres),442,12,2260411,Every Single Day (original version),Benassi Bros.,Best of Benassi Bros.,287
Génération Top 50 (7793 titres),442,12,2260412,Every Single Day (original version),Benassi Bros.,Best of Benassi Bros.,287
Génération Top 50 (7793 titres),442,12,2260413,Every Single Day (original version),Benassi Bros.,Best of Benassi Bros.,287
Génération Top 50 (7793 titres),442,12,2260414,Every Single Day (original version),Benassi Bros.,Best of Benassi Bros.,287
Génération Top 50 (7793 titres),442,12,2260415,Every Single Day (original version),Benassi Bros.,Best of Benassi Bros.,287
Génération Top 50 (7793 titres),442,12,2260416,Every Single Day (original version),Benassi Bros.,Best of Benassi Bros.,287
Génération Top 50 (7793 titres),442,12,2260417,Every Single Day (original version),Benassi Bros.,Best of Benassi Bros.,287
Génération Top 50 (7793 titres),442,12,2272752,Every Single Day (original version),Benassi Bros.,Best of Benassi Bros.,287
Génération Top 50 (7793 titres),442,12,2272754,Every Single Day (original version),Benassi Bros.,Best of Benassi Bros.,287
Génération Top 50 (7793 titres),443,4,1987403,Every Single Day (Original Version) (Feat. Dhany),Benassi Bros.,Every Single Day - Single,283
Génération Top 50 (7793 titres),443,4,1987408,Every Single Day (Original Version) (Feat. Dhany),Benassi Bros.,Best of Benassi Bros.,285
Génération Top 50 (7793 titres),443,4,2193651,Every Single Day (Original Version) (Feat. Dhany),Benassi Bros.,Best of Benassi Bros.,283
Génération Top 50 (7793 titres),443,4,1869644,Every Single Day (original version) feat. Dhany,Benassi Bros.,Best Of,283
Génération Top 50 (7793 titres),444,2,1174611,Every Time We Come Around,DJ Khaled,I Changed a Lot,215
Génération Top 50 (7793 titres),444,2,2166908,Every Time We Come Around,DJ Khaled,I Changed a Lot,215
Génération Top 50 (7793 titres),445,4,2054888,"Everybody Everybody (Le Freak Mix - 7"" Edit)",Black Box,无人知晓,247
Génération Top 50 (7793 titres),445,4,2091177,"Everybody Everybody (Le Freak mix - 7"" edit)",Black Box,Semplici; Limoni; Davoli: Dreamland,247
Génération Top 50 (7793 titres),445,4,2054877,"Everybody Everybody (Le Freak mix) (7"" edit)",Black Box,Everybody Everybody - Single,247
Génération Top 50 (7793 titres),445,4,2054878,"Everybody Everybody (Le Freak mix) (7"" edit)",Black Box,Everybody Everybody - Single,247
Génération Top 50 (7793 titres),446,2,1960373,Everyday (2015 Remaster),Phil Collins,Both Sides (Deluxe Edition),343
Génération Top 50 (7793 titres),446,2,2267977,Everyday (2015 Remaster),Phil Collins,Both Sides (Deluxe Edition),343
Génération Top 50 (7793 titres),447,2,1209194,Evidemment,France Gall,France,270
Génération Top 50 (7793 titres),447,2,1870459,Evidemment,France Gall,Babacar (Remasterisé),270
Génération Top 50 (7793 titres),448,3,2216111,Evident,Goldmund;Scott Moore,Layers of Afternoon,188
Génération Top 50 (7793 titres),448,3,2227815,Evident,Goldmund;Scott Moore,Layers of Afternoon,188
Génération Top 50 (7793 titres),448,3,2261624,Evident,Goldmund;Scott Moore,Layers of Afternoon,188
Génération Top 50 (7793 titres),449,2,2112248,Expendable,Aurelio Voltaire,BiTrektual,220
Génération Top 50 (7793 titres),449,2,2154054,Expendable,Aurelio Voltaire,BiTrektual,220
Génération Top 50 (7793 titres),450,3,2201757,FAIS DES BÉBÉS,Jean-Jacques Goldman,ENTRE GRIS CLAIR ET GRIS FONCÉ,243
Génération Top 50 (7793 titres),450,3,1347719,Fais des bébés,Jean-Jacques Goldman,Entre Gris Clair Et Gris Foncé [Disc 1],243
Génération Top 50 (7793 titres),450,3,1849865,Fais des bébés,Jean-Jacques Goldman,81-89 * la Collection  (Compilation)  (Disc 5: Entre Gris Clair Et Gris Foncé - Cd1),243
Génération Top 50 (7793 titres),451,3,2215084,FAMILLE,Jean-Jacques Goldman,EN PUBLIC,358
Génération Top 50 (7793 titres),451,3,2215147,FAMILLE,Jean-Jacques Goldman,En public,358
Génération Top 50 (7793 titres),451,3,2027587,Famille,Jean-Jacques Goldman,Traces,374
Génération Top 50 (7793 titres),452,3,2235599,FAN,Pascal Obispo,FAN,267
Génération Top 50 (7793 titres),452,3,1266770,Fan,Pascal Obispo,Studio fan,269
Génération Top 50 (7793 titres),452,3,1266783,Fan,Pascal Obispo,Studio Fan - Live Fan,267
Génération Top 50 (7793 titres),453,2,2201928,FASTLOVE (PART I),George Michael,FASTLOVE [SINGLE],324
Génération Top 50 (7793 titres),453,2,2094070,"Fastlove, Part I",George Michael,Fastlove,327
Génération Top 50 (7793 titres),454,3,2200628,FERMER LES YEUX,Fredericks Goldman Jones,ROUGE,401
Génération Top 50 (7793 titres),454,3,2027038,Fermer Les Yeux,Fredericks Goldman Jones,Pluriel 90-96,354
Génération Top 50 (7793 titres),454,3,2027044,Fermer Les Yeux,Fredericks Goldman Jones,Pluriel 90-96,401
Génération Top 50 (7793 titres),455,2,2200656,FERMER LES YEUX,Jean-Jacques Goldman,ROUGE,401
Génération Top 50 (7793 titres),455,2,2208360,Fermer les yeux,Jean-Jacques Goldman,Intégrale 1990-2000,401
Génération Top 50 (7793 titres),456,2,2215142,FILLES FACILES,Jean-Jacques Goldman,ENTRE GRIS CLAIR ET GRIS FONCÉ,225
Génération Top 50 (7793 titres),456,2,2224249,Filles faciles,Jean-Jacques Goldman,Entre Gris Clair Et Gris Foncé [Disc 1],224
Génération Top 50 (7793 titres),457,2,2215020,FLÛTIAU ET VIOLON APPROXIMATIFS,Jean-Jacques Goldman,UN TOUR ENSEMBLE,160
Génération Top 50 (7793 titres),457,2,2111247,Flûtiau et violon approximatifs,Jean-Jacques Goldman,Un tour ensemble,160
Génération Top 50 (7793 titres),458,2,2200629,FRÈRES,Fredericks Goldman Jones,ROUGE,258
Génération Top 50 (7793 titres),458,2,2200630,FRÈRES,Fredericks Goldman Jones,ROUGE,313
Génération Top 50 (7793 titres),459,2,2215054,FRÈRES,Jean-Jacques Goldman,INTÉGRALE 1990–2000,310
Génération Top 50 (7793 titres),459,2,2273462,Frères,Jean-Jacques Goldman,...Au Zénith,344
Génération Top 50 (7793 titres),460,3,2203745,FUTURE LOVERS,Madonna,CONFESSIONS ON A DANCE FLOOR,291
Génération Top 50 (7793 titres),460,3,1910461,Future Lovers,Madonna,Confessions On A Dance Floor,305
Génération Top 50 (7793 titres),460,3,1911386,Future Lovers,Madonna,Confessions on a Dance Floor,291
Génération Top 50 (7793 titres),461,2,2164414,Fais-moi l'amitié,Patricia Kaas,Dans ma chair,271
Génération Top 50 (7793 titres),461,2,2102136,Fais‐moi l’amitié,Patricia Kaas,Dans ma chair,271
Génération Top 50 (7793 titres),462,2,2217383,Faites entrer les clowns,Patricia Kaas,KABARET,207
Génération Top 50 (7793 titres),462,2,2229108,Faites entrer les clowns,Patricia Kaas,KABARET,207
Génération Top 50 (7793 titres),463,2,2169166,Fallin' In Love (Spike Mix),La Bouche,Sweet Dreams,258
Génération Top 50 (7793 titres),463,2,2108702,Fallin’ in Love (Spike mix),La Bouche,Sweet Dreams,258
Génération Top 50 (7793 titres),464,2,2225856,Fallin' in Love,La Bouche,Sweet Dreams,237
Génération Top 50 (7793 titres),464,2,2106237,Fallin’ in Love,La Bouche,Sweet Dreams,237
Génération Top 50 (7793 titres),465,2,2100157,Falling,Kylie Minogue,Kylie Minogue,403
Génération Top 50 (7793 titres),465,2,2167623,Falling,Kylie Minogue,Kylie Minogue,403
Génération Top 50 (7793 titres),466,2,2217384,Falling in love again,Patricia Kaas,KABARET,200
Génération Top 50 (7793 titres),466,2,2229109,Falling in love again,Patricia Kaas,KABARET,200
Génération Top 50 (7793 titres),467,2,2098103,Fallinlove2nite,Prince,HITnRUN Phase One,192
Génération Top 50 (7793 titres),467,2,2166766,Fallinlove2nite,Prince,HITnRUN Phase One,192
Génération Top 50 (7793 titres),468,5,1491143,Fantasy,Black Box,Dreamland,313
Génération Top 50 (7793 titres),468,5,1491150,Fantasy,Black Box,Dreamland,313
Génération Top 50 (7793 titres),468,5,2054879,Fantasy,Black Box,Dreamland,312
Génération Top 50 (7793 titres),468,5,2091178,Fantasy,Black Box,Semplici; Limoni; Davoli: Dreamland,313
Génération Top 50 (7793 titres),468,5,2133020,Fantasy,Black Box,Dreamland,312
Génération Top 50 (7793 titres),469,2,1984074,Fashion Party,Ace Of Base,Happy Nation (U.S. Version) [R,254
Génération Top 50 (7793 titres),469,2,2113523,Fashion Party,Ace Of Base,Happy Nation (U.S. Version) [R,253
Génération Top 50 (7793 titres),470,3,2002782,Fastlove,George Michael,Twenty Five (Remastered),324
Génération Top 50 (7793 titres),470,3,2124707,Fastlove,George Michael,Older,324
Génération Top 50 (7793 titres),470,3,2256657,Fastlove,George Michael,Twentyfive (CD 1 - For Living),328
Génération Top 50 (7793 titres),471,2,2107762,Fatigué d'être fatigué,Les Rita Mitsouko,Cool Frénésie,261
Génération Top 50 (7793 titres),471,2,2164158,Fatigué d'être fatigué,Les Rita Mitsouko,Cool Frénésie,261
Génération Top 50 (7793 titres),472,2,2102882,Fed Bound,DJ Khaled,Gutta,257
Génération Top 50 (7793 titres),472,2,2166738,Fed Bound,DJ Khaled,Gutta,257
Génération Top 50 (7793 titres),473,2,2100151,Feels So Good,Kylie Minogue,Kiss Me Once,218
Génération Top 50 (7793 titres),473,2,2167583,Feels So Good,Kylie Minogue,Kiss Me Once,218
Génération Top 50 (7793 titres),474,2,2059748,Femme de moyen âge,Les Rita Mitsouko,Cool Frénésie,287
Génération Top 50 (7793 titres),474,2,2170499,Femme de moyen âge,Les Rita Mitsouko,Cool Frénésie,287
Génération Top 50 (7793 titres),475,2,2059258,Fever,Kylie Minogue,Unknown Album,212
Génération Top 50 (7793 titres),475,2,2165960,Fever,Kylie Minogue,Fever,212
Génération Top 50 (7793 titres),476,2,2061029,Fever,Madonna,Unknown Album,300
Génération Top 50 (7793 titres),476,2,2169558,Fever,Madonna,Erotica,300
Génération Top 50 (7793 titres),477,2,2056458,Fille du cha cha,Début de Soirée,Passagers de la nuit,257
Génération Top 50 (7793 titres),477,2,2158966,Fille du cha cha,Début de Soirée,Passagers de la nuit,257
Génération Top 50 (7793 titres),478,2,2153852,Finche' pace non avro',Florent Pagny,Baryton,237
Génération Top 50 (7793 titres),478,2,2057753,Finche’ pace non avro’,Florent Pagny,Baryton,237
Génération Top 50 (7793 titres),479,2,2107934,Fine,Kylie Minogue,Kiss Me Once,217
Génération Top 50 (7793 titres),479,2,2167588,Fine,Kylie Minogue,Kiss Me Once,217
Génération Top 50 (7793 titres),480,2,2070927,First Time,Seven Lions,First Time,297
Génération Top 50 (7793 titres),480,2,2073634,First Time,Seven Lions,OPHELIA VOLUME 1,297
Génération Top 50 (7793 titres),481,2,2019202,Flash in the Pan,Aliocha,Eleven Songs,169
Génération Top 50 (7793 titres),481,2,2127887,Flash in the Pan,Aliocha,Sorry Eyes - EP,169
Génération Top 50 (7793 titres),482,3,1893508,For The Love Of You,Whitney Houston,Whitney,333
Génération Top 50 (7793 titres),482,3,2084978,For the Love of You,Whitney Houston,Whitney,333
Génération Top 50 (7793 titres),482,3,2160372,For the Love of You,Whitney Houston,Whitney,332
Génération Top 50 (7793 titres),483,2,1891625,For the Lovers,Whitney Houston,I Look to You,253
Génération Top 50 (7793 titres),483,2,2102512,For the Lovers,Whitney Houston,Various Artists,253
Génération Top 50 (7793 titres),484,3,1869806,Forbidden Love,Madonna,Bedtime Stories,277
Génération Top 50 (7793 titres),484,3,1910464,Forbidden Love,Madonna,Confessions On A Dance Floor,266
Génération Top 50 (7793 titres),484,3,1911389,Forbidden Love,Madonna,Confessions on a Dance Floor,262
Génération Top 50 (7793 titres),485,2,1235971,Foule sentimentale,Alain Souchon,C’est déjà ça,324
Génération Top 50 (7793 titres),485,2,2128265,Foule sentimentale,Alain Souchon,C’est déja ça,324
Génération Top 50 (7793 titres),486,2,2178202,Freak Like Me,Santigold,Master of My Make-Believe,137
Génération Top 50 (7793 titres),486,2,2270656,Freak Like Me,Santigold,Master of My Make-Believe,137
Génération Top 50 (7793 titres),487,3,1348619,Freedom 90,George Michael,Freedom! '90,388
Génération Top 50 (7793 titres),487,3,2030816,Freedom! '90,George Michael,"Listen Without Prejudice, Vol. 1 (2017 Remastered)",388
Génération Top 50 (7793 titres),487,3,2256720,Freedom! '90,George Michael,Twentyfive (CD 1 - For Living),390
Génération Top 50 (7793 titres),488,2,2165018,Friends Of Mine,Duran Duran,Duran Duran,345
Génération Top 50 (7793 titres),488,2,2114555,Friends of Mine,Duran Duran,Duran Duran,345
Génération Top 50 (7793 titres),489,2,2028088,Frozen,Madonna,Madonna,378
Génération Top 50 (7793 titres),489,2,2256632,Frozen,Madonna,Ray of Light,371
Génération Top 50 (7793 titres),490,2,2188135,GANGSTA'S PARADIASE,Coolio,GANGSTA’S PARADISE,244
Génération Top 50 (7793 titres),490,2,2005270,Gangsta's Paradiase,Coolio,Cd Audio3,244
Génération Top 50 (7793 titres),491,4,2188130,GANGSTA’S PARADISE,Coolio,TRILENIUM,239
Génération Top 50 (7793 titres),491,4,2188136,GANGSTA’S PARADISE,Coolio,GANGSTA’S PARADISE,242
Génération Top 50 (7793 titres),491,4,1186177,Gangsta's Paradise,Coolio,Gangsta's Paradise,240
Génération Top 50 (7793 titres),491,4,1186179,Gangsta’s Paradise,Coolio,Rhino Hi‐Five: Coolio,242
Génération Top 50 (7793 titres),492,4,2203746,GET TOGETHER,Madonna,CONFESSIONS ON A DANCE FLOOR,330
Génération Top 50 (7793 titres),492,4,1347586,Get Together,Madonna,Get Together (Remixes) - Ep,317
Génération Top 50 (7793 titres),492,4,1910459,Get Together,Madonna,Confessions On A Dance Floor,317
Génération Top 50 (7793 titres),492,4,1911384,Get Together,Madonna,Confessions on a Dance Floor,330
Génération Top 50 (7793 titres),493,2,1301361,Games,"Bakermat, Goldfish & Marie Plassard",Games - Single,252
Génération Top 50 (7793 titres),493,2,2119854,Games,"Bakermat, Goldfish & Marie Plassard",Games - Single,253
Génération Top 50 (7793 titres),494,2,2006377,Gangsta's Paradise,Coolio featuring L.V.,Gangsta's Paradise,239
Génération Top 50 (7793 titres),494,2,2137705,Gangsta’s Paradise,Coolio featuring L.V.,Gangsta's Paradise - Single,242
Génération Top 50 (7793 titres),495,3,2216672,Germaine,Renaud,Laisse béton,196
Génération Top 50 (7793 titres),495,3,2228303,Germaine,Renaud,Laisse béton,196
Génération Top 50 (7793 titres),495,3,2263843,Germaine,Renaud,Laisse béton,196
Génération Top 50 (7793 titres),496,3,2063325,Get Em Up,DJ Khaled,Gutta,224
Génération Top 50 (7793 titres),496,3,2166729,Get Em Up,DJ Khaled,Gutta,224
Génération Top 50 (7793 titres),496,3,2272478,Get Em Up,DJ Khaled,Gutta,224
Génération Top 50 (7793 titres),497,5,1943918,Get It Back,Whitney Houston,My Love Is Your Love,293
Génération Top 50 (7793 titres),497,5,2221146,Get It Back,Whitney Houston,My Love Is Your Love,293
Génération Top 50 (7793 titres),497,5,2241033,Get It Back,Whitney Houston,My Love Is Your Love,293
Génération Top 50 (7793 titres),497,5,2261105,Get It Back,Whitney Houston,My Love Is Your Love,293
Génération Top 50 (7793 titres),497,5,2267165,Get It Back,Whitney Houston,My Love Is Your Love,293
Génération Top 50 (7793 titres),498,2,1830576,Get Up (Before the Night Is Over),Technotronic,Pump Up the Jam,337
Génération Top 50 (7793 titres),498,2,1227244,Get Up! (Before The Night Is Over),Technotronic,Pump Up The Jam - The Album,337
Génération Top 50 (7793 titres),499,5,1234559,Get Ur Freak On,Missy Elliott,Miss E... So Addictive,238
Génération Top 50 (7793 titres),499,5,1234561,Get Ur Freak On,Missy Elliott,Miss E... So Addictive,244
Génération Top 50 (7793 titres),499,5,1936534,Get Ur Freak On,Missy Elliott,Twice as Nice Presents: MOBO 2002,238
Génération Top 50 (7793 titres),499,5,2277956,Get Ur Freak On,Missy Elliott,Bravo Black Hits 5,212
Génération Top 50 (7793 titres),499,5,2278316,Get Ur Freak On,Missy Elliott,Miss E... So Addictive (DVD-A 5.1),236
Génération Top 50 (7793 titres),500,4,1234565,Get Ur Freak On (album version),Missy Elliott,Get Ur Freak On (single),236
Génération Top 50 (7793 titres),500,4,1234567,Get Ur Freak On (album version),Missy Elliott,Get Ur Freak On,236
Génération Top 50 (7793 titres),500,4,1234568,Get Ur Freak On (album version),Missy Elliott,Get Ur Freak On,244
Génération Top 50 (7793 titres),500,4,1234569,Get Ur Freak On (album version),Missy Elliott,Get Ur Freak On,238
Génération Top 50 (7793 titres),501,2,2024906,Get on the Floor,Michael Jackson,Off the Wall,278
Génération Top 50 (7793 titres),501,2,2116049,Get on the Floor,Michael Jackson,Off the Wall,277
Génération Top 50 (7793 titres),502,2,2063510,Girl Don't Take Your Love From Me,Michael Jackson,Got To Be There (2013),228
Génération Top 50 (7793 titres),502,2,2200329,Girl Don’t Take Your Love From Me,Michael Jackson,Got To Be There,228
Génération Top 50 (7793 titres),503,2,1959644,Girls & Boys,Prince,4Ever,207
Génération Top 50 (7793 titres),503,2,2266335,Girls & Boys,Prince,4Ever,207
Génération Top 50 (7793 titres),504,2,2098516,Girls on Film,Duran Duran,Duran Duran,216
Génération Top 50 (7793 titres),504,2,2165012,Girls_On_Film,Duran Duran,Duran Duran,202
Génération Top 50 (7793 titres),505,2,1347594,Give It 2 Me,Madonna,Hard Candy,287
Génération Top 50 (7793 titres),505,2,1904769,Give It 2 Me,Madonna,Hard Candy,287
Génération Top 50 (7793 titres),506,2,2059259,Give It to Me,Kylie Minogue,Unknown Album,170
Génération Top 50 (7793 titres),506,2,2270527,Give It to Me,Kylie Minogue,Fever,170
Génération Top 50 (7793 titres),507,2,1957645,Giving You Up,Kylie Minogue,Giving You Up,209
Génération Top 50 (7793 titres),507,2,2266196,Giving You Up,Kylie Minogue,Giving You Up,209
Génération Top 50 (7793 titres),508,2,2109958,Glam Slam,Prince,Lovesexy,307
Génération Top 50 (7793 titres),508,2,2167781,Glam Slam,Prince,Lovesexy,307
Génération Top 50 (7793 titres),509,2,2220101,Go See Meridian,Phil Collins,Remembers the Past,198
Génération Top 50 (7793 titres),509,2,2240349,Go See Meridian,Phil Collins,Remembers the Past,198
Génération Top 50 (7793 titres),510,3,2176074,"Go, Rimbaud Go!",Indochine,La République des Meteors,249
Génération Top 50 (7793 titres),510,3,2217089,"Go, Rimbaud Go!",Indochine,La République des Meteors,249
Génération Top 50 (7793 titres),510,3,2262505,"Go, Rimbaud Go!",Indochine,La République des Meteors,249
Génération Top 50 (7793 titres),511,2,2156415,Going to a Go-Go,Phil Collins,Going Back,168
Génération Top 50 (7793 titres),511,2,2110676,Going to a Go‐Go,Phil Collins,Going Back,168
Génération Top 50 (7793 titres),512,2,1174606,Gold Slugs,DJ Khaled,I Changed a Lot,258
Génération Top 50 (7793 titres),512,2,2166904,Gold Slugs,DJ Khaled,I Changed a Lot,258
Génération Top 50 (7793 titres),513,2,2110690,Gold Slugs (instrumental),DJ Khaled,I Changed a Lot,258
Génération Top 50 (7793 titres),513,2,2166914,Gold Slugs (instrumental),DJ Khaled,I Changed a Lot,258
Génération Top 50 (7793 titres),514,3,2221792,Gone,Madonna,Music,209
Génération Top 50 (7793 titres),514,3,2241634,Gone,Madonna,Music,209
Génération Top 50 (7793 titres),514,3,2265858,Gone,Madonna,Music,209
Génération Top 50 (7793 titres),515,2,1210582,Good Intentions,24kgoldn,Growing Pains,156
Génération Top 50 (7793 titres),515,2,1210583,Good Intentions,24kgoldn,Growing Pains,156
Génération Top 50 (7793 titres),516,2,2159803,Goths In A Graveyard,Aurelio Voltaire,Summerween Surf,262
Génération Top 50 (7793 titres),516,2,2059138,Goths in a Graveyard,Aurelio Voltaire,Summerween Surf,262
Génération Top 50 (7793 titres),517,2,1193658,Gouloulha-dji,Khaled,Kenza,339
Génération Top 50 (7793 titres),517,2,1619724,Gouloulha-dji,Khaled,Kenza,337
Génération Top 50 (7793 titres),518,4,1966312,Gracias a la vida,Florent Pagny,Baryton Gracias A La Vida (2012),225
Génération Top 50 (7793 titres),518,4,2057749,Gracias a la vida,Florent Pagny,"Baryton, gracias a la vida",228
Génération Top 50 (7793 titres),518,4,2153842,Gracias a la vida,Florent Pagny,"Baryton, gracias a la vida",228
Génération Top 50 (7793 titres),518,4,2271402,Gracias a la vida,Florent Pagny,"Baryton, gracias a la vida",228
Génération Top 50 (7793 titres),519,3,2060642,Greatest Love of All,Whitney Houston,I Will Always Love You: the Best of Whitney Houston,290
Génération Top 50 (7793 titres),519,3,2093095,Greatest Love of All,Whitney Houston,Whitney Houston,297
Génération Top 50 (7793 titres),519,3,2225985,Greatest Love of All,Whitney Houston,Whitney Houston,291
Génération Top 50 (7793 titres),520,2,2101846,Gripshitrider in Paris,Les Rita Mitsouko,Cool Frénésie,253
Génération Top 50 (7793 titres),520,2,2164155,Gripshitrider in Paris,Les Rita Mitsouko,Cool Frénésie,253
Génération Top 50 (7793 titres),521,2,2062797,Gutta,DJ Khaled,Gutta,240
Génération Top 50 (7793 titres),521,2,2166731,Gutta,DJ Khaled,Gutta,240
Génération Top 50 (7793 titres),522,2,1235146,H'Mama,Khaled,Ya Rayi,410
Génération Top 50 (7793 titres),522,2,2115743,H'Mama,Khaled,Best Of,409
Génération Top 50 (7793 titres),523,3,2235642,HADA RAYKOUM,Khaled,HADA RAYKOUM,469
Génération Top 50 (7793 titres),523,3,1235180,Hada Raykoum,Khaled,Hada Raykoum,536
Génération Top 50 (7793 titres),523,3,2139473,Hada Raykoum,Khaled,Hada Raykoum,501
Génération Top 50 (7793 titres),524,2,2237968,"HE'S THE D.J., I'M THE RAPPER",DJ Jazzy Jeff & the Fresh Prince,"He's The DJ, I'm The Rapper",296
Génération Top 50 (7793 titres),524,2,2109607,"He's the D.J., I'm the Rapper",DJ Jazzy Jeff & the Fresh Prince,Original Album Classics,296
Génération Top 50 (7793 titres),525,2,2230955,HISTORY (TONY MORAN’S HISTORY LESSON),Michael Jackson,The Indispensable Collection,480
Génération Top 50 (7793 titres),525,2,2123669,History (Tony Moran's History Lesson),Michael Jackson,Blood on the Dance Floor/ History in the Mix,480
Génération Top 50 (7793 titres),526,2,2231119,HOLIDAY RAP,MC Miker G & DJ Sven,LE DISQUE D'OR DES ANNÉES 80,268
Génération Top 50 (7793 titres),526,2,1283833,Holiday Rap,MC Miker G & DJ Sven,Le disque d'or des années 80,268
Génération Top 50 (7793 titres),527,2,2230943,HUMAN NATURE,Michael Jackson,THRILLER (SPECIAL EDIT),245
Génération Top 50 (7793 titres),527,2,2193575,Human Nature,Michael Jackson,Thriller,244
Génération Top 50 (7793 titres),528,3,2203748,HUNG UP,Madonna,CONFESSIONS ON A DANCE FLOOR,339
Génération Top 50 (7793 titres),528,3,1910458,Hung Up,Madonna,Confessions On A Dance Floor,339
Génération Top 50 (7793 titres),528,3,1911383,Hung Up,Madonna,Confessions on a Dance Floor,339
Génération Top 50 (7793 titres),529,3,1235185,Hadak Aachki Le Oul,Khaled,Hada Raykoum,388
Génération Top 50 (7793 titres),529,3,1235186,Hadak Aachki Le Oul,Khaled,Hada Raykoum,407
Génération Top 50 (7793 titres),529,3,2139474,Hadak aachki le oul,Khaled,Hada Raykoum,388
Génération Top 50 (7793 titres),530,2,2258335,Hallyday (Le Phenix),Michel Sardou,La maladie d'amour,237
Génération Top 50 (7793 titres),530,2,2262787,Hallyday (Le Phenix),Michel Sardou,La maladie d'amour,237
Génération Top 50 (7793 titres),531,2,1302339,Hana-Hana,Khaled Safy Boutella,Kutche,324
Génération Top 50 (7793 titres),531,2,1302349,Hana-Hana,Khaled & Safy Boutella,Kutché,324
Génération Top 50 (7793 titres),532,3,2247798,Happy (Love Theme From 'Lady Sings the Blues'),Michael Jackson,Music & Me,205
Génération Top 50 (7793 titres),532,3,2258170,Happy (Love Theme From 'Lady Sings the Blues'),Michael Jackson,Music & Me,205
Génération Top 50 (7793 titres),532,3,2262720,Happy (Love Theme From 'Lady Sings the Blues'),Michael Jackson,Music & Me,205
Génération Top 50 (7793 titres),533,2,2083747,Happy Birthday,Altered Images,Happy Birthday,178
Génération Top 50 (7793 titres),533,2,2198297,Happy Birthday,Altered Images,Happy Birthday,178
Génération Top 50 (7793 titres),534,2,1428723,Happy Nation,Ace Of Base,Unknown Album,255
Génération Top 50 (7793 titres),534,2,2125144,Happy Nation,Ace Of Base,Happy Nation - Single,255
Génération Top 50 (7793 titres),535,2,1428712,Happy Nation (album version),Ace Of Base,Happy Nation: U.S. Version,255
Génération Top 50 (7793 titres),535,2,1954082,Happy Nation (album version),Ace Of Base,Dance Remixes,255
Génération Top 50 (7793 titres),536,2,1253947,Head,Prince,Dirty Mind,281
Génération Top 50 (7793 titres),536,2,2098088,Head,Prince,Dirty Mind,281
Génération Top 50 (7793 titres),537,2,2220219,Head Held High,Phil Collins,Dance Lessons: The DITL Demos,309
Génération Top 50 (7793 titres),537,2,2240431,Head Held High,Phil Collins,Dance Lessons: The DITL Demos,309
Génération Top 50 (7793 titres),538,6,1836580,Heartbreak Hotel,Whitney Houston,Get It Back,281
Génération Top 50 (7793 titres),538,6,1943913,Heartbreak Hotel,Whitney Houston,My Love Is Your Love,281
Génération Top 50 (7793 titres),538,6,2221140,Heartbreak Hotel,Whitney Houston,My Love Is Your Love,281
Génération Top 50 (7793 titres),538,6,2241027,Heartbreak Hotel,Whitney Houston,My Love Is Your Love,281
Génération Top 50 (7793 titres),538,6,2261099,Heartbreak Hotel,Whitney Houston,My Love Is Your Love,281
Génération Top 50 (7793 titres),538,6,2267160,Heartbreak Hotel,Whitney Houston,My Love Is Your Love,281
Génération Top 50 (7793 titres),539,2,2165377,Heaven And Earth,Kylie Minogue,Enjoy Yourself,224
Génération Top 50 (7793 titres),539,2,2059252,Heaven and Earth,Kylie Minogue,Enjoy Yourself,224
Génération Top 50 (7793 titres),540,2,2173393,Hells Kitchen,DJ Khaled,Suffering From Success,247
Génération Top 50 (7793 titres),540,2,2270737,Hells Kitchen,DJ Khaled,Suffering From Success,247
Génération Top 50 (7793 titres),541,2,2008184,Hey Sexy Lady,"Brian, Sean Paul, Shaggy, Tony Gold & Will Smith",Riddim Driven: Sexy Lady Explosion,200
Génération Top 50 (7793 titres),541,2,2008186,Hey Sexy Lady,"Brian, Sean Paul, Shaggy, Tony Gold & Will Smith",Riddim Driven: Sexy Lady Explo,200
Génération Top 50 (7793 titres),542,2,1298097,Higher Love,Kygo and Whitney Houston,Golden Hour,227
Génération Top 50 (7793 titres),542,2,1298098,Higher Love,Kygo and Whitney Houston,Golden Hour,260
Génération Top 50 (7793 titres),543,2,1970070,Hit My Heart (Featuring Dhany),Benassi Bros. & Dhany,NRJ Music Awards 2025 [Édition Collector],2455
Génération Top 50 (7793 titres),543,2,2009162,Hit My Heart (Featuring Dhany),Benassi Bros. & Dhany,Pumphonia,306
Génération Top 50 (7793 titres),544,2,2009165,Hit My Heart (Sfaction Version,Benassi Bros. feat. Dhany,Pumphonia,308
Génération Top 50 (7793 titres),544,2,2009164,Hit My Heart (Sfaction Version),Benassi Bros. feat. Dhany,Pumphonia,308
Génération Top 50 (7793 titres),545,2,2009170,Hit My Heart (Sfaction Version),Benassi Bros.,Pumphonia,306
Génération Top 50 (7793 titres),545,2,1848571,Hit My Heart (Sfaction version),Benassi Bros.,Unknown Album,308
Génération Top 50 (7793 titres),546,3,2014026,Hit My Heart (Sfaction mix) (Feat. Dhany),Benassi Bros.,Unknown Album,308
Génération Top 50 (7793 titres),546,3,2273285,Hit My Heart (Sfaction mix) (Feat. Dhany),Benassi Bros.,Unknown Album,308
Génération Top 50 (7793 titres),546,3,1869646,Hit My Heart (Sfaction mix) feat. Dhany,Benassi Bros.,Best of Benassi Bros.,308
Génération Top 50 (7793 titres),547,2,1174614,Hold You Down,DJ Khaled,I Changed a Lot,293
Génération Top 50 (7793 titres),547,2,2166911,Hold You Down,DJ Khaled,I Changed a Lot,293
Génération Top 50 (7793 titres),548,2,1174616,Hold You Down (remix),DJ Khaled,I Changed a Lot,269
Génération Top 50 (7793 titres),548,2,2166913,Hold You Down (remix),DJ Khaled,I Changed a Lot,269
Génération Top 50 (7793 titres),549,2,2005370,Holiday (Rap),Nick Skitz,Top 50 - 30 Ans Cd2,268
Génération Top 50 (7793 titres),549,2,2005371,Holiday Rap,Nick Skitz,Top 50 - 30 Ans Cd2,266
Génération Top 50 (7793 titres),550,3,1347580,How High,Madonna,Confessions on a Dance Floor,245
Génération Top 50 (7793 titres),550,3,2102502,How High,Madonna,Confessions on a Dance Floor,280
Génération Top 50 (7793 titres),550,3,2154676,How High,Madonna,Confessions on a Dance Floor,280
Génération Top 50 (7793 titres),551,2,2093092,How Will I Know,Whitney Houston,Whitney Houston,269
Génération Top 50 (7793 titres),551,2,2160364,How Will I Know,Whitney Houston,Whitney Houston,276
Génération Top 50 (7793 titres),552,5,2112255,Hymne a l'amour,Patricia Kaas,Chante Piaf,256
Génération Top 50 (7793 titres),552,5,2163845,Hymne à l'amour,Patricia Kaas,Chante Piaf,256
Génération Top 50 (7793 titres),552,5,2217369,Hymne à l'amour,Patricia Kaas,Chante Piaf,258
Génération Top 50 (7793 titres),552,5,2229094,Hymne à l'amour,Patricia Kaas,Chante Piaf,258
Génération Top 50 (7793 titres),552,5,2265840,Hymne à l'amour,Patricia Kaas,Chante Piaf,258
Génération Top 50 (7793 titres),553,2,2272484,I Ain't Worried,DJ Khaled,I Changed a Lot,196
Génération Top 50 (7793 titres),553,2,1174612,I Ain’t Worried,DJ Khaled,I Changed a Lot,196
Génération Top 50 (7793 titres),554,2,1202303,I Belong to You,Whitney Houston,I’m Your Baby Tonight,334
Génération Top 50 (7793 titres),554,2,2122584,I Belong to You,Whitney Houston,I'm Your Baby Tonight,330
Génération Top 50 (7793 titres),555,5,1943910,I Bow Out,Whitney Houston,My Love Is Your Love,269
Génération Top 50 (7793 titres),555,5,2221148,I Bow Out,Whitney Houston,My Love Is Your Love,271
Génération Top 50 (7793 titres),555,5,2241035,I Bow Out,Whitney Houston,My Love Is Your Love,271
Génération Top 50 (7793 titres),555,5,2261107,I Bow Out,Whitney Houston,My Love Is Your Love,271
Génération Top 50 (7793 titres),555,5,2267157,I Bow Out,Whitney Houston,My Love Is Your Love,269
Génération Top 50 (7793 titres),556,2,2181461,I DON’T WANT A LOVER,Various Artists,TOP 50 : 30 ANS − 1984 | 1993,262
Génération Top 50 (7793 titres),556,2,2005392,I Don’T Want A Lover,Various Artists,Top 50 : 30 ans − 1984 | 1993,261
Génération Top 50 (7793 titres),557,3,2221786,I Deserve It,Madonna,Music,264
Génération Top 50 (7793 titres),557,3,2241628,I Deserve It,Madonna,Music,264
Génération Top 50 (7793 titres),557,3,2265852,I Deserve It,Madonna,Music,264
Génération Top 50 (7793 titres),558,3,1492964,I Didn't Know My Own Strength,Whitney Houston,Various Artists,219
Génération Top 50 (7793 titres),558,3,1891622,I Didn’t Know My Own Strength,Whitney Houston,I Look to You,219
Génération Top 50 (7793 titres),558,3,1891623,I Didn’t Know My Own Strength,Whitney Houston,I Look to You,219
Génération Top 50 (7793 titres),559,3,1960344,I Don't Care Anymore,Phil Collins,On The Air Tonight Radio Concerts,305
Génération Top 50 (7793 titres),559,3,1960352,I Don’t Care Anymore,Phil Collins,No Way Out,306
Génération Top 50 (7793 titres),559,3,2234459,I Don’t Care Anymore,Phil Collins,"Hello, I Must Be Going!",304
Génération Top 50 (7793 titres),560,2,1174604,I Don’t Play About My Paper,DJ Khaled,I Changed a Lot,195
Génération Top 50 (7793 titres),560,2,1174633,I Don’t Play About My Paper,DJ Khaled,I Changed a Lot,195
Génération Top 50 (7793 titres),561,2,2220223,I Don’t Wanna Go,Phil Collins,Dance Lessons: The DITL Demos,170
Génération Top 50 (7793 titres),561,2,2240435,I Don’t Wanna Go,Phil Collins,Dance Lessons: The DITL Demos,170
Génération Top 50 (7793 titres),562,2,1957660,I Feel For You,Kylie Minogue,Body Language,261
Génération Top 50 (7793 titres),562,2,2266207,I Feel For You,Kylie Minogue,Body Language,261
Génération Top 50 (7793 titres),563,3,1891626,I Got You,Whitney Houston,I Look to You,254
Génération Top 50 (7793 titres),563,3,1891627,I Got You,Whitney Houston,I Look to You,254
Génération Top 50 (7793 titres),563,3,2107042,I Got You,Whitney Houston,Various Artists,254
Génération Top 50 (7793 titres),564,3,2200369,I Just Can't Stop Loving You,Michael Jackson,Bad,268
Génération Top 50 (7793 titres),564,3,2200311,I Just Can’t Stop Loving You,Michael Jackson,"HIStory - Past, Present And Future - Book I",251
Génération Top 50 (7793 titres),564,3,2200367,I Just Can’t Stop Loving You,Michael Jackson,Bad,265
Génération Top 50 (7793 titres),565,3,1935301,I Know Him So Well,Whitney Houston,Whitney,270
Génération Top 50 (7793 titres),565,3,2084980,I Know Him So Well,Whitney Houston,Whitney,270
Génération Top 50 (7793 titres),565,3,2225988,I Know Him So Well,Whitney Houston,Whitney,270
Génération Top 50 (7793 titres),566,3,2203749,I LOVE NEW YORK,Madonna,CONFESSIONS ON A DANCE FLOOR,277
Génération Top 50 (7793 titres),566,3,1910462,I Love New York,Madonna,Confessions On A Dance Floor,277
Génération Top 50 (7793 titres),566,3,1911387,I Love New York,Madonna,Confessions on a Dance Floor,251
Génération Top 50 (7793 titres),567,5,1943916,I Learned From the Best,Whitney Houston,My Love Is Your Love,259
Génération Top 50 (7793 titres),567,5,2221144,I Learned From the Best,Whitney Houston,My Love Is Your Love,260
Génération Top 50 (7793 titres),567,5,2241031,I Learned From the Best,Whitney Houston,My Love Is Your Love,260
Génération Top 50 (7793 titres),567,5,2261103,I Learned From the Best,Whitney Houston,My Love Is Your Love,260
Génération Top 50 (7793 titres),567,5,2267163,I Learned From the Best,Whitney Houston,My Love Is Your Love,259
Génération Top 50 (7793 titres),568,2,1174608,I Lied,DJ Khaled,I Changed a Lot,280
Génération Top 50 (7793 titres),568,2,2166906,I Lied,DJ Khaled,I Changed a Lot,280
Génération Top 50 (7793 titres),569,2,2055835,I Like It There,Prince,Chaos and Disorder,195
Génération Top 50 (7793 titres),569,2,2169482,I Like It There,Prince,Chaos and Disorder,195
Génération Top 50 (7793 titres),570,3,1492961,I Look to You,Whitney Houston,Various Artists,265
Génération Top 50 (7793 titres),570,3,1891617,I Look to You,Whitney Houston,I Look to You,265
Génération Top 50 (7793 titres),570,3,1891618,I Look to You,Whitney Houston,I Look to You,265
Génération Top 50 (7793 titres),571,2,1282480,I Love It,Kylie Minogue,Various Artists,230
Génération Top 50 (7793 titres),571,2,2224016,I Love It,Kylie Minogue,Disco,302
Génération Top 50 (7793 titres),572,2,2103172,I Love to Love,La Bouche,Sweet Dreams,238
Génération Top 50 (7793 titres),572,2,2169163,I Love to Love,La Bouche,Sweet Dreams,238
Génération Top 50 (7793 titres),573,2,2099908,I Missed Again,Phil Collins,Face Value (Deluxe Editon),226
Génération Top 50 (7793 titres),573,2,2270526,I Missed Again,Phil Collins,Face Value,226
Génération Top 50 (7793 titres),574,2,2234450,I Missed Again [Drawing Board Demo],Phil Collins,"1981/05/22 - If Leaving Me Was Easy [UK 7""]*",249
Génération Top 50 (7793 titres),574,2,2234452,I Missed Again [Drawing Board Demo],Phil Collins,"1981/05/22 - If Leaving Me Was Easy [UK 7""]",249
Génération Top 50 (7793 titres),575,2,1187584,I Pray,Ace Of Base,Flowers (Remastered),198
Génération Top 50 (7793 titres),575,2,2115797,I Pray,Ace Of Base,Flowers,198
Génération Top 50 (7793 titres),576,2,2100639,I Wanna Be With You,DJ Khaled,Suffering From Success,252
Génération Top 50 (7793 titres),576,2,2169018,I Wanna Be With You,DJ Khaled,Suffering From Success,252
Génération Top 50 (7793 titres),577,3,2060645,I Wanna Dance With Somebody (Who Loves Me),Whitney Houston,Whitney,293
Génération Top 50 (7793 titres),577,3,2084971,I Wanna Dance With Somebody (Who Loves Me),Whitney Houston,Whitney,292
Génération Top 50 (7793 titres),577,3,2174606,I Wanna Dance With Somebody (Who Loves Me),Whitney Houston,Whitney,293
Génération Top 50 (7793 titres),578,5,1943912,I Was Made to Love Him,Whitney Houston,My Love Is Your Love,265
Génération Top 50 (7793 titres),578,5,2221150,I Was Made to Love Him,Whitney Houston,My Love Is Your Love,265
Génération Top 50 (7793 titres),578,5,2241037,I Was Made to Love Him,Whitney Houston,My Love Is Your Love,265
Génération Top 50 (7793 titres),578,5,2261109,I Was Made to Love Him,Whitney Houston,My Love Is Your Love,265
Génération Top 50 (7793 titres),578,5,2267159,I Was Made to Love Him,Whitney Houston,My Love Is Your Love,265
Génération Top 50 (7793 titres),579,3,1492957,I Will Always Love You,Whitney Houston,Various Artists,263
Génération Top 50 (7793 titres),579,3,1492994,I Will Always Love You,Whitney Houston,The Bodyguard - Original Soundtrack Album,270
Génération Top 50 (7793 titres),579,3,2256580,I Will Always Love You,Whitney Houston,The Bodyguard,270
Génération Top 50 (7793 titres),580,2,2114830,I Wish U Heaven,Prince,Lovesexy,165
Génération Top 50 (7793 titres),580,2,2167786,I Wish U Heaven,Prince,Lovesexy,165
Génération Top 50 (7793 titres),581,3,1988019,I'M THE ONE,DJ Khaled,Grateful,288
Génération Top 50 (7793 titres),581,3,2244338,I'M THE ONE,DJ Khaled,GRATEFUL,288
Génération Top 50 (7793 titres),581,3,2166639,I'm the One,DJ Khaled,Grateful,288
Génération Top 50 (7793 titres),582,2,2179321,I'll Be Home for Christmas,Whitney Houston,One Wish: The Holiday Album,225
Génération Top 50 (7793 titres),582,2,2116763,I’ll Be Home for Christmas,Whitney Houston,One Wish: the Holiday Album,225
Génération Top 50 (7793 titres),583,2,2252387,I'll Be There,La Bouche,Sweet Dreams,250
Génération Top 50 (7793 titres),583,2,2061830,I’ll Be There,La Bouche,Sweet Dreams,250
Génération Top 50 (7793 titres),584,2,2172913,I'm Knockin',Whitney Houston,I'm Your Baby Tonight,294
Génération Top 50 (7793 titres),584,2,1202307,I’m Knockin’,Whitney Houston,I’m Your Baby Tonight,298
Génération Top 50 (7793 titres),585,2,2224236,I'm Over Dreaming (Over You),Kylie Minogue,Enjoy Yourself,204
Génération Top 50 (7793 titres),585,2,2100139,I’m Over Dreaming (Over You),Kylie Minogue,Enjoy Yourself,204
Génération Top 50 (7793 titres),586,2,2173431,I'm Talkin',Missy Elliott,Supa Dupa Fly,302
Génération Top 50 (7793 titres),586,2,2121700,I’m Talkin’,Missy Elliott,Supa Dupa Fly,302
Génération Top 50 (7793 titres),587,3,2166167,I'm Yours,Prince,For You,302
Génération Top 50 (7793 titres),587,3,2114823,I’m Yours,Prince,For You,302
Génération Top 50 (7793 titres),587,3,1279956,アイム・ユアーズ = I'm Yours,Prince,For You,302
Génération Top 50 (7793 titres),588,2,2223571,I've Forgotten Everything,Phil Collins,Both Sides,315
Génération Top 50 (7793 titres),588,2,2062193,I’ve Forgotten Everything,Phil Collins,Both Sides (Deluxe Edition),315
Génération Top 50 (7793 titres),589,3,2201742,IL CHANGEAIT LA VIE,Jean-Jacques Goldman,ENTRE GRIS CLAIR ET GRIS FONCÉ,240
Génération Top 50 (7793 titres),589,3,2201756,IL CHANGEAIT LA VIE,Jean-Jacques Goldman,ENTRE GRIS CLAIR ET GRIS FONCÉ,240
Génération Top 50 (7793 titres),589,3,2259620,Il changeait la vie,Jean-Jacques Goldman,Intégrale 81-91,239
Génération Top 50 (7793 titres),590,2,2200631,IL PART,Fredericks Goldman Jones,ROUGE,279
Génération Top 50 (7793 titres),590,2,2200633,IL PART,Fredericks Goldman Jones,ROUGE,300
Génération Top 50 (7793 titres),591,3,2200655,IL PART,Jean-Jacques Goldman,ROUGE,300
Génération Top 50 (7793 titres),591,3,2215050,IL PART,Jean-Jacques Goldman,INTÉGRALE 1990–2000,300
Génération Top 50 (7793 titres),591,3,1248267,Il part,Jean-Jacques Goldman,La Collection : 1990 / 2001  (Compilation),300
Génération Top 50 (7793 titres),592,3,2201782,IL SUFFIRA D’UN SIGNE,Jean-Jacques Goldman,INTÉGRALE 81-91,381
Génération Top 50 (7793 titres),592,3,1434024,Il Suffira D'un Signe,Jean-Jacques Goldman,Jean-Jacques Goldman : La collection 81-89,349
Génération Top 50 (7793 titres),592,3,1848780,Il suffira d’un signe,Jean-Jacques Goldman,1er Album,349
Génération Top 50 (7793 titres),593,2,2205069,INSTAGRAM,"DIMITRI VEGAS & LIKE MIKE, DAVID GUETTA, DADDY YANKEE, AFRO BROS & NATTI NATASHA",INSTAGRAM,184
Génération Top 50 (7793 titres),593,2,2205071,INSTAGRAM,"DIMITRI VEGAS & LIKE MIKE, DAVID GUETTA, DADDY YANKEE, AFRO BROS & NATTI NATASHA",INSTAGRAM,184
Génération Top 50 (7793 titres),594,3,2230959,IT’S THE FALLING IN LOVE,Michael Jackson,OFF THE WALL,246
Génération Top 50 (7793 titres),594,3,2123695,It's The Falling In Love,Michael Jackson,Off the Wall,227
Génération Top 50 (7793 titres),594,3,2024909,It's the Falling in Love,Michael Jackson,Off the Wall,228
Génération Top 50 (7793 titres),595,3,2221483,If Eye Was The Man In Ur Life,Prince,Musicology,189
Génération Top 50 (7793 titres),595,3,2241345,If Eye Was The Man In Ur Life,Prince,Musicology,189
Génération Top 50 (7793 titres),595,3,2266054,If Eye Was The Man In Ur Life,Prince,Musicology,189
Génération Top 50 (7793 titres),596,2,1943915,If I Told You That,Whitney Houston,My Love Is Your Love,277
Génération Top 50 (7793 titres),596,2,2267162,If I Told You That,Whitney Houston,My Love Is Your Love,277
Génération Top 50 (7793 titres),597,2,2100152,If Only,Kylie Minogue,Kiss Me Once,202
Génération Top 50 (7793 titres),597,2,2167584,If Only,Kylie Minogue,Kiss Me Once,202
Génération Top 50 (7793 titres),598,2,1209129,Il jouait du piano debout,France Gall,"Paris, France",276
Génération Top 50 (7793 titres),598,2,2061174,Il jouait du piano debout,France Gall,"Paris, France (Remasterisé en 2004)",271
Génération Top 50 (7793 titres),599,2,1950251,Il jouait du piano debout (Remasterisé en 2004),France Gall,"Paris, France (Remasterisé en 2004)",273
Génération Top 50 (7793 titres),599,2,2267590,Il jouait du piano debout (Remasterisé en 2004),France Gall,"Paris, France (Remasterisé en 2004)",273
Génération Top 50 (7793 titres),600,4,2033111,Il y A Trop de Gens Qui T'aiment,Hélène Ségara,Il y A Trop de Gens Qui T'aiment,263
Génération Top 50 (7793 titres),600,4,2033113,Il y A Trop de Gens Qui T’Aiment,Hélène Ségara,Il y A Trop de Gens Qui T'aiment,266
Génération Top 50 (7793 titres),600,4,1939469,Il y a trop de gens qui t'aiment,Hélène Ségara,Au nom d'une femme,262
Génération Top 50 (7793 titres),600,4,2066901,Il y a trop de gens qui t'aiment,Hélène Ségara,Il y a trop de gens qui t'aiment,263
Génération Top 50 (7793 titres),601,2,1979821,Il Était Là (Le Fauteuil),Michel Sardou,Les 50 Plus Belles Chansons Disc 2,253
Génération Top 50 (7793 titres),601,2,1980020,Il était là (Le fauteuil),Michel Sardou,Les 50 plus belles chansons,253
Génération Top 50 (7793 titres),602,3,2221476,"Illusion, Coma, Pimp & Circumstance",Prince,Musicology,286
Génération Top 50 (7793 titres),602,3,2241338,"Illusion, Coma, Pimp & Circumstance",Prince,Musicology,286
Génération Top 50 (7793 titres),602,3,2266051,"Illusion, Coma, Pimp & Circumstance",Prince,Musicology,286
Génération Top 50 (7793 titres),603,2,1944641,Imagine-toi,Francis Cabrel,Les murs de poussière,221
Génération Top 50 (7793 titres),603,2,2267196,Imagine-toi,Francis Cabrel,Les murs de poussière,221
Génération Top 50 (7793 titres),604,3,2221784,Impressive Instant,Madonna,Music,217
Génération Top 50 (7793 titres),604,3,2241626,Impressive Instant,Madonna,Music,217
Génération Top 50 (7793 titres),604,3,2265850,Impressive Instant,Madonna,Music,217
Génération Top 50 (7793 titres),605,2,2224526,In Love,Prince,For You,217
Génération Top 50 (7793 titres),605,2,1279949,イン・ラヴ = In Love,Prince,For You,217
Génération Top 50 (7793 titres),606,3,2221143,In My Business,Whitney Houston,My Love Is Your Love,207
Génération Top 50 (7793 titres),606,3,2241030,In My Business,Whitney Houston,My Love Is Your Love,207
Génération Top 50 (7793 titres),606,3,2261102,In My Business,Whitney Houston,My Love Is Your Love,207
Génération Top 50 (7793 titres),607,2,1960364,In The Air Tonight (2015 Remastered),Phil Collins,Face Value (Deluxe Editon),335
Génération Top 50 (7793 titres),607,2,2267979,In The Air Tonight (2015 Remastered),Phil Collins,Face Value (Deluxe Editon),335
Génération Top 50 (7793 titres),608,2,2100144,In Your Eyes,Kylie Minogue,Fever,200
Génération Top 50 (7793 titres),608,2,2165961,In Your Eyes,Kylie Minogue,Fever,200
Génération Top 50 (7793 titres),609,3,2200345,In the Closet,Michael Jackson,Dangerous,301
Génération Top 50 (7793 titres),609,3,2259337,In the Closet,Michael Jackson,Dangerous,390
Génération Top 50 (7793 titres),609,3,2259338,In the Closet,Michael Jackson,Dangerous,391
Génération Top 50 (7793 titres),610,4,1837320,In the Night,Début de Soirée,Faut Pas Exagérer,253
Génération Top 50 (7793 titres),610,4,2107325,In the Night,Début de Soirée,Faut pas exagerer,252
Génération Top 50 (7793 titres),610,4,2156047,In the Night,Début de Soirée,Faut pas exagerer,252
Génération Top 50 (7793 titres),610,4,2272724,In the Night,Début de Soirée,Faut pas exagerer,252
Génération Top 50 (7793 titres),611,2,1274419,Indie,"Taha, Khaled, Faudel","1,2,3 Soleils",336
Génération Top 50 (7793 titres),611,2,2091709,Indie,"Taha, Khaled, Faudel","1, 2, 3 Soleils [Disc 1]",338
Génération Top 50 (7793 titres),612,2,1989138,Instagram (Bassjackers remix),"Dimitri Vegas & Like Mike, David Guetta, Daddy Yankee, Afro Bros & Natti Natasha",Instagram (Bassjackers remix),216
Génération Top 50 (7793 titres),612,2,1989140,Instagram (Bassjackers remix),"Dimitri Vegas & Like Mike, David Guetta, Daddy Yankee, Afro Bros & Natti Natasha",Instagram (Bassjackers remix),216
Génération Top 50 (7793 titres),613,2,2258340,Interdit aux bebes,Michel Sardou,La maladie d'amour,155
Génération Top 50 (7793 titres),613,2,2262792,Interdit aux bebes,Michel Sardou,La maladie d'amour,155
Génération Top 50 (7793 titres),614,2,1347604,Into the Groove (You Can Dance remix edit),Madonna,Into the Groove (You Can Dance remix edit),284
Génération Top 50 (7793 titres),614,2,2125972,Into the Groove (You Can Dance remix edit),Madonna,Into the Groove (You Can Dance remix edit),284
Génération Top 50 (7793 titres),615,2,2057755,Io le canto per te,Florent Pagny,Baryton,253
Génération Top 50 (7793 titres),615,2,2170406,Io le canto per te,Florent Pagny,Baryton,253
Génération Top 50 (7793 titres),616,2,2260090,Is This Really Love,Rick Astley,Free,209
Génération Top 50 (7793 titres),616,2,2100778,Is This Really Love?,Rick Astley,Free,209
Génération Top 50 (7793 titres),617,3,1911391,Isaac,Madonna,Confessions on a Dance Floor,363
Génération Top 50 (7793 titres),617,3,2117403,Isaac,Madonna,"Confessions On A Dance Floor (2LP, EU, 9362-49460-1)",362
Génération Top 50 (7793 titres),617,3,2260335,Isaac,Madonna,Confessions On A Dance Floor,362
Génération Top 50 (7793 titres),618,2,2032346,It Must Have Been Love,Roxette,It Must Have Been Love - Single,258
Génération Top 50 (7793 titres),618,2,2256597,It Must Have Been Love,Roxette,XXX: The 30 Biggest Hits,258
Génération Top 50 (7793 titres),619,6,1836588,It's Not Right But It's Okay,Whitney Houston,The Greatest Hits,288
Génération Top 50 (7793 titres),619,6,1943908,It's Not Right but It's Okay,Whitney Houston,My Love Is Your Love,292
Génération Top 50 (7793 titres),619,6,2221139,It's Not Right but It's Okay,Whitney Houston,My Love Is Your Love,292
Génération Top 50 (7793 titres),619,6,2241026,It's Not Right but It's Okay,Whitney Houston,My Love Is Your Love,292
Génération Top 50 (7793 titres),619,6,2261098,It's Not Right but It's Okay,Whitney Houston,My Love Is Your Love,292
Génération Top 50 (7793 titres),619,6,2267155,It's Not Right but It's Okay,Whitney Houston,My Love Is Your Love,292
Génération Top 50 (7793 titres),620,2,2220208,It's Not Too Late,Phil Collins,2002/11/12 - Testify [US CD],239
Génération Top 50 (7793 titres),620,2,2240420,It's Not Too Late,Phil Collins,2002/11/12 - Testify [US CD],239
Génération Top 50 (7793 titres),621,2,1176814,It's the Most Wonderful Time of the Year,Kylie Minogue,Kylie Christmas,164
Génération Top 50 (7793 titres),621,2,2128718,It’s the Most Wonderful Time of the Year,Kylie Minogue,Kylie Christmas,164
Génération Top 50 (7793 titres),622,2,2112249,It’s Bigger on the Inside,Aurelio Voltaire,BiTrektual,238
Génération Top 50 (7793 titres),622,2,2154053,It’s Bigger on the Inside,Aurelio Voltaire,BiTrektual,238
Génération Top 50 (7793 titres),623,2,2220224,It’s Over,Phil Collins,Dance Lessons: The DITL Demos,261
Génération Top 50 (7793 titres),623,2,2240436,It’s Over,Phil Collins,Dance Lessons: The DITL Demos,261
Génération Top 50 (7793 titres),624,3,2201109,J'AI DEMANDÉ À LA LUNE,Indochine,PARADIZE,212
Génération Top 50 (7793 titres),624,3,2024066,J'ai Demandé À la Lune,Indochine,Paradize,210
Génération Top 50 (7793 titres),624,3,2119048,J’ai demandé à la lune,Indochine,Paradize +10,209
Génération Top 50 (7793 titres),625,5,2229733,J'AI VU,Niagara,FLAMMES [DISC 1],232
Génération Top 50 (7793 titres),625,5,1955614,J'ai vu,Niagara,[standalone recordings],232
Génération Top 50 (7793 titres),625,5,1955615,J'ai vu,Niagara,[standalone recordings],232
Génération Top 50 (7793 titres),625,5,2119335,J'ai vu,Niagara,Various Artists,232
Génération Top 50 (7793 titres),625,5,2119336,J’ai vu,Niagara,Various Artists,232
Génération Top 50 (7793 titres),626,3,1979808,J'Accuse,Michel Sardou,Les 50 Plus Belles Chansons Disc 2,239
Génération Top 50 (7793 titres),626,3,1980038,J'Accuse,Michel Sardou,Les Grands Moments (Live 2013 A L'Olympia)(Disc 1/2),202
Génération Top 50 (7793 titres),626,3,1979824,J'accuse,Michel Sardou,La Vieille,239
Génération Top 50 (7793 titres),627,4,2215078,J'T'AIMERAI QUAND MÊME,Jean-Jacques Goldman,INTÉGRALE 81-91  (COMPILATION)  (DISC 1: UNE AUTRE HISTOIRE),292
Génération Top 50 (7793 titres),627,4,2259604,J't'aimerai quand même,Jean-Jacques Goldman,Intégrale 81-91,292
Génération Top 50 (7793 titres),627,4,2215099,J’T’AIMERAI QUAND MÊME,Jean-Jacques Goldman,DÉMODÉ,292
Génération Top 50 (7793 titres),627,4,1848781,J’t’aimerai quand même,Jean-Jacques Goldman,1er Album,292
Génération Top 50 (7793 titres),628,3,1425650,J'ai Peur De L'avion,Francis Cabrel,Unknown Album,234
Génération Top 50 (7793 titres),628,3,1944701,J'ai peur de l'avion,Francis Cabrel,Sarbacane (Remastered),234
Génération Top 50 (7793 titres),628,3,1235487,J’ai peur de l’avion,Francis Cabrel,Sarbacane (Remastered),234
Génération Top 50 (7793 titres),629,6,1426687,J'ai dix ans,Alain Souchon,J'ai dix ans,183
Génération Top 50 (7793 titres),629,6,2259591,J'ai dix ans,Alain Souchon,J'ai dix ans,183
Génération Top 50 (7793 titres),629,6,1235937,J’ai dix ans,Alain Souchon,J'ai dix ans,183
Génération Top 50 (7793 titres),629,6,1356448,J’ai dix ans,Alain Souchon,J'ai dix ans,185
Génération Top 50 (7793 titres),629,6,1954045,J’ai dix ans,Alain Souchon,20 Chansons,183
Génération Top 50 (7793 titres),629,6,2128255,J’ai dix ans,Alain Souchon,20 Chansons,183
Génération Top 50 (7793 titres),630,2,2258109,J'ai eu trente ans,Julien Clerc,Jaloux,191
Génération Top 50 (7793 titres),630,2,2265209,J'ai eu trente ans,Julien Clerc,Jaloux,191
Génération Top 50 (7793 titres),631,2,2232608,J'ai perdu tout ce que j'aimais,Alain Souchon,Jamais content,166
Génération Top 50 (7793 titres),631,2,2265179,J'ai perdu tout ce que j'aimais,Alain Souchon,Jamais content,166
Génération Top 50 (7793 titres),632,2,2164409,J'ai tout quitté pour toi,Patricia Kaas,Dans ma chair,230
Génération Top 50 (7793 titres),632,2,2058380,J’ai tout quitté pour toi,Patricia Kaas,Dans ma chair,230
Génération Top 50 (7793 titres),633,3,2228611,J'aimais mieux quand c'était toi,Alain Souchon,La Vie Théodore,242
Génération Top 50 (7793 titres),633,3,2232354,J'aimais mieux quand c'était toi,Alain Souchon,La Vie Théodore,242
Génération Top 50 (7793 titres),633,3,2265586,J'aimais mieux quand c'était toi,Alain Souchon,La Vie Théodore,242
Génération Top 50 (7793 titres),634,2,2173404,J'embrasse,Plastic Bertrand,Suite diagonale,238
Génération Top 50 (7793 titres),634,2,2226311,J'embrasse,Plastic Bertrand,Suite diagonale,238
Génération Top 50 (7793 titres),635,2,1965615,J'entends Cogner Ton Cœur,Daniel Balavoine,"L'album De Sa Vie, 100 Titres",257
Génération Top 50 (7793 titres),635,2,1965645,J'entends cogner ton cœur,Daniel Balavoine,Les Aventures De Simon Et Gunther...,257
Génération Top 50 (7793 titres),636,3,1388705,J'habite En France,Michel Sardou,J'habite en France,171
Génération Top 50 (7793 titres),636,3,1860054,J'habite en France,Michel Sardou,Les Grandes chansons,168
Génération Top 50 (7793 titres),636,3,1980114,J'habite en France,Michel Sardou,J'habite en France,170
Génération Top 50 (7793 titres),637,3,2201752,JE COMMENCE DEMAIN,Jean-Jacques Goldman,ENTRE GRIS CLAIR ET GRIS FONCÉ,234
Génération Top 50 (7793 titres),637,3,1848589,Je commence demain,Jean-Jacques Goldman,'intégrale 81-91' [Disc 8] - Q,342
Génération Top 50 (7793 titres),637,3,2259629,Je commence demain,Jean-Jacques Goldman,Intégrale 81-91,342
Génération Top 50 (7793 titres),638,5,2202259,JE COMMENCE DEMAIN,Fredericks Goldman Jones,SUR SCÈNE,333
Génération Top 50 (7793 titres),638,5,2202260,JE COMMENCE DEMAIN,Fredericks Goldman Jones,SUR SCÈNE,333
Génération Top 50 (7793 titres),638,5,2026049,Je Commence Demain,Fredericks Goldman Jones,Du New Morning Au Zénith,319
Génération Top 50 (7793 titres),638,5,2054470,Je commence demain,Fredericks Goldman Jones,Pluriel 90-96,226
Génération Top 50 (7793 titres),638,5,2054476,Je commence demain,Fredericks Goldman Jones,Du New Morning au Zénith,319
Génération Top 50 (7793 titres),639,2,2201799,JE COMMENCE DEMAIN (VERSION TOURNÉE 91) [VERSION TOURNÉE 91],Jean-Jacques Goldman,INTÉGRALE 81-91,342
Génération Top 50 (7793 titres),639,2,2201806,JE COMMENCE DEMAIN (VERSION TOURNÉE 91) [VERSION TOURNÉE 91],Jean-Jacques Goldman,INTÉGRALE 81-91,384
Génération Top 50 (7793 titres),640,2,2202262,JE L'AIME AUSSI,Fredericks Goldman Jones,SUR SCÈNE,452
Génération Top 50 (7793 titres),640,2,2202263,JE L’AIME AUSSI,Fredericks Goldman Jones,SUR SCÈNE,452
Génération Top 50 (7793 titres),641,3,2215085,JE MARCHE SEUL / QUAND LA MUSIQUE EST BONNE / AU BOUT DE MES RÊVES / ENCORE UN MATIN,Jean-Jacques Goldman,EN PUBLIC,389
Génération Top 50 (7793 titres),641,3,2028823,Je Marche Seul / Quand la Musique Est Bonne / Au Bout de Mes Rêves / Encore Un Matin,Jean-Jacques Goldman,En Public,389
Génération Top 50 (7793 titres),641,3,2259641,Je marche seul / Quand la musique est bonne / Au bout de mes rêves / Encore un matin,Jean-Jacques Goldman,En public,389
Génération Top 50 (7793 titres),642,2,2231542,JE NE VEUX QU'ELLE,Marc Lavoine,MARC LAVOINE,235
Génération Top 50 (7793 titres),642,2,2231543,JE NE VEUX QU’ELLE,Marc Lavoine,MARC LAVOINE,235
Génération Top 50 (7793 titres),643,6,2201804,JE NE VOUS PARLERAI PAS D’ELLE,Jean-Jacques Goldman,INTÉGRALE 81-91,264
Génération Top 50 (7793 titres),643,6,2215029,JE NE VOUS PARLERAI PAS D’ELLE,Jean-Jacques Goldman,QUAND LA MUSIQUE EST BONNE,264
Génération Top 50 (7793 titres),643,6,1848789,Je ne vous parlerai pas d'elle,Jean-Jacques Goldman,2eme Album,264
Génération Top 50 (7793 titres),643,6,2259608,Je ne vous parlerai pas d'elle,Jean-Jacques Goldman,Intégrale 81-91,267
Génération Top 50 (7793 titres),643,6,2271291,Je ne vous parlerai pas d'elle,Jean-Jacques Goldman,Intégrale 81-91,267
Génération Top 50 (7793 titres),643,6,1867231,Je ne vous parlerai pas d’elle,Jean-Jacques Goldman,2eme Album,267
Génération Top 50 (7793 titres),644,4,2215040,JE TE DONNE,Jean-Jacques Goldman,NON HOMOLOGUÉ,262
Génération Top 50 (7793 titres),644,4,2259618,Je te donne,Jean-Jacques Goldman,Intégrale 81-91,265
Génération Top 50 (7793 titres),644,4,2259639,Je te donne,Jean-Jacques Goldman,En public,301
Génération Top 50 (7793 titres),644,4,2259640,Je te donne,Jean-Jacques Goldman,En public,301
Génération Top 50 (7793 titres),645,2,2154386,JE TIRE LA LANGUE,Elsa,CHAQUE JOUR EST UN LONG CHEMIN,221
Génération Top 50 (7793 titres),645,2,2108182,Je tire la langue,Elsa,Chaque Jour Est Un Long Chemin,221
Génération Top 50 (7793 titres),646,2,2202501,"JE T’AIMAIS, JE T’AIME ET JE T’AIMERAI",Francis Cabrel,L’ESSENTIEL : 1977-2007,276
Génération Top 50 (7793 titres),646,2,1235462,"Je t'aimais, je t'aime et je t'aimerai",Francis Cabrel,L'Essentiel : 1977-2007,276
Génération Top 50 (7793 titres),647,5,2202485,"JE T’AIMAIS, JE T’AIME, JE T’AIMERAI",Francis Cabrel,SAMEDI SOIR SUR LA TERRE,276
Génération Top 50 (7793 titres),647,5,1235449,"Je t'aimais, je t'aime, je t'aimerai",Francis Cabrel,L'essentiel (1977-2007),576
Génération Top 50 (7793 titres),647,5,1235482,"Je t’aimais, je t’aime, je t’aimerai",Francis Cabrel,Various Artists,276
Génération Top 50 (7793 titres),647,5,1235502,"Je t’aimais, je t’aime, je t’aimerai",Francis Cabrel,L’Essentiel 1977-2017,278
Génération Top 50 (7793 titres),647,5,1852775,"Je t’aimais, je t’aime, je t’aimerai",Francis Cabrel,[Standalone Recordings],278
Génération Top 50 (7793 titres),648,5,2230856,JE VAIS T'AIMER,Michel Sardou,CONFIDENCES ET RETROUVAILLES LIVE 2011,330
Génération Top 50 (7793 titres),648,5,2230858,JE VAIS T’AIMER,Michel Sardou,LES GRANDS MOMENTS: BEST OF,330
Génération Top 50 (7793 titres),648,5,1979806,Je Vais T'Aimer,Michel Sardou,Les 50 Plus Belles Chansons Disc 2,327
Génération Top 50 (7793 titres),648,5,1979829,Je vais t'aimer,Michel Sardou,La Vieille,328
Génération Top 50 (7793 titres),648,5,2115881,Je vais t’aimer,Michel Sardou,L'essentiel des albums studio,326
Génération Top 50 (7793 titres),649,3,2215018,JE VOUDRAIS VOUS REVOIR,Jean-Jacques Goldman,UN TOUR ENSEMBLE,352
Génération Top 50 (7793 titres),649,3,2099903,Je voudrais vous revoir,Jean-Jacques Goldman,Un Tour Ensemble (Live),352
Génération Top 50 (7793 titres),649,3,2223729,Je voudrais vous revoir,Jean-Jacques Goldman,Chansons pour les pieds,312
Génération Top 50 (7793 titres),650,3,2200660,JEANINE MÉDICAMENT BLUES,Fredericks Goldman Jones,DU NEW MORNING AU ZÉNITH,276
Génération Top 50 (7793 titres),650,3,2026050,Jeanine Médicament Blues,Fredericks Goldman Jones,Du New Morning Au Zénith,276
Génération Top 50 (7793 titres),650,3,2116974,Jeanine médicament blues,Fredericks Goldman Jones,Du New Morning au Zénith,276
Génération Top 50 (7793 titres),651,2,2202163,JUNGLE PULSE (LIVE IN LONDON 1998),Étienne Daho,DELUXE RARITIES SELECTION,286
Génération Top 50 (7793 titres),651,2,2073494,Jungle Pulse (Live in London 1998),Étienne Daho,Deluxe Rarities Selection,286
Génération Top 50 (7793 titres),652,5,2200634,JUSTE APRÈS,Fredericks Goldman Jones,ROUGE,277
Génération Top 50 (7793 titres),652,5,2200635,JUSTE APRÈS,Fredericks Goldman Jones,ROUGE,372
Génération Top 50 (7793 titres),652,5,1348643,Juste après,Fredericks Goldman Jones,Du New Morning Au Zénith,322
Génération Top 50 (7793 titres),652,5,2122919,Juste après,Fredericks Goldman Jones,Pluriel 90-96,279
Génération Top 50 (7793 titres),652,5,2131928,Juste après,Fredericks Goldman Jones,Pluriel 90-96,279
Génération Top 50 (7793 titres),653,2,2215051,JUSTE APRÈS,Jean-Jacques Goldman,INTÉGRALE 1990–2000,277
Génération Top 50 (7793 titres),653,2,1848597,Juste après,Jean-Jacques Goldman,... Au Zénith,322
Génération Top 50 (7793 titres),654,2,2258101,Jaloux de tout,Julien Clerc,Jaloux,279
Génération Top 50 (7793 titres),654,2,2265201,Jaloux de tout,Julien Clerc,Jaloux,279
Génération Top 50 (7793 titres),655,2,2112077,Jam,Les Rita Mitsouko,Cool Frénésie,398
Génération Top 50 (7793 titres),655,2,2164161,Jam,Les Rita Mitsouko,Cool Frénésie,398
Génération Top 50 (7793 titres),656,2,2200340,Jam,Michael Jackson,Dangerous,339
Génération Top 50 (7793 titres),656,2,2200342,Jam,Michael Jackson,Dangerous,392
Génération Top 50 (7793 titres),657,2,2232607,Jamais content,Alain Souchon,Jamais content,268
Génération Top 50 (7793 titres),657,2,2265178,Jamais content,Alain Souchon,Jamais content,268
Génération Top 50 (7793 titres),658,3,1209144,Jazz a Gogo,France Gall,Mes Débuts,146
Génération Top 50 (7793 titres),658,3,1209173,Jazz à gogo,France Gall,France Gall,146
Génération Top 50 (7793 titres),658,3,2061172,Jazz à gogo,France Gall,France Gall (Remasterisé),146
Génération Top 50 (7793 titres),659,2,1428124,Jazzy's Groove,DJ Jazzy Jeff & the Fresh Prince,Original Album Classics,225
Génération Top 50 (7793 titres),659,2,1428121,Jazzy’s Groove,DJ Jazzy Jeff & the Fresh Prince,And in This Corner…,225
Génération Top 50 (7793 titres),660,2,1998043,Je L'aimais,France Gall,France Gall (Remasterisé),231
Génération Top 50 (7793 titres),660,2,2123879,Je l’aimais,France Gall,France Gall (Remasterisé),231
Génération Top 50 (7793 titres),661,3,1980040,Je Ne Suis Pas Mort Je Dors,Michel Sardou,Les Grands Moments (Live 2013 A L'Olympia)(Disc 1/2),234
Génération Top 50 (7793 titres),661,3,1979815,"Je Ne Suis Pas Mort, Je Dors",Michel Sardou,Les 50 Plus Belles Chansons Disc 2,233
Génération Top 50 (7793 titres),661,3,1979980,"Je ne suis pas mort, je dors",Michel Sardou,Les 100 Plus Belles Chansons,233
Génération Top 50 (7793 titres),662,5,1965498,Je Ne Suis Pas Un Héros,Daniel Balavoine,Les 50 Plus Belles Chansons,316
Génération Top 50 (7793 titres),662,5,1965520,Je Ne Suis Pas Un Héros,Daniel Balavoine,Master Série Vol. 2,317
Génération Top 50 (7793 titres),662,5,2027638,Je Ne Suis Pas Un Héros,Daniel Balavoine,Un Autre Monde,328
Génération Top 50 (7793 titres),662,5,1965422,Je ne suis pas un héros,Daniel Balavoine,"Master Serie, Volume 2",317
Génération Top 50 (7793 titres),662,5,1965464,Je ne suis pas un héros,Daniel Balavoine,L'Essentiel,301
Génération Top 50 (7793 titres),663,2,1944677,Je Sais Que Tu Danses,Francis Cabrel,D'une Ombre À L'Autre 3,273
Génération Top 50 (7793 titres),663,2,1235531,Je sais que tu danses,Francis Cabrel,D'une ombre à l'autre (Live),333
Génération Top 50 (7793 titres),664,2,2002949,"Je T'aimais, Je T'aime, Je T'aimerai (Remastered)",Francis Cabrel,Samedi Soir Sur la Terre (Remastered),148
Génération Top 50 (7793 titres),664,2,2002950,"Je T'aimais, Je T'aime, Je T'aimerai [Remastered]",Francis Cabrel,Samedi Soir Sur la Terre (Remastered),278
Génération Top 50 (7793 titres),665,2,1979818,Je Viens du Sud,Michel Sardou,Les 50 Plus Belles Chansons Disc 2,242
Génération Top 50 (7793 titres),665,2,2091340,Je viens du sud,Michel Sardou,Best Of,240
Génération Top 50 (7793 titres),666,2,1979812,Je Vole,Michel Sardou,Les 50 Plus Belles Chansons Disc 2,301
Génération Top 50 (7793 titres),666,2,1980043,Je Vole,Michel Sardou,Les Grands Moments (Live 2013 A L'Olympia)(Disc 1/2),262
Génération Top 50 (7793 titres),667,2,2250380,Je compte jusqu'à toi,Patricia Kaas,Dans ma chair,305
Génération Top 50 (7793 titres),667,2,2108228,Je compte jusqu’à toi,Patricia Kaas,Dans ma chair,305
Génération Top 50 (7793 titres),668,2,2258339,Je deviens fou,Michel Sardou,La maladie d'amour,201
Génération Top 50 (7793 titres),668,2,2262791,Je deviens fou,Michel Sardou,La maladie d'amour,201
Génération Top 50 (7793 titres),669,2,2258100,Je dors avec elle,Julien Clerc,Jaloux,191
Génération Top 50 (7793 titres),669,2,2265200,Je dors avec elle,Julien Clerc,Jaloux,191
Génération Top 50 (7793 titres),670,2,1944680,Je l'aime à mourir,Francis Cabrel,D'une Ombre À L'Autre 3,197
Génération Top 50 (7793 titres),670,2,1235481,Je l’aime à mourir,Francis Cabrel,Various Artists,198
Génération Top 50 (7793 titres),671,2,1944642,Je m'étais perdu,Francis Cabrel,Les murs de poussière,189
Génération Top 50 (7793 titres),671,2,2267197,Je m'étais perdu,Francis Cabrel,Les murs de poussière,189
Génération Top 50 (7793 titres),672,4,1848590,Je marche seul,Jean-Jacques Goldman,'intégrale 81-91' [Disc 8] - Q,384
Génération Top 50 (7793 titres),672,4,1955525,Je marche seul,Jean-Jacques Goldman,Quelques choses bizarres,384
Génération Top 50 (7793 titres),672,4,2259631,Je marche seul,Jean-Jacques Goldman,Intégrale 81-91,384
Génération Top 50 (7793 titres),672,4,2273321,Je marche seul,Jean-Jacques Goldman,Intégrale 81-91,384
Génération Top 50 (7793 titres),673,2,2058379,Je me souviens de rien,Patricia Kaas,Dans ma chair,246
Génération Top 50 (7793 titres),673,2,2164410,Je me souviens de rien,Patricia Kaas,Dans ma chair,246
Génération Top 50 (7793 titres),674,2,1347537,Je ne suis plus un homme pressé,Michel Sardou,Millésimes,159
Génération Top 50 (7793 titres),674,2,1980017,Je ne suis plus un homme pressé,Michel Sardou,Les 50 plus belles chansons,160
Génération Top 50 (7793 titres),675,2,2259455,Je ne t'ai pas trompée,Michel Sardou,Les Ricains,158
Génération Top 50 (7793 titres),675,2,2271397,Je ne t'ai pas trompée,Michel Sardou,Michel Sardou 66,227
Génération Top 50 (7793 titres),676,2,1944689,Je pense encore à toi,Francis Cabrel,Cabrel Public,142
Génération Top 50 (7793 titres),676,2,2123727,Je pense encore à toi,Francis Cabrel,Fragile,132
Génération Top 50 (7793 titres),677,2,1944640,Je reviens bientôt,Francis Cabrel,Les murs de poussière,238
Génération Top 50 (7793 titres),677,2,2267195,Je reviens bientôt,Francis Cabrel,Les murs de poussière,238
Génération Top 50 (7793 titres),678,2,1279794,Je saurai être ton amie,France Gall,France Gall,185
Génération Top 50 (7793 titres),678,2,2102700,Je saurai être ton amie,France Gall,France Gall (Remasterisé),185
Génération Top 50 (7793 titres),679,3,1492466,Je suis l'homme d'un seul amour,Michel Sardou,La java de Broadway,194
Génération Top 50 (7793 titres),679,3,2217253,Je suis l'homme d'un seul amour,Michel Sardou,La java de Broadway,194
Génération Top 50 (7793 titres),679,3,2265733,Je suis l'homme d'un seul amour,Michel Sardou,La java de Broadway,194
Génération Top 50 (7793 titres),680,3,2216666,Je suis une bande de jeunes,Renaud,Laisse béton,183
Génération Top 50 (7793 titres),680,3,2228297,Je suis une bande de jeunes,Renaud,Laisse béton,183
Génération Top 50 (7793 titres),680,3,2263837,Je suis une bande de jeunes,Renaud,Laisse béton,183
Génération Top 50 (7793 titres),681,3,2217376,Je t'ai dans la peau,Patricia Kaas,Chante Piaf,181
Génération Top 50 (7793 titres),681,3,2229101,Je t'ai dans la peau,Patricia Kaas,Chante Piaf,181
Génération Top 50 (7793 titres),681,3,2265847,Je t'ai dans la peau,Patricia Kaas,Chante Piaf,181
Génération Top 50 (7793 titres),682,2,2217386,Je t`alme encore,Patricia Kaas,KABARET,300
Génération Top 50 (7793 titres),682,2,2229111,Je t`alme encore,Patricia Kaas,KABARET,300
Génération Top 50 (7793 titres),683,2,1966201,Je trace,Florent Pagny,Ailleurs Land,203
Génération Top 50 (7793 titres),683,2,1966271,Je trace,Florent Pagny,De Part et d'autre CD1 (triple best of),194
Génération Top 50 (7793 titres),684,3,2176084,Je t’aime tant,Indochine,La République des Meteors,184
Génération Top 50 (7793 titres),684,3,2217099,Je t’aime tant,Indochine,La République des Meteors,184
Génération Top 50 (7793 titres),684,3,2262515,Je t’aime tant,Indochine,La République des Meteors,184
Génération Top 50 (7793 titres),685,2,1848790,Jeanine Médicament Blues,Jean-Jacques Goldman,2eme Album,252
Génération Top 50 (7793 titres),685,2,2251000,Jeanine Médicament Blues,Jean-Jacques Goldman,Jean-Jacques Goldman,253
Génération Top 50 (7793 titres),686,2,1617868,Jeff Waz on the Beat Box,DJ Jazzy Jeff & the Fresh Prince,And in This Corner…,342
Génération Top 50 (7793 titres),686,2,2122366,Jeff Waz on the Beat Box,DJ Jazzy Jeff & the Fresh Prince,Original Album Classics,342
Génération Top 50 (7793 titres),687,2,2110677,Jimmy Mack,Phil Collins,Going Back,176
Génération Top 50 (7793 titres),687,2,2156411,Jimmy Mack,Phil Collins,Going Back,176
Génération Top 50 (7793 titres),688,3,2247801,Johnny Raven,Michael Jackson,Music & Me,214
Génération Top 50 (7793 titres),688,3,2258173,Johnny Raven,Michael Jackson,Music & Me,214
Génération Top 50 (7793 titres),688,3,2262723,Johnny Raven,Michael Jackson,Music & Me,214
Génération Top 50 (7793 titres),689,3,2216669,Jojo le démago,Renaud,Laisse béton,149
Génération Top 50 (7793 titres),689,3,2228300,Jojo le démago,Renaud,Laisse béton,149
Génération Top 50 (7793 titres),689,3,2263840,Jojo le démago,Renaud,Laisse béton,149
Génération Top 50 (7793 titres),690,2,1959164,"Joue, Docteur Joue !",Patrick Bruel,Bruel,231
Génération Top 50 (7793 titres),690,2,2267926,"Joue, Docteur Joue !",Patrick Bruel,Bruel,231
Génération Top 50 (7793 titres),691,2,2108220,June,Prince,HITnRUN Phase One,201
Génération Top 50 (7793 titres),691,2,2166771,June,Prince,HITnRUN Phase One,201
Génération Top 50 (7793 titres),692,3,2176075,Junior Song,Indochine,La République des Meteors,189
Génération Top 50 (7793 titres),692,3,2217090,Junior Song,Indochine,La République des Meteors,189
Génération Top 50 (7793 titres),692,3,2262506,Junior Song,Indochine,La République des Meteors,189
Génération Top 50 (7793 titres),693,3,2166163,Just As Long As We're Together,Prince,For You,384
Génération Top 50 (7793 titres),693,3,2114824,Just as Long as We’re Together,Prince,For You,384
Génération Top 50 (7793 titres),693,3,1279952,トゥゲザー = Just As Long As We're Together,Prince,For You,384
Génération Top 50 (7793 titres),694,2,2102562,Just Kickin' It,DJ Jazzy Jeff & the Fresh Prince,Original Album Classics,252
Génération Top 50 (7793 titres),694,2,2260349,Just Kickin' It,DJ Jazzy Jeff & the Fresh Prince,Code Red,251
Génération Top 50 (7793 titres),695,3,1883863,Just The Lonely Talking Again,Whitney Houston,Whitney,334
Génération Top 50 (7793 titres),695,3,1893501,Just The Lonely Talking Again,Whitney Houston,Whitney,334
Génération Top 50 (7793 titres),695,3,2084972,Just the Lonely Talking Again,Whitney Houston,Whitney,334
Génération Top 50 (7793 titres),696,2,1209169,J’entends cette musique,France Gall,Mes Débuts,153
Génération Top 50 (7793 titres),696,2,1209181,J’entends cette musique,France Gall,France Gall,155
Génération Top 50 (7793 titres),697,2,2101559,J’suis dans la dèche,Patrick Bruel,Entre‐deux…,225
Génération Top 50 (7793 titres),697,2,2165409,J’suis dans la dèche,Patrick Bruel,Entre-Deux...,225
Génération Top 50 (7793 titres),698,2,2200661,KNOCK ON WOOD,Fredericks Goldman Jones,DU NEW MORNING AU ZÉNITH,227
Génération Top 50 (7793 titres),698,2,2026055,Knock on Wood,Fredericks Goldman Jones,Du New Morning Au Zénith,227
Génération Top 50 (7793 titres),699,2,2217382,Kabaret,Patricia Kaas,KABARET,233
Génération Top 50 (7793 titres),699,2,2229107,Kabaret,Patricia Kaas,KABARET,233
Génération Top 50 (7793 titres),700,2,1235191,Kari Fik Lamene,Khaled,Hada Raykoum,393
Génération Top 50 (7793 titres),700,2,2139471,Kari fik lamene,Khaled,Dour L'Wahran Dour,413
Génération Top 50 (7793 titres),701,2,2118218,Kids,Robbie Williams & Kylie Minogue,Unknown Album,263
Génération Top 50 (7793 titres),701,2,2276706,Kids,Robbie Williams & Kylie Minogue,Kids  (Single)  (Mp3),220
Génération Top 50 (7793 titres),702,2,1959642,Kiss,Prince,Parade - Music From the Motion Picture Under the Cherry Moon,226
Génération Top 50 (7793 titres),702,2,2266333,Kiss,Prince,Parade - Music From the Motion Picture Under the Cherry Moon,226
Génération Top 50 (7793 titres),703,2,2100153,Kiss Me Once,Kylie Minogue,Kiss Me Once,198
Génération Top 50 (7793 titres),703,2,2167586,Kiss Me Once,Kylie Minogue,Kiss Me Once,198
Génération Top 50 (7793 titres),704,2,1300583,Kole Sere,HATIK,Top 50 - Les 100 Plus Gros Tubes Du Top 50 Des Annees 80 ! (Disc 5),230
Génération Top 50 (7793 titres),704,2,1295838,Kole sere,HATIK,Top 50 - L'anthologie Volume 2 (Disc 3),230
Génération Top 50 (7793 titres),705,2,1302335,Kutché,Khaled Safy Boutella,Kutche,359
Génération Top 50 (7793 titres),705,2,1302345,Kutché,Khaled & Safy Boutella,Kutché,359
Génération Top 50 (7793 titres),706,3,2176083,L World,Indochine,La République des Meteors,233
Génération Top 50 (7793 titres),706,3,2217098,L World,Indochine,La République des Meteors,233
Génération Top 50 (7793 titres),706,3,2262514,L World,Indochine,La République des Meteors,233
Génération Top 50 (7793 titres),707,2,1980783,L' Eau et le Vin,Vanessa Paradis,Bliss,275
Génération Top 50 (7793 titres),707,2,1980759,L'eau et le vin,Vanessa Paradis,Au Zenith,388
Génération Top 50 (7793 titres),708,2,1893657,L'Aigle Noir,Michel Sardou,Les Grands Moments (Live 2013 A L'Olympia)(Disc 2/2),291
Génération Top 50 (7793 titres),708,2,1979970,L'aigle noir,Michel Sardou,Les 100 Plus Belles Chansons,254
Génération Top 50 (7793 titres),709,2,2164415,L'Amour Devant La Mer,Patricia Kaas,Dans ma chair,218
Génération Top 50 (7793 titres),709,2,2108229,L’amour devant la mer,Patricia Kaas,Dans ma chair,218
Génération Top 50 (7793 titres),710,2,2107686,L'Athlète,Plastic Bertrand,Suite diagonale,250
Génération Top 50 (7793 titres),710,2,2159721,L'Athlète,Plastic Bertrand,Suite diagonale,250
Génération Top 50 (7793 titres),711,2,2232613,L'Autorail,Alain Souchon,Jamais content,145
Génération Top 50 (7793 titres),711,2,2265184,L'Autorail,Alain Souchon,Jamais content,145
Génération Top 50 (7793 titres),712,9,1484171,L'Aziza,Daniel Balavoine,Les 50 Plus Belles Chansons,259
Génération Top 50 (7793 titres),712,9,1965401,L'Aziza,Daniel Balavoine,L'essentiel CD 1,260
Génération Top 50 (7793 titres),712,9,1965461,L'Aziza,Daniel Balavoine,L'Essentiel,260
Génération Top 50 (7793 titres),712,9,1965559,L'Aziza,Daniel Balavoine,Les 100 Plus Belles Chansons,259
Génération Top 50 (7793 titres),712,9,1965434,L'aziza,Daniel Balavoine,Anthologie,261
Génération Top 50 (7793 titres),712,9,1965515,L'aziza,Daniel Balavoine,Master Série Vol. 2,263
Génération Top 50 (7793 titres),712,9,1965575,L'aziza,Daniel Balavoine,le meilleur de balavoine,260
Génération Top 50 (7793 titres),712,9,1965417,L’Aziza,Daniel Balavoine,"Master Serie, Volume 2",263
Génération Top 50 (7793 titres),712,9,1965633,L’Aziza,Daniel Balavoine,Sauver L'amour (Remastered),258
Génération Top 50 (7793 titres),713,2,2106562,L'Espoir est un Géant,Début de Soirée,Passagers de la nuit,233
Génération Top 50 (7793 titres),713,2,2158967,L'espoir est un géant,Début de Soirée,Passagers de la nuit,233
Génération Top 50 (7793 titres),714,3,1860079,L'Incendie,Vanessa Paradis,Divinidylle,208
Génération Top 50 (7793 titres),714,3,2155196,L'incendie,Vanessa Paradis,Divinidylle,206
Génération Top 50 (7793 titres),714,3,1980753,L’Incendie,Vanessa Paradis,Best of Vanessa Paradis,206
Génération Top 50 (7793 titres),715,2,1944644,L'Instant d'amour,Francis Cabrel,Les murs de poussière,257
Génération Top 50 (7793 titres),715,2,2267199,L'Instant d'amour,Francis Cabrel,Les murs de poussière,257
Génération Top 50 (7793 titres),716,2,1176974,L'Invitation,Étienne Daho,L'Invitation,224
Génération Top 50 (7793 titres),716,2,2124912,L'Invitation,Étienne Daho,L'Invitation,224
Génération Top 50 (7793 titres),717,2,1176980,L'adorer,Étienne Daho,L'Invitation,275
Génération Top 50 (7793 titres),717,2,2124913,L'adorer,Étienne Daho,L'Invitation,275
Génération Top 50 (7793 titres),718,3,1966277,L'air du temps,Florent Pagny,De Part et d'autre CD1 (triple best of),214
Génération Top 50 (7793 titres),718,3,2057765,L’Air du temps,Florent Pagny,Châtelet les Halles,215
Génération Top 50 (7793 titres),718,3,2154565,L’Air du temps,Florent Pagny,Châtelet les Halles,215
Génération Top 50 (7793 titres),719,2,2154543,L'autre Moitié,Elsa,Chaque Jour Est Un Long Chemin,206
Génération Top 50 (7793 titres),719,2,2101851,L'autre moitié,Elsa,Chaque Jour Est Un Long Chemin,206
Génération Top 50 (7793 titres),720,2,2028181,L'instant X,Mylène Farmer,Les Mots,288
Génération Top 50 (7793 titres),720,2,1861222,L’Instant X,Mylène Farmer,Anamorphosée,288
Génération Top 50 (7793 titres),721,2,2230331,L'ÂME-STRAM-GRAM,Mylène Farmer,INNAMORAMENTO,262
Génération Top 50 (7793 titres),721,2,2071465,L'âme-stram-gram,Mylène Farmer,Innamoramento,264
Génération Top 50 (7793 titres),722,3,2228619,L'Île du Dédain,Alain Souchon,La Vie Théodore,205
Génération Top 50 (7793 titres),722,3,2232362,L'Île du Dédain,Alain Souchon,La Vie Théodore,205
Génération Top 50 (7793 titres),722,3,2265594,L'Île du Dédain,Alain Souchon,La Vie Théodore,205
Génération Top 50 (7793 titres),723,3,2187681,LA BAIE,Étienne Daho,DAHO PLEYEL PARIS,247
Génération Top 50 (7793 titres),723,3,2187686,LA BAIE,Étienne Daho,DAHO PLEYEL PARIS,247
Génération Top 50 (7793 titres),723,3,2124899,La Baie,Étienne Daho,Corps et Armes,323
Génération Top 50 (7793 titres),724,3,2202484,LA CABANE DU PÊCHEUR,Francis Cabrel,SAMEDI SOIR SUR LA TERRE,306
Génération Top 50 (7793 titres),724,3,1944655,La Cabane Du Pêcheur,Francis Cabrel,Double Tour,307
Génération Top 50 (7793 titres),724,3,1235483,La Cabane du pêcheur,Francis Cabrel,Various Artists,306
Génération Top 50 (7793 titres),725,2,2201792,LA DAME DE HAUTE‐SAVOIE,Jean-Jacques Goldman,INTÉGRALE 81-91,282
Génération Top 50 (7793 titres),725,2,1719417,La dame de haute savoie,Jean-Jacques Goldman,Quelques choses bizarres,282
Génération Top 50 (7793 titres),726,3,2202679,LA SOLITUDE,Florent Pagny,CHÂTELET LES HALLES,306
Génération Top 50 (7793 titres),726,3,2100385,La Solitude,Florent Pagny,Châtelet les Halles,305
Génération Top 50 (7793 titres),726,3,2154567,La Solitude,Florent Pagny,Châtelet les Halles,305
Génération Top 50 (7793 titres),727,4,2215139,LA VIE PAR PROCURATION,Jean-Jacques Goldman,INTÉGRALE 81-91,252
Génération Top 50 (7793 titres),727,4,1838831,La Vie Par Procuration,Jean-Jacques Goldman,Jean-Jacques Goldman : La collection 81-89,252
Génération Top 50 (7793 titres),727,4,2111239,La Vie par procuration,Jean-Jacques Goldman,85-86 Veiller tard,252
Génération Top 50 (7793 titres),727,4,2259617,La Vie par procuration,Jean-Jacques Goldman,Intégrale 81-91,252
Génération Top 50 (7793 titres),728,2,2201770,LA VIE PAR PROCURATION (LIVE EN PUBLIC 1986),Jean-Jacques Goldman,INTÉGRALE 81-91,272
Génération Top 50 (7793 titres),728,2,2201802,LA VIE PAR PROCURATION (LIVE EN PUBLIC 1986),Jean-Jacques Goldman,INTÉGRALE 81-91,240
Génération Top 50 (7793 titres),729,2,2201771,LA VIE PAR PROCURATION (LIVE),Jean-Jacques Goldman,INTÉGRALE 81-91,272
Génération Top 50 (7793 titres),729,2,2215062,LA VIE PAR PROCURATION (LIVE),Jean-Jacques Goldman,Intégrale 81-91,240
Génération Top 50 (7793 titres),730,5,2201111,LE BAISER,Indochine,LE BAISER,250
Génération Top 50 (7793 titres),730,5,2232118,Le Baiser,Indochine,Le Baiser,250
Génération Top 50 (7793 titres),730,5,2265573,Le Baiser,Indochine,Le Baiser,250
Génération Top 50 (7793 titres),730,5,2258307,Le baiser,Indochine,Le baiser,250
Génération Top 50 (7793 titres),730,5,2263321,Le baiser,Indochine,Le baiser,250
Génération Top 50 (7793 titres),731,2,2075223,LE DOY 20 MIL,El Alfa & Prince Royce,LE DOY 20 MIL,182
Génération Top 50 (7793 titres),731,2,2005110,Le Doy 20 Mil,El Alfa & Prince Royce,Inf y Ventas +593980363563,182
Génération Top 50 (7793 titres),732,2,1979091,LE MESSAGE,Indochine,Dancetaria,288
Génération Top 50 (7793 titres),732,2,2119046,Le Message,Indochine,Dancetaria,288
Génération Top 50 (7793 titres),733,3,2187682,LE PREMIER JOUR (DU RESTE DE TA VIE),Étienne Daho,DAHO PLEYEL PARIS,247
Génération Top 50 (7793 titres),733,3,2187685,LE PREMIER JOUR (DU RESTE DE TA VIE),Étienne Daho,DAHO PLEYEL PARIS,247
Génération Top 50 (7793 titres),733,3,2099164,Le Premier Jour du reste de ta vie,Étienne Daho,Le Premier Jour,250
Génération Top 50 (7793 titres),734,2,2154382,LE TEMPS TOURNE À L'ORAGE,Elsa,CHAQUE JOUR EST UN LONG CHEMIN,199
Génération Top 50 (7793 titres),734,2,2062605,Le Temps tourne à l'orage,Elsa,Chaque Jour Est Un Long Chemin,199
Génération Top 50 (7793 titres),735,2,2154387,LES AFFAIRES DE FRANCK,Elsa,CHAQUE JOUR EST UN LONG CHEMIN,198
Génération Top 50 (7793 titres),735,2,2108183,Les affaires de Franck,Elsa,Chaque Jour Est Un Long Chemin,198
Génération Top 50 (7793 titres),736,6,2215114,LES CHOSES,Jean-Jacques Goldman,UN TOUR ENSEMBLE,315
Génération Top 50 (7793 titres),736,6,2215115,LES CHOSES,Jean-Jacques Goldman,UN TOUR ENSEMBLE,315
Génération Top 50 (7793 titres),736,6,2215129,LES CHOSES,Jean-Jacques Goldman,UN TOUR ENSEMBLE (LIVE),315
Génération Top 50 (7793 titres),736,6,1955516,Les Choses,Jean-Jacques Goldman,La Collection : 1990 / 2001  (Compilation),518
Génération Top 50 (7793 titres),736,6,2111248,Les Choses,Jean-Jacques Goldman,Un tour ensemble,315
Génération Top 50 (7793 titres),736,6,1838833,Les choses,Jean-Jacques Goldman,Chansons pour les pieds,518
Génération Top 50 (7793 titres),737,4,2230854,LES LACS DU CONNEMARA,Michel Sardou,LES LACS DU CONNEMARA,363
Génération Top 50 (7793 titres),737,4,1902288,Les Lacs du Connemara,Michel Sardou,"60 ANNÉES, 60 SINGLES",362
Génération Top 50 (7793 titres),737,4,1979817,Les Lacs du Connemara,Michel Sardou,Les 50 Plus Belles Chansons Disc 2,361
Génération Top 50 (7793 titres),737,4,2180060,Les Lacs du Connemara,Michel Sardou,Les Lacs Du Connemara,363
Génération Top 50 (7793 titres),738,3,2235596,LES MÊMES JOURS,Pascal Obispo,LE LONG DU FLEUVE,269
Génération Top 50 (7793 titres),738,3,1989223,Les Mêmes Jours,Pascal Obispo,Le Long du fleuve,269
Génération Top 50 (7793 titres),738,3,1350785,Les mêmes jours,Pascal Obispo,Various Artists,269
Génération Top 50 (7793 titres),739,2,2201807,LES RESTOS DU COEUR,Jean-Jacques Goldman,INTÉGRALE 81-91,363
Génération Top 50 (7793 titres),739,2,2201818,LES RESTOS DU COEUR,Jean-Jacques Goldman,INTÉGRALE 81-91,260
Génération Top 50 (7793 titres),740,5,2201780,LES RESTOS DU CŒUR,Jean-Jacques Goldman,INTÉGRALE 81-91,256
Génération Top 50 (7793 titres),740,5,2201819,LES RESTOS DU CŒUR,Jean-Jacques Goldman,INTÉGRALE 81-91,213
Génération Top 50 (7793 titres),740,5,1848591,Les Restos du Cœur,Jean-Jacques Goldman,'intégrale 81-91' [Disc 8] - Q,260
Génération Top 50 (7793 titres),740,5,2259627,Les Restos du Cœur,Jean-Jacques Goldman,Intégrale 81-91,256
Génération Top 50 (7793 titres),740,5,2259628,Les Restos du Cœur,Jean-Jacques Goldman,Intégrale 81-91,257
Génération Top 50 (7793 titres),741,4,2181465,LES VALSES DE VIENNE,Various Artists,TOP 50 : 30 ANS − 1984 | 1993,246
Génération Top 50 (7793 titres),741,4,1195324,Les Valses de Vienne,Various Artists,Les 100 Plus Grands Tubes 80's,244
Génération Top 50 (7793 titres),741,4,1195334,Les Valses de Vienne,Various Artists,Top 50 : 30 ans − 1984 | 1993,246
Génération Top 50 (7793 titres),741,4,2118987,Les Valses de Vienne,Various Artists,Top 50 : 30 ans − 1984 | 1993,246
Génération Top 50 (7793 titres),742,4,2203752,LET IT WILL BE,Madonna,CONFESSIONS ON A DANCE FLOOR,258
Génération Top 50 (7793 titres),742,4,1910463,Let It Will Be,Madonna,Confessions On A Dance Floor,262
Génération Top 50 (7793 titres),742,4,1911388,Let It Will Be,Madonna,Confessions on a Dance Floor,258
Génération Top 50 (7793 titres),742,4,2117405,Let It Will Be,Madonna,"Confessions On A Dance Floor (2LP, EU, 9362-49460-1)",262
Génération Top 50 (7793 titres),743,2,2272481,LET'S PRAY,DJ Khaled,GOD DID,159
Génération Top 50 (7793 titres),743,2,2244360,LET’S PRAY,DJ Khaled,GOD DID,159
Génération Top 50 (7793 titres),744,2,2201786,LONG IS THE ROAD (AMÉRICAIN),Jean-Jacques Goldman,INTÉGRALE 81-91,381
Génération Top 50 (7793 titres),744,2,2259637,Long Is the Road (Américain),Jean-Jacques Goldman,En public,598
Génération Top 50 (7793 titres),745,2,2201801,LONG IS THE ROAD [REMIX],Jean-Jacques Goldman,INTÉGRALE 81-91,384
Génération Top 50 (7793 titres),745,2,2201814,LONG IS THE ROAD [REMIX],Jean-Jacques Goldman,INTÉGRALE 81-91,442
Génération Top 50 (7793 titres),746,2,2054086,LOUISE,Stan Getz & Lionel Hampton,HAMP AND GETZ,410
Génération Top 50 (7793 titres),746,2,2269157,LOUISE,Stan Getz & Lionel Hampton,HAMP AND GETZ,410
Génération Top 50 (7793 titres),747,2,2244455,LOVE NEVER FELT SO GOOD,Michael Jackson & Justin Timberlake,LOVE NEVER FELT SO GOOD,245
Génération Top 50 (7793 titres),747,2,1351054,Love Never Felt So Good,Michael Jackson & Justin Timberlake,XSCAPE (Deluxe),247
Génération Top 50 (7793 titres),748,2,2225364,La Ballade Nord-Irlandaise,Renaud,Molly Malone : Balade Irlandaise,272
Génération Top 50 (7793 titres),748,2,2102681,La Ballade nord‐irlandaise,Renaud,Molly Malone : Balade Irlandaise (Version Deluxe),272
Génération Top 50 (7793 titres),749,3,2216674,La Bande à Lucien,Renaud,Laisse béton,174
Génération Top 50 (7793 titres),749,3,2228305,La Bande à Lucien,Renaud,Laisse béton,174
Génération Top 50 (7793 titres),749,3,2263845,La Bande à Lucien,Renaud,Laisse béton,174
Génération Top 50 (7793 titres),750,2,1944612,La Belle Debbie,Francis Cabrel,Hors-Saison,295
Génération Top 50 (7793 titres),750,2,2267191,La Belle Debbie,Francis Cabrel,Hors-Saison,288
Génération Top 50 (7793 titres),751,3,2216671,La Boum,Renaud,Laisse béton,180
Génération Top 50 (7793 titres),751,3,2228302,La Boum,Renaud,Laisse béton,180
Génération Top 50 (7793 titres),751,3,2263842,La Boum,Renaud,Laisse béton,180
Génération Top 50 (7793 titres),752,4,1274403,La Camel,"Taha, Khaled, Faudel",Planete Raï: The Best Of Raï,328
Génération Top 50 (7793 titres),752,4,1274404,La Camel,"Taha, Khaled, Faudel",Planete Raï: The Best Of Raï,328
Génération Top 50 (7793 titres),752,4,1294975,La Camel,Taha/Khaled/Faudel,"1,2,3 Soleils",326
Génération Top 50 (7793 titres),752,4,2091698,La Camel,"Taha, Khaled, Faudel","1,2,3 Soleils",328
Génération Top 50 (7793 titres),753,2,1302334,La Camel,Khaled Safy Boutella,Kutche,334
Génération Top 50 (7793 titres),753,2,1302344,La Camel,Khaled & Safy Boutella,Kutché,334
Génération Top 50 (7793 titres),754,2,1350069,La Camel,Khaled,Rebel of Raï: The Early Years,334
Génération Top 50 (7793 titres),754,2,2022066,La Camel,Khaled,Roi Du Raï,146
Génération Top 50 (7793 titres),755,2,1966332,La Cancion del Pescado,Florent Pagny,C'est Comme Ca,228
Génération Top 50 (7793 titres),755,2,2154342,La cancion del pescado,Florent Pagny,Unknown Album,229
Génération Top 50 (7793 titres),756,2,2061161,La Chanson de Maggie,France Gall,Dancing Disco,187
Génération Top 50 (7793 titres),756,2,2271483,La Chanson de Maggie,France Gall,"""Viens je t'emmène""",187
Génération Top 50 (7793 titres),757,2,1860043,La Chanson des vieux cons,Vanessa Paradis,Love Songs,284
Génération Top 50 (7793 titres),757,2,1980697,La chanson des vieux cons,Vanessa Paradis,Love Songs Tour,337
Génération Top 50 (7793 titres),758,3,2216665,La Chanson du loubard,Renaud,Laisse béton,154
Génération Top 50 (7793 titres),758,3,2228296,La Chanson du loubard,Renaud,Laisse béton,154
Génération Top 50 (7793 titres),758,3,2263836,La Chanson du loubard,Renaud,Laisse béton,154
Génération Top 50 (7793 titres),759,2,1209178,La Cloche,France Gall,France Gall,125
Génération Top 50 (7793 titres),759,2,1209166,La cloche,France Gall,Mes Débuts,121
Génération Top 50 (7793 titres),760,4,2232128,La Colline des roses,Indochine,Le Baiser,238
Génération Top 50 (7793 titres),760,4,2265583,La Colline des roses,Indochine,Le Baiser,238
Génération Top 50 (7793 titres),760,4,2258317,La colline des roses,Indochine,Le baiser,238
Génération Top 50 (7793 titres),760,4,2263331,La colline des roses,Indochine,Le baiser,238
Génération Top 50 (7793 titres),761,2,1860040,La Crème,Vanessa Paradis,Love Songs,160
Génération Top 50 (7793 titres),761,2,1980694,La crème,Vanessa Paradis,Love Songs Tour,183
Génération Top 50 (7793 titres),762,2,2102248,La Fille diagonale,Plastic Bertrand,Suite diagonale,217
Génération Top 50 (7793 titres),762,2,2159718,La Fille diagonale,Plastic Bertrand,Suite diagonale,217
Génération Top 50 (7793 titres),763,2,1893589,La Isla Bonita,Madonna,True Blue,242
Génération Top 50 (7793 titres),763,2,1347606,La isla bonita,Madonna,La isla bonita,241
Génération Top 50 (7793 titres),764,2,2232299,La Isla Bonita (Remix Instrumental Edit),Madonna,La Isla Bonita,261
Génération Top 50 (7793 titres),764,2,2264621,La Isla Bonita (Remix Instrumental Edit),Madonna,La Isla Bonita,261
Génération Top 50 (7793 titres),765,5,1980047,La Java De Broadway,Michel Sardou,Les Grands Moments (Live 2013 A L'Olympia)(Disc 1/2),219
Génération Top 50 (7793 titres),765,5,1979811,La Java de Broadway,Michel Sardou,Les 50 Plus Belles Chansons Disc 2,247
Génération Top 50 (7793 titres),765,5,1492460,La java de Broadway,Michel Sardou,La java de Broadway,250
Génération Top 50 (7793 titres),765,5,2217247,La java de Broadway,Michel Sardou,La java de Broadway,250
Génération Top 50 (7793 titres),765,5,2265727,La java de Broadway,Michel Sardou,La java de Broadway,250
Génération Top 50 (7793 titres),766,3,2176079,La Lettre de métal,Indochine,La République des Meteors,221
Génération Top 50 (7793 titres),766,3,2217094,La Lettre de métal,Indochine,La République des Meteors,221
Génération Top 50 (7793 titres),766,3,2262510,La Lettre de métal,Indochine,La République des Meteors,221
Génération Top 50 (7793 titres),767,3,1889922,La Lettre À Marie,Daniel Balavoine,"L'album De Sa Vie, 100 Titres",285
Génération Top 50 (7793 titres),767,3,1965547,La Lettre À Marie,Daniel Balavoine,Master Série Vol. 1,285
Génération Top 50 (7793 titres),767,3,1965649,La lettre à Marie,Daniel Balavoine,Les Aventures De Simon Et Gunther...,285
Génération Top 50 (7793 titres),768,2,1209198,La Légende de Jimmy,France Gall,France,218
Génération Top 50 (7793 titres),768,2,2126162,La Légende de Jimmy,France Gall,France,218
Génération Top 50 (7793 titres),769,5,1980035,La Maladie D'Amour,Michel Sardou,Les Grands Moments (Live 2013 A L'Olympia)(Disc 1/2),185
Génération Top 50 (7793 titres),769,5,1980032,La Maladie d’amour,Michel Sardou,Millésimes,211
Génération Top 50 (7793 titres),769,5,2091337,La maladie d'amour,Michel Sardou,Best Of,210
Génération Top 50 (7793 titres),769,5,2258341,La maladie d'amour,Michel Sardou,La maladie d'amour,210
Génération Top 50 (7793 titres),769,5,2262793,La maladie d'amour,Michel Sardou,La maladie d'amour,210
Génération Top 50 (7793 titres),770,3,1979794,La Marche En Avant,Michel Sardou,Michel Sardou - Hitbox - Cd 2,250
Génération Top 50 (7793 titres),770,3,2258331,La marche en avant,Michel Sardou,La maladie d'amour,258
Génération Top 50 (7793 titres),770,3,2262783,La marche en avant,Michel Sardou,La maladie d'amour,258
Génération Top 50 (7793 titres),771,5,1965540,La Porte Est Close,Daniel Balavoine,Master Série Vol. 1,199
Génération Top 50 (7793 titres),771,5,1965613,La Porte Est Close,Daniel Balavoine,"L'album De Sa Vie, 100 Titres",197
Génération Top 50 (7793 titres),771,5,1965402,La porte est close,Daniel Balavoine,L'essentiel CD 1,197
Génération Top 50 (7793 titres),771,5,1965491,La porte est close,Daniel Balavoine,L'Essentiel,197
Génération Top 50 (7793 titres),771,5,1965642,La porte est close,Daniel Balavoine,Les Aventures De Simon Et Gunther...,197
Génération Top 50 (7793 titres),772,3,2076647,La Rivière de Notre Enfance,Michel Sardou,Du Plaisir,202
Génération Top 50 (7793 titres),772,3,1979998,La rivière de notre enfance,Michel Sardou,Les 100 Plus Belles Chansons,202
Génération Top 50 (7793 titres),772,3,1980016,La rivière de notre enfance,Michel Sardou,Les 50 plus belles chansons,203
Génération Top 50 (7793 titres),773,2,2108007,La Romance de Paris,Patrick Bruel,Entre‐deux…,197
Génération Top 50 (7793 titres),773,2,2165411,La Romance de Paris,Patrick Bruel,Entre-Deux...,197
Génération Top 50 (7793 titres),774,3,1965541,La Réponse,Daniel Balavoine,Master Série Vol. 1,202
Génération Top 50 (7793 titres),774,3,1965612,La Réponse,Daniel Balavoine,"L'album De Sa Vie, 100 Titres",200
Génération Top 50 (7793 titres),774,3,1965643,La réponse,Daniel Balavoine,Les Aventures De Simon Et Gunther...,200
Génération Top 50 (7793 titres),775,2,2059749,La Sorcière et l'Inquisiteur,Les Rita Mitsouko,Cool Frénésie,275
Génération Top 50 (7793 titres),775,2,2164152,La Sorcière et l'Inquisiteur,Les Rita Mitsouko,Cool Frénésie,275
Génération Top 50 (7793 titres),776,2,1979802,La Vallée Des Poupées,Michel Sardou,Michel Sardou - Hitbox - Cd 2,239
Génération Top 50 (7793 titres),776,2,1979827,La vallée des poupées,Michel Sardou,La Vieille,242
Génération Top 50 (7793 titres),777,5,1965499,La Vie Ne M'Apprend Rien,Daniel Balavoine,Les 50 Plus Belles Chansons,258
Génération Top 50 (7793 titres),777,5,1965521,La Vie Ne M'apprend Rien,Daniel Balavoine,Master Série Vol. 2,259
Génération Top 50 (7793 titres),777,5,1965465,La vie ne m'apprend rien,Daniel Balavoine,L'Essentiel,261
Génération Top 50 (7793 titres),777,5,1965583,La vie ne m'apprend rien,Daniel Balavoine,Le Meilleur De Balavoine,257
Génération Top 50 (7793 titres),777,5,1965423,La vie ne m’apprend rien,Daniel Balavoine,"Master Serie, Volume 2",258
Génération Top 50 (7793 titres),778,3,2228613,La Vie Théodore,Alain Souchon,La Vie Théodore,231
Génération Top 50 (7793 titres),778,3,2232356,La Vie Théodore,Alain Souchon,La Vie Théodore,231
Génération Top 50 (7793 titres),778,3,2265588,La Vie Théodore,Alain Souchon,La Vie Théodore,231
Génération Top 50 (7793 titres),779,3,1979800,La Vieille,Michel Sardou,Michel Sardou - Hitbox - Cd 2,201
Génération Top 50 (7793 titres),779,3,1979807,La Vieille,Michel Sardou,Les 50 Plus Belles Chansons Disc 2,202
Génération Top 50 (7793 titres),779,3,1979823,La vieille,Michel Sardou,La Vieille,201
Génération Top 50 (7793 titres),780,2,2112256,La belle histoire d'amour,Patricia Kaas,Chante Piaf,251
Génération Top 50 (7793 titres),780,2,2163843,La belle histoire d'amour,Patricia Kaas,Chante Piaf,251
Génération Top 50 (7793 titres),781,2,2217379,La chance Jamais ne dure,Patricia Kaas,KABARET,220
Génération Top 50 (7793 titres),781,2,2229104,La chance Jamais ne dure,Patricia Kaas,KABARET,220
Génération Top 50 (7793 titres),782,2,2100377,La donna è mobile (extrait de « Rigoletto » de Verdi),Florent Pagny,Baryton,168
Génération Top 50 (7793 titres),782,2,2153853,La donna è mobile (extrait de « Rigoletto » de Verdi),Florent Pagny,Baryton,168
Génération Top 50 (7793 titres),783,3,2217372,La foule,Patricia Kaas,Chante Piaf,234
Génération Top 50 (7793 titres),783,3,2229097,La foule,Patricia Kaas,Chante Piaf,234
Génération Top 50 (7793 titres),783,3,2265843,La foule,Patricia Kaas,Chante Piaf,234
Génération Top 50 (7793 titres),784,2,2067889,La groupie du pianiste (Remasterisé en 2002),Michel Berger,Beauséjour (Remasterisé en 2002),282
Génération Top 50 (7793 titres),784,2,2180082,La groupie du pianiste (Remasterisé en 2002),Michel Berger,Beauséjour (Remasterisé en 2002),282
Génération Top 50 (7793 titres),785,3,1979099,La guerre est finie,Indochine,Le Birthday Album (1981-1996),234
Génération Top 50 (7793 titres),785,3,2119050,La guerre est finie,Indochine,Various Artists,234
Génération Top 50 (7793 titres),785,3,2198332,La guerre est finie,Indochine,Le Birthday Album (1981-1996),234
Génération Top 50 (7793 titres),786,2,1966311,La soledad,Florent Pagny,Baryton Gracias A La Vida (2012),185
Génération Top 50 (7793 titres),786,2,2170402,La soledad,Florent Pagny,"Baryton, gracias a la vida",218
Génération Top 50 (7793 titres),787,2,1176992,La vie continuera,Étienne Daho,L'Invitation,277
Génération Top 50 (7793 titres),787,2,2124914,La vie continuera,Étienne Daho,L'Invitation,277
Génération Top 50 (7793 titres),788,3,2217374,La vie en rose,Patricia Kaas,Chante Piaf,317
Génération Top 50 (7793 titres),788,3,2229099,La vie en rose,Patricia Kaas,Chante Piaf,317
Génération Top 50 (7793 titres),788,3,2265845,La vie en rose,Patricia Kaas,Chante Piaf,317
Génération Top 50 (7793 titres),789,7,1965457,Lady Marlène,Daniel Balavoine,Anthologie,293
Génération Top 50 (7793 titres),789,7,1965487,Lady Marlène,Daniel Balavoine,L'Essentiel,294
Génération Top 50 (7793 titres),789,7,1965546,Lady Marlène,Daniel Balavoine,Master Série Vol. 1,294
Génération Top 50 (7793 titres),789,7,1965582,Lady Marlène,Daniel Balavoine,Le Meilleur De Balavoine,293
Génération Top 50 (7793 titres),789,7,1965618,Lady Marlène,Daniel Balavoine,"L'album De Sa Vie, 100 Titres",291
Génération Top 50 (7793 titres),789,7,1965626,Lady Marlène,Daniel Balavoine,"L'album De Sa Vie, 100 Titres",291
Génération Top 50 (7793 titres),789,7,1965648,Lady Marlène,Daniel Balavoine,Les Aventures De Simon Et Gunther...,291
Génération Top 50 (7793 titres),790,3,2216663,Laisse béton,Renaud,Laisse béton,153
Génération Top 50 (7793 titres),790,3,2228294,Laisse béton,Renaud,Laisse béton,153
Génération Top 50 (7793 titres),790,3,2263834,Laisse béton,Renaud,Laisse béton,153
Génération Top 50 (7793 titres),791,2,1282479,Last Chance,Kylie Minogue,Various Artists,183
Génération Top 50 (7793 titres),791,2,2224015,Last Chance,Kylie Minogue,Disco,281
Génération Top 50 (7793 titres),792,2,1288814,Later Bitches,The Prince Karma,Ultra Dance 20,249
Génération Top 50 (7793 titres),792,2,2094736,Later Bitches,The Prince Karma,Nrj Winter Hits 2019,249
Génération Top 50 (7793 titres),793,3,2017854,Le Bagad de Lann Bihoue,Alain Souchon,"Toto 30 Ans, Rien Que Du Malheur...",453
Génération Top 50 (7793 titres),793,3,2020717,Le Bagad de Lann Bihoué,Alain Souchon,"Toto 30 Ans, Rien Que Du Malheur...",453
Génération Top 50 (7793 titres),793,3,2020718,Le Bagad de Lann Bihouë,Alain Souchon,"Toto 30 Ans, Rien Que Du Malheur...",453
Génération Top 50 (7793 titres),794,3,2216664,Le Blues de la Porte d’Orléans,Renaud,Laisse béton,191
Génération Top 50 (7793 titres),794,3,2228295,Le Blues de la Porte d’Orléans,Renaud,Laisse béton,191
Génération Top 50 (7793 titres),794,3,2263835,Le Blues de la Porte d’Orléans,Renaud,Laisse béton,192
Génération Top 50 (7793 titres),795,2,2271392,Le Centre du Monde,Michel Sardou,Michel Sardou 66,192
Génération Top 50 (7793 titres),795,2,2259457,Le Centre du monde,Michel Sardou,Les Ricains,181
Génération Top 50 (7793 titres),796,6,1965532,Le Chanteur,Daniel Balavoine,Master Série Vol. 1,236
Génération Top 50 (7793 titres),796,6,1965627,Le Chanteur,Daniel Balavoine,"L'album De Sa Vie, 100 Titres",234
Génération Top 50 (7793 titres),796,6,2031099,Le Chanteur,Daniel Balavoine,Les 100 Plus Belles Chansons de Daniel Balavoine,234
Génération Top 50 (7793 titres),796,6,1965455,Le chanteur,Daniel Balavoine,Anthologie,234
Génération Top 50 (7793 titres),796,6,1965477,Le chanteur,Daniel Balavoine,L'Essentiel,234
Génération Top 50 (7793 titres),796,6,1965565,Le chanteur,Daniel Balavoine,le meilleur de balavoine,234
Génération Top 50 (7793 titres),797,2,2154542,Le Chéri,Elsa,Chaque Jour Est Un Long Chemin,218
Génération Top 50 (7793 titres),797,2,2101852,Le chéri,Elsa,Chaque Jour Est Un Long Chemin,218
Génération Top 50 (7793 titres),798,2,2001012,Le Cinéma D’Audiard,Michel Sardou,Le Bac G,225
Génération Top 50 (7793 titres),798,2,2079119,Le Cinéma d'Audiard,Michel Sardou,Le Bac G,231
Génération Top 50 (7793 titres),799,2,2250999,Le Coureur,Jean-Jacques Goldman,En passant,257
Génération Top 50 (7793 titres),799,2,2255817,Le coureur,Jean-Jacques Goldman,Tournée 98 en passant,254
Génération Top 50 (7793 titres),800,4,1979792,Le Curé,Michel Sardou,Michel Sardou - Hitbox - Cd 2,210
Génération Top 50 (7793 titres),800,4,1979995,Le cure,Michel Sardou,Les 100 Plus Belles Chansons,208
Génération Top 50 (7793 titres),800,4,2258334,Le cure,Michel Sardou,La maladie d'amour,216
Génération Top 50 (7793 titres),800,4,2262786,Le cure,Michel Sardou,La maladie d'amour,216
Génération Top 50 (7793 titres),801,3,2176088,Le Dernier Jour,Indochine,La République des Meteors,452
Génération Top 50 (7793 titres),801,3,2217103,Le Dernier Jour,Indochine,La République des Meteors,452
Génération Top 50 (7793 titres),801,3,2262519,Le Dernier Jour,Indochine,La République des Meteors,452
Génération Top 50 (7793 titres),802,2,2079124,Le Figurant,Michel Sardou,Le Choix du fou,232
Génération Top 50 (7793 titres),802,2,1853286,Le figurant,Michel Sardou,L'album de sa vie 100 titres,232
Génération Top 50 (7793 titres),803,6,1979796,Le France,Michel Sardou,Michel Sardou - Hitbox - Cd 2,234
Génération Top 50 (7793 titres),803,6,1979805,Le France,Michel Sardou,Les 50 Plus Belles Chansons Disc 2,236
Génération Top 50 (7793 titres),803,6,1979826,Le France,Michel Sardou,La Vieille,236
Génération Top 50 (7793 titres),803,6,1980042,Le France,Michel Sardou,Les Grands Moments (Live 2013 A L'Olympia)(Disc 1/2),249
Génération Top 50 (7793 titres),803,6,2115883,Le France,Michel Sardou,LES GRANDS MOMENTS: BEST OF,238
Génération Top 50 (7793 titres),803,6,2132098,Le France,Michel Sardou,Les Grands Moments,238
Génération Top 50 (7793 titres),804,3,2176077,Le Grand Soir,Indochine,La République des Meteors,223
Génération Top 50 (7793 titres),804,3,2217092,Le Grand Soir,Indochine,La République des Meteors,223
Génération Top 50 (7793 titres),804,3,2262508,Le Grand Soir,Indochine,La République des Meteors,223
Génération Top 50 (7793 titres),805,2,2056452,Le Journal de 20h00,Début de Soirée,Faut pas exagerer,232
Génération Top 50 (7793 titres),805,2,2156042,Le Journal de 20h00,Début de Soirée,Faut pas exagerer,232
Génération Top 50 (7793 titres),806,3,2176080,Le Lac,Indochine,La République des Meteors,210
Génération Top 50 (7793 titres),806,3,2217095,Le Lac,Indochine,La République des Meteors,210
Génération Top 50 (7793 titres),806,3,2262511,Le Lac,Indochine,La République des Meteors,210
Génération Top 50 (7793 titres),807,3,2228618,Le Marin,Alain Souchon,La Vie Théodore,171
Génération Top 50 (7793 titres),807,3,2232361,Le Marin,Alain Souchon,La Vie Théodore,171
Génération Top 50 (7793 titres),807,3,2265593,Le Marin,Alain Souchon,La Vie Théodore,171
Génération Top 50 (7793 titres),808,2,1966217,Le Mur,Florent Pagny,Abracadabra,267
Génération Top 50 (7793 titres),808,2,1966303,Le Mur,Florent Pagny,Abracadabra,266
Génération Top 50 (7793 titres),809,3,2228617,Le Mystère,Alain Souchon,La Vie Théodore,236
Génération Top 50 (7793 titres),809,3,2232360,Le Mystère,Alain Souchon,La Vie Théodore,236
Génération Top 50 (7793 titres),809,3,2265592,Le Mystère,Alain Souchon,La Vie Théodore,236
Génération Top 50 (7793 titres),810,2,1221449,Le Paradis Blanc,Michel Berger,Pour Me Comprendre,394
Génération Top 50 (7793 titres),810,2,2067887,Le Paradis blanc,Michel Berger,Ça ne tient pas debout,396
Génération Top 50 (7793 titres),811,2,1425653,Le Pas Des Ballerines,Francis Cabrel,Unknown Album,376
Génération Top 50 (7793 titres),811,2,1944697,Le Pas des ballerines,Francis Cabrel,Sarbacane (Remastered),380
Génération Top 50 (7793 titres),812,2,2062624,Le Premier Rendez‐vous,Patrick Bruel,Entre‐deux…,211
Génération Top 50 (7793 titres),812,2,2165399,Le Premier Rendez‐vous,Patrick Bruel,Entre-Deux...,211
Génération Top 50 (7793 titres),813,3,1980045,Le Privilège,Michel Sardou,Les Grands Moments (Live 2013 A L'Olympia)(Disc 1/2),234
Génération Top 50 (7793 titres),813,3,2081258,Le privilège,Michel Sardou,Je vole,249
Génération Top 50 (7793 titres),813,3,1980012,Le privilége,Michel Sardou,Les 50 plus belles chansons,248
Génération Top 50 (7793 titres),814,2,1860041,Le Rempart,Vanessa Paradis,Love Songs,191
Génération Top 50 (7793 titres),814,2,1980695,Le rempart,Vanessa Paradis,Love Songs Tour,208
Génération Top 50 (7793 titres),815,2,1966295,Le Soldat (Acoustique),Florent Pagny,Vieillir Avec Toi (Deluxe Version),195
Génération Top 50 (7793 titres),815,2,2125073,Le Soldat (acoustique),Florent Pagny,Vieillir Avec Toi (Edition Limitée),195
Génération Top 50 (7793 titres),816,2,1979803,Le Temps Des Colonies,Michel Sardou,Michel Sardou - Hitbox - Cd 2,185
Génération Top 50 (7793 titres),816,2,1979830,Le temps des colonies,Michel Sardou,La Vieille,186
Génération Top 50 (7793 titres),817,2,2258108,Le coeur nu,Julien Clerc,Jaloux,196
Génération Top 50 (7793 titres),817,2,2265208,Le coeur nu,Julien Clerc,Jaloux,196
Génération Top 50 (7793 titres),818,2,2217380,Le jour se leve,Patricia Kaas,KABARET,278
Génération Top 50 (7793 titres),818,2,2229105,Le jour se leve,Patricia Kaas,KABARET,278
Génération Top 50 (7793 titres),819,2,2232616,Le p'tit chanteur,Alain Souchon,Jamais content,195
Génération Top 50 (7793 titres),819,2,2265187,Le p'tit chanteur,Alain Souchon,Jamais content,195
Génération Top 50 (7793 titres),820,2,2114816,Lemon Crush,Prince,Batman,255
Génération Top 50 (7793 titres),820,2,2162938,Lemon Crush,Prince,Batman,255
Génération Top 50 (7793 titres),821,2,1848539,Les Ailes,Khaled,"1, 2, 3 Soleils",314
Génération Top 50 (7793 titres),821,2,2115753,Les ailes,Khaled,N'Ssi N'Ssi,293
Génération Top 50 (7793 titres),822,2,2112257,Les Amants merveilleux,Patricia Kaas,Chante Piaf,155
Génération Top 50 (7793 titres),822,2,2163844,Les amants merveilleux,Patricia Kaas,Chante Piaf,155
Génération Top 50 (7793 titres),823,2,2158973,Les Anges Du Futur,Début de Soirée,Passagers de la nuit,293
Génération Top 50 (7793 titres),823,2,2107326,Les Anges du futur,Début de Soirée,Passagers de la nuit,293
Génération Top 50 (7793 titres),824,4,2232122,Les Années bazar,Indochine,Le Baiser,231
Génération Top 50 (7793 titres),824,4,2265577,Les Années bazar,Indochine,Le Baiser,232
Génération Top 50 (7793 titres),824,4,2258311,Les années Bazar,Indochine,Le baiser,231
Génération Top 50 (7793 titres),824,4,2263325,Les années Bazar,Indochine,Le baiser,232
Génération Top 50 (7793 titres),825,3,2176086,Les Aubes sont mortes,Indochine,La République des Meteors,246
Génération Top 50 (7793 titres),825,3,2217101,Les Aubes sont mortes,Indochine,La République des Meteors,246
Génération Top 50 (7793 titres),825,3,2262517,Les Aubes sont mortes,Indochine,La République des Meteors,246
Génération Top 50 (7793 titres),826,3,1965617,Les Aventures De Simon Et Gunther Stein,Daniel Balavoine,"L'album De Sa Vie, 100 Titres",172
Génération Top 50 (7793 titres),826,3,1965545,Les Aventures De Simon Et Gunther... Stein,Daniel Balavoine,Master Série Vol. 1,178
Génération Top 50 (7793 titres),826,3,1965647,Les aventures de Simon et Gunther Stein,Daniel Balavoine,Les Aventures De Simon Et Gunther...,172
Génération Top 50 (7793 titres),827,2,1388716,Les Bals Populaires,Michel Sardou,J'habite en France,186
Génération Top 50 (7793 titres),827,2,1980051,Les Bals Populaires,Michel Sardou,Les Grands Moments (Live 2013 A L'Olympia)(Disc 2/2),123
Génération Top 50 (7793 titres),828,2,1980099,Les Beatnicks,Michel Sardou,Raconte Une Histoire,183
Génération Top 50 (7793 titres),828,2,1979991,Les beatnicks,Michel Sardou,Les 100 Plus Belles Chansons,177
Génération Top 50 (7793 titres),829,2,2031075,Les Bobos,Renaud,Les Bobos - Single,236
Génération Top 50 (7793 titres),829,2,2119011,Les Bobos,Renaud,Putain de Best of !,236
Génération Top 50 (7793 titres),830,3,2216668,Les Charognards,Renaud,Laisse béton,261
Génération Top 50 (7793 titres),830,3,2228299,Les Charognards,Renaud,Laisse béton,261
Génération Top 50 (7793 titres),830,3,2263839,Les Charognards,Renaud,Laisse béton,261
Génération Top 50 (7793 titres),831,2,2027024,Les Chats Couchés,Renaud “Papillon” Paravel,Nova Tunes 05,286
Génération Top 50 (7793 titres),831,2,2119007,Les Chats couchés,Renaud “Papillon” Paravel,Unknown Album,286
Génération Top 50 (7793 titres),832,2,2259463,Les Dessins,Michel Sardou,Les Ricains,156
Génération Top 50 (7793 titres),832,2,2271394,Les Dessins,Michel Sardou,Michel Sardou 66,186
Génération Top 50 (7793 titres),833,2,2003860,Les Démons de Minuit,Emile & Images,France 100% Hits,225
Génération Top 50 (7793 titres),833,2,2145030,Les Démons de Minuit,Emile & Images,France 100% Hits,225
Génération Top 50 (7793 titres),834,2,1176982,Les Fleurs de l'interdit,Étienne Daho,L'Invitation,213
Génération Top 50 (7793 titres),834,2,2124915,Les Fleurs de l'interdit,Étienne Daho,L'Invitation,213
Génération Top 50 (7793 titres),835,2,1980109,Les Gens du Show Business,Michel Sardou,1972,150
Génération Top 50 (7793 titres),835,2,2079105,Les Gens du show business,Michel Sardou,Danton,149
Génération Top 50 (7793 titres),836,2,2101847,Les Guerriers,Les Rita Mitsouko,Cool Frénésie,214
Génération Top 50 (7793 titres),836,2,2164157,Les Guerriers,Les Rita Mitsouko,Cool Frénésie,214
Génération Top 50 (7793 titres),837,2,2164411,Les Lignes De Nos Mains,Patricia Kaas,Dans ma chair,255
Génération Top 50 (7793 titres),837,2,2102139,Les Lignes de nos mains,Patricia Kaas,Dans ma chair,255
Génération Top 50 (7793 titres),838,2,1980022,Les Moutons,Michel Sardou,1967,145
Génération Top 50 (7793 titres),838,2,1980104,Les Moutons,Michel Sardou,Raconte Une Histoire,147
Génération Top 50 (7793 titres),839,2,2099895,Les Murailles,Jean-Jacques Goldman,En passant,150
Génération Top 50 (7793 titres),839,2,2165302,Les Murailles,Jean-Jacques Goldman,En passant,150
Génération Top 50 (7793 titres),840,2,1966294,Les Murs Porteurs (Acoustique),Florent Pagny,Vieillir Avec Toi (Deluxe Version),215
Génération Top 50 (7793 titres),840,2,2125074,Les Murs porteurs (acoustique),Florent Pagny,Vieillir Avec Toi (Edition Limitée),215
Génération Top 50 (7793 titres),841,3,2276788,Les Murs de Poussière,Francis Cabrel,Les Murs de Poussière  (Mp3),166
Génération Top 50 (7793 titres),841,3,1944639,Les murs de poussière,Francis Cabrel,Les murs de poussière,167
Génération Top 50 (7793 titres),841,3,2267194,Les murs de poussière,Francis Cabrel,Les murs de poussière,167
Génération Top 50 (7793 titres),842,3,2029536,Les P'tits Chapeaux,Jean-Jacques Goldman,Concert Très Très Privé Rtl2,203
Génération Top 50 (7793 titres),842,3,2108176,Les P’tits Chapeaux,Jean-Jacques Goldman,Chansons pour les pieds,232
Génération Top 50 (7793 titres),842,3,2163840,Les p'tits chapeaux,Jean-Jacques Goldman,Unknown Album,232
Génération Top 50 (7793 titres),843,7,1965419,Les Petits Lolos,Daniel Balavoine,"Master Serie, Volume 2",244
Génération Top 50 (7793 titres),843,7,1965441,Les Petits Lolos,Daniel Balavoine,Anthologie,243
Génération Top 50 (7793 titres),843,7,1965507,Les Petits Lolos,Daniel Balavoine,Les 50 Plus Belles Chansons,243
Génération Top 50 (7793 titres),843,7,1965517,Les Petits Lolos,Daniel Balavoine,Master Série Vol. 2,244
Génération Top 50 (7793 titres),843,7,1965403,Les petits lolos,Daniel Balavoine,L'essentiel CD 1,243
Génération Top 50 (7793 titres),843,7,1965474,Les petits lolos,Daniel Balavoine,L'Essentiel,242
Génération Top 50 (7793 titres),843,7,1965552,Les petits lolos,Daniel Balavoine,Les 100 Plus Belles Chansons,242
Génération Top 50 (7793 titres),844,3,1388713,Les Ricains,Michel Sardou,J'habite en France,147
Génération Top 50 (7793 titres),844,3,1980048,Les Ricains,Michel Sardou,Les Grands Moments (Live 2013 A L'Olympia)(Disc 1/2),259
Génération Top 50 (7793 titres),844,3,2271399,Les Ricains,Michel Sardou,Michel Sardou 66,136
Génération Top 50 (7793 titres),845,2,1980698,Les Roses roses,Vanessa Paradis,Love Songs Tour,256
Génération Top 50 (7793 titres),845,2,2076202,Les Roses roses,Vanessa Paradis,Love Songs,229
Génération Top 50 (7793 titres),846,3,1209175,Les Rubans et la Fleur,France Gall,France Gall,167
Génération Top 50 (7793 titres),846,3,1249242,Les Rubans et la Fleur,France Gall,France Gall,167
Génération Top 50 (7793 titres),846,3,1209162,Les rubans et la fleur,France Gall,Mes Débuts,161
Génération Top 50 (7793 titres),847,2,2100154,Les Sex,Kylie Minogue,Kiss Me Once,229
Génération Top 50 (7793 titres),847,2,2167585,Les Sex,Kylie Minogue,Kiss Me Once,229
Génération Top 50 (7793 titres),848,2,1979791,Les Vieux Mariés,Michel Sardou,Michel Sardou - Hitbox - Cd 2,219
Génération Top 50 (7793 titres),848,2,1980039,Les Vieux Mariés,Michel Sardou,Les Grands Moments (Live 2013 A L'Olympia)(Disc 1/2),224
Génération Top 50 (7793 titres),849,3,1979793,Les Villes De Solitude,Michel Sardou,Michel Sardou - Hitbox - Cd 2,241
Génération Top 50 (7793 titres),849,3,2258333,Les villes de solitude,Michel Sardou,La maladie d'amour,245
Génération Top 50 (7793 titres),849,3,2262785,Les villes de solitude,Michel Sardou,La maladie d'amour,245
Génération Top 50 (7793 titres),850,2,2002954,Les Yeux Bleus Pleurant Sous la Pluie,Francis Cabrel,Unknown Album,236
Génération Top 50 (7793 titres),850,2,1235500,Les Yeux bleus pleurant sous la pluie,Francis Cabrel,L'essentiel / 1977 - 2007,236
Génération Top 50 (7793 titres),851,2,1347539,Les Yeux de mon père,Michel Sardou,Millésimes,221
Génération Top 50 (7793 titres),851,2,1980019,Les yeux de mon père,Michel Sardou,Les 50 plus belles chansons,223
Génération Top 50 (7793 titres),852,2,2258102,Les amours sans larmes,Julien Clerc,Jaloux,206
Génération Top 50 (7793 titres),852,2,2265202,Les amours sans larmes,Julien Clerc,Jaloux,206
Génération Top 50 (7793 titres),853,4,2232125,Les plus mauvaises nuits,Indochine,Le Baiser,227
Génération Top 50 (7793 titres),853,4,2258314,Les plus mauvaises nuits,Indochine,Le baiser,227
Génération Top 50 (7793 titres),853,4,2263328,Les plus mauvaises nuits,Indochine,Le baiser,227
Génération Top 50 (7793 titres),853,4,2265580,Les plus mauvaises nuits,Indochine,Le Baiser,227
Génération Top 50 (7793 titres),854,2,2258336,Les vieux maries,Michel Sardou,La maladie d'amour,220
Génération Top 50 (7793 titres),854,2,2262788,Les vieux maries,Michel Sardou,La maladie d'amour,220
Génération Top 50 (7793 titres),855,2,2220225,Let It Run Free,Phil Collins,Dance Lessons: The DITL Demos,278
Génération Top 50 (7793 titres),855,2,2240437,Let It Run Free,Phil Collins,Dance Lessons: The DITL Demos,278
Génération Top 50 (7793 titres),856,2,2071493,Libertine,Mylène Farmer,86/97,228
Génération Top 50 (7793 titres),856,2,2073660,Libertine,Mylène Farmer,Cendres de lune,229
Génération Top 50 (7793 titres),857,3,2221478,Life 'O' the Party,Prince,Musicology,269
Génération Top 50 (7793 titres),857,3,2241340,Life 'O' the Party,Prince,Musicology,269
Génération Top 50 (7793 titres),857,3,2266052,Life 'O' the Party,Prince,Musicology,269
Génération Top 50 (7793 titres),858,6,2256093,Life Is A Flower,Ace Of Base,More 90's hits,225
Génération Top 50 (7793 titres),858,6,1428795,Life Is a Flower,Ace Of Base,Life Is a Flower (The Remixes),224
Génération Top 50 (7793 titres),858,6,1984076,Life Is a Flower,Ace Of Base,Flowers,224
Génération Top 50 (7793 titres),858,6,1984078,Life Is a Flower,Ace Of Base,Flowers,224
Génération Top 50 (7793 titres),858,6,1997122,Life Is a Flower,Ace Of Base,Flowers,224
Génération Top 50 (7793 titres),858,6,2125141,Life Is a Flower,Ace Of Base,Greatest Hits,224
Génération Top 50 (7793 titres),859,6,1619078,Lighters Up,Snoop Lion,Reincarnated,226
Génération Top 50 (7793 titres),859,6,2066517,Lighters Up,Snoop Lion,Lighters Up,226
Génération Top 50 (7793 titres),859,6,2066518,Lighters Up,Snoop Lion,Lighters Up,226
Génération Top 50 (7793 titres),859,6,2066519,Lighters Up,Snoop Lion,Lighters Up,226
Génération Top 50 (7793 titres),859,6,2066520,Lighters Up,Snoop Lion,Lighters Up,226
Génération Top 50 (7793 titres),859,6,2272462,Lighters Up,Snoop Lion,Lighters Up,226
Génération Top 50 (7793 titres),860,2,2095083,Lighters Up (Feat. Mavado & Popcaan),Snoop Lion,Reincarnated,227
Génération Top 50 (7793 titres),860,2,2095085,Lighters Up (Feat. Mavado & Popcaan),Snoop Lion,Lighters Up,227
Génération Top 50 (7793 titres),861,2,2172856,Like A Mack,Prince,HITnRUN Phase One,244
Génération Top 50 (7793 titres),861,2,2271582,Like A Mack,Prince,HITnRUN Phase One,244
Génération Top 50 (7793 titres),862,3,1492962,Like I Never Left,Whitney Houston,Various Artists,229
Génération Top 50 (7793 titres),862,3,1891619,Like I Never Left,Whitney Houston,I Look to You,229
Génération Top 50 (7793 titres),862,3,1891620,Like I Never Left,Whitney Houston,I Look to You,229
Génération Top 50 (7793 titres),863,6,1965497,Lipstick Polychrome,Daniel Balavoine,Les 50 Plus Belles Chansons,269
Génération Top 50 (7793 titres),863,6,1965519,Lipstick Polychrome,Daniel Balavoine,Master Série Vol. 2,270
Génération Top 50 (7793 titres),863,6,1965404,Lipstick polychrome,Daniel Balavoine,L'essentiel CD 1,269
Génération Top 50 (7793 titres),863,6,1965421,Lipstick polychrome,Daniel Balavoine,"Master Serie, Volume 2",270
Génération Top 50 (7793 titres),863,6,1965489,Lipstick polychrome,Daniel Balavoine,L'Essentiel,269
Génération Top 50 (7793 titres),863,6,1965584,Lipstick polychrome,Daniel Balavoine,Le Meilleur De Balavoine,270
Génération Top 50 (7793 titres),864,2,1965451,Lire un livre,Daniel Balavoine,Anthologie,175
Génération Top 50 (7793 titres),864,2,1965588,Lire un livre,Daniel Balavoine,Ses sept premières compositions,176
Génération Top 50 (7793 titres),865,3,2228620,Lisa,Alain Souchon,La Vie Théodore,147
Génération Top 50 (7793 titres),865,3,2232363,Lisa,Alain Souchon,La Vie Théodore,147
Génération Top 50 (7793 titres),865,3,2265595,Lisa,Alain Souchon,La Vie Théodore,147
Génération Top 50 (7793 titres),866,3,1965544,Lise Altmann,Daniel Balavoine,Master Série Vol. 1,182
Génération Top 50 (7793 titres),866,3,1965616,Lise Altmann,Daniel Balavoine,"L'album De Sa Vie, 100 Titres",178
Génération Top 50 (7793 titres),866,3,1965646,Lise Altmann,Daniel Balavoine,Les Aventures De Simon Et Gunther...,178
Génération Top 50 (7793 titres),867,3,2176076,Little Dolls,Indochine,La République des Meteors,277
Génération Top 50 (7793 titres),867,3,2217091,Little Dolls,Indochine,La République des Meteors,277
Génération Top 50 (7793 titres),867,3,2262507,Little Dolls,Indochine,La République des Meteors,277
Génération Top 50 (7793 titres),868,2,1979855,Loin,Michel Sardou,Du plaisir,279
Génération Top 50 (7793 titres),868,2,2115879,Loin,Michel Sardou,Du plaisir,279
Génération Top 50 (7793 titres),869,2,2003064,Loin de Toi,Florent Pagny,L'essentiel Des Albums Studio,313
Génération Top 50 (7793 titres),869,2,1966206,Loin de toi,Florent Pagny,Savoir Aimer,315
Génération Top 50 (7793 titres),870,2,2027601,Long Is the Road (Live),Jean-Jacques Goldman,Traces,381
Génération Top 50 (7793 titres),870,2,2028811,Long Is the Road (Live),Jean-Jacques Goldman,En Public,598
Génération Top 50 (7793 titres),871,3,2216103,Long Memories,Goldmund;Scott Moore,Layers of Afternoon,214
Génération Top 50 (7793 titres),871,3,2227807,Long Memories,Goldmund;Scott Moore,Layers of Afternoon,214
Génération Top 50 (7793 titres),871,3,2261616,Long Memories,Goldmund;Scott Moore,Layers of Afternoon,214
Génération Top 50 (7793 titres),872,3,1255548,Lorenzo,Phil Collins,Dance Into the Light,352
Génération Top 50 (7793 titres),872,3,2220222,Lorenzo,Phil Collins,Dance Lessons: The DITL Demos,282
Génération Top 50 (7793 titres),872,3,2240434,Lorenzo,Phil Collins,Dance Lessons: The DITL Demos,282
Génération Top 50 (7793 titres),873,2,2232615,Loulou doux,Alain Souchon,Jamais content,195
Génération Top 50 (7793 titres),873,2,2265186,Loulou doux,Alain Souchon,Jamais content,195
Génération Top 50 (7793 titres),874,2,2107489,Love Affair,Kylie Minogue,Unknown Album,229
Génération Top 50 (7793 titres),874,2,2165963,Love Affair,Kylie Minogue,Fever,229
Génération Top 50 (7793 titres),875,3,2160370,Love Is A Contact Sport,Whitney Houston,Whitney,258
Génération Top 50 (7793 titres),875,3,2084976,Love Is a Contact Sport,Whitney Houston,Whitney,259
Génération Top 50 (7793 titres),875,3,2102513,Love Is a Contact Sport,Whitney Houston,Whitney,258
Génération Top 50 (7793 titres),876,2,2156412,Love Is Here and Now You're Gone,Phil Collins,Going Back,160
Génération Top 50 (7793 titres),876,2,2110678,Love Is Here and Now You’re Gone,Phil Collins,Going Back,160
Génération Top 50 (7793 titres),877,2,1347643,Love Makes the World Go Round,Madonna,True Blue,273
Génération Top 50 (7793 titres),877,2,1893590,Love Makes the World Go Round,Madonna,True Blue,272
Génération Top 50 (7793 titres),878,2,1860033,Love Song,Vanessa Paradis,Love Songs,211
Génération Top 50 (7793 titres),878,2,1980674,Love Song,Vanessa Paradis,Love Songs,211
Génération Top 50 (7793 titres),879,2,2060646,Love Will Save the Day,Whitney Houston,Whitney,325
Génération Top 50 (7793 titres),879,2,2160368,Love Will Save the Day,Whitney Houston,Whitney,325
Génération Top 50 (7793 titres),880,2,1202300,Lover for Life,Whitney Houston,I’m Your Baby Tonight,288
Génération Top 50 (7793 titres),880,2,1935298,Lover for Life,Whitney Houston,I'm Your Baby Tonight,289
Génération Top 50 (7793 titres),881,2,1957662,Loving Days,Kylie Minogue,Body Language,268
Génération Top 50 (7793 titres),881,2,2266209,Loving Days,Kylie Minogue,Body Language,268
Génération Top 50 (7793 titres),882,2,2156413,Loving You Is Sweeter Than Ever,Phil Collins,Going Back,168
Génération Top 50 (7793 titres),882,2,2271882,Loving You Is Sweeter Than Ever,Phil Collins,Going Back,168
Génération Top 50 (7793 titres),883,3,1965484,Lucie,Daniel Balavoine,L'Essentiel,326
Génération Top 50 (7793 titres),883,3,1965535,Lucie,Daniel Balavoine,Master Série Vol. 1,327
Génération Top 50 (7793 titres),883,3,1965567,Lucie,Daniel Balavoine,le meilleur de balavoine,324
Génération Top 50 (7793 titres),884,3,1270701,Lucky Love,Ace Of Base,Lucky Love (Remixes),175
Génération Top 50 (7793 titres),884,3,1427804,Lucky Love,Ace Of Base,The Bridge,175
Génération Top 50 (7793 titres),884,3,2115798,Lucky Love,Ace Of Base,Greatest Hits,175
Génération Top 50 (7793 titres),885,6,2201740,LÀ-BAS,Jean-Jacques Goldman,ENTRE GRIS CLAIR ET GRIS FONCÉ,339
Génération Top 50 (7793 titres),885,6,2201741,LÀ-BAS,Jean-Jacques Goldman,ENTRE GRIS CLAIR ET GRIS FONCÉ,240
Génération Top 50 (7793 titres),885,6,2007521,Là Bas,Jean-Jacques Goldman,French Special Edition,272
Génération Top 50 (7793 titres),885,6,2027281,Là-Bas,Jean-Jacques Goldman,Tournée 98: En Passant [Disc 1],501
Génération Top 50 (7793 titres),885,6,1849862,Là‐bas,Jean-Jacques Goldman,81-89 * la Collection  (Compilation)  (Disc 5: Entre Gris Clair Et Gris Foncé - Cd1),339
Génération Top 50 (7793 titres),885,6,2165389,Là‐bas,Jean-Jacques Goldman,Entre gris clair et gris foncé,340
Génération Top 50 (7793 titres),886,2,2202264,LÀ-BAS,Fredericks Goldman Jones,SUR SCÈNE,443
Génération Top 50 (7793 titres),886,2,2191870,Là-bas,Fredericks Goldman Jones,Sur scène,443
Génération Top 50 (7793 titres),887,2,1944681,L’Encre de tes yeux,Francis Cabrel,D'une Ombre À L'Autre 3,233
Génération Top 50 (7793 titres),887,2,2123728,L’Encre de tes yeux,Francis Cabrel,Fragile,187
Génération Top 50 (7793 titres),888,2,2184486,MACUMBA,Various Artists,TOP 50,204
Génération Top 50 (7793 titres),888,2,1350073,Macumba,Various Artists,Génération Top 50,219
Génération Top 50 (7793 titres),889,4,2212906,MARCIA BAÏLA,Les Rita Mitsouko,RITA MITSOUKO,335
Génération Top 50 (7793 titres),889,4,1493972,Marcia Baïla,Les Rita Mitsouko,Rita Mitsouko,334
Génération Top 50 (7793 titres),889,4,1493975,Marcia Baïla,Les Rita Mitsouko,L'integrale,356
Génération Top 50 (7793 titres),889,4,2059751,Marcia Baïla,Les Rita Mitsouko,Rita Mitsouko,335
Génération Top 50 (7793 titres),890,2,2235639,MAUVAIS SANG,Khaled,HAFLA (LIVE),369
Génération Top 50 (7793 titres),890,2,2115757,Mauvais sang,Khaled,Various Artists,373
Génération Top 50 (7793 titres),891,3,2215083,MEDLEY : JE MARCHE SEUL / QUAND LA MUSIQUE EST BONNE / AU BOUT DE MES RÊVES / ENCORE UN MATIN,Jean-Jacques Goldman,EN PUBLIC,389
Génération Top 50 (7793 titres),891,3,1955545,Medley : Je Marche Seul / Quand la Musique Est Bonne / Au Bout de Mes Rêves / Encore Un Matin,Jean-Jacques Goldman,En Public,389
Génération Top 50 (7793 titres),891,3,1247946,Medley : Je marche seul / Quand la musique est bonne / Au bout de mes rêves / Encore un matin,Jean-Jacques Goldman,Intégrale 81-91,389
Génération Top 50 (7793 titres),892,2,2235644,MOULE EL KOUTCHÉ,Khaled,HADA RAYKOUM,232
Génération Top 50 (7793 titres),892,2,1235176,Moule El Koutche,Khaled,Le Meilleur De Cheb Khaled Vol. 1,294
Génération Top 50 (7793 titres),893,3,2202671,MOURIR LES YEUX OUVERTS,Florent Pagny,Unknown Album,253
Génération Top 50 (7793 titres),893,3,1966205,Mourir les yeux ouverts,Florent Pagny,Savoir Aimer,253
Génération Top 50 (7793 titres),893,3,1966215,Mourir les yeux ouverts,Florent Pagny,Savoir aimer,253
Génération Top 50 (7793 titres),894,4,2214370,MUSIC,Madonna,MAX 8,225
Génération Top 50 (7793 titres),894,4,2221783,Music,Madonna,Music,225
Génération Top 50 (7793 titres),894,4,2241625,Music,Madonna,Music,225
Génération Top 50 (7793 titres),894,4,2265849,Music,Madonna,Music,225
Génération Top 50 (7793 titres),895,3,2030347,Ma Liberte de Penser,Florent Pagny,Ma Liberté de Penser,202
Génération Top 50 (7793 titres),895,3,2030346,Ma Liberté de Penser,Florent Pagny,Ma Liberté de Penser,204
Génération Top 50 (7793 titres),895,3,1966269,Ma liberté de penser,Florent Pagny,De Part et d'autre CD1 (triple best of),204
Génération Top 50 (7793 titres),896,2,2258105,Ma preference,Julien Clerc,Jaloux,205
Génération Top 50 (7793 titres),896,2,2265205,Ma preference,Julien Clerc,Jaloux,205
Génération Top 50 (7793 titres),897,2,1944638,Ma ville,Francis Cabrel,Les murs de poussière,253
Génération Top 50 (7793 titres),897,2,2267193,Ma ville,Francis Cabrel,Les murs de poussière,253
Génération Top 50 (7793 titres),898,2,2258106,Macumba,Julien Clerc,Jaloux,242
Génération Top 50 (7793 titres),898,2,2265206,Macumba,Julien Clerc,Jaloux,242
Génération Top 50 (7793 titres),899,2,2020786,Madame Rêve,Alain Bashung,Osez Josephine,289
Génération Top 50 (7793 titres),899,2,2128347,Madame rêve,Alain Bashung,Osez Joséphine,289
Génération Top 50 (7793 titres),900,2,1944613,Madame X,Francis Cabrel,Hors-Saison,161
Génération Top 50 (7793 titres),900,2,2267192,Madame X,Francis Cabrel,Hors-Saison,156
Génération Top 50 (7793 titres),901,2,1944643,Madeleine,Francis Cabrel,Les murs de poussière,208
Génération Top 50 (7793 titres),901,2,2267198,Madeleine,Francis Cabrel,Les murs de poussière,208
Génération Top 50 (7793 titres),902,2,1350062,Magic (Purple Disco Machine extended mix),Kylie Minogue,DISCO,250
Génération Top 50 (7793 titres),902,2,1427882,Magic (Purple Disco Machine extended mix),Kylie Minogue,DISCO,250
Génération Top 50 (7793 titres),903,2,2120247,Magic Gina,Plastic Bertrand,Suite diagonale,235
Génération Top 50 (7793 titres),903,2,2173403,Magic Gina,Plastic Bertrand,Suite diagonale,235
Génération Top 50 (7793 titres),904,2,2166643,Major Bag Alert,DJ Khaled,Grateful,297
Génération Top 50 (7793 titres),904,2,2272479,Major Bag Alert,DJ Khaled,Grateful,297
Génération Top 50 (7793 titres),905,2,1987405,Make Me Feel (Original Version,Benassi Bros.,Best of Benassi Bros.,330
Génération Top 50 (7793 titres),905,2,2009145,Make Me Feel (Original Version),Benassi Bros.,…Phobia,283
Génération Top 50 (7793 titres),906,2,1987398,Make Me Feel (Original Version) (Feat. Dhany),Benassi Bros.,Make Me Feel - EP,330
Génération Top 50 (7793 titres),906,2,2193652,Make Me Feel (Original Version) (Feat. Dhany),Benassi Bros.,Best of Benassi Bros.,330
Génération Top 50 (7793 titres),907,2,2023734,Make Me Feel _Feat_ Dhany_,Benassi Bros.,Phobia,387
Génération Top 50 (7793 titres),907,2,1246043,Make Me Feel feat. Dhany,Benassi Bros.,Benassi Bros_,331
Génération Top 50 (7793 titres),908,3,1492469,"Manie, manie",Michel Sardou,La java de Broadway,225
Génération Top 50 (7793 titres),908,3,2217256,"Manie, manie",Michel Sardou,La java de Broadway,225
Génération Top 50 (7793 titres),908,3,2265736,"Manie, manie",Michel Sardou,La java de Broadway,225
Génération Top 50 (7793 titres),909,2,2100378,Maria (extrait de « West Side Story »),Florent Pagny,Baryton,164
Génération Top 50 (7793 titres),909,2,2153855,Maria (extrait de « West Side Story »),Florent Pagny,Baryton,164
Génération Top 50 (7793 titres),910,2,1979982,Marie-Jeanne,Michel Sardou,Les 100 Plus Belles Chansons,289
Génération Top 50 (7793 titres),910,2,1347544,Marie‐Jeanne,Michel Sardou,Various Artists,278
Génération Top 50 (7793 titres),911,2,1980755,Marilyn & John (version acoustique),Vanessa Paradis,Best of Vanessa Paradis,231
Génération Top 50 (7793 titres),911,2,2129462,Marilyn & John (version acoustique),Vanessa Paradis,Best of Vanessa Paradis,231
Génération Top 50 (7793 titres),912,2,1959171,Marre de cette nana-là !,Patrick Bruel,De Face,240
Génération Top 50 (7793 titres),912,2,2267929,Marre de cette nana-là !,Patrick Bruel,De Face,240
Génération Top 50 (7793 titres),913,2,2220102,Mating Struts,Phil Collins,Remembers the Past,224
Génération Top 50 (7793 titres),913,2,2240350,Mating Struts,Phil Collins,Remembers the Past,224
Génération Top 50 (7793 titres),914,2,1860185,Maxou,Vanessa Paradis,M&J,228
Génération Top 50 (7793 titres),914,2,1980750,Maxou,Vanessa Paradis,Best of Vanessa Paradis,227
Génération Top 50 (7793 titres),915,2,2089932,Me Quedé Con Las Ganas,Santana the Golden Boy & Tito El Bambino,Melodías de Oro - Ep,235
Génération Top 50 (7793 titres),915,2,1237593,Me quedé con las ganas,Santana the Golden Boy & Tito El Bambino,Me quedé con las ganas,235
Génération Top 50 (7793 titres),916,3,1966333,Me Siento Bien,Florent Pagny,C'est Comme Ca,210
Génération Top 50 (7793 titres),916,3,2109349,Me siento bien,Florent Pagny,C'est Comme Ça,211
Génération Top 50 (7793 titres),916,3,2154343,Me siento bien,Florent Pagny,Unknown Album,211
Génération Top 50 (7793 titres),917,2,2059499,Medazzaland,Duran Duran,Medazzaland,232
Génération Top 50 (7793 titres),917,2,2169372,Medazzaland,Duran Duran,Medazzaland,232
Génération Top 50 (7793 titres),918,2,1852691,"Medley (Je marche seul, Quand la musique est bonne, Au bout de mes rêves, Il suffira d’un signe, Envole‐moi, Encore un matin)",Jean-Jacques Goldman,[Standalone Recordings],559
Génération Top 50 (7793 titres),918,2,1852692,Medley : Je marche seul / Quand la musique est bonne / Au bout de mes rêves / Il suffira d'un signe / Envole-moi / Encore un matin,Jean-Jacques Goldman,[Standalone Recordings],559
Génération Top 50 (7793 titres),919,2,2107055,Megamix: Sweet Dreams / Fallin' in Love / Be My Lover / I Love to Love,La Bouche,All Mixed Up,224
Génération Top 50 (7793 titres),919,2,2132242,Megamix: Sweet Dreams / Fallin' in Love / Be My Lover / I Love to Love,La Bouche,All Mixed Up,224
Génération Top 50 (7793 titres),920,2,1980023,Merci Seigneur,Michel Sardou,1967,160
Génération Top 50 (7793 titres),920,2,1980105,Merci Seigneur,Michel Sardou,Raconte Une Histoire,161
Génération Top 50 (7793 titres),921,2,1209160,Mes premières vraies vacances,France Gall,Mes Débuts,132
Génération Top 50 (7793 titres),921,2,1209172,Mes premières vraies vacances,France Gall,France Gall,132
Génération Top 50 (7793 titres),922,2,1209197,Message personnel,France Gall,France,224
Génération Top 50 (7793 titres),922,2,2123883,Message personnel,France Gall,France,224
Génération Top 50 (7793 titres),923,3,2176090,Mexicane Syndicate,Indochine,La République des Meteors,232
Génération Top 50 (7793 titres),923,3,2217105,Mexicane Syndicate,Indochine,La République des Meteors,232
Génération Top 50 (7793 titres),923,3,2262521,Mexicane Syndicate,Indochine,La République des Meteors,232
Génération Top 50 (7793 titres),924,2,1980722,Mi Amor,Vanessa Paradis,Mi amor,187
Génération Top 50 (7793 titres),924,2,1860042,Mi amor,Vanessa Paradis,Love Songs,187
Génération Top 50 (7793 titres),925,2,2098519,Michael You’ve Got a Lot to Answer For,Duran Duran,Medazzaland,249
Génération Top 50 (7793 titres),925,2,2178331,Michael You’ve Got a Lot to Answer For,Duran Duran,Medazzaland,249
Génération Top 50 (7793 titres),926,2,2108803,Midnight Sun,Duran Duran,Medazzaland,221
Génération Top 50 (7793 titres),926,2,2178332,Midnight Sun,Duran Duran,Medazzaland,221
Génération Top 50 (7793 titres),927,2,1347597,Miles Away,Madonna,Hard Candy,288
Génération Top 50 (7793 titres),927,2,1904770,Miles Away,Madonna,Hard Candy,288
Génération Top 50 (7793 titres),928,3,2169474,Million $ Show,Prince,HITnRUN Phase One,190
Génération Top 50 (7793 titres),928,3,2172855,Million $ Show,Prince,HITnRUN Phase One,190
Génération Top 50 (7793 titres),928,3,2271581,Million $ Show,Prince,HITnRUN Phase One,190
Génération Top 50 (7793 titres),929,4,1427600,Million Dollar Bill,Whitney Houston,I Look to You,203
Génération Top 50 (7793 titres),929,4,1492996,Million Dollar Bill,Whitney Houston,Various Artists,203
Génération Top 50 (7793 titres),929,4,1891612,Million Dollar Bill,Whitney Houston,I Look to You,203
Génération Top 50 (7793 titres),929,4,1891614,Million Dollar Bill,Whitney Houston,I Look to You,203
Génération Top 50 (7793 titres),930,2,2173005,Million Miles,Kylie Minogue,Unknown Album,210
Génération Top 50 (7793 titres),930,2,2250745,Million Miles,Kylie Minogue,Kiss Me Once,210
Génération Top 50 (7793 titres),931,3,1848791,Minoritaire,Jean-Jacques Goldman,2eme Album,277
Génération Top 50 (7793 titres),931,3,2167330,Minoritaire,Jean-Jacques Goldman,Jean-Jacques Goldman,285
Génération Top 50 (7793 titres),931,3,2259612,Minoritaire,Jean-Jacques Goldman,Intégrale 81-91,280
Génération Top 50 (7793 titres),932,2,1302341,Minuit,Khaled Safy Boutella,Kutche,350
Génération Top 50 (7793 titres),932,2,1302351,Minuit,Khaled & Safy Boutella,Kutché,350
Génération Top 50 (7793 titres),933,2,2226258,Miss A Thing,Kylie Minogue,Disco,320
Génération Top 50 (7793 titres),933,2,1282474,Miss a Thing,Kylie Minogue,Various Artists,236
Génération Top 50 (7793 titres),934,2,2217390,Mne nravitsva,Patricia Kaas,KABARET,212
Génération Top 50 (7793 titres),934,2,2229115,Mne nravitsva,Patricia Kaas,KABARET,212
Génération Top 50 (7793 titres),935,2,1959169,Mon Amant De Saint-Jean,Patrick Bruel,Entre-Deux...,196
Génération Top 50 (7793 titres),935,2,2226054,Mon amant de Saint‐Jean,Patrick Bruel,Entre‐deux…,197
Génération Top 50 (7793 titres),936,3,2217366,Mon Dieu,Patricia Kaas,Chante Piaf,280
Génération Top 50 (7793 titres),936,3,2229091,Mon Dieu,Patricia Kaas,Chante Piaf,280
Génération Top 50 (7793 titres),936,3,2265837,Mon Dieu,Patricia Kaas,Chante Piaf,280
Génération Top 50 (7793 titres),937,2,1965603,Mon Fils Ma Bataille (Live Au Palais Des Sports + 1984),Daniel Balavoine,"L'album De Sa Vie, 100 Titres",300
Génération Top 50 (7793 titres),937,2,2275052,Mon fils ma bataille (Live au Palais des Sports / 1984),Daniel Balavoine,L'album de sa vie,299
Génération Top 50 (7793 titres),938,3,1967776,Mon Manège À Moi,Étienne Daho,L'homme Qui Marche,233
Génération Top 50 (7793 titres),938,3,2029839,Mon Manège À Moi,Étienne Daho,Mon Manège À Moi - Single,233
Génération Top 50 (7793 titres),938,3,2116065,Mon manège à moi,Étienne Daho,Mon manège à moi (single),233
Génération Top 50 (7793 titres),939,3,1965542,Mon Pauvre Gunther,Daniel Balavoine,Master Série Vol. 1,184
Génération Top 50 (7793 titres),939,3,1965614,Mon Pauvre Gunther,Daniel Balavoine,"L'album De Sa Vie, 100 Titres",182
Génération Top 50 (7793 titres),939,3,1965644,Mon pauvre Gunther,Daniel Balavoine,Les Aventures De Simon Et Gunther...,182
Génération Top 50 (7793 titres),940,3,1492464,Mon fils,Michel Sardou,La java de Broadway,228
Génération Top 50 (7793 titres),940,3,2217251,Mon fils,Michel Sardou,La java de Broadway,228
Génération Top 50 (7793 titres),940,3,2265731,Mon fils,Michel Sardou,La java de Broadway,228
Génération Top 50 (7793 titres),941,3,2217373,Mon manège à moi,Patricia Kaas,Chante Piaf,180
Génération Top 50 (7793 titres),941,3,2229098,Mon manège à moi,Patricia Kaas,Chante Piaf,180
Génération Top 50 (7793 titres),941,3,2265844,Mon manège à moi,Patricia Kaas,Chante Piaf,180
Génération Top 50 (7793 titres),942,2,2217389,Mon piano rouge,Patricia Kaas,KABARET,274
Génération Top 50 (7793 titres),942,2,2229114,Mon piano rouge,Patricia Kaas,KABARET,274
Génération Top 50 (7793 titres),943,3,1282476,Monday Blues,Kylie Minogue,Various Artists,189
Génération Top 50 (7793 titres),943,3,2059247,Monday Blues,Kylie Minogue,Disco,312
Génération Top 50 (7793 titres),943,3,2164705,Monday Blues,Kylie Minogue,Disco,312
Génération Top 50 (7793 titres),944,2,2116047,Money (Fire Island radio edit),Michael Jackson,Blood on the Dance Floor: HIStory in the Mix,262
Génération Top 50 (7793 titres),944,2,2259343,Money (Fire Island radio edit),Michael Jackson,Blood on the Dance Floor / Invincible,262
Génération Top 50 (7793 titres),945,2,2067597,Money Don't Matter 2 Night,Prince & The New Power Generation,Diamonds and Pearls,286
Génération Top 50 (7793 titres),945,2,1347463,Money Don’t Matter 2 Night,Prince & The New Power Generation,Money Don't Matter 2 Night,286
Génération Top 50 (7793 titres),946,2,2108999,Money Ova Here,DJ Khaled,Gutta,177
Génération Top 50 (7793 titres),946,2,2166742,Money Ova Here,DJ Khaled,Gutta,177
Génération Top 50 (7793 titres),947,2,1388707,Monsieur Le Président De France,Michel Sardou,J'habite en France,173
Génération Top 50 (7793 titres),947,2,2079109,Monsieur le Président de France,Michel Sardou,Danton,173
Génération Top 50 (7793 titres),948,2,2023868,Mood,24kgoldn,Mood,162
Génération Top 50 (7793 titres),948,2,2130302,Mood,24kgoldn,El Dorado,140
Génération Top 50 (7793 titres),949,5,2258309,More...,Indochine,Le baiser,422
Génération Top 50 (7793 titres),949,5,2263323,More...,Indochine,Le baiser,422
Génération Top 50 (7793 titres),949,5,2227762,More…,Indochine,Le Baiser,422
Génération Top 50 (7793 titres),949,5,2232120,More…,Indochine,Le Baiser,422
Génération Top 50 (7793 titres),949,5,2265575,More…,Indochine,Le Baiser,422
Génération Top 50 (7793 titres),950,2,2102249,Morgane Is Gone,Plastic Bertrand,Suite diagonale,218
Génération Top 50 (7793 titres),950,2,2159717,Morgane Is Gone,Plastic Bertrand,Suite diagonale,218
Génération Top 50 (7793 titres),951,3,2247803,Morning Glow,Michael Jackson,Music & Me,218
Génération Top 50 (7793 titres),951,3,2258175,Morning Glow,Michael Jackson,Music & Me,218
Génération Top 50 (7793 titres),951,3,2262725,Morning Glow,Michael Jackson,Music & Me,218
Génération Top 50 (7793 titres),952,2,2018970,Morphine,Michael Jackson,The Indispensable Collection,388
Génération Top 50 (7793 titres),952,2,2259340,Morphine,Michael Jackson,Blood on the Dance Floor / Invincible,389
Génération Top 50 (7793 titres),953,3,1235178,Moule El Kare,Khaled,Le Meilleur de Cheb Khaled,275
Génération Top 50 (7793 titres),953,3,2115750,Moule El Kare,Khaled,Le Meilleur De Cheb Khaled,275
Génération Top 50 (7793 titres),953,3,2139457,Moule el kare,Khaled,Chab Khaled,371
Génération Top 50 (7793 titres),954,2,1830580,Move It To The Rhythm,Technotronic,Recall,209
Génération Top 50 (7793 titres),954,2,1940294,Move It to the Rhythm,Technotronic,Recall,208
Génération Top 50 (7793 titres),955,3,2013057,Much Too Soon,Michael Jackson,Unknown Ground,168
Génération Top 50 (7793 titres),955,3,2112462,Much Too Soon,Michael Jackson,The Ultimate Fan Extras Collection,168
Génération Top 50 (7793 titres),955,3,2132194,Much Too Soon,Michael Jackson,The Ultimate Fan Extras Collection,168
Génération Top 50 (7793 titres),956,3,2247804,Music and Me,Michael Jackson,Music & Me,155
Génération Top 50 (7793 titres),956,3,2258176,Music and Me,Michael Jackson,Music & Me,155
Génération Top 50 (7793 titres),956,3,2262726,Music and Me,Michael Jackson,Music & Me,155
Génération Top 50 (7793 titres),957,3,2221475,Musicology,Prince,Musicology,264
Génération Top 50 (7793 titres),957,3,2241337,Musicology,Prince,Musicology,264
Génération Top 50 (7793 titres),957,3,2261064,Musicology,Prince,Musicology,264
Génération Top 50 (7793 titres),958,5,1209102,Musique,France Gall,Dancing Disco,329
Génération Top 50 (7793 titres),958,5,2102693,Musique,France Gall,Dancing Disco,325
Génération Top 50 (7793 titres),958,5,2256212,Musique,France Gall,Au Zenith,325
Génération Top 50 (7793 titres),958,5,2271480,Musique,France Gall,"""Viens je t'emmène""",325
Génération Top 50 (7793 titres),958,5,2271481,Musique,France Gall,"""Viens je t'emmène""",325
Génération Top 50 (7793 titres),959,2,2108093,My League,DJ Khaled,I Changed a Lot,219
Génération Top 50 (7793 titres),959,2,2166910,My League,DJ Khaled,I Changed a Lot,219
Génération Top 50 (7793 titres),960,3,2114825,My Love Is Forever,Prince,For You,251
Génération Top 50 (7793 titres),960,3,2166165,My Love Is Forever,Prince,For You,251
Génération Top 50 (7793 titres),960,3,1279954,マイ・ラヴ・イズ・フォーエヴァー = My Love Is Forever,Prince,For You,251
Génération Top 50 (7793 titres),961,4,1943923,My Love Is Your Love,Whitney Houston,The Greatest Hits,259
Génération Top 50 (7793 titres),961,4,2221141,My Love Is Your Love,Whitney Houston,My Love Is Your Love,261
Génération Top 50 (7793 titres),961,4,2241028,My Love Is Your Love,Whitney Houston,My Love Is Your Love,261
Génération Top 50 (7793 titres),961,4,2261100,My Love Is Your Love,Whitney Houston,My Love Is Your Love,261
Génération Top 50 (7793 titres),962,2,1202298,My Name Is Not Susan,Whitney Houston,I’m Your Baby Tonight,278
Génération Top 50 (7793 titres),962,2,1893618,My Name Is Not Susan,Whitney Houston,I'm Your Baby Tonight,281
Génération Top 50 (7793 titres),963,2,2100140,My Secret Heart,Kylie Minogue,Enjoy Yourself,161
Génération Top 50 (7793 titres),963,2,2165374,My Secret Heart,Kylie Minogue,Enjoy Yourself,161
Génération Top 50 (7793 titres),964,2,2212226,MÊME PAS FATIGUÉ,Khaled,LIBERTÉ,203
Génération Top 50 (7793 titres),964,2,2212227,MÊME PAS FATIGUÉ,Khaled,LIBERTÉ,203
Génération Top 50 (7793 titres),965,2,2231693,MÊME PAS FATIGUÉ !!!,Magic System & Khaled,MÊME PAS FATIGUÉ!!!,203
Génération Top 50 (7793 titres),965,2,2098974,Même pas fatigué !!!,Magic System & Khaled,Même pas fatigué!!! (single),203
Génération Top 50 (7793 titres),966,2,1274412,N'ssi N'ssi,"Taha, Khaled, Faudel","1,2,3 Soleils",312
Génération Top 50 (7793 titres),966,2,1274413,N'ssi N'ssi,"Taha, Khaled, Faudel","1,2,3 Soleils",314
Génération Top 50 (7793 titres),967,5,2201772,NE EN 17 A LEIDENSTADT,Jean-Jacques Goldman,INTÉGRALE 81-91,232
Génération Top 50 (7793 titres),967,5,2201773,NE EN 17 A LEIDENSTADT,Jean-Jacques Goldman,INTÉGRALE 81-91,252
Génération Top 50 (7793 titres),967,5,2215014,NÉ EN 17 À LEIDENSTADT,Jean-Jacques Goldman,UN TOUR ENSEMBLE,238
Génération Top 50 (7793 titres),967,5,2215116,NÉ EN 17 À LEIDENSTADT,Jean-Jacques Goldman,UN TOUR ENSEMBLE,238
Génération Top 50 (7793 titres),967,5,1848592,Né en 17 à Leidenstadt,Jean-Jacques Goldman,'intégrale 81-91' [Disc 8] - Q,232
Génération Top 50 (7793 titres),968,3,2201834,NE LUI DIS PAS,Jean-Jacques Goldman,CHANSONS POUR LES PIEDS,288
Génération Top 50 (7793 titres),968,3,2215056,NE LUI DIS PAS,Jean-Jacques Goldman,INTÉGRALE 1990–2000,285
Génération Top 50 (7793 titres),968,3,2024029,Ne Lui Dis Pas,Jean-Jacques Goldman,Tournée 98 En Passant (Disc 1),355
Génération Top 50 (7793 titres),969,3,2215124,NOS MAINS,Jean-Jacques Goldman,UN TOUR ENSEMBLE (LIVE),219
Génération Top 50 (7793 titres),969,3,2099897,Nos mains,Jean-Jacques Goldman,En passant,201
Génération Top 50 (7793 titres),969,3,2165300,Nos mains,Jean-Jacques Goldman,En passant,201
Génération Top 50 (7793 titres),970,4,2201798,NUIT,Jean-Jacques Goldman,INTÉGRALE 81-91,342
Génération Top 50 (7793 titres),970,4,2215119,NUIT,Jean-Jacques Goldman,UN TOUR ENSEMBLE,378
Génération Top 50 (7793 titres),970,4,2027048,Nuit,Jean-Jacques Goldman,Pluriel 90-96,339
Génération Top 50 (7793 titres),970,4,2111249,Nuit,Jean-Jacques Goldman,Un tour ensemble,377
Génération Top 50 (7793 titres),971,4,1347721,Natacha,Jean-Jacques Goldman,Tournée 98 En passant,276
Génération Top 50 (7793 titres),971,4,1955524,Natacha,Jean-Jacques Goldman,Tournée 98: En Passant [Disc 1],276
Génération Top 50 (7793 titres),971,4,2099896,Natacha,Jean-Jacques Goldman,En passant,183
Génération Top 50 (7793 titres),971,4,2165301,Natacha,Jean-Jacques Goldman,En passant,183
Génération Top 50 (7793 titres),972,2,2017825,Ne Lui Dis Pas (Live),Jean-Jacques Goldman,Tournée 98 - En Passant (Live),357
Génération Top 50 (7793 titres),972,2,2027277,Ne Lui Dis Pas [Live],Jean-Jacques Goldman,Tournée 98: En Passant [Disc 1],355
Génération Top 50 (7793 titres),973,3,1209168,Ne dis pas aux copains,France Gall,Mes Débuts,154
Génération Top 50 (7793 titres),973,3,1209182,Ne dis pas aux copains,France Gall,France Gall,140
Génération Top 50 (7793 titres),973,3,1249243,Ne dis pas aux copains,France Gall,France Gall,140
Génération Top 50 (7793 titres),974,2,2057756,Nessun dorma (extrait de « Turandot » de Puccini),Florent Pagny,Baryton,193
Génération Top 50 (7793 titres),974,2,2170407,Nessun dorma (extrait de « Turandot » de Puccini),Florent Pagny,Baryton,193
Génération Top 50 (7793 titres),975,2,2172790,Never Dreamed You'd Leave in Summer,Phil Collins,Going Back,179
Génération Top 50 (7793 titres),975,2,2271881,Never Dreamed You'd Leave in Summer,Phil Collins,Going Back,179
Génération Top 50 (7793 titres),976,2,2107511,Nice 'N' Slow,La Bouche,Sweet Dreams,242
Génération Top 50 (7793 titres),976,2,2169165,Nice 'n' Slow,La Bouche,Sweet Dreams,242
Génération Top 50 (7793 titres),977,2,1966330,No Pasa Nada,Florent Pagny,C'est Comme Ca,254
Génération Top 50 (7793 titres),977,2,2154340,No pasa nada,Florent Pagny,Unknown Album,255
Génération Top 50 (7793 titres),978,3,1884691,Nobody Loves Me Like You Do,Whitney Houston,Whitney Houston,226
Génération Top 50 (7793 titres),978,3,2093091,Nobody Loves Me Like You Do,Whitney Houston,Whitney Houston,226
Génération Top 50 (7793 titres),978,3,2160363,Nobody Loves Me Like You Do,Whitney Houston,Whitney Houston,229
Génération Top 50 (7793 titres),979,3,2221788,Nobody's Perfect,Madonna,Music,302
Génération Top 50 (7793 titres),979,3,2241630,Nobody's Perfect,Madonna,Music,302
Génération Top 50 (7793 titres),979,3,2265854,Nobody's Perfect,Madonna,Music,302
Génération Top 50 (7793 titres),980,3,2217375,"Non, je ne regrette rien",Patricia Kaas,Chante Piaf,296
Génération Top 50 (7793 titres),980,3,2229100,"Non, je ne regrette rien",Patricia Kaas,Chante Piaf,296
Génération Top 50 (7793 titres),980,3,2265846,"Non, je ne regrette rien",Patricia Kaas,Chante Piaf,296
Génération Top 50 (7793 titres),981,2,2108801,None of the Above,Duran Duran,Duran Duran (The Wedding Album),318
Génération Top 50 (7793 titres),981,2,2165007,None of the Above,Duran Duran,Duran Duran (The Wedding Album),318
Génération Top 50 (7793 titres),982,3,2011928,Nos Vies Parallèles,Anggun; Florent Pagny,Toujours Un Ailleurs,209
Génération Top 50 (7793 titres),982,3,2011938,Nos Vies Parallèles,Anggun & Florent Pagny,Nos Vies Parallèles [Single],209
Génération Top 50 (7793 titres),982,3,2011961,Nos Vies Parallèles,Anggun & Florent Pagny,Nos Vies Parallèles,209
Génération Top 50 (7793 titres),983,2,2165372,Nothing To Lose,Kylie Minogue,Enjoy Yourself,201
Génération Top 50 (7793 titres),983,2,2059253,Nothing to Lose,Kylie Minogue,Enjoy Yourself,201
Génération Top 50 (7793 titres),984,2,1492959,Nothin’ but Love,Whitney Houston,Various Artists,212
Génération Top 50 (7793 titres),984,2,1891615,Nothin’ but Love,Whitney Houston,I Look to You,212
Génération Top 50 (7793 titres),985,2,1838834,Nous Ne Nous Parlerons Pas,Jean-Jacques Goldman,Jean-Jacques Goldman : La collection 81-89,263
Génération Top 50 (7793 titres),985,2,2259613,Nous ne nous parlerons pas,Jean-Jacques Goldman,Intégrale 81-91,263
Génération Top 50 (7793 titres),986,2,2259459,Nous n'aurons pas d'enfants,Michel Sardou,Les Ricains,157
Génération Top 50 (7793 titres),986,2,2271400,Nous n'aurons pas d'enfants,Michel Sardou,Michel Sardou 66,182
Génération Top 50 (7793 titres),987,2,1949704,Numero Uno,DJ Jazzy Jeff & the Fresh Prince,And in This Corner…,251
Génération Top 50 (7793 titres),987,2,2127507,Numero uno,DJ Jazzy Jeff & the Fresh Prince,Original Album Classics,251
Génération Top 50 (7793 titres),988,2,2032600,Né En 17 À Leidenstadt,Fredericks Goldman Jones,Fredericks Goldman Jones,232
Génération Top 50 (7793 titres),988,2,2116978,Né en 17 à Leidenstadt,Fredericks Goldman Jones,Pluriel 90-96,232
Génération Top 50 (7793 titres),989,2,2068747,OLD TOWN ROAD (WORKOUT MIX),Workout Remix Factory,TOP 50 FITNESS & WORKOUT HITS! 2021 MUSIC PLAYLIST,265
Génération Top 50 (7793 titres),989,2,1959097,Old Town Road (Workout Mix),Workout Remix Factory,TOP 50 FITNESS & WORKOUT HITS! 2021 MUSIC PLAYLIST,265
Génération Top 50 (7793 titres),990,4,2215113,ON IRA,Jean-Jacques Goldman,UN TOUR ENSEMBLE,420
Génération Top 50 (7793 titres),990,4,2024028,On Ira,Jean-Jacques Goldman,Tournée 98 En Passant (Disc 1),319
Génération Top 50 (7793 titres),990,4,2108177,On ira,Jean-Jacques Goldman,En passant,270
Génération Top 50 (7793 titres),990,4,2165303,On ira,Jean-Jacques Goldman,En passant,270
Génération Top 50 (7793 titres),991,4,2200637,ON N'A PAS CHANGÉ,Fredericks Goldman Jones,ROUGE,355
Génération Top 50 (7793 titres),991,4,2200638,ON N'A PAS CHANGÉ,Fredericks Goldman Jones,ROUGE,355
Génération Top 50 (7793 titres),991,4,2200639,ON N'A PAS CHANGÉ,Fredericks Goldman Jones,ROUGE,355
Génération Top 50 (7793 titres),991,4,2200640,ON N’A PAS CHANGÉ,Fredericks Goldman Jones,ROUGE,355
Génération Top 50 (7793 titres),992,2,1176978,Obsession,Étienne Daho,L'Invitation,268
Génération Top 50 (7793 titres),992,2,2124916,Obsession,Étienne Daho,L'Invitation,268
Génération Top 50 (7793 titres),993,2,1957659,Obsession,Kylie Minogue,Body Language,213
Génération Top 50 (7793 titres),993,2,2266206,Obsession,Kylie Minogue,Body Language,213
Génération Top 50 (7793 titres),994,2,2274899,Oh Happy Day,Florent Pagny,Bienvenue chez moi,310
Génération Top 50 (7793 titres),994,2,1966280,Oh happy day,Florent Pagny,De Part et d'autre CD1 (triple best of),221
Génération Top 50 (7793 titres),995,5,1943917,Oh Yes,Whitney Houston,My Love Is Your Love,407
Génération Top 50 (7793 titres),995,5,2221145,Oh Yes,Whitney Houston,My Love Is Your Love,407
Génération Top 50 (7793 titres),995,5,2241032,Oh Yes,Whitney Houston,My Love Is Your Love,407
Génération Top 50 (7793 titres),995,5,2261104,Oh Yes,Whitney Houston,My Love Is Your Love,407
Génération Top 50 (7793 titres),995,5,2267164,Oh Yes,Whitney Houston,My Love Is Your Love,407
Génération Top 50 (7793 titres),996,3,2221484,On The Couch,Prince,Musicology,213
Génération Top 50 (7793 titres),996,3,2241346,On The Couch,Prince,Musicology,213
Génération Top 50 (7793 titres),996,3,2261069,On The Couch,Prince,Musicology,213
Génération Top 50 (7793 titres),997,2,2101560,On n’a pas tous les jours 20 ans,Patrick Bruel,Entre‐deux…,176
Génération Top 50 (7793 titres),997,2,2165410,On n’a pas tous les jours 20 ans,Patrick Bruel,Entre-Deux...,176
Génération Top 50 (7793 titres),998,4,1298084,On se retrouvera,Francis Lalanne,Le meilleur des années 80 : Le passage - On se retrouvera (Bande originale du film),155
Génération Top 50 (7793 titres),998,4,1298085,On se retrouvera,Francis Lalanne,Le meilleur des années 80 : Le passage - On se retrouvera (Bande originale du film),155
Génération Top 50 (7793 titres),998,4,1298086,On se retrouvera,Francis Lalanne,Le meilleur des années 80 : Le passage - On se retrouvera (Bande originale du film),155
Génération Top 50 (7793 titres),998,4,1298087,On se retrouvera,Francis Lalanne,Le meilleur des années 80 : Le passage - On se retrouvera (Bande originale du film),280
Génération Top 50 (7793 titres),999,2,2100146,One Last Kiss,Kylie Minogue,Golden,221
Génération Top 50 (7793 titres),999,2,2166477,One Last Kiss,Kylie Minogue,Golden,221
Génération Top 50 (7793 titres),1000,3,2216106,One Of The Two,Goldmund;Scott Moore,Layers of Afternoon,170
Génération Top 50 (7793 titres),1000,3,2227810,One Of The Two,Goldmund;Scott Moore,Layers of Afternoon,170
Génération Top 50 (7793 titres),1000,3,2261619,One Of The Two,Goldmund;Scott Moore,Layers of Afternoon,170
Génération Top 50 (7793 titres),1001,3,2179849,Only In Dreams,Duran Duran,Paper Gods,365
Génération Top 50 (7793 titres),1001,3,2270492,Only In Dreams,Duran Duran,Paper Gods,365
Génération Top 50 (7793 titres),1001,3,2120614,Only in Dreams,Duran Duran,Paper Gods,365
Génération Top 50 (7793 titres),1002,2,2071471,Optimistique-moi,Mylène Farmer,Innamoramento,262
Génération Top 50 (7793 titres),1002,2,2028182,Optimistique‐Moi,Mylène Farmer,Les Mots,260
Génération Top 50 (7793 titres),1003,2,1182441,Osez Joséphine,Alain Bashung,Osez Joséphine,179
Génération Top 50 (7793 titres),1003,2,1182442,Osez Joséphine,Alain Bashung,Osez Joséphine,175
Génération Top 50 (7793 titres),1004,3,2000670,Ou Et Avec Qui Tu M'aimes,Pascal Obispo,Superflu,222
Génération Top 50 (7793 titres),1004,3,1266758,Où Et Avec Qui Tu M'aimes,Pascal Obispo,Superflu,223
Génération Top 50 (7793 titres),1004,3,2000671,Où Et Avec Qui Tu M’Aimes,Pascal Obispo,Superflu,222
Génération Top 50 (7793 titres),1005,2,2020267,Oui Je L'adore,Pauline Ester,Stars 80 - L'album Anniversaire (Live),206
Génération Top 50 (7793 titres),1005,2,2198384,Oui Je L'adore,Pauline Ester,Stars 80 - L'album Anniversaire (Live),206
Génération Top 50 (7793 titres),1006,3,2216100,Our Times,Goldmund;Scott Moore,Layers of Afternoon,150
Génération Top 50 (7793 titres),1006,3,2227804,Our Times,Goldmund;Scott Moore,Layers of Afternoon,150
Génération Top 50 (7793 titres),1006,3,2261613,Our Times,Goldmund;Scott Moore,Layers of Afternoon,150
Génération Top 50 (7793 titres),1007,2,2059500,Out of My Mind,Duran Duran,Medazzaland,260
Génération Top 50 (7793 titres),1007,2,2178328,Out of My Mind,Duran Duran,Medazzaland,260
Génération Top 50 (7793 titres),1008,2,2102849,Où sont tous mes amants ?,Patrick Bruel,Entre‐deux…,233
Génération Top 50 (7793 titres),1008,2,2165408,Où sont tous mes amants ?,Patrick Bruel,Entre-Deux...,233
Génération Top 50 (7793 titres),1009,3,2201803,P'TIT BLUES PEINARD,Jean-Jacques Goldman,INTÉGRALE 81-91,210
Génération Top 50 (7793 titres),1009,3,2201817,P'TIT BLUES PEINARD,Jean-Jacques Goldman,INTÉGRALE 81-91,268
Génération Top 50 (7793 titres),1009,3,1848594,P’tit blues peinard,Jean-Jacques Goldman,'intégrale 81-91' [Disc 8] - Q,268
Génération Top 50 (7793 titres),1010,2,2201777,PAS L’INDIFFÉRENCE,Jean-Jacques Goldman,INTÉGRALE 81-91,293
Génération Top 50 (7793 titres),1010,2,2028034,Pas L'indifférence,Jean-Jacques Goldman,L'intégrale: 86-87 [Disc 4],272
Génération Top 50 (7793 titres),1011,5,2215125,PETITE FILLE,Jean-Jacques Goldman,UN TOUR ENSEMBLE (LIVE),265
Génération Top 50 (7793 titres),1011,5,2028817,Petite Fille,Jean-Jacques Goldman,En Public,532
Génération Top 50 (7793 titres),1011,5,2058136,Petite Fille,Jean-Jacques Goldman,Positif,268
Génération Top 50 (7793 titres),1011,5,2259615,Petite fille,Jean-Jacques Goldman,Intégrale 81-91,270
Génération Top 50 (7793 titres),1011,5,2259636,Petite fille,Jean-Jacques Goldman,En public,532
Génération Top 50 (7793 titres),1012,6,2201781,PEUR DE RIEN BLUES,Jean-Jacques Goldman,INTÉGRALE 81-91,339
Génération Top 50 (7793 titres),1012,6,2215059,PEUR DE RIEN BLUES,Jean-Jacques Goldman,INTÉGRALE 81-91,381
Génération Top 50 (7793 titres),1012,6,2215145,PEUR DE RIEN BLUES,Jean-Jacques Goldman,ENTRE GRIS CLAIR ET GRIS FONCÉ,378
Génération Top 50 (7793 titres),1012,6,2027590,Peur de Rien Blues,Jean-Jacques Goldman,Traces,505
Génération Top 50 (7793 titres),1012,6,1247948,Peur de rien blues,Jean-Jacques Goldman,Tournée 98 En passant,343
Génération Top 50 (7793 titres),1012,6,2255821,Peur de rien blues,Jean-Jacques Goldman,Entre Gris Clair Et Gris Foncé [Disc 1],381
Génération Top 50 (7793 titres),1013,3,2214296,PONGÁMONOS DE ACUERDO,Júlion Álvarez y Su Norteño Banda,EL AFERRADO,161
Génération Top 50 (7793 titres),1013,3,2214297,PONGÁMONOS DE ACUERDO,Júlion Álvarez y Su Norteño Banda,EL AFERRADO,162
Génération Top 50 (7793 titres),1013,3,2125801,Pongámonos de acuerdo,Júlion Álvarez y Su Norteño Banda,El Aferrado,161
Génération Top 50 (7793 titres),1014,2,2167440,POPSTAR,DJ Khaled,KHALED KHALED,200
Génération Top 50 (7793 titres),1014,2,2272477,POPSTAR,DJ Khaled,Unknown Album,200
Génération Top 50 (7793 titres),1015,4,2215021,PRÉSENTATION DES MUSICIENS,Jean-Jacques Goldman,UN TOUR ENSEMBLE,246
Génération Top 50 (7793 titres),1015,4,2215118,PRÉSENTATION DES MUSICIENS,Jean-Jacques Goldman,UN TOUR ENSEMBLE,246
Génération Top 50 (7793 titres),1015,4,2215130,PRÉSENTATION DES MUSICIENS,Jean-Jacques Goldman,UN TOUR ENSEMBLE (LIVE),246
Génération Top 50 (7793 titres),1015,4,2111250,Présentation des musiciens,Jean-Jacques Goldman,Un tour ensemble,246
Génération Top 50 (7793 titres),1016,4,2201765,PUISQUE TU PARS,Jean-Jacques Goldman,ENTRE GRIS CLAIR ET GRIS FONCÉ,455
Génération Top 50 (7793 titres),1016,4,2215122,PUISQUE TU PARS,Jean-Jacques Goldman,UN TOUR ENSEMBLE,446
Génération Top 50 (7793 titres),1016,4,1434023,Puisque tu pars,Jean-Jacques Goldman,Singulier 81 - 89,455
Génération Top 50 (7793 titres),1016,4,2111251,Puisque tu pars,Jean-Jacques Goldman,Un tour ensemble,446
Génération Top 50 (7793 titres),1017,4,2202300,PUISQUE TU PARS,Fredericks Goldman Jones,DU NEW MORNING AU ZÉNITH,169
Génération Top 50 (7793 titres),1017,4,2026056,Puisque Tu Pars,Fredericks Goldman Jones,Du New Morning Au Zénith,169
Génération Top 50 (7793 titres),1017,4,2122912,Puisque tu pars,Fredericks Goldman Jones,Du New Morning au Zénith,169
Génération Top 50 (7793 titres),1017,4,2260561,Puisque tu pars,Fredericks Goldman Jones,Du New Morning au Zénith,169
Génération Top 50 (7793 titres),1018,2,2204065,PUMP UP THE JAM,D.O.N.S. feat. Technotronic,MIAMI REPORT 2005,301
Génération Top 50 (7793 titres),1018,2,2118368,Pump Up the Jam,D.O.N.S. feat. Technotronic,Pump Up The Jam (feat. Technotronic) - EP,207
Génération Top 50 (7793 titres),1019,3,2217367,Padam padam,Patricia Kaas,Chante Piaf,277
Génération Top 50 (7793 titres),1019,3,2229092,Padam padam,Patricia Kaas,Chante Piaf,277
Génération Top 50 (7793 titres),1019,3,2265838,Padam padam,Patricia Kaas,Chante Piaf,277
Génération Top 50 (7793 titres),1020,2,2018979,Papa Don't Preach,Madonna,The Immaculate Collection,249
Génération Top 50 (7793 titres),1020,2,1911555,Papa Don’t Preach,Madonna,True Blue,268
Génération Top 50 (7793 titres),1021,3,2221791,Paradise (Not For Me),Madonna,Music,393
Génération Top 50 (7793 titres),1021,3,2241633,Paradise (Not For Me),Madonna,Music,393
Génération Top 50 (7793 titres),1021,3,2265857,Paradise (Not For Me),Madonna,Music,393
Génération Top 50 (7793 titres),1022,2,1953741,Paris Latino,Various Artists,100 CD Années 80,241
Génération Top 50 (7793 titres),1022,2,1953742,Paris Latino,Various Artists,100 CD Années 80,249
Génération Top 50 (7793 titres),1023,3,2118516,Paris Latino,Bandolero,Paris Latino - Tango Tango,249
Génération Top 50 (7793 titres),1023,3,1950594,Paris latino,Bandolero,"Au top des années 80, Vol. 1",251
Génération Top 50 (7793 titres),1023,3,2179996,Paris latino,Bandolero,Best of Bandolero (Le meilleur des années 80),242
Génération Top 50 (7793 titres),1024,2,2062626,"Paris, je t’aime d’amour",Patrick Bruel,Entre‐deux…,165
Génération Top 50 (7793 titres),1024,2,2165400,"Paris, je t’aime d’amour",Patrick Bruel,Entre-Deux...,165
Génération Top 50 (7793 titres),1025,2,2108008,Parlez‐moi d’amour,Patrick Bruel,Entre‐deux…,235
Génération Top 50 (7793 titres),1025,2,2165414,Parlez‐moi d’amour,Patrick Bruel,Entre-Deux...,235
Génération Top 50 (7793 titres),1026,3,2002246,Parlons D'amour,Herbert Léonard,Parlons D'amour,260
Génération Top 50 (7793 titres),1026,3,2002251,Parlons D’Amour,Herbert Léonard,Herbert Léonard,260
Génération Top 50 (7793 titres),1026,3,1957710,Parlons d'amour,Herbert Léonard,Le Meilleur de Herbert Léonard,260
Génération Top 50 (7793 titres),1027,2,2004667,Partenaire Particulier,Début de Soirée,Top 50 [Disc 1],248
Génération Top 50 (7793 titres),1027,2,2004669,Partenaire Particulier,Début de Soirée,Jeux Interdits,248
Génération Top 50 (7793 titres),1028,6,1965512,Partir Avant Les Miens,Daniel Balavoine,Master Série Vol. 2,309
Génération Top 50 (7793 titres),1028,6,1965405,Partir avant les miens,Daniel Balavoine,L'essentiel CD 1,309
Génération Top 50 (7793 titres),1028,6,1965414,Partir avant les miens,Daniel Balavoine,"Master Serie, Volume 2",309
Génération Top 50 (7793 titres),1028,6,1965478,Partir avant les miens,Daniel Balavoine,L'Essentiel,309
Génération Top 50 (7793 titres),1028,6,1965554,Partir avant les miens,Daniel Balavoine,Les 100 Plus Belles Chansons,307
Génération Top 50 (7793 titres),1028,6,2118123,Partir avant les miens,Daniel Balavoine,Various Artists,309
Génération Top 50 (7793 titres),1029,2,2120672,Partyman,Prince,Batman,191
Génération Top 50 (7793 titres),1029,2,2172216,Partyman,Prince,Batman,191
Génération Top 50 (7793 titres),1030,3,2026054,Pas Toi,Fredericks Goldman Jones,Du New Morning Au Zénith,323
Génération Top 50 (7793 titres),1030,3,2054469,Pas toi,Fredericks Goldman Jones,Pluriel 90-96,222
Génération Top 50 (7793 titres),1030,3,2054473,Pas toi,Fredericks Goldman Jones,Du New Morning au Zénith,323
Génération Top 50 (7793 titres),1031,2,2028815,Pas Toi,Jean-Jacques Goldman,En Public,398
Génération Top 50 (7793 titres),1031,2,1347717,Pas toi,Jean-Jacques Goldman,Demo,398
Génération Top 50 (7793 titres),1032,2,2028826,Pas Toi (Live),Jean-Jacques Goldman,En Public,398
Génération Top 50 (7793 titres),1032,2,2027280,Pas Toi [Live],Jean-Jacques Goldman,Tournée 98: En Passant [Disc 1],444
Génération Top 50 (7793 titres),1033,2,2056460,Passager de la nuit,Début de Soirée,Passagers de la nuit,266
Génération Top 50 (7793 titres),1033,2,2158968,Passager de la nuit,Début de Soirée,Passagers de la nuit,266
Génération Top 50 (7793 titres),1034,2,2220099,Past Times,Phil Collins,Remembers the Past,137
Génération Top 50 (7793 titres),1034,2,2240347,Past Times,Phil Collins,Remembers the Past,137
Génération Top 50 (7793 titres),1035,2,1957464,Pendant Que Les Champs Brûlent,Niagara,Religion (Édition 20e anniversaire),223
Génération Top 50 (7793 titres),1035,2,2198368,Pendant Que Les Champs Brûlent,Niagara,Religion (Édition 20e anniversaire),223
Génération Top 50 (7793 titres),1036,2,2111214,Penny Lover,Lionel Richie,Can’t Slow Down,334
Génération Top 50 (7793 titres),1036,2,2163784,Penny Lover,Lionel Richie,Can’t Slow Down,334
Génération Top 50 (7793 titres),1037,2,1209176,Pense à moi,France Gall,France Gall,156
Génération Top 50 (7793 titres),1037,2,1209150,Pense á moi,France Gall,Mes Débuts,151
Génération Top 50 (7793 titres),1038,2,2107978,Pense à ta carrière,Les Rita Mitsouko,Cool Frénésie,317
Génération Top 50 (7793 titres),1038,2,2164159,Pense à ta carrière,Les Rita Mitsouko,Cool Frénésie,317
Génération Top 50 (7793 titres),1039,4,2232126,Persane thème,Indochine,Le Baiser,149
Génération Top 50 (7793 titres),1039,4,2258315,Persane thème,Indochine,Le baiser,149
Génération Top 50 (7793 titres),1039,4,2263329,Persane thème,Indochine,Le baiser,149
Génération Top 50 (7793 titres),1039,4,2265581,Persane thème,Indochine,Le Baiser,149
Génération Top 50 (7793 titres),1040,2,1266756,Personne,Pascal Obispo,Superflu,262
Génération Top 50 (7793 titres),1040,2,1350783,Personne,Pascal Obispo,Superflu,261
Génération Top 50 (7793 titres),1041,2,1388706,Petit,Michel Sardou,J'habite en France,176
Génération Top 50 (7793 titres),1041,2,2271395,Petit,Michel Sardou,Michel Sardou 66,215
Génération Top 50 (7793 titres),1042,3,1965518,Petit Homme Mort Au Combat,Daniel Balavoine,Master Série Vol. 2,298
Génération Top 50 (7793 titres),1042,3,1909778,Petit homme mort au combat,Daniel Balavoine,Les 100 Plus Belles Chansons,297
Génération Top 50 (7793 titres),1042,3,1965420,Petit homme mort au combat,Daniel Balavoine,"Master Serie, Volume 2",298
Génération Top 50 (7793 titres),1043,6,1965406,Petite Angèle,Daniel Balavoine,L'essentiel CD 1,282
Génération Top 50 (7793 titres),1043,6,1965413,Petite Angèle,Daniel Balavoine,"Master Serie, Volume 2",286
Génération Top 50 (7793 titres),1043,6,1965435,Petite Angèle,Daniel Balavoine,Anthologie,285
Génération Top 50 (7793 titres),1043,6,1965467,Petite Angèle,Daniel Balavoine,L'Essentiel,282
Génération Top 50 (7793 titres),1043,6,1965511,Petite Angèle,Daniel Balavoine,Master Série Vol. 2,286
Génération Top 50 (7793 titres),1043,6,1965561,Petite Angèle,Daniel Balavoine,Les 100 Plus Belles Chansons,283
Génération Top 50 (7793 titres),1044,2,2028808,Petite Fille (Live),Jean-Jacques Goldman,En Public,532
Génération Top 50 (7793 titres),1044,2,2028829,Petite Fille (Live),Jean-Jacques Goldman,En Public,532
Génération Top 50 (7793 titres),1045,2,1235532,Petite Sirène,Francis Cabrel,D'une ombre à l'autre (Live),224
Génération Top 50 (7793 titres),1045,2,1425652,Petite Sirène,Francis Cabrel,Unknown Album,226
Génération Top 50 (7793 titres),1046,2,1848593,Peurs,Jean-Jacques Goldman,'intégrale 81-91' [Disc 8] - Q,421
Génération Top 50 (7793 titres),1046,2,2259630,Peurs,Jean-Jacques Goldman,Intégrale 81-91,421
Génération Top 50 (7793 titres),1047,3,2123006,Peut etre qu’en septembre,Hélène,Pour l'amour d'un garçon,262
Génération Top 50 (7793 titres),1047,3,2002282,Peut-Etre Qu'en Septembre,Hélène,Peut-Être Qu'en Septembre,262
Génération Top 50 (7793 titres),1047,3,2023780,Peut-Etre Qu'en Septembre,Hélène,Peut-Être Qu'en Septembre,262
Génération Top 50 (7793 titres),1048,4,2002284,Peut-Être Qu’En Septembre,Hélène,Peut-Être Qu'en Septembre,262
Génération Top 50 (7793 titres),1048,4,1982144,Peut-être qu'en septembre,Hélène,Pour l'amour d'un garçon,262
Génération Top 50 (7793 titres),1048,4,2065904,Peut-être qu'en septembre,Hélène,Pour l'amour d'un garçon,262
Génération Top 50 (7793 titres),1048,4,2123007,Peut‐être qu’en septembre,Hélène,Pour l'amour d'un garçon,262
Génération Top 50 (7793 titres),1049,2,2220098,Picking Singles,Phil Collins,Remembers the Past,208
Génération Top 50 (7793 titres),1049,2,2240346,Picking Singles,Phil Collins,Remembers the Past,208
Génération Top 50 (7793 titres),1050,2,2258103,Piece bleue (instrumental),Julien Clerc,Jaloux,218
Génération Top 50 (7793 titres),1050,2,2265203,Piece bleue (instrumental),Julien Clerc,Jaloux,218
Génération Top 50 (7793 titres),1051,2,1966316,Piensa en mi,Florent Pagny,Baryton Gracias A La Vida (2012),246
Génération Top 50 (7793 titres),1051,2,2153845,Piensa en mí,Florent Pagny,"Baryton, gracias a la vida",250
Génération Top 50 (7793 titres),1052,2,2217385,Pigalle,Patricia Kaas,KABARET,180
Génération Top 50 (7793 titres),1052,2,2229110,Pigalle,Patricia Kaas,KABARET,180
Génération Top 50 (7793 titres),1053,2,1959167,Place des grands hommes,Patrick Bruel,Si Ce Soir…,280
Génération Top 50 (7793 titres),1053,2,2112296,Place des grands hommes,Patrick Bruel,Alors regarde,267
Génération Top 50 (7793 titres),1054,2,2110111,Planet Earth,Duran Duran,Duran Duran,243
Génération Top 50 (7793 titres),1054,2,2165013,Planet Earth,Duran Duran,Duran Duran,243
Génération Top 50 (7793 titres),1055,2,2120615,Planet Roaring,Duran Duran,Paper Gods,229
Génération Top 50 (7793 titres),1055,2,2179851,Planet Roaring,Duran Duran,Paper Gods,229
Génération Top 50 (7793 titres),1056,2,1958937,Planète Mars (Homère mix),IAM,Anthologie 1991-2004 [Disc 1],295
Génération Top 50 (7793 titres),1056,2,2096915,Planète Mars (Homère mix),IAM,Anthologie Vol.1,295
Génération Top 50 (7793 titres),1057,2,2221225,Platinum Starz,"Scarface ft. Lil' Flip, Chamillionaire, & Bun B",My Homies Part 2,230
Génération Top 50 (7793 titres),1057,2,2241096,Platinum Starz,"Scarface ft. Lil' Flip, Chamillionaire, & Bun B",My Homies Part 2,230
Génération Top 50 (7793 titres),1058,3,2176082,Play Boy,Indochine,La République des Meteors,170
Génération Top 50 (7793 titres),1058,3,2217097,Play Boy,Indochine,La République des Meteors,170
Génération Top 50 (7793 titres),1058,3,2262513,Play Boy,Indochine,La République des Meteors,170
Génération Top 50 (7793 titres),1059,3,2176093,Play Boy (a cappella),Indochine,La République des Meteors,155
Génération Top 50 (7793 titres),1059,3,2217108,Play Boy (a cappella),Indochine,La République des Meteors,155
Génération Top 50 (7793 titres),1059,3,2262524,Play Boy (a cappella),Indochine,La République des Meteors,155
Génération Top 50 (7793 titres),1060,2,2058137,Plus fort,Jean-Jacques Goldman,Positif,231
Génération Top 50 (7793 titres),1060,2,2259614,Plus fort,Jean-Jacques Goldman,Intégrale 81-91,231
Génération Top 50 (7793 titres),1061,2,1869694,Plus grandir,Mylène Farmer,Best Of,287
Génération Top 50 (7793 titres),1061,2,2073668,Plus grandir,Mylène Farmer,Cendres de lune,245
Génération Top 50 (7793 titres),1062,2,1209137,Plus haut,France Gall,"Paris, France",169
Génération Top 50 (7793 titres),1062,2,1209185,Plus haut,France Gall,France,259
Génération Top 50 (7793 titres),1063,2,2123639,Poetry In Motion,La Bouche,Sweet Dreams,227
Génération Top 50 (7793 titres),1063,2,2173464,Poetry in Motion,La Bouche,Sweet Dreams,227
Génération Top 50 (7793 titres),1064,2,2059674,Poker menteur,Plastic Bertrand,Suite diagonale,211
Génération Top 50 (7793 titres),1064,2,2159714,Poker menteur,Plastic Bertrand,Suite diagonale,211
Génération Top 50 (7793 titres),1065,2,2114832,Positivity,Prince,Lovesexy,437
Génération Top 50 (7793 titres),1065,2,2167787,Positivity,Prince,Lovesexy,437
Génération Top 50 (7793 titres),1066,2,2232609,Poulaillers' song,Alain Souchon,Jamais content,229
Génération Top 50 (7793 titres),1066,2,2265180,Poulaillers' song,Alain Souchon,Jamais content,229
Génération Top 50 (7793 titres),1067,6,1965506,Pour La Femme Veuve Qui S'Éveille,Daniel Balavoine,Les 50 Plus Belles Chansons,332
Génération Top 50 (7793 titres),1067,6,1965510,Pour La Femme Veuve Qui S'éveille,Daniel Balavoine,Master Série Vol. 2,332
Génération Top 50 (7793 titres),1067,6,1965470,Pour la femme veuve qui s'éveille,Daniel Balavoine,L'Essentiel,334
Génération Top 50 (7793 titres),1067,6,1965551,Pour la femme veuve qui s'éveille,Daniel Balavoine,Les 100 Plus Belles Chansons,331
Génération Top 50 (7793 titres),1067,6,1965412,Pour la femme veuve qui s’éveille,Daniel Balavoine,"Master Serie, Volume 2",332
Génération Top 50 (7793 titres),1067,6,1965573,pour la femme veuve qui s'éveille,Daniel Balavoine,le meilleur de balavoine,334
Génération Top 50 (7793 titres),1068,2,2094539,Pour le plaisir (Yann Muller Version),Herbert Léonard,Pour le plaisir (Yann Muller Version),180
Génération Top 50 (7793 titres),1068,2,2270194,Pour le plaisir (Yann Muller Version),Herbert Léonard,Pour le plaisir (Yann Muller Version),180
Génération Top 50 (7793 titres),1069,2,1860035,Prends garde à moi,Vanessa Paradis,Love Songs,244
Génération Top 50 (7793 titres),1069,2,1980688,Prends garde à moi,Vanessa Paradis,Love Songs Tour,244
Génération Top 50 (7793 titres),1070,2,2059506,Pressure Off,Duran Duran,Paper Gods,259
Génération Top 50 (7793 titres),1070,2,2179844,Pressure Off,Duran Duran,Paper Gods,259
Génération Top 50 (7793 titres),1071,2,1209193,Privée d'amour,France Gall,France,278
Génération Top 50 (7793 titres),1071,2,2116906,Privée d’amour,France Gall,France,278
Génération Top 50 (7793 titres),1072,2,1957655,Promises,Kylie Minogue,Body Language,199
Génération Top 50 (7793 titres),1072,2,2266202,Promises,Kylie Minogue,Body Language,199
Génération Top 50 (7793 titres),1073,3,2216109,Prosody,Goldmund;Scott Moore,Layers of Afternoon,144
Génération Top 50 (7793 titres),1073,3,2227813,Prosody,Goldmund;Scott Moore,Layers of Afternoon,144
Génération Top 50 (7793 titres),1073,3,2261622,Prosody,Goldmund;Scott Moore,Layers of Afternoon,144
Génération Top 50 (7793 titres),1074,2,1966207,Protection,Florent Pagny,Savoir Aimer,254
Génération Top 50 (7793 titres),1074,2,2003067,Protection,Florent Pagny,L'essentiel Des Albums Studio,253
Génération Top 50 (7793 titres),1075,4,2232123,Punishment Park,Indochine,Le Baiser,230
Génération Top 50 (7793 titres),1075,4,2258312,Punishment Park,Indochine,Le baiser,230
Génération Top 50 (7793 titres),1075,4,2263326,Punishment Park,Indochine,Le baiser,230
Génération Top 50 (7793 titres),1075,4,2265578,Punishment Park,Indochine,Le Baiser,230
Génération Top 50 (7793 titres),1076,2,1911392,Push,Madonna,Confessions on a Dance Floor,237
Génération Top 50 (7793 titres),1076,2,2117406,Push,Madonna,"Confessions On A Dance Floor (2LP, EU, 9362-49460-1)",215
Génération Top 50 (7793 titres),1077,3,2228610,Putain ça penche,Alain Souchon,La Vie Théodore,234
Génération Top 50 (7793 titres),1077,3,2232353,Putain ça penche,Alain Souchon,La Vie Théodore,234
Génération Top 50 (7793 titres),1077,3,2265585,Putain ça penche,Alain Souchon,La Vie Théodore,234
Génération Top 50 (7793 titres),1078,2,2154383,QUAND JE SERAI MORTE,Elsa,CHAQUE JOUR EST UN LONG CHEMIN,185
Génération Top 50 (7793 titres),1078,2,2062606,Quand je serai morte,Elsa,Chaque Jour Est Un Long Chemin,185
Génération Top 50 (7793 titres),1079,3,2201829,QUAND TU DANSES,Jean-Jacques Goldman,CHANSONS POUR LES PIEDS,269
Génération Top 50 (7793 titres),1079,3,2255819,Quand tu danses,Jean-Jacques Goldman,En passant,267
Génération Top 50 (7793 titres),1079,3,2270389,Quand tu danses,Jean-Jacques Goldman,En passant,267
Génération Top 50 (7793 titres),1080,2,2215049,QUE DISENT LES CHANSONS DU MONDE ?,Jean-Jacques Goldman,INTÉGRALE 1990–2000,294
Génération Top 50 (7793 titres),1080,2,1303225,Que disent les chansons du monde ?,Jean-Jacques Goldman,Rouge,294
Génération Top 50 (7793 titres),1081,3,2200644,QUE DISENT LES CHANSONS DU MONDE?,Fredericks Goldman Jones,ROUGE,294
Génération Top 50 (7793 titres),1081,3,2200645,QUE DISENT LES CHANSONS DU MONDE?,Fredericks Goldman Jones,ROUGE,295
Génération Top 50 (7793 titres),1081,3,1289882,Que disent les chansons du monde ?,Fredericks Goldman Jones,Pluriel 90-96,364
Génération Top 50 (7793 titres),1082,2,2202271,QUE DISENT LES CHANSONS DU MONDE? [LIVE],Fredericks Goldman Jones,DU NEW MORNING AU ZÉNITH [LIVE] [DISC 2],344
Génération Top 50 (7793 titres),1082,2,2027045,Que Disent Les Chansons Du Monde? [Live],Fredericks Goldman Jones,Pluriel 90-96,364
Génération Top 50 (7793 titres),1083,2,2230329,QUE MON CŒUR LÂCHE,Mylène Farmer,LES MOTS,244
Génération Top 50 (7793 titres),1083,2,2028186,Que Mon Cœur Lâche,Mylène Farmer,Les Mots,244
Génération Top 50 (7793 titres),1084,2,2215076,QUEL EXIL,Jean-Jacques Goldman,Unknown Album,179
Génération Top 50 (7793 titres),1084,2,1848782,Quel exil,Jean-Jacques Goldman,1er Album,179
Génération Top 50 (7793 titres),1085,3,2215102,QUELQUE CHOSE DE BIZARRE,Jean-Jacques Goldman,DÉMODÉ,238
Génération Top 50 (7793 titres),1085,3,1848783,Quelque chose de bizarre,Jean-Jacques Goldman,1er Album,238
Génération Top 50 (7793 titres),1085,3,2259605,Quelque chose de bizarre,Jean-Jacques Goldman,Intégrale 81-91,238
Génération Top 50 (7793 titres),1086,2,2231327,QUELQUE CHOSE DE BIZARRE,"Carole Fredericks, Jean-Jacques Goldman and Michael Jones",DU NEW MORNING AU ZÉNITH,276
Génération Top 50 (7793 titres),1086,2,2231329,QUELQUE CHOSE DE BIZARRE,"Carole Fredericks, Jean-Jacques Goldman and Michael Jones",DU NEW MORNING AU ZÉNITH,237
Génération Top 50 (7793 titres),1087,3,2215144,"QUELQUE PART, QUELQU’UN",Jean-Jacques Goldman,ENTRE GRIS CLAIR ET GRIS FONCÉ,286
Génération Top 50 (7793 titres),1087,3,2109243,"Quelque part, quelqu’un",Jean-Jacques Goldman,Entre gris clair et gris foncé,264
Génération Top 50 (7793 titres),1087,3,2165393,"Quelque part, quelqu’un",Jean-Jacques Goldman,Entre gris clair et gris foncé,264
Génération Top 50 (7793 titres),1088,4,2202495,QUESTION D'ÉQUILIBRE,Francis Cabrel,QUELQU'UN DE L'INTÉRIEUR,225
Génération Top 50 (7793 titres),1088,4,1944651,Question D'équilibre,Francis Cabrel,Double Tour,271
Génération Top 50 (7793 titres),1088,4,1235539,Question d'équilibre,Francis Cabrel,77-87  (Compilation),225
Génération Top 50 (7793 titres),1088,4,1235541,Question d’équilibre,Francis Cabrel,77,225
Génération Top 50 (7793 titres),1089,4,2199862,QUI A LE DROIT ...,Patrick Bruel,SI CE SOIR…,278
Génération Top 50 (7793 titres),1089,4,2235585,QUI A LE DROIT...,Patrick Bruel,QUI A LE DROIT...,278
Génération Top 50 (7793 titres),1089,4,2000624,Qui A le Droit...,Patrick Bruel,Si Ce Soir... [Live] [Disc 2],285
Génération Top 50 (7793 titres),1089,4,2179977,Qui a le droit,Patrick Bruel,Qui a le droit...,278
Génération Top 50 (7793 titres),1090,2,1966343,Qu'est ce qu'on a fait,Florent Pagny,De Part et d'autre CD3 (triple best of),249
Génération Top 50 (7793 titres),1090,2,1966356,Qu’est‐ce qu’on a fait ?,Florent Pagny,Réaliste,245
Génération Top 50 (7793 titres),1091,3,1492468,Qu'est-ce qu'il a dit,Michel Sardou,La java de Broadway,176
Génération Top 50 (7793 titres),1091,3,2217255,Qu'est-ce qu'il a dit,Michel Sardou,La java de Broadway,176
Génération Top 50 (7793 titres),1091,3,2265735,Qu'est-ce qu'il a dit,Michel Sardou,La java de Broadway,176
Génération Top 50 (7793 titres),1092,2,2010924,Qu'il Est Difficile,"Marc Lavoine, Cœur de Pirate Et Arthur H",Les Souliers Rouges,293
Génération Top 50 (7793 titres),1092,2,2010925,Qu’Il Est Difficile,"Marc Lavoine, Cœur de Pirate Et Arthur H",Les Souliers Rouges,293
Génération Top 50 (7793 titres),1093,2,2174172,Quand j'ai peur de tout,Patricia Kaas,Dans ma chair,260
Génération Top 50 (7793 titres),1093,2,2058381,Quand j’ai peur de tout,Patricia Kaas,Dans ma chair,260
Génération Top 50 (7793 titres),1094,2,2056454,Quand la passion est là,Début de Soirée,Faut pas exagerer,262
Génération Top 50 (7793 titres),1094,2,2156040,Quand la passion est là,Début de Soirée,Faut pas exagerer,262
Génération Top 50 (7793 titres),1095,2,1965485,Quand on arrive en ville,Daniel Balavoine,L'Essentiel,219
Génération Top 50 (7793 titres),1095,2,1965651,Quand on arrive en ville,Daniel Balavoine,Unknown Album,217
Génération Top 50 (7793 titres),1096,2,2108969,Quand on s’promène au bord de l’eau,Patrick Bruel,Entre‐deux…,205
Génération Top 50 (7793 titres),1096,2,2165412,Quand on s’promène au bord de l’eau,Patrick Bruel,Entre-Deux...,205
Génération Top 50 (7793 titres),1097,3,1980787,Que Fait la Vie?,Vanessa Paradis,Bliss,259
Génération Top 50 (7793 titres),1097,3,2081200,Que fait la vie,Vanessa Paradis,Divinidylle Tour,264
Génération Top 50 (7793 titres),1097,3,1980752,Que fait la vie ?,Vanessa Paradis,Best of Vanessa Paradis,259
Génération Top 50 (7793 titres),1098,3,1966331,Que Nadie Sepa Mi Sufrir,Florent Pagny,C'est Comme Ca,191
Génération Top 50 (7793 titres),1098,3,2108139,Que nadie sepa mi sufrir,Florent Pagny,C'est Comme Ça,192
Génération Top 50 (7793 titres),1098,3,2154341,Que nadie sepa mi sufrir,Florent Pagny,Unknown Album,192
Génération Top 50 (7793 titres),1099,2,2056149,Que reste‐t‐il de nos amours ?,Patrick Bruel,Entre‐deux…,226
Génération Top 50 (7793 titres),1099,2,2165401,Que reste‐t‐il de nos amours ?,Patrick Bruel,Entre-Deux...,226
Génération Top 50 (7793 titres),1100,3,2026048,Quelque Chose de Bizarre,Fredericks Goldman Jones,Du New Morning Au Zénith,237
Génération Top 50 (7793 titres),1100,3,2054474,Quelque chose de bizarre,Fredericks Goldman Jones,Du New Morning au Zénith,237
Génération Top 50 (7793 titres),1100,3,2122913,Quelque chose de bizarre,Fredericks Goldman Jones,Du New Morning au Zénith,237
Génération Top 50 (7793 titres),1101,2,1221451,Quelques Mots D'Amour,Michel Berger,Michel Berger : Intégrale des albums studios + Live,217
Génération Top 50 (7793 titres),1101,2,1221471,Quelques mots d’amour,Michel Berger,Beauséjour,218
Génération Top 50 (7793 titres),1102,2,2109351,Quelques mots,Florent Pagny,Châtelet les Halles,221
Génération Top 50 (7793 titres),1102,2,2154572,Quelques mots,Florent Pagny,Châtelet les Halles,221
Génération Top 50 (7793 titres),1103,2,2057751,Quizás,Florent Pagny,"Baryton, gracias a la vida",178
Génération Top 50 (7793 titres),1103,2,2270708,Quizás,Florent Pagny,"Baryton, gracias a la vida",178
Génération Top 50 (7793 titres),1104,2,2215064,RAIN,Jean-Jacques Goldman,INTÉGRALE 81-91  (COMPILATION)  (DISC 8: QUELQUES CHOSES BIZARRES),120
Génération Top 50 (7793 titres),1104,2,2122119,Rain,Jean-Jacques Goldman,Intégrale 81-91,120
Génération Top 50 (7793 titres),1105,2,2201816,RAIN (CARNET DE ROUTE),Jean-Jacques Goldman,INTÉGRALE 81-91,120
Génération Top 50 (7793 titres),1105,2,1719416,Rain (carnet de route),Jean-Jacques Goldman,Quelques choses bizarres,120
Génération Top 50 (7793 titres),1106,2,2184498,REQUIEM POUR UN CON (REMIX '91),Karla Bonoff,TOP 50 - 30 ANS CD5,232
Génération Top 50 (7793 titres),1106,2,2118251,Requiem pour un con (remix 91),Karla Bonoff,Top 50 - 30 Ans CD5,234
Génération Top 50 (7793 titres),1107,2,2200993,REVOLVER,Madonna,CELEBRATION,220
Génération Top 50 (7793 titres),1107,2,2001185,Revolver,Madonna,Celebration (Bonus Track Versi,220
Génération Top 50 (7793 titres),1108,2,2188987,RHYTHM IS A DANCER,Snap!,101 RUNNING SONGS CD 4,220
Génération Top 50 (7793 titres),1108,2,2276561,Rhythm Is A Dancer,Snap!,Vol 05,177
Génération Top 50 (7793 titres),1109,3,2203844,RIO,Duran Duran,RIO,283
Génération Top 50 (7793 titres),1109,3,2108799,Rio,Duran Duran,101 Running Songs Lap 2 CD4,163
Génération Top 50 (7793 titres),1109,3,2112712,Rio,Duran Duran,101 Running Songs Lap 2 CD4,163
Génération Top 50 (7793 titres),1110,2,2235995,ROCKET,Goldfrapp,Unknown Album,229
Génération Top 50 (7793 titres),1110,2,2108808,Rocket,Goldfrapp,101 Running Songs Lap 2 CD3,231
Génération Top 50 (7793 titres),1111,3,2200647,ROUGE,Fredericks Goldman Jones,ROUGE,344
Génération Top 50 (7793 titres),1111,3,2200648,ROUGE,Fredericks Goldman Jones,ROUGE,372
Génération Top 50 (7793 titres),1111,3,2116979,Rouge,Fredericks Goldman Jones,Pluriel 90-96,373
Génération Top 50 (7793 titres),1112,2,2202277,ROUGE [LIVE],Fredericks Goldman Jones,DU NEW MORNING AU ZÉNITH [LIVE] [DISC 2],407
Génération Top 50 (7793 titres),1112,2,2202278,ROUGE [LIVE],Fredericks Goldman Jones,DU NEW MORNING AU ZÉNITH [LIVE] [DISC 2],407
Génération Top 50 (7793 titres),1113,2,1980101,Raconte Une Histoire,Michel Sardou,Raconte Une Histoire,174
Génération Top 50 (7793 titres),1113,2,2271398,Raconte une histoire,Michel Sardou,Michel Sardou 66,190
Génération Top 50 (7793 titres),1114,2,1966223,Rafale De Vent,Florent Pagny,Aime la Vie,210
Génération Top 50 (7793 titres),1114,2,1966229,Rafale de vent,Florent Pagny,Aime la vie,210
Génération Top 50 (7793 titres),1115,2,1235183,Raha M`Rida,Khaled,Hada Raykoum,462
Génération Top 50 (7793 titres),1115,2,2139476,Raha m'rida,Khaled,Hada Raykoum,436
Génération Top 50 (7793 titres),1116,2,2101561,Ramona,Patrick Bruel,Entre‐deux…,194
Génération Top 50 (7793 titres),1116,2,2165406,Ramona,Patrick Bruel,Entre-Deux...,194
Génération Top 50 (7793 titres),1117,2,1894386,Ray Of Light,Madonna,Ray Of Light (2 LP Reissue 2003),320
Génération Top 50 (7793 titres),1117,2,2256701,Ray Of Light,Madonna,Ray of Light,320
Génération Top 50 (7793 titres),1118,2,2220103,Reaching the World,Phil Collins,Remembers the Past,175
Génération Top 50 (7793 titres),1118,2,2240351,Reaching the World,Phil Collins,Remembers the Past,175
Génération Top 50 (7793 titres),1119,3,1282475,Real Groove,Kylie Minogue,Various Artists,194
Génération Top 50 (7793 titres),1119,3,2059248,Real Groove,Kylie Minogue,Disco,263
Génération Top 50 (7793 titres),1119,3,2164704,Real Groove,Kylie Minogue,Disco,263
Génération Top 50 (7793 titres),1120,2,1957657,Red Blooded Woman,Kylie Minogue,Body Language,263
Génération Top 50 (7793 titres),1120,2,2266204,Red Blooded Woman,Kylie Minogue,Body Language,263
Génération Top 50 (7793 titres),1121,3,2221486,Reflection,Prince,Musicology,184
Génération Top 50 (7793 titres),1121,3,2241348,Reflection,Prince,Musicology,184
Génération Top 50 (7793 titres),1121,3,2266055,Reflection,Prince,Musicology,184
Génération Top 50 (7793 titres),1122,4,2027589,Reprendre C'est Voler,Jean-Jacques Goldman,Traces,394
Génération Top 50 (7793 titres),1122,4,2027595,Reprendre C'est Voler,Jean-Jacques Goldman,Traces,394
Génération Top 50 (7793 titres),1122,4,2111244,Reprendre c’est voler,Jean-Jacques Goldman,Entre gris clair et gris foncé,170
Génération Top 50 (7793 titres),1122,4,2165394,Reprendre c’est voler,Jean-Jacques Goldman,Entre gris clair et gris foncé,170
Génération Top 50 (7793 titres),1123,3,2176081,Republika,Indochine,La République des Meteors,255
Génération Top 50 (7793 titres),1123,3,2217096,Republika,Indochine,La République des Meteors,255
Génération Top 50 (7793 titres),1123,3,2262512,Republika,Indochine,La République des Meteors,255
Génération Top 50 (7793 titres),1124,2,1388709,Restera-t-il Encore?,Michel Sardou,J'habite en France,175
Génération Top 50 (7793 titres),1124,2,1980010,Restera-t-il encore,Michel Sardou,Les 50 plus belles chansons,174
Génération Top 50 (7793 titres),1125,2,2111750,Ride (remix),DJ Khaled,Gutta,235
Génération Top 50 (7793 titres),1125,2,2166749,Ride (remix),DJ Khaled,Gutta,235
Génération Top 50 (7793 titres),1126,2,2054885,Ride On Time,Black Box,Dreamland,272
Génération Top 50 (7793 titres),1126,2,1245706,Ride on Time,Black Box,Dreamland,184
Génération Top 50 (7793 titres),1127,2,2000628,Rien Ne S'arrête,Patricia Kaas,Rien Ne S'arrête,211
Génération Top 50 (7793 titres),1127,2,2000629,Rien Ne S’Arrête,Patricia Kaas,Rien Ne S'arrête,210
Génération Top 50 (7793 titres),1128,2,2055836,Right the Wrong,Prince,Chaos and Disorder,279
Génération Top 50 (7793 titres),1128,2,2163849,Right the Wrong,Prince,Chaos and Disorder,279
Génération Top 50 (7793 titres),1129,2,2073929,Ring 'Em,MC Hammer,Feel My Power,258
Génération Top 50 (7793 titres),1129,2,1229505,Ring ’em,MC Hammer,Feel My Power,260
Génération Top 50 (7793 titres),1130,2,1197064,Ring My Bell,DJ Jazzy Jeff & the Fresh Prince,Homebase,284
Génération Top 50 (7793 titres),1130,2,2061228,Ring My Bell,DJ Jazzy Jeff & the Fresh Prince,Original Album Classics,284
Génération Top 50 (7793 titres),1131,3,1255556,River So Wide,Phil Collins,Dance Into the Light,297
Génération Top 50 (7793 titres),1131,3,2220226,River So Wide,Phil Collins,Dance Lessons: The DITL Demos,336
Génération Top 50 (7793 titres),1131,3,2240438,River So Wide,Phil Collins,Dance Lessons: The DITL Demos,336
Génération Top 50 (7793 titres),1132,2,2024910,Rock With You,Michael Jackson,Off the Wall,219
Génération Top 50 (7793 titres),1132,2,2193572,Rock With You,Michael Jackson,Off the Wall,220
Génération Top 50 (7793 titres),1133,3,1246044,Rocket In The Sky,Benassi Bros.,Benassi Bros_,343
Génération Top 50 (7793 titres),1133,3,1848566,Rocket In The Sky,Benassi Bros.,...Phobia,344
Génération Top 50 (7793 titres),1133,3,2009142,Rocket in the Sky,Benassi Bros.,…Phobia,343
Génération Top 50 (7793 titres),1134,2,2009141,Rocket in the Sky (Original Version),Benassi Bros.,…Phobia,343
Génération Top 50 (7793 titres),1134,2,2009140,Rocket in the Sky [Original Version],Benassi Bros.,…Phobia,343
Génération Top 50 (7793 titres),1135,2,2179966,Rocket in the Sky (original extended mix),Benassi Bros.,Hits 2006 [Disc 2],342
Génération Top 50 (7793 titres),1135,2,2260409,Rocket in the Sky (original extended mix),Benassi Bros.,Best of Benassi Bros.,344
Génération Top 50 (7793 titres),1136,3,2224666,Rockin' Robin,Michael Jackson,Got To Be There (2013),156
Génération Top 50 (7793 titres),1136,3,2063511,Rockin’ Robin,Michael Jackson,Got To Be There (2013),156
Génération Top 50 (7793 titres),1136,3,2200332,Rockin’ Robin,Michael Jackson,Got To Be There,156
Génération Top 50 (7793 titres),1137,3,1983603,Rocking With My Radio,Lesley Jayne,Best Of Lesley Jayne (Le Meilleur Des Années 80),219
Génération Top 50 (7793 titres),1137,3,2179963,Rocking With My Radio,Lesley Jayne,Best Of Lesley Jayne (Le Meilleur Des Années 80),219
Génération Top 50 (7793 titres),1137,3,2268986,Rocking With My Radio,Lesley Jayne,Best Of Lesley Jayne (Le Meilleur Des Années 80),219
Génération Top 50 (7793 titres),1138,2,1860038,Rocking-Chair,Vanessa Paradis,Love Songs,260
Génération Top 50 (7793 titres),1138,2,1980690,Rocking-Chair,Vanessa Paradis,Love Songs Tour,250
Génération Top 50 (7793 titres),1139,3,1235484,Rosie,Francis Cabrel,Various Artists,230
Génération Top 50 (7793 titres),1139,3,1944674,Rosie,Francis Cabrel,D'une Ombre À L'Autre 3,219
Génération Top 50 (7793 titres),1139,3,1944699,Rosie,Francis Cabrel,Sarbacane (Remastered),229
Génération Top 50 (7793 titres),1140,2,1980036,Rouge,Michel Sardou,Les Grands Moments (Live 2013 A L'Olympia)(Disc 1/2),201
Génération Top 50 (7793 titres),1140,2,2091339,Rouge,Michel Sardou,Best Of,253
Génération Top 50 (7793 titres),1141,3,2221785,Runaway Lover,Madonna,Music,287
Génération Top 50 (7793 titres),1141,3,2241627,Runaway Lover,Madonna,Music,287
Génération Top 50 (7793 titres),1141,3,2265851,Runaway Lover,Madonna,Music,287
Génération Top 50 (7793 titres),1142,3,2215015,RÉPÉTITIONS,Jean-Jacques Goldman,UN TOUR ENSEMBLE,353
Génération Top 50 (7793 titres),1142,3,2215121,RÉPÉTITIONS,Jean-Jacques Goldman,UN TOUR ENSEMBLE,354
Génération Top 50 (7793 titres),1142,3,2099905,Répétitions,Jean-Jacques Goldman,Un Tour Ensemble (Live),353
Génération Top 50 (7793 titres),1143,2,2107883,Récréation,Début de Soirée,Passagers de la nuit,284
Génération Top 50 (7793 titres),1143,2,2158974,Récréation,Début de Soirée,Passagers de la nuit,284
Génération Top 50 (7793 titres),1144,4,1209191,Résiste,France Gall,France,287
Génération Top 50 (7793 titres),1144,4,1950256,Résiste,France Gall,Tout Pour la Musique (Remasterisé),274
Génération Top 50 (7793 titres),1144,4,2017820,Résiste,France Gall,Tout Pour la Musique (Remasterisé),287
Génération Top 50 (7793 titres),1144,4,2111679,Résiste,France Gall,ÉVIDEMMENT: LES ANNÉES WARNER,272
Génération Top 50 (7793 titres),1145,2,1944606,S'abriter de l'orage,Francis Cabrel,Les Beaux Dégâts,339
Génération Top 50 (7793 titres),1145,2,1944705,S’abriter de l’orage,Francis Cabrel,Les Beaux Dégâts,339
Génération Top 50 (7793 titres),1146,3,1965490,S.O.S. d'un terrien en détresse,Daniel Balavoine,L'Essentiel,200
Génération Top 50 (7793 titres),1146,3,1965635,S.O.S. d'un terrien en détresse,Daniel Balavoine,Lucie  (single),186
Génération Top 50 (7793 titres),1146,3,1965637,S.O.S. d’un terrien en détresse,Daniel Balavoine,Lucie,186
Génération Top 50 (7793 titres),1147,2,2215074,SANS UN MOT,Jean-Jacques Goldman,Unknown Album,206
Génération Top 50 (7793 titres),1147,2,2118135,Sans un mot,Jean-Jacques Goldman,En public,224
Génération Top 50 (7793 titres),1148,2,2068730,SAY SO (WORKOUT MIX),Workout Remix Factory,TOP 50 FITNESS & WORKOUT HITS! 2021 MUSIC PLAYLIST,274
Génération Top 50 (7793 titres),1148,2,1959078,Say So (Workout Mix),Workout Remix Factory,Top 50 Fitness & Workout Hits 2020,278
Génération Top 50 (7793 titres),1149,3,2230971,SCREAM,Michael Jackson,KING OF POP,277
Génération Top 50 (7793 titres),1149,3,2193563,Scream,Michael Jackson,HIStory Continues,277
Génération Top 50 (7793 titres),1149,3,2200308,Scream,Michael Jackson,"HIStory - Past, Present And Future - Book I",279
Génération Top 50 (7793 titres),1150,3,2230931,SCREAM LOUDER (FLYTE TYME REMIX),Michael Jackson,YOU ARE NOT ALONE,326
Génération Top 50 (7793 titres),1150,3,1872157,Scream Louder (Flyte Tyme remix),Michael Jackson,Blood on the Dance Floor: History in the Mix,326
Génération Top 50 (7793 titres),1150,3,2259342,Scream Louder (Flyte Tyme remix),Michael Jackson,Blood on the Dance Floor / Invincible,326
Génération Top 50 (7793 titres),1151,2,2200649,SERRE-MOI,Fredericks Goldman Jones,ROUGE,137
Génération Top 50 (7793 titres),1151,2,2200650,SERRE-MOI,Fredericks Goldman Jones,ROUGE,138
Génération Top 50 (7793 titres),1152,2,2202270,SERRE-MOI (DÉBUT),Fredericks Goldman Jones,DU NEW MORNING AU ZÉNITH,189
Génération Top 50 (7793 titres),1152,2,2112702,Serre‐moi (début),Fredericks Goldman Jones,Du New Morning au Zénith,189
Génération Top 50 (7793 titres),1153,2,2054468,SERRE-MOI [FIN - LIVE],Fredericks Goldman Jones,DU NEW MORNING AU ZÉNITH [LIVE] [DISC 2],176
Génération Top 50 (7793 titres),1153,2,2202279,SERRE-MOI [FIN - LIVE],Fredericks Goldman Jones,DU NEW MORNING AU ZÉNITH [LIVE] [DISC 2],176
Génération Top 50 (7793 titres),1154,2,2230316,SI J'AVAIS AU MOINS...,Mylène Farmer,POINT DE SUTURE,331
Génération Top 50 (7793 titres),1154,2,2230317,SI J'AVAIS AU MOINS...,Mylène Farmer,POINT DE SUTURE,331
Génération Top 50 (7793 titres),1155,4,2201835,SI JE T'AVAIS PAS,Jean-Jacques Goldman,CHANSONS POUR LES PIEDS,288
Génération Top 50 (7793 titres),1155,4,2201836,SI JE T'AVAIS PAS,Jean-Jacques Goldman,CHANSONS POUR LES PIEDS,296
Génération Top 50 (7793 titres),1155,4,1955529,Si je t'avais pas,Jean-Jacques Goldman,Chansons pour les pieds,288
Génération Top 50 (7793 titres),1155,4,2139752,Si je t’avais pas,Jean-Jacques Goldman,Chansons pour les pieds,288
Génération Top 50 (7793 titres),1156,2,2215033,SI TU M'EMMÈNES [ALBUM VERSION],Jean-Jacques Goldman,QUAND LA MUSIQUE EST BONNE,216
Génération Top 50 (7793 titres),1156,2,1955518,Si Tu M'Emmènes [Album Version],Jean-Jacques Goldman,Quand La Musique Est Bonne,216
Génération Top 50 (7793 titres),1157,3,2215032,SI TU M’EMMÈNES,Jean-Jacques Goldman,QUAND LA MUSIQUE EST BONNE,216
Génération Top 50 (7793 titres),1157,3,1838830,Si Tu M'emmènes,Jean-Jacques Goldman,Jean-Jacques Goldman : La collection 81-89,216
Génération Top 50 (7793 titres),1157,3,2099900,Si tu m’emmènes…,Jean-Jacques Goldman,Jean-Jacques Goldman,217
Génération Top 50 (7793 titres),1158,2,2230967,STRANGER IN MOSCOW (TEE’S IN-HOUSE CLUB MIX),Michael Jackson,Unknown Album,413
Génération Top 50 (7793 titres),1158,2,2200293,Stranger In Moscow (Tee's In-House Club Mix),Michael Jackson,Michael Jackson,413
Génération Top 50 (7793 titres),1159,2,2230906,SUPERFICIEL ET LÉGER,Michel Berger,POUR ME COMPRENDRE,344
Génération Top 50 (7793 titres),1159,2,2230908,SUPERFICIEL ET LÉGER,Michel Berger,Pour Me Comprendre,344
Génération Top 50 (7793 titres),1160,2,2232011,Salut manouche,Renaud,Ma gonzesse,252
Génération Top 50 (7793 titres),1160,2,2264664,Salut manouche,Renaud,Ma gonzesse,146
Génération Top 50 (7793 titres),1161,3,1891628,Salute,Whitney Houston,I Look to You,250
Génération Top 50 (7793 titres),1161,3,1891629,Salute,Whitney Houston,I Look to You,250
Génération Top 50 (7793 titres),1161,3,2108565,Salute,Whitney Houston,Various Artists,250
Génération Top 50 (7793 titres),1162,2,2109235,Sans toi,Patricia Kaas,Dans ma chair,245
Génération Top 50 (7793 titres),1162,2,2164417,Sans toi,Patricia Kaas,Dans ma chair,245
Génération Top 50 (7793 titres),1163,2,1944676,Sarbacane,Francis Cabrel,D'une Ombre À L'Autre 3,275
Génération Top 50 (7793 titres),1163,2,1944698,Sarbacane,Francis Cabrel,Sarbacane (Remastered),247
Génération Top 50 (7793 titres),1164,7,1965516,Sauver L'Amour,Daniel Balavoine,Master Série Vol. 2,265
Génération Top 50 (7793 titres),1164,7,1965407,Sauver l'amour,Daniel Balavoine,L'essentiel CD 1,260
Génération Top 50 (7793 titres),1164,7,1965436,Sauver l'amour,Daniel Balavoine,Anthologie,264
Génération Top 50 (7793 titres),1164,7,1965466,Sauver l'amour,Daniel Balavoine,L'Essentiel,260
Génération Top 50 (7793 titres),1164,7,1965576,Sauver l'amour,Daniel Balavoine,le meilleur de balavoine,260
Génération Top 50 (7793 titres),1164,7,1965418,Sauver l’amour,Daniel Balavoine,"Master Serie, Volume 2",265
Génération Top 50 (7793 titres),1164,7,2118124,Sauver l’amour,Daniel Balavoine,Various Artists,264
Génération Top 50 (7793 titres),1165,5,2120445,Saving All My Love For You,Whitney Houston,I Will Always Love You: The Best of Whitney Houston,238
Génération Top 50 (7793 titres),1165,5,1884690,Saving All My Love for You,Whitney Houston,Whitney Houston,237
Génération Top 50 (7793 titres),1165,5,2093090,Saving All My Love for You,Whitney Houston,Whitney Houston,237
Génération Top 50 (7793 titres),1165,5,2160362,Saving All My Love for You,Whitney Houston,Whitney Houston,238
Génération Top 50 (7793 titres),1165,5,2174608,Saving All My Love for You,Whitney Houston,I Will Always Love You: The Best of Whitney Houston,238
Génération Top 50 (7793 titres),1166,4,1966214,Savoir aimer,Florent Pagny,Savoir aimer,276
Génération Top 50 (7793 titres),1166,4,1966276,Savoir aimer,Florent Pagny,De Part et d'autre CD1 (triple best of),280
Génération Top 50 (7793 titres),1166,4,2179955,Savoir aimer,Florent Pagny,Savoir Aimer,282
Génération Top 50 (7793 titres),1166,4,2274420,Savoir aimer,Florent Pagny,Unknown Album,283
Génération Top 50 (7793 titres),1167,3,1282478,Say Something,Kylie Minogue,Various Artists,213
Génération Top 50 (7793 titres),1167,3,2100137,Say Something,Kylie Minogue,Disco,320
Génération Top 50 (7793 titres),1167,3,2164707,Say Something,Kylie Minogue,Disco,320
Génération Top 50 (7793 titres),1168,2,2064234,"Say You, Say Me",Lionel Richie,Various Artists,243
Génération Top 50 (7793 titres),1168,2,2260445,"Say You, Say Me",Lionel Richie,Back to Front,243
Génération Top 50 (7793 titres),1169,2,1980757,Scarabée (version acoustique),Vanessa Paradis,Best of Vanessa Paradis,230
Génération Top 50 (7793 titres),1169,2,2065177,Scarabée (version acoustique),Vanessa Paradis,Best of Vanessa Paradis,230
Génération Top 50 (7793 titres),1170,2,2059132,Screw the Ocampa,Aurelio Voltaire,BiTrektual,134
Génération Top 50 (7793 titres),1170,2,2154048,Screw the Ocampa,Aurelio Voltaire,BiTrektual,134
Génération Top 50 (7793 titres),1171,2,1957654,Secret (Take You Home),Kylie Minogue,Body Language,198
Génération Top 50 (7793 titres),1171,2,2266201,Secret (Take You Home),Kylie Minogue,Body Language,198
Génération Top 50 (7793 titres),1172,2,2220097,Self Caricature,Phil Collins,Remembers the Past,204
Génération Top 50 (7793 titres),1172,2,2240345,Self Caricature,Phil Collins,Remembers the Past,204
Génération Top 50 (7793 titres),1173,3,1492463,Seulement l'amour,Michel Sardou,La java de Broadway,247
Génération Top 50 (7793 titres),1173,3,2217250,Seulement l'amour,Michel Sardou,La java de Broadway,247
Génération Top 50 (7793 titres),1173,3,2265730,Seulement l'amour,Michel Sardou,La java de Broadway,247
Génération Top 50 (7793 titres),1174,2,1351078,She Night,Indochine,Unknown Album,278
Génération Top 50 (7793 titres),1174,2,1979094,She Night,Indochine,Dancetaria,278
Génération Top 50 (7793 titres),1175,2,1429028,She's Out Of My Life,Michael Jackson,"HIStory: Past, Present and Future, Book I",218
Génération Top 50 (7793 titres),1175,2,2200309,She’s Out of My Life,Michael Jackson,"HIStory - Past, Present And Future - Book I",217
Génération Top 50 (7793 titres),1176,2,2100148,Shelby ’68,Kylie Minogue,Golden,215
Génération Top 50 (7793 titres),1176,2,2166479,Shelby ’68,Kylie Minogue,Golden,215
Génération Top 50 (7793 titres),1177,3,2108802,Shelter,Duran Duran,Duran Duran (The Wedding Album),263
Génération Top 50 (7793 titres),1177,3,2165008,Shelter,Duran Duran,Duran Duran (The Wedding Album),263
Génération Top 50 (7793 titres),1177,3,2273515,Shelter,Duran Duran,Duran Duran (The Wedding Album),263
Génération Top 50 (7793 titres),1178,2,1347598,She’s Not Me,Madonna,Hard Candy,366
Génération Top 50 (7793 titres),1178,2,1904771,She’s Not Me,Madonna,Hard Candy,364
Génération Top 50 (7793 titres),1179,2,2107056,Shoo Bee Do Bee Do (I Like That Way),La Bouche,Sweet Dreams,241
Génération Top 50 (7793 titres),1179,2,2169164,Shoo Bee Do Bee Do (I Like That Way),La Bouche,Sweet Dreams,241
Génération Top 50 (7793 titres),1180,2,2055865,Shut This Down,Prince,HITnRUN Phase One,183
Génération Top 50 (7793 titres),1180,2,2169475,Shut This Down,Prince,HITnRUN Phase One,183
Génération Top 50 (7793 titres),1181,2,2100535,Si L'On Danse,Début de Soirée,Passagers de la nuit,254
Génération Top 50 (7793 titres),1181,2,2158971,Si l'on danse,Début de Soirée,Passagers de la nuit,254
Génération Top 50 (7793 titres),1182,2,2259464,Si j'avais un frère,Michel Sardou,Les Ricains,189
Génération Top 50 (7793 titres),1182,2,2271393,Si j'avais un frère,Michel Sardou,Michel Sardou 66,192
Génération Top 50 (7793 titres),1183,2,1209154,Si j’étais garçon,France Gall,Mes Débuts,126
Génération Top 50 (7793 titres),1183,2,1209180,Si j’étais garçon,France Gall,France Gall,155
Génération Top 50 (7793 titres),1184,3,2271485,Si maman si,France Gall,"""Viens je t'emmène""",178
Génération Top 50 (7793 titres),1184,3,2102694,"Si, maman si",France Gall,Dancing Disco,178
Génération Top 50 (7793 titres),1184,3,1209105,"Si, maman, si",France Gall,Dancing Disco,177
Génération Top 50 (7793 titres),1185,3,1917652,Si tu veux m'essayer,Florent Pagny,De Part et d'autre CD3 (triple best of),212
Génération Top 50 (7793 titres),1185,3,1351175,Si tu veux m’essayer,Florent Pagny,Various Artists,233
Génération Top 50 (7793 titres),1185,3,1966220,Si tu veux m’essayer,Florent Pagny,Unknown Album,243
Génération Top 50 (7793 titres),1186,2,1966204,Sierra Cuadrada,Florent Pagny,Savoir Aimer,330
Génération Top 50 (7793 titres),1186,2,2005996,Sierra Cuadrada,Florent Pagny,L'essentiel Des Albums Studio,330
Génération Top 50 (7793 titres),1187,2,2110109,Sin of the City,Duran Duran,Duran Duran (The Wedding Album),434
Génération Top 50 (7793 titres),1187,2,2165010,Sin of the City,Duran Duran,Duran Duran (The Wedding Album),434
Génération Top 50 (7793 titres),1188,2,2059266,Sincerely Yours,Kylie Minogue,Golden,209
Génération Top 50 (7793 titres),1188,2,2166476,Sincerely Yours,Kylie Minogue,Golden,209
Génération Top 50 (7793 titres),1189,2,1957652,Slow,Kylie Minogue,Body Language,197
Génération Top 50 (7793 titres),1189,2,2266199,Slow,Kylie Minogue,Body Language,197
Génération Top 50 (7793 titres),1190,2,2091309,Smooth Criminal (1),Michael Jackson,Bad,256
Génération Top 50 (7793 titres),1190,2,2242288,Smooth Criminal (1),Michael Jackson,Unknown Album,280
Génération Top 50 (7793 titres),1191,2,2256399,So Blue,Prince,For You,270
Génération Top 50 (7793 titres),1191,2,1279955,ソー・ブルー = So Blue,Prince,For You,270
Génération Top 50 (7793 titres),1192,3,1836590,So Emotional,Whitney Houston,The Best 80's Car Songs In The World... Ever!,278
Génération Top 50 (7793 titres),1192,3,1893504,So Emotional,Whitney Houston,Whitney,277
Génération Top 50 (7793 titres),1192,3,2084974,So Emotional,Whitney Houston,Whitney,277
Génération Top 50 (7793 titres),1193,3,2120674,Soft and Wet,Prince,For You,182
Génération Top 50 (7793 titres),1193,3,2172727,Soft and Wet,Prince,For You,182
Génération Top 50 (7793 titres),1193,3,1279950,ソフト・アンド・ウェット = Soft And Wet,Prince,For You,182
Génération Top 50 (7793 titres),1194,2,2217387,Solo,Patricia Kaas,KABARET,218
Génération Top 50 (7793 titres),1194,2,2229112,Solo,Patricia Kaas,KABARET,218
Génération Top 50 (7793 titres),1195,2,1957661,Someday,Kylie Minogue,Body Language,260
Génération Top 50 (7793 titres),1195,2,2266208,Someday,Kylie Minogue,Body Language,260
Génération Top 50 (7793 titres),1196,3,1884689,Someone for Me,Whitney Houston,Whitney Houston,299
Génération Top 50 (7793 titres),1196,3,1893684,Someone for Me,Whitney Houston,Whitney Houston,301
Génération Top 50 (7793 titres),1196,3,2093089,Someone for Me,Whitney Houston,Whitney Houston,299
Génération Top 50 (7793 titres),1197,2,2000411,Something Happened on the Way to Heaven,Phil Collins,Serious Hits... Live,299
Génération Top 50 (7793 titres),1197,2,2179936,Something Happened on the Way to Heaven,Phil Collins,Serious Hits... Live!,299
Génération Top 50 (7793 titres),1198,2,1182433,Sommes-nous,Alain Bashung,Fantaisie Militaire,235
Génération Top 50 (7793 titres),1198,2,2128332,Sommes‐nous,Alain Bashung,Fantaisie Militaire,235
Génération Top 50 (7793 titres),1199,3,2217371,Song for the little sparrow,Patricia Kaas,Chante Piaf,202
Génération Top 50 (7793 titres),1199,3,2229096,Song for the little sparrow,Patricia Kaas,Chante Piaf,202
Génération Top 50 (7793 titres),1199,3,2265842,Song for the little sparrow,Patricia Kaas,Chante Piaf,202
Génération Top 50 (7793 titres),1200,3,1910460,Sorry,Madonna,Confessions On A Dance Floor,284
Génération Top 50 (7793 titres),1200,3,1911385,Sorry,Madonna,Confessions on a Dance Floor,283
Génération Top 50 (7793 titres),1200,3,2011878,Sorry,Madonna,Nrj Hit Music Only! [Disc 1],272
Génération Top 50 (7793 titres),1201,5,2258313,"Soudain l'éte dernier, je suppose",Indochine,Le baiser,231
Génération Top 50 (7793 titres),1201,5,2263327,"Soudain l'éte dernier, je suppose",Indochine,Le baiser,231
Génération Top 50 (7793 titres),1201,5,2227766,"Soudain l'été dernier, je suppose",Indochine,Le Baiser,231
Génération Top 50 (7793 titres),1201,5,2232124,"Soudain l'été dernier, je suppose",Indochine,Le Baiser,231
Génération Top 50 (7793 titres),1201,5,2265579,"Soudain l'été dernier, je suppose",Indochine,Le Baiser,231
Génération Top 50 (7793 titres),1202,4,1965524,Soulève-Moi,Daniel Balavoine,Master Série Vol. 2,216
Génération Top 50 (7793 titres),1202,4,1965408,Soulève-moi,Daniel Balavoine,L'essentiel CD 1,215
Génération Top 50 (7793 titres),1202,4,1965426,Soulève-moi,Daniel Balavoine,"Master Serie, Volume 2",216
Génération Top 50 (7793 titres),1202,4,1965486,Soulève-moi,Daniel Balavoine,L'Essentiel,215
Génération Top 50 (7793 titres),1203,3,2165017,Sound Of Thunder,Duran Duran,Duran Duran,247
Génération Top 50 (7793 titres),1203,3,2273517,Sound Of Thunder,Duran Duran,Duran Duran,247
Génération Top 50 (7793 titres),1203,3,2114556,Sound of Thunder,Duran Duran,Duran Duran,247
Génération Top 50 (7793 titres),1204,2,2154541,Sous Ma Robe,Elsa,Chaque Jour Est Un Long Chemin,255
Génération Top 50 (7793 titres),1204,2,2062609,Sous ma robe,Elsa,Chaque Jour Est Un Long Chemin,255
Génération Top 50 (7793 titres),1205,3,1235954,Sous les jupes des filles,Alain Souchon,C’est déja ça,277
Génération Top 50 (7793 titres),1205,3,1235955,Sous les jupes des filles,Alain Souchon,C’est déja ça,277
Génération Top 50 (7793 titres),1205,3,2128261,Sous les jupes des filles,Alain Souchon,C'est deja ça,229
Génération Top 50 (7793 titres),1206,6,2055453,Souviens-toi du jour...,Mylène Farmer,Souviens-toi du jour... (dance remixes),299
Génération Top 50 (7793 titres),1206,6,2055454,Souviens-toi du jour...,Mylène Farmer,Souviens-toi du jour... (dance remixes),298
Génération Top 50 (7793 titres),1206,6,2071475,Souviens-toi du jour...,Mylène Farmer,Innamoramento,303
Génération Top 50 (7793 titres),1206,6,2273957,Souviens-toi du jour...,Mylène Farmer,Histoires de,299
Génération Top 50 (7793 titres),1206,6,2273958,Souviens-toi du jour...,Mylène Farmer,Histoires de,299
Génération Top 50 (7793 titres),1206,6,1869698,Souviens‐toi du jour…,Mylène Farmer,Best Of,298
Génération Top 50 (7793 titres),1207,2,1209145,Soyons Sages,France Gall,Mes Débuts,151
Génération Top 50 (7793 titres),1207,2,1209174,Soyons sages,France Gall,France Gall,151
Génération Top 50 (7793 titres),1208,2,1299137,Spanglish,J.I the Prince of N.Y and Myke Towers,Welcome to GStarr Vol. 1 EP,193
Génération Top 50 (7793 titres),1208,2,1299138,Spanglish,J.I the Prince of N.Y and Myke Towers,Welcome to GStarr Vol. 1 EP,193
Génération Top 50 (7793 titres),1209,2,1347599,Spanish Lesson,Madonna,Hard Candy,219
Génération Top 50 (7793 titres),1209,2,1904774,Spanish Lesson,Madonna,Hard Candy,217
Génération Top 50 (7793 titres),1210,2,2123694,Speechless,Michael Jackson,KING OF POP,201
Génération Top 50 (7793 titres),1210,2,2193587,Speechless,Michael Jackson,Unknown Album,201
Génération Top 50 (7793 titres),1211,3,2216112,Sprig Of The Pine,Goldmund;Scott Moore,Layers of Afternoon,170
Génération Top 50 (7793 titres),1211,3,2227816,Sprig Of The Pine,Goldmund;Scott Moore,Layers of Afternoon,170
Génération Top 50 (7793 titres),1211,3,2261625,Sprig Of The Pine,Goldmund;Scott Moore,Layers of Afternoon,170
Génération Top 50 (7793 titres),1212,2,2081122,St Germain,Vanessa Paradis,Une Nuit À Versailles,243
Génération Top 50 (7793 titres),1212,2,1980791,St. Germain,Vanessa Paradis,Bliss,155
Génération Top 50 (7793 titres),1213,2,2070904,Start Again,Seven Lions,Start Again,334
Génération Top 50 (7793 titres),1213,2,2086394,Start Again,Seven Lions,OPHELIA VOLUME 1,334
Génération Top 50 (7793 titres),1214,2,1980691,Station Quatre-Septembre,Vanessa Paradis,Love Songs Tour,196
Génération Top 50 (7793 titres),1214,2,1860039,Station quatre septembre,Vanessa Paradis,Love Songs,209
Génération Top 50 (7793 titres),1215,2,1957653,Still Standing,Kylie Minogue,Body Language,222
Génération Top 50 (7793 titres),1215,2,2266200,Still Standing,Kylie Minogue,Body Language,222
Génération Top 50 (7793 titres),1216,2,2018971,Superfly Sister,Michael Jackson,The Indispensable Collection,387
Génération Top 50 (7793 titres),1216,2,2259341,Superfly Sister,Michael Jackson,Blood on the Dance Floor / Invincible,387
Génération Top 50 (7793 titres),1217,3,1282477,Supernova,Kylie Minogue,Various Artists,197
Génération Top 50 (7793 titres),1217,3,2059249,Supernova,Kylie Minogue,Disco,296
Génération Top 50 (7793 titres),1217,3,2164706,Supernova,Kylie Minogue,Disco,296
Génération Top 50 (7793 titres),1218,2,1176990,Sur la terre comme au ciel,Étienne Daho,L'Invitation,245
Génération Top 50 (7793 titres),1218,2,2124917,Sur la terre comme au ciel,Étienne Daho,L'Invitation,245
Génération Top 50 (7793 titres),1219,2,2061831,Sweet Dreams,La Bouche,Sweet Dreams,205
Génération Top 50 (7793 titres),1219,2,2173547,Sweet Dreams,La Bouche,Sweet Dreams,205
Génération Top 50 (7793 titres),1220,2,1957656,Sweet Music,Kylie Minogue,Body Language,253
Génération Top 50 (7793 titres),1220,2,2266203,Sweet Music,Kylie Minogue,Body Language,253
Génération Top 50 (7793 titres),1221,2,2220207,Swing Low,Phil Collins,2002/11/12 - Testify [US CD],308
Génération Top 50 (7793 titres),1221,2,2240419,Swing Low,Phil Collins,2002/11/12 - Testify [US CD],308
Génération Top 50 (7793 titres),1222,2,2274315,"Symphony No 2 In D, Opus 43 - 2nd Movement - Tempo Andante, Ma Rubato - Andante Sostenuto","Jean Sibelius; Hannu Jurmu, Harri Viitanen, Ylioppilaskunnan Laulajat, Mika Pohjonen, Lahti Symphony Orchestra, Jaakko Kuusisto","Symphony No 2 In D, Opus 43 & Finlandia, Opus 26",830
Génération Top 50 (7793 titres),1222,2,2274317,"Symphony No 2 In D, Opus 43 - 2nd Movement - Tempo Andante, Ma Rubato - Andante Sostenuto","Jean Sibelius; Hannu Jurmu, Harri Viitanen, Ylioppilaskunnan Laulajat, Mika Pohjonen, Lahti Symphony Orchestra, Jaakko Kuusisto","Symphony No 2 In D, Opus 43 & Finlandia, Opus 26",830
Génération Top 50 (7793 titres),1223,2,1493677,T'as le look coco,Laroche Valmont,T'as le look coco - En un éclair,200
Génération Top 50 (7793 titres),1223,2,2179910,T’as le look coco,Laroche Valmont,"T'as le look, coco",200
Génération Top 50 (7793 titres),1224,3,2202801,THE GIRL IS MINE,Michael Jackson,THRILLER,222
Génération Top 50 (7793 titres),1224,3,1297518,The Girl Is Mine,Michael Jackson,THRILLER (SPECIAL EDIT),222
Génération Top 50 (7793 titres),1224,3,2200315,The Girl Is Mine,Michael Jackson,"HIStory - Past, Present And Future - Book I",223
Génération Top 50 (7793 titres),1225,2,2188989,THE POWER [SINGLE VERSION],Snap!,101 RUNNING SONGS CD 5,226
Génération Top 50 (7793 titres),1225,2,2098530,The Power (single version),Snap!,Club Sounds: 90’s Dance Classi,226
Génération Top 50 (7793 titres),1226,3,2188108,THE RHYTHM OF THE NIGHT,Corona,THE RHYTHM OF THE NIGHT,262
Génération Top 50 (7793 titres),1226,3,1838883,The Rhythm Of The Night,Corona,The Rhythm of the Night - EP,206
Génération Top 50 (7793 titres),1226,3,2256643,The Rhythm Of The Night,Corona,The Best of 80-90,264
Génération Top 50 (7793 titres),1227,5,2246547,THEY DON'T CARE ABOUT US,Michael Jackson,MICHAEL JACKSON,281
Génération Top 50 (7793 titres),1227,5,2193564,They Don't Care About Us,Michael Jackson,HIStory Continues,281
Génération Top 50 (7793 titres),1227,5,2259335,They Don't Care About Us,Michael Jackson,Not Guilty: Special Fan Edition,171
Génération Top 50 (7793 titres),1227,5,1347545,They Don’t Care About Us,Michael Jackson,"HIStory: Past, Present and Future, Book I",281
Génération Top 50 (7793 titres),1227,5,2200310,They Don’t Care About Us,Michael Jackson,"HIStory - Past, Present And Future - Book I",283
Génération Top 50 (7793 titres),1228,2,2202283,THINK,Fredericks Goldman Jones,DU NEW MORING AU ZÉNITH,170
Génération Top 50 (7793 titres),1228,2,2122914,Think,Fredericks Goldman Jones,Du New Morning au Zénith,170
Génération Top 50 (7793 titres),1229,4,2202165,TOMBÉ POUR LA FRANCE,Étienne Daho,TOMBÉ POUR LA FRANCE,256
Génération Top 50 (7793 titres),1229,4,2017972,Tombe Pour la France,Étienne Daho,Tombé Pour la France,256
Génération Top 50 (7793 titres),1229,4,1484131,Tombé pour la France,Étienne Daho,Tombé Pour la France,256
Génération Top 50 (7793 titres),1229,4,2112497,Tombé pour la France,Étienne Daho,Pop Satori,256
Génération Top 50 (7793 titres),1230,2,2215086,TON AUTRE CHEMIN,Jean-Jacques Goldman,EN PUBLIC,472
Génération Top 50 (7793 titres),1230,2,1849868,Ton autre chemin,Jean-Jacques Goldman,81-91 L'intégrale,472
Génération Top 50 (7793 titres),1231,3,2215111,TOURNENT LES VIOLONS,Jean-Jacques Goldman,UN TOUR ENSEMBLE,399
Génération Top 50 (7793 titres),1231,3,2058126,Tournent les violons,Jean-Jacques Goldman,Chansons pour les pieds,412
Génération Top 50 (7793 titres),1231,3,2271293,Tournent les violons,Jean-Jacques Goldman,Chansons pour les pieds,412
Génération Top 50 (7793 titres),1232,3,2201749,TOUT PETIT MONDE,Jean-Jacques Goldman,ENTRE GRIS CLAIR ET GRIS FONCÉ,308
Génération Top 50 (7793 titres),1232,3,2255815,Tout Petit Monde,Jean-Jacques Goldman,Elle a fait un bébé toute seule,163
Génération Top 50 (7793 titres),1232,3,1849866,Tout petit monde,Jean-Jacques Goldman,81-89 * la Collection  (Compilation)  (Disc 5: Entre Gris Clair Et Gris Foncé - Cd1),193
Génération Top 50 (7793 titres),1233,2,2215133,TOUT ÉTAIT DIT,Jean-Jacques Goldman,TOURNÉE 98 : EN PASSANT [LIVE] [DISC 1],386
Génération Top 50 (7793 titres),1233,2,2224213,Tout était dit,Jean-Jacques Goldman,En passant,262
Génération Top 50 (7793 titres),1234,2,2215025,TOUTES MES CHAINES,Jean-Jacques Goldman,QUAND LA MUSIQUE EST BONNE,270
Génération Top 50 (7793 titres),1234,2,2215030,TOUTES MES CHAINES,Jean-Jacques Goldman,QUAND LA MUSIQUE EST BONNE,267
Génération Top 50 (7793 titres),1235,2,2201113,TROIS NUITS PAR SEMAINE,Indochine,INDO LIVE,430
Génération Top 50 (7793 titres),1235,2,1979101,Trois Nuits Par Semaine,Indochine,Black City Concerts,430
Génération Top 50 (7793 titres),1236,4,2188103,TRY ME OUT,Corona,TRY ME OUT,206
Génération Top 50 (7793 titres),1236,4,2188107,TRY ME OUT,Corona,THE RHYTHM OF THE NIGHT,204
Génération Top 50 (7793 titres),1236,4,1223227,Try Me Out,Corona,The Rhythm of the Night,199
Génération Top 50 (7793 titres),1236,4,2276206,Try Me Out,Corona,Vol 11,179
Génération Top 50 (7793 titres),1237,4,2187968,TUE-MOI,Florent Pagny,FLORENT PAGNY,217
Génération Top 50 (7793 titres),1237,4,2030120,Tue-Moi,Florent Pagny,Merci / Réaliste,219
Génération Top 50 (7793 titres),1237,4,1966342,Tue-moi,Florent Pagny,De Part et d'autre CD3 (triple best of),217
Génération Top 50 (7793 titres),1237,4,1966355,Tue‐moi,Florent Pagny,Réaliste,211
Génération Top 50 (7793 titres),1238,3,1884692,Take Good Care of My Heart,Whitney Houston,Whitney Houston,255
Génération Top 50 (7793 titres),1238,3,2093094,Take Good Care of My Heart,Whitney Houston,Whitney Houston,255
Génération Top 50 (7793 titres),1238,3,2160366,Take Good Care of My Heart,Whitney Houston,Whitney Houston,256
Génération Top 50 (7793 titres),1239,3,1255554,Take Me Down,Phil Collins,Dance Into the Light,207
Génération Top 50 (7793 titres),1239,3,2220220,Take Me Down,Phil Collins,Dance Lessons: The DITL Demos,203
Génération Top 50 (7793 titres),1239,3,2240432,Take Me Down,Phil Collins,Dance Lessons: The DITL Demos,203
Génération Top 50 (7793 titres),1240,2,2111875,Take That Off,DJ Khaled,Suffering From Success,249
Génération Top 50 (7793 titres),1240,2,2169022,Take That Off,DJ Khaled,Suffering From Success,249
Génération Top 50 (7793 titres),1241,2,2131933,Taking It To The Top,DJ Jazzy Jeff & the Fresh Prince,Original Album Classics,326
Génération Top 50 (7793 titres),1241,2,2061238,Taking It to the Top,DJ Jazzy Jeff & the Fresh Prince,Rock the House,326
Génération Top 50 (7793 titres),1242,2,1860222,Tandem,Vanessa Paradis,Mister Melody,209
Génération Top 50 (7793 titres),1242,2,1980768,Tandem,Vanessa Paradis,Variations Sur Le Meme T'Aime,206
Génération Top 50 (7793 titres),1243,4,2232127,Tant de poussière,Indochine,Le Baiser,274
Génération Top 50 (7793 titres),1243,4,2258316,Tant de poussière,Indochine,Le baiser,274
Génération Top 50 (7793 titres),1243,4,2263330,Tant de poussière,Indochine,Le baiser,274
Génération Top 50 (7793 titres),1243,4,2265582,Tant de poussière,Indochine,Le Baiser,274
Génération Top 50 (7793 titres),1244,2,1966325,Te Puedo Acompañar,Florent Pagny,C'est Comme Ca,188
Génération Top 50 (7793 titres),1244,2,2223634,Te Puedo Acompañar,Florent Pagny,C'est Comme Ça,189
Génération Top 50 (7793 titres),1245,2,2165376,Tears On My Pillow,Kylie Minogue,Enjoy Yourself,149
Génération Top 50 (7793 titres),1245,2,2059254,Tears on My Pillow,Kylie Minogue,Enjoy Yourself,149
Génération Top 50 (7793 titres),1246,2,2114557,Tel Aviv,Duran Duran,Duran Duran,317
Génération Top 50 (7793 titres),1246,2,2165019,Tel Aviv,Duran Duran,Duran Duran,317
Génération Top 50 (7793 titres),1247,2,2059255,Tell Tale Signs,Kylie Minogue,Enjoy Yourself,146
Génération Top 50 (7793 titres),1247,2,2165373,Tell Tale Signs,Kylie Minogue,Enjoy Yourself,146
Génération Top 50 (7793 titres),1248,3,1966272,Terre,Florent Pagny,De Part et d'autre CD1 (triple best of),257
Génération Top 50 (7793 titres),1248,3,2108141,Terre,Florent Pagny,Châtelet les Halles,258
Génération Top 50 (7793 titres),1248,3,2154569,Terre,Florent Pagny,Châtelet les Halles,258
Génération Top 50 (7793 titres),1249,2,2220205,Testify,Phil Collins,2002/11/12 - Testify [US CD],390
Génération Top 50 (7793 titres),1249,2,2240417,Testify,Phil Collins,2002/11/12 - Testify [US CD],390
Génération Top 50 (7793 titres),1250,2,1960387,That's Just the Way It Is,Phil Collins,Best Ballads,319
Génération Top 50 (7793 titres),1250,2,1960375,That’s Just the Way It Is,Phil Collins,Best Ballads,316
Génération Top 50 (7793 titres),1251,3,2216107,The Broad Belt Of The World,Goldmund;Scott Moore,Layers of Afternoon,252
Génération Top 50 (7793 titres),1251,3,2227811,The Broad Belt Of The World,Goldmund;Scott Moore,Layers of Afternoon,252
Génération Top 50 (7793 titres),1251,3,2261620,The Broad Belt Of The World,Goldmund;Scott Moore,Layers of Afternoon,252
Génération Top 50 (7793 titres),1252,2,2108136,The Day We Made God Cry,Florent Pagny,Baryton,231
Génération Top 50 (7793 titres),1252,2,2153857,The Day We Made God Cry,Florent Pagny,Baryton,231
Génération Top 50 (7793 titres),1253,2,2098083,The Future,Prince,Batman,247
Génération Top 50 (7793 titres),1253,2,2162933,The Future,Prince,Batman,247
Génération Top 50 (7793 titres),1254,2,2123640,The Heat Is On,La Bouche,Sweet Dreams,226
Génération Top 50 (7793 titres),1254,2,2173463,The Heat Is On,La Bouche,Sweet Dreams,226
Génération Top 50 (7793 titres),1255,2,2220211,The Least You Can Do,Phil Collins,2002/11/12 - Testify [US CD],261
Génération Top 50 (7793 titres),1255,2,2240423,The Least You Can Do,Phil Collins,2002/11/12 - Testify [US CD],261
Génération Top 50 (7793 titres),1256,2,2030671,The Look,Roxette,Look Sharp! 30th Anniversary Edition,237
Génération Top 50 (7793 titres),1256,2,2270210,The Look,Roxette,Look Sharp! 30th Anniversary Edition,238
Génération Top 50 (7793 titres),1257,3,2221482,The Marrying Kind,Prince,Musicology,169
Génération Top 50 (7793 titres),1257,3,2241344,The Marrying Kind,Prince,Musicology,169
Génération Top 50 (7793 titres),1257,3,2261068,The Marrying Kind,Prince,Musicology,169
Génération Top 50 (7793 titres),1258,3,2216099,The One Who Stands Still,Goldmund;Scott Moore,Layers of Afternoon,156
Génération Top 50 (7793 titres),1258,3,2227803,The One Who Stands Still,Goldmund;Scott Moore,Layers of Afternoon,156
Génération Top 50 (7793 titres),1258,3,2261612,The One Who Stands Still,Goldmund;Scott Moore,Layers of Afternoon,156
Génération Top 50 (7793 titres),1259,2,2011991,The Power,Snap!,World Power,226
Génération Top 50 (7793 titres),1259,2,2255938,The Power,Snap!,90's,342
Génération Top 50 (7793 titres),1260,2,1347584,The Power of Good-Bye,Madonna,"GHV2: Greatest Hits, Volume 2",250
Génération Top 50 (7793 titres),1260,2,1869808,The Power of Good-Bye,Madonna,Best Ballads,251
Génération Top 50 (7793 titres),1261,2,2163838,The Quo's in Town Tonite,Jean-Jacques Goldman,Unknown Album,314
Génération Top 50 (7793 titres),1261,2,2099894,The Quo’s in Town Tonite,Jean-Jacques Goldman,Chansons pour les pieds,314
Génération Top 50 (7793 titres),1262,2,2075101,The Real Thing,Various Artists,90's Euro Dance Top 50,229
Génération Top 50 (7793 titres),1262,2,2270931,The Real Thing,Various Artists,90's Euro Dance Top 50,229
Génération Top 50 (7793 titres),1263,2,2055837,The Same December,Prince,Chaos and Disorder,204
Génération Top 50 (7793 titres),1263,2,2163848,The Same December,Prince,Chaos and Disorder,204
Génération Top 50 (7793 titres),1264,3,1255555,The Same Moon,Phil Collins,Dance Into the Light,249
Génération Top 50 (7793 titres),1264,3,2220216,The Same Moon,Phil Collins,Dance Lessons: The DITL Demos,283
Génération Top 50 (7793 titres),1264,3,2240428,The Same Moon,Phil Collins,Dance Lessons: The DITL Demos,283
Génération Top 50 (7793 titres),1265,2,2059133,The Sexy Data Tango,Aurelio Voltaire,BiTrektual,203
Génération Top 50 (7793 titres),1265,2,2154049,The Sexy Data Tango,Aurelio Voltaire,BiTrektual,203
Génération Top 50 (7793 titres),1266,7,1270699,The Sign,Ace Of Base,The Sign (The Remixes) - EP,188
Génération Top 50 (7793 titres),1266,7,1690536,The Sign,Ace Of Base,Greatest Hits,189
Génération Top 50 (7793 titres),1266,7,1984071,The Sign,Ace Of Base,Platinum & Gold,188
Génération Top 50 (7793 titres),1266,7,1984073,The Sign,Ace Of Base,Happy Nation (U.S. Version) [R,189
Génération Top 50 (7793 titres),1266,7,2125142,The Sign,Ace Of Base,Greatest Hits,188
Génération Top 50 (7793 titres),1266,7,2256784,The Sign,Ace Of Base,More 90's hits,188
Génération Top 50 (7793 titres),1266,7,2272864,The Sign,Ace Of Base,[Unknown Album],2749
Génération Top 50 (7793 titres),1267,2,2059139,The Slash,Aurelio Voltaire,Summerween Surf,242
Génération Top 50 (7793 titres),1267,2,2159802,The Slash,Aurelio Voltaire,Summerween Surf,242
Génération Top 50 (7793 titres),1268,2,1197066,The Things That U Do,DJ Jazzy Jeff & the Fresh Prince,Homebase,296
Génération Top 50 (7793 titres),1268,2,2061232,The Things That U Do,DJ Jazzy Jeff & the Fresh Prince,Original Album Classics,296
Génération Top 50 (7793 titres),1269,2,1249169,The Top,24kgoldn,El Dorado,196
Génération Top 50 (7793 titres),1269,2,2067463,The Top,24kgoldn,El Dorado,196
Génération Top 50 (7793 titres),1270,2,2059134,The U.S.S. Make Shit Up,Aurelio Voltaire,BiTrektual,349
Génération Top 50 (7793 titres),1270,2,2154050,The U.S.S. Make Shit Up,Aurelio Voltaire,BiTrektual,349
Génération Top 50 (7793 titres),1271,2,2109275,The Universe Alone,Duran Duran,Paper Gods,362
Génération Top 50 (7793 titres),1271,2,2179850,The Universe Alone,Duran Duran,Paper Gods,362
Génération Top 50 (7793 titres),1272,2,2200361,The Way You Make Me Feel,Michael Jackson,Bad,298
Génération Top 50 (7793 titres),1272,2,2200363,The Way You Make Me Feel,Michael Jackson,Bad,229
Génération Top 50 (7793 titres),1273,2,1280913,The Wild Boys,Duran Duran,Joe FM Top 2000 Volume 8,256
Génération Top 50 (7793 titres),1273,2,2059481,The Wild Boys,Duran Duran,Arena (Recorded Around the World 1984) [Bonus Track Version],256
Génération Top 50 (7793 titres),1274,2,2061209,Then She Bit Me,DJ Jazzy Jeff & the Fresh Prince,And in This Corner…,215
Génération Top 50 (7793 titres),1274,2,2260351,Then She Bit Me,DJ Jazzy Jeff & the Fresh Prince,And in This Corner...,215
Génération Top 50 (7793 titres),1275,2,1174613,They Don’t Love You No More,DJ Khaled,I Changed a Lot,250
Génération Top 50 (7793 titres),1275,2,2166909,They Don’t Love You No More,DJ Khaled,I Changed a Lot,250
Génération Top 50 (7793 titres),1276,3,1884688,Thinking About You,Whitney Houston,Whitney Houston,324
Génération Top 50 (7793 titres),1276,3,1893683,Thinking About You,Whitney Houston,Whitney Houston,326
Génération Top 50 (7793 titres),1276,3,2093088,Thinking About You,Whitney Houston,Whitney Houston,324
Génération Top 50 (7793 titres),1277,2,1197067,This Boy Is Smooth,DJ Jazzy Jeff & the Fresh Prince,Homebase,298
Génération Top 50 (7793 titres),1277,2,2061233,This Boy Is Smooth,DJ Jazzy Jeff & the Fresh Prince,Original Album Classics,298
Génération Top 50 (7793 titres),1278,2,2220209,This Love This Heart,Phil Collins,2002/11/12 - Testify [US CD],244
Génération Top 50 (7793 titres),1278,2,2240421,This Love This Heart,Phil Collins,2002/11/12 - Testify [US CD],244
Génération Top 50 (7793 titres),1279,3,1347546,This Time Around,Michael Jackson,"HIStory: Past, Present and Future, Book I",261
Génération Top 50 (7793 titres),1279,3,2193565,This Time Around,Michael Jackson,HIStory Continues,261
Génération Top 50 (7793 titres),1279,3,2200313,This Time Around,Michael Jackson,"HIStory - Past, Present And Future - Book I",261
Génération Top 50 (7793 titres),1280,2,2193576,Thriller,Michael Jackson,Thriller 25 Super Deluxe Edition,357
Génération Top 50 (7793 titres),1280,2,2193583,Thriller,Michael Jackson,Scream,357
Génération Top 50 (7793 titres),1281,2,2220213,Thru My Eyes,Phil Collins,2002/11/12 - Testify [US CD],307
Génération Top 50 (7793 titres),1281,2,2240425,Thru My Eyes,Phil Collins,2002/11/12 - Testify [US CD],307
Génération Top 50 (7793 titres),1282,2,1960377,Thru These Walls,Phil Collins,Best Ballads,303
Génération Top 50 (7793 titres),1282,2,2234465,Thru These Walls,Phil Collins,"Hello, I Must Be Going!",305
Génération Top 50 (7793 titres),1283,2,2169516,Thunder and Lightning,Phil Collins,Face Value,253
Génération Top 50 (7793 titres),1283,2,2224389,Thunder and Lightning,Phil Collins,Face Value,253
Génération Top 50 (7793 titres),1284,2,2220218,Times Are A Changing,Phil Collins,Dance Lessons: The DITL Demos,342
Génération Top 50 (7793 titres),1284,2,2240430,Times Are A Changing,Phil Collins,Dance Lessons: The DITL Demos,342
Génération Top 50 (7793 titres),1285,2,2165015,To The Shore,Duran Duran,Duran Duran,230
Génération Top 50 (7793 titres),1285,2,2114558,To the Shore,Duran Duran,Duran Duran,230
Génération Top 50 (7793 titres),1286,2,2109273,To Whom It May Concern,Duran Duran,Duran Duran (The Wedding Album),263
Génération Top 50 (7793 titres),1286,2,2165009,To Whom It May Concern,Duran Duran,Duran Duran (The Wedding Album),263
Génération Top 50 (7793 titres),1287,2,1269367,Toi mon amour,Marc Lavoine,Best of - Morceaux d'amour,220
Génération Top 50 (7793 titres),1287,2,1307339,toi mon amour,Marc Lavoine,L'heure d'été,214
Génération Top 50 (7793 titres),1288,2,1176986,"Toi, jamais toujours",Étienne Daho,L'Invitation,141
Génération Top 50 (7793 titres),1288,2,2124918,"Toi, jamais toujours",Étienne Daho,L'Invitation,141
Génération Top 50 (7793 titres),1289,3,1952614,Tom's Diner,Various Artists,Top 50 : Le best of,228
Génération Top 50 (7793 titres),1289,3,1996468,Tom's Diner,Various Artists,Top 50 : Le best of,228
Génération Top 50 (7793 titres),1289,3,2270988,Tom's Diner,Various Artists,Top 50 : Le best of,228
Génération Top 50 (7793 titres),1290,2,2023969,Tombé Pour Elle [Album Version,Pascal Obispo,Un Jour Comme Aujourd'hui,245
Génération Top 50 (7793 titres),1290,2,2023968,Tombé Pour Elle [Album Version],Pascal Obispo,Un Jour Comme Aujourd'hui,245
Génération Top 50 (7793 titres),1291,2,2028809,Ton Autre Chemin (Live),Jean-Jacques Goldman,En Public,472
Génération Top 50 (7793 titres),1291,2,2028818,Ton Autre Chemin (Live),Jean-Jacques Goldman,En Public,473
Génération Top 50 (7793 titres),1292,3,1617869,Too Damn Hype,DJ Jazzy Jeff & the Fresh Prince,And in This Corner…,349
Génération Top 50 (7793 titres),1292,3,1949700,Too Damn Hype,DJ Jazzy Jeff & the Fresh Prince,And in This Corner…,341
Génération Top 50 (7793 titres),1292,3,2260352,Too Damn Hype,DJ Jazzy Jeff & the Fresh Prince,And in This Corner...,349
Génération Top 50 (7793 titres),1293,2,2059274,Too Far,Kylie Minogue,Impossible Princess,283
Génération Top 50 (7793 titres),1293,2,2259549,Too Far,Kylie Minogue,Kylie Minogue / Impossible Princess,283
Génération Top 50 (7793 titres),1294,2,2059495,Too Much Information,Duran Duran,Duran Duran (The Wedding Album),295
Génération Top 50 (7793 titres),1294,2,2169377,Too Much Information,Duran Duran,Duran Duran (The Wedding Album),295
Génération Top 50 (7793 titres),1295,2,2101349,Too Young,Sabrina Carpenter,Eyes Wide Open,254
Génération Top 50 (7793 titres),1295,2,2155936,Too Young,Sabrina Carpenter,Eyes Wide Open,254
Génération Top 50 (7793 titres),1296,3,2247799,Too Young,Michael Jackson,Music & Me,216
Génération Top 50 (7793 titres),1296,3,2258171,Too Young,Michael Jackson,Music & Me,216
Génération Top 50 (7793 titres),1296,3,2262721,Too Young,Michael Jackson,Music & Me,216
Génération Top 50 (7793 titres),1297,3,2216105,Touch Of Silver,Goldmund;Scott Moore,Layers of Afternoon,206
Génération Top 50 (7793 titres),1297,3,2227809,Touch Of Silver,Goldmund;Scott Moore,Layers of Afternoon,206
Génération Top 50 (7793 titres),1297,3,2261618,Touch Of Silver,Goldmund;Scott Moore,Layers of Afternoon,206
Génération Top 50 (7793 titres),1298,7,2021477,Tous Les Cris Les S.O.S,Daniel Balavoine,Sauver L'amour (Remastered),305
Génération Top 50 (7793 titres),1298,7,1965514,Tous Les Cris Les S.O.S.,Daniel Balavoine,Master Série Vol. 2,306
Génération Top 50 (7793 titres),1298,7,1999318,Tous Les Cris Les S.O.S.,Daniel Balavoine,Sauver L'amour (Remastered),305
Génération Top 50 (7793 titres),1298,7,1965409,Tous les cris les S.O.S,Daniel Balavoine,L'essentiel CD 1,307
Génération Top 50 (7793 titres),1298,7,1965416,Tous les cris les S.O.S,Daniel Balavoine,"Master Serie, Volume 2",306
Génération Top 50 (7793 titres),1298,7,1965558,Tous les cris les S.O.S.,Daniel Balavoine,Les 100 Plus Belles Chansons,304
Génération Top 50 (7793 titres),1298,7,2135912,Tous les cris les S.O.S.,Daniel Balavoine,Balavoine: Dieu Que C'est Beau,304
Génération Top 50 (7793 titres),1299,2,1965437,Tous les cris les SOS,Daniel Balavoine,Anthologie,306
Génération Top 50 (7793 titres),1299,2,1965579,Tous les cris les SOS,Daniel Balavoine,Le Meilleur De Balavoine,306
Génération Top 50 (7793 titres),1300,3,1944672,Tout Le Monde Y Pense,Francis Cabrel,D'une Ombre À L'Autre 3,233
Génération Top 50 (7793 titres),1300,3,1235491,Tout le monde y pense,Francis Cabrel,Sarbacane (Remastered),242
Génération Top 50 (7793 titres),1300,3,1944700,Tout le monde y pense,Francis Cabrel,Sarbacane (Remastered),243
Génération Top 50 (7793 titres),1301,2,2157567,Tout de Toi,Julio Iglesias,L'homme Que Je Suis,215
Génération Top 50 (7793 titres),1301,2,2107278,Tout de toi,Julio Iglesias,L'homme que je suis,215
Génération Top 50 (7793 titres),1302,2,2103323,"Tout le jour, toute la nuit",Patrick Bruel,Entre‐deux…,205
Génération Top 50 (7793 titres),1302,2,2165402,"Tout le jour, toute la nuit",Patrick Bruel,Entre-Deux...,205
Génération Top 50 (7793 titres),1303,2,2100531,Tout le monde,Début de Soirée,Faut pas exagerer,246
Génération Top 50 (7793 titres),1303,2,2156046,Tout le monde,Début de Soirée,Faut pas exagerer,246
Génération Top 50 (7793 titres),1304,2,1939466,Toute Première Fois,JEANNE MAS,Depuis La Toute Première Fois,257
Génération Top 50 (7793 titres),1304,2,1350277,Toute première fois,JEANNE MAS,Depuis la toute première fois,266
Génération Top 50 (7793 titres),1305,2,1197068,Trapped on the Dance Floor,DJ Jazzy Jeff & the Fresh Prince,Homebase,319
Génération Top 50 (7793 titres),1305,2,2102568,Trapped on the Dance Floor,DJ Jazzy Jeff & the Fresh Prince,Original Album Classics,319
Génération Top 50 (7793 titres),1306,2,2258104,Travailler c'est trop dur,Julien Clerc,Jaloux,195
Génération Top 50 (7793 titres),1306,2,2265204,Travailler c'est trop dur,Julien Clerc,Jaloux,195
Génération Top 50 (7793 titres),1307,2,2114819,Trust,Prince,Batman,264
Génération Top 50 (7793 titres),1307,2,2162937,Trust,Prince,Batman,264
Génération Top 50 (7793 titres),1308,3,1980025,Tu As Change,Michel Sardou,1967,185
Génération Top 50 (7793 titres),1308,3,2259460,Tu as changé,Michel Sardou,Les Ricains,185
Génération Top 50 (7793 titres),1308,3,2271391,Tu as changé,Michel Sardou,Michel Sardou 66,171
Génération Top 50 (7793 titres),1309,2,2032601,Tu Manques,Fredericks Goldman Jones,Fredericks Goldman Jones,554
Génération Top 50 (7793 titres),1309,2,2054471,Tu manques,Fredericks Goldman Jones,Fredericks Goldman Jones,554
Génération Top 50 (7793 titres),1310,2,1347475,Tu compliques tout,Pascal Obispo,Millésimes,252
Génération Top 50 (7793 titres),1310,2,1989215,Tu compliques tout,Pascal Obispo,Millésimes,252
Génération Top 50 (7793 titres),1311,2,2258337,Tu es Pierre,Michel Sardou,La maladie d'amour,175
Génération Top 50 (7793 titres),1311,2,2262789,Tu es Pierre,Michel Sardou,La maladie d'amour,175
Génération Top 50 (7793 titres),1312,2,2233420,Tu ne le dis pas,Mylène Farmer,Monkey Me (Instrumental Version),262
Génération Top 50 (7793 titres),1312,2,2264648,Tu ne le dis pas,Mylène Farmer,Monkey Me (Avec livret PDF),167
Génération Top 50 (7793 titres),1313,2,1860036,Tu pars comme on revient,Vanessa Paradis,Love Songs,175
Génération Top 50 (7793 titres),1313,2,1980689,Tu pars comme on revient,Vanessa Paradis,Love Songs Tour,215
Génération Top 50 (7793 titres),1314,2,1980692,Tu vois c’ que j’vois,Vanessa Paradis,Love Songs Tour,286
Génération Top 50 (7793 titres),1314,2,1980676,Tu vois c’que j’vois,Vanessa Paradis,Love Songs,193
Génération Top 50 (7793 titres),1315,2,2258338,Tuez-moi,Michel Sardou,La maladie d'amour,172
Génération Top 50 (7793 titres),1315,2,2262790,Tuez-moi,Michel Sardou,La maladie d'amour,172
Génération Top 50 (7793 titres),1316,2,1349085,Turn Up The Radio,Madonna,MDNA,227
Génération Top 50 (7793 titres),1316,2,1347615,Turn Up the Radio,Madonna,MDNA (Nightlife edition),228
Génération Top 50 (7793 titres),1317,2,2101350,Two Young Hearts,Sabrina Carpenter,Eyes Wide Open,233
Génération Top 50 (7793 titres),1317,2,2155935,Two Young Hearts,Sabrina Carpenter,Eyes Wide Open,233
Génération Top 50 (7793 titres),1318,2,2231122,U CAN'T TOUCH THIS (KMEL MIX),MC Hammer,HAVE YOU SEEN HER,277
Génération Top 50 (7793 titres),1318,2,2073927,U Can't Touch This (KMEL mix),MC Hammer,HAVE YOU SEEN HER,277
Génération Top 50 (7793 titres),1319,2,1229503,U Can't Touch This (LP Version),MC Hammer,U Can't Touch This,256
Génération Top 50 (7793 titres),1319,2,2001067,U Can’T Touch This (Lp Version),MC Hammer,U Can’T Touch This,257
Génération Top 50 (7793 titres),1320,6,2201833,UN GOÛT SUR TES LÈVRES,Jean-Jacques Goldman,CHANSONS POUR LES PIEDS,269
Génération Top 50 (7793 titres),1320,6,1429134,Un goût sur tes lèvres,Jean-Jacques Goldman,Various Artists,269
Génération Top 50 (7793 titres),1320,6,1688032,Un goût sur tes lèvres,Jean-Jacques Goldman,Chansons pour les pieds,269
Génération Top 50 (7793 titres),1320,6,1896429,Un goût sur tes lèvres,Jean-Jacques Goldman,Chansons pour les pieds,269
Génération Top 50 (7793 titres),1320,6,1955528,Un goût sur tes lèvres,Jean-Jacques Goldman,Chansons pour les pieds,269
Génération Top 50 (7793 titres),1320,6,2139753,Un goût sur tes lèvres,Jean-Jacques Goldman,Chansons pour les pieds,269
Génération Top 50 (7793 titres),1321,2,2187972,UNE PLACE POUR MOI,Florent Pagny,SAVOIR AIMER,257
Génération Top 50 (7793 titres),1321,2,2116550,Une place pour moi,Florent Pagny,Savoir_aimer_(1997),257
Génération Top 50 (7793 titres),1322,2,1979799,Un Accident,Michel Sardou,Michel Sardou - Hitbox - Cd 2,246
Génération Top 50 (7793 titres),1322,2,1980052,Un Accident,Michel Sardou,Les Grands Moments (Live 2013 A L'Olympia)(Disc 2/2),224
Génération Top 50 (7793 titres),1323,3,2176078,Un ange à ma table,Indochine,La République des Meteors,260
Génération Top 50 (7793 titres),1323,3,2217093,Un ange à ma table,Indochine,La République des Meteors,260
Génération Top 50 (7793 titres),1323,3,2262509,Un ange à ma table,Indochine,La République des Meteors,260
Génération Top 50 (7793 titres),1324,3,1980005,Un enfant,Michel Sardou,Les 100 Plus Belles Chansons,209
Génération Top 50 (7793 titres),1324,3,1980111,Un enfant,Michel Sardou,1972,210
Génération Top 50 (7793 titres),1324,3,2079111,Un enfant,Michel Sardou,Danton,208
Génération Top 50 (7793 titres),1325,2,1176988,Un merveilleux été,Étienne Daho,L'Invitation,247
Génération Top 50 (7793 titres),1325,2,2124919,Un merveilleux été,Étienne Daho,L'Invitation,247
Génération Top 50 (7793 titres),1326,2,2057766,Un mot de Prévert,Florent Pagny,Châtelet les Halles,205
Génération Top 50 (7793 titres),1326,2,2154564,Un mot de Prévert,Florent Pagny,Châtelet les Halles,205
Génération Top 50 (7793 titres),1327,3,1966317,Un vestido y un amor,Florent Pagny,Baryton Gracias A La Vida (2012),258
Génération Top 50 (7793 titres),1327,3,2100374,Un vestido y un amor,Florent Pagny,"Baryton, gracias a la vida",262
Génération Top 50 (7793 titres),1327,3,2153846,Un vestido y un amor,Florent Pagny,"Baryton, gracias a la vida",262
Génération Top 50 (7793 titres),1328,2,1957474,"Un, deux, trois","Carole Fredericks, Jean-Jacques Goldman and Michael Jones",Unknown Album,256
Génération Top 50 (7793 titres),1328,2,2116976,"Un, deux, trois","Carole Fredericks, Jean-Jacques Goldman and Michael Jones","Fredericks, Goldman, Jones",241
Génération Top 50 (7793 titres),1329,2,2108137,Una nube blanca,Florent Pagny,Baryton,320
Génération Top 50 (7793 titres),1329,2,2153858,Una nube blanca,Florent Pagny,Baryton,320
Génération Top 50 (7793 titres),1330,2,2110594,Unchanging Love,DJ Khaled,Grateful,207
Génération Top 50 (7793 titres),1330,2,2166646,Unchanging Love,DJ Khaled,Grateful,207
Génération Top 50 (7793 titres),1331,3,2109274,Undergoing Treatment,Duran Duran,Medazzaland,185
Génération Top 50 (7793 titres),1331,3,2178334,Undergoing Treatment,Duran Duran,Medazzaland,185
Génération Top 50 (7793 titres),1331,3,2273518,Undergoing Treatment,Duran Duran,Medazzaland,185
Génération Top 50 (7793 titres),1332,2,1980041,Une Fille Aux Yeux Clairs,Michel Sardou,Les Grands Moments (Live 2013 A L'Olympia)(Disc 1/2),183
Génération Top 50 (7793 titres),1332,2,1980066,Une fille aux yeux clairs,Michel Sardou,Les Grandes chansons,163
Génération Top 50 (7793 titres),1333,2,1902299,Une autre histoire,Various Artists,50 TUBES FÊTE #PARTY #HITS #ANNÉES 80-90 #DISCO #FUNK #ROCK #FIESTA #SLOWS (BY HOTMIXRADIO),271
Génération Top 50 (7793 titres),1333,2,1953636,Une autre histoire,Various Artists,"Années 80, Volume 2",271
Génération Top 50 (7793 titres),1334,2,2217381,Une derniere fols,Patricia Kaas,KABARET,273
Génération Top 50 (7793 titres),1334,2,2229106,Une derniere fols,Patricia Kaas,KABARET,273
Génération Top 50 (7793 titres),1335,3,1492462,Une drole de danse,Michel Sardou,La java de Broadway,264
Génération Top 50 (7793 titres),1335,3,2217249,Une drole de danse,Michel Sardou,La java de Broadway,264
Génération Top 50 (7793 titres),1335,3,2265729,Une drole de danse,Michel Sardou,La java de Broadway,264
Génération Top 50 (7793 titres),1336,2,1209100,Une nuit à Paris,France Gall,Dancing Disco,135
Génération Top 50 (7793 titres),1336,2,2061163,Une nuit à Paris,France Gall,Dancing Disco,133
Génération Top 50 (7793 titres),1337,2,2058127,Une poussière,Jean-Jacques Goldman,Chansons pour les pieds,333
Génération Top 50 (7793 titres),1337,2,2271292,Une poussière,Jean-Jacques Goldman,Chansons pour les pieds,333
Génération Top 50 (7793 titres),1338,2,1235512,Une star à sa façon,Francis Cabrel,Les chemins de traverse (Remastered),177
Génération Top 50 (7793 titres),1338,2,1944682,Une star à sa façon,Francis Cabrel,D'une Ombre À L'Autre 3,203
Génération Top 50 (7793 titres),1339,3,2176087,Union War,Indochine,La République des Meteors,197
Génération Top 50 (7793 titres),1339,3,2217102,Union War,Indochine,La République des Meteors,197
Génération Top 50 (7793 titres),1339,3,2262518,Union War,Indochine,La République des Meteors,197
Génération Top 50 (7793 titres),1340,5,1943909,Until You Come Back,Whitney Houston,My Love Is Your Love,292
Génération Top 50 (7793 titres),1340,5,2221147,Until You Come Back,Whitney Houston,My Love Is Your Love,292
Génération Top 50 (7793 titres),1340,5,2241034,Until You Come Back,Whitney Houston,My Love Is Your Love,292
Génération Top 50 (7793 titres),1340,5,2261106,Until You Come Back,Whitney Houston,My Love Is Your Love,292
Génération Top 50 (7793 titres),1340,5,2267156,Until You Come Back,Whitney Houston,My Love Is Your Love,292
Génération Top 50 (7793 titres),1341,3,2247796,Up Again,Michael Jackson,Music & Me,169
Génération Top 50 (7793 titres),1341,3,2258168,Up Again,Michael Jackson,Music & Me,168
Génération Top 50 (7793 titres),1341,3,2262718,Up Again,Michael Jackson,Music & Me,169
Génération Top 50 (7793 titres),1342,2,1253946,Uptown,Prince,Dirty Mind,329
Génération Top 50 (7793 titres),1342,2,2122698,Uptown,Prince,Dirty Mind,329
Génération Top 50 (7793 titres),1343,2,2186527,VEILLER TARD (LIVE),Jean-Jacques Goldman,LIVE 2002,408
Génération Top 50 (7793 titres),1343,2,2186528,VEILLER TARD (LIVE),Jean-Jacques Goldman,LIVE 2002,408
Génération Top 50 (7793 titres),1344,2,2213157,VIVRE LIBRES,JEANNE MAS,LE MEILLEUR DE JEANNE MAS,259
Génération Top 50 (7793 titres),1344,2,1348123,Vivre libres,JEANNE MAS,J'm : Le Meilleur de Jeanne Mas,259
Génération Top 50 (7793 titres),1345,7,2187566,VIVRE OU SURVIVRE,Daniel Balavoine,VENDEURS DE LARMES,217
Génération Top 50 (7793 titres),1345,7,1965500,Vivre Ou Survivre,Daniel Balavoine,Les 50 Plus Belles Chansons,215
Génération Top 50 (7793 titres),1345,7,1965522,Vivre Ou Survivre,Daniel Balavoine,Master Série Vol. 2,217
Génération Top 50 (7793 titres),1345,7,1965424,Vivre ou survivre,Daniel Balavoine,"Master Serie, Volume 2",216
Génération Top 50 (7793 titres),1345,7,1965444,Vivre ou survivre,Daniel Balavoine,Anthologie,214
Génération Top 50 (7793 titres),1345,7,1965482,Vivre ou survivre,Daniel Balavoine,L'Essentiel,216
Génération Top 50 (7793 titres),1345,7,1965571,Vivre ou survivre,Daniel Balavoine,le meilleur de balavoine,216
Génération Top 50 (7793 titres),1346,2,2214380,VOGUE,Madonna,CELEBRATION (BONUS TRACK VERSI,316
Génération Top 50 (7793 titres),1346,2,2256556,Vogue,Madonna,Celebration,316
Génération Top 50 (7793 titres),1347,4,1955534,Veiller Tard,Jean-Jacques Goldman,2ème Album,230
Génération Top 50 (7793 titres),1347,4,1350744,Veiller tard,Jean-Jacques Goldman,Intégrale 81-91,229
Génération Top 50 (7793 titres),1347,4,1848793,Veiller tard,Jean-Jacques Goldman,2eme Album,229
Génération Top 50 (7793 titres),1347,4,1940740,Veiller tard,Jean-Jacques Goldman,Live 2002,408
Génération Top 50 (7793 titres),1348,3,2054475,Veiller tard,Fredericks Goldman Jones,Du New Morning au Zénith,344
Génération Top 50 (7793 titres),1348,3,2122915,Veiller tard,Fredericks Goldman Jones,Du New Morning au Zénith,344
Génération Top 50 (7793 titres),1348,3,2260560,Veiller tard,Fredericks Goldman Jones,Du New Morning au Zénith,345
Génération Top 50 (7793 titres),1349,3,1965443,Vendeur de larmes,Daniel Balavoine,Anthologie,280
Génération Top 50 (7793 titres),1349,3,1965488,Vendeur de larmes,Daniel Balavoine,L'Essentiel,282
Génération Top 50 (7793 titres),1349,3,1965581,Vendeur de larmes,Daniel Balavoine,Le Meilleur De Balavoine,280
Génération Top 50 (7793 titres),1350,7,1965503,Vendeurs De Larmes,Daniel Balavoine,Les 50 Plus Belles Chansons,281
Génération Top 50 (7793 titres),1350,7,1965525,Vendeurs De Larmes,Daniel Balavoine,Master Série Vol. 2,283
Génération Top 50 (7793 titres),1350,7,1965622,Vendeurs De Larmes,Daniel Balavoine,"L'album De Sa Vie, 100 Titres",281
Génération Top 50 (7793 titres),1350,7,2031100,Vendeurs de Larmes,Daniel Balavoine,Les 100 Plus Belles Chansons de Daniel Balavoine,282
Génération Top 50 (7793 titres),1350,7,1965410,Vendeurs de larmes,Daniel Balavoine,L'essentiel CD 1,281
Génération Top 50 (7793 titres),1350,7,1965427,Vendeurs de larmes,Daniel Balavoine,"Master Serie, Volume 2",282
Génération Top 50 (7793 titres),1350,7,1965572,vendeurs de larmes,Daniel Balavoine,le meilleur de balavoine,280
Génération Top 50 (7793 titres),1351,2,1979814,Verdun,Michel Sardou,Les 50 Plus Belles Chansons Disc 2,251
Génération Top 50 (7793 titres),1351,2,1980013,Verdun,Michel Sardou,Les 50 plus belles chansons,251
Génération Top 50 (7793 titres),1352,2,2114820,Vicki Waiting,Prince,Batman,292
Génération Top 50 (7793 titres),1352,2,2162936,Vicki Waiting,Prince,Batman,292
Génération Top 50 (7793 titres),1353,2,1965508,"Vidéo ""Série Noire""",Daniel Balavoine,Les 50 Plus Belles Chansons,241
Génération Top 50 (7793 titres),1353,2,1965476,Vidéo ''série noire'',Daniel Balavoine,L'Essentiel,242
Génération Top 50 (7793 titres),1354,2,1966296,Vieillir Avec Toi (Acoustique),Florent Pagny,Vieillir Avec Toi (Deluxe Version),176
Génération Top 50 (7793 titres),1354,2,2065721,Vieillir Avec Toi (Acoustique),Florent Pagny,Vieillir Avec Toi (Edition Limitée),176
Génération Top 50 (7793 titres),1355,2,1950258,Viens je t'emmène,France Gall,Les Plus Belles Chansons,257
Génération Top 50 (7793 titres),1355,2,2116900,Viens je t’emmène,France Gall,Concert public concert privé (Remasterisé),257
Génération Top 50 (7793 titres),1356,2,1965450,Viens vite,Daniel Balavoine,Anthologie,242
Génération Top 50 (7793 titres),1356,2,1965587,Viens vite,Daniel Balavoine,Ses sept premières compositions,243
Génération Top 50 (7793 titres),1357,2,1979819,Vivant,Michel Sardou,Les 50 Plus Belles Chansons Disc 2,290
Génération Top 50 (7793 titres),1357,2,1980018,Vivant,Michel Sardou,Les 50 plus belles chansons,290
Génération Top 50 (7793 titres),1358,3,1860055,Vladimir Ilitch,Michel Sardou,Les Grandes chansons,280
Génération Top 50 (7793 titres),1358,3,1979988,Vladimir Ilitch,Michel Sardou,Les 100 Plus Belles Chansons,277
Génération Top 50 (7793 titres),1358,3,1980037,Vladimir Ilitch,Michel Sardou,Les Grands Moments (Live 2013 A L'Olympia)(Disc 1/2),259
Génération Top 50 (7793 titres),1359,2,1347600,Voices,Madonna,Hard Candy,219
Génération Top 50 (7793 titres),1359,2,1904776,Voices,Madonna,Hard Candy,219
Génération Top 50 (7793 titres),1360,2,1274418,Voila voila,"Taha, Khaled, Faudel","1,2,3 Soleils",348
Génération Top 50 (7793 titres),1360,2,2097588,Voilà voilà,"Taha, Khaled, Faudel","1,2,3 Soleils",350
Génération Top 50 (7793 titres),1361,2,1966318,Volver,Florent Pagny,Baryton Gracias A La Vida (2012),248
Génération Top 50 (7793 titres),1361,2,2153847,Volver,Florent Pagny,"Baryton, gracias a la vida",252
Génération Top 50 (7793 titres),1362,3,1957061,Voyage voyage,Desireless,François,265
Génération Top 50 (7793 titres),1362,3,2267894,Voyage voyage,Desireless,François,265
Génération Top 50 (7793 titres),1362,3,2123873,"Voyage, voyage",Desireless,François,207
Génération Top 50 (7793 titres),1363,2,1966338,Vuelvo al Sur,Florent Pagny,C'est Comme Ca,256
Génération Top 50 (7793 titres),1363,2,2154348,Vuelvo al sur,Florent Pagny,Unknown Album,255
Génération Top 50 (7793 titres),1364,2,2081401,W 454,Michel Sardou,La Vieille,272
Génération Top 50 (7793 titres),1364,2,1979828,W.454,Michel Sardou,La Vieille,272
Génération Top 50 (7793 titres),1365,3,2230945,WANNA BE STARTIN' SOMETHIN',Michael Jackson,THRILLER (BONUS TRACKS),363
Génération Top 50 (7793 titres),1365,3,1347547,Wanna Be Startin’ Somethin’,Michael Jackson,"HIStory: Past, Present and Future, Book I",363
Génération Top 50 (7793 titres),1365,3,2200307,Wanna Be Startin’ Somethin’,Michael Jackson,"HIStory - Past, Present And Future - Book I",363
Génération Top 50 (7793 titres),1366,2,2202803,WANNA BE STARTIN’ SOMETHIN’ 2008,Michael Jackson,THRILLER,252
Génération Top 50 (7793 titres),1366,2,2229710,WANNA BE STARTIN’ SOMETHIN’ 2008,Michael Jackson,THRILLER 25,252
Génération Top 50 (7793 titres),1367,5,2201612,"WHAT IS LOVE (7"" MIX)",Haddaway,WHAT IS LOVE,266
Génération Top 50 (7793 titres),1367,5,2054802,What Is Love (7 Mix),Haddaway,What Is Love (The Mixes),271
Génération Top 50 (7793 titres),1367,5,2054803,"What Is Love (7"" Mix)",Haddaway,What Is Love (The Mixes),268
Génération Top 50 (7793 titres),1367,5,2255895,What Is Love (7'' Mix),Haddaway,90's,237
Génération Top 50 (7793 titres),1367,5,2012251,What Is Love _7_ mix_,Haddaway,What Is Love (The Mixes),270
Génération Top 50 (7793 titres),1368,3,2230957,WORKIN’ DAY AND NIGHT,Michael Jackson,OFF THE WALL,313
Génération Top 50 (7793 titres),1368,3,2230958,WORKIN’ DAY AND NIGHT,Michael Jackson,OFF THE WALL,227
Génération Top 50 (7793 titres),1368,3,2271908,Workin' Day and Night,Michael Jackson,Off the Wall,314
Génération Top 50 (7793 titres),1369,2,1294973,Wahrane Wahrane,Taha/Khaled/Faudel,"1,2,3 Soleils",296
Génération Top 50 (7793 titres),1369,2,1959272,Wahrane Wahrane,"Taha, Khaled, Faudel","1,2,3 Soleils",295
Génération Top 50 (7793 titres),1370,2,2220203,Wake Up Call,Phil Collins,2002/11/12 - Testify [US CD],315
Génération Top 50 (7793 titres),1370,2,2240415,Wake Up Call,Phil Collins,2002/11/12 - Testify [US CD],315
Génération Top 50 (7793 titres),1371,2,2021730,Walou Walou,Khaled,Sahra,257
Génération Top 50 (7793 titres),1371,2,2116390,Walou Walou,Khaled,Hafla,345
Génération Top 50 (7793 titres),1372,3,2176089,We Are the Young,Indochine,La République des Meteors,229
Génération Top 50 (7793 titres),1372,3,2217104,We Are the Young,Indochine,La République des Meteors,229
Génération Top 50 (7793 titres),1372,3,2262520,We Are the Young,Indochine,La République des Meteors,229
Génération Top 50 (7793 titres),1373,3,2216102,We Begin Anew,Goldmund;Scott Moore,Layers of Afternoon,250
Génération Top 50 (7793 titres),1373,3,2227806,We Begin Anew,Goldmund;Scott Moore,Layers of Afternoon,250
Génération Top 50 (7793 titres),1373,3,2261615,We Begin Anew,Goldmund;Scott Moore,Layers of Afternoon,250
Génération Top 50 (7793 titres),1374,4,1893620,We Didn't Know,Whitney Houston,I'm Your Baby Tonight,331
Génération Top 50 (7793 titres),1374,4,1943920,We Didn't Know,Whitney Houston,I'm Your Baby Tonight,329
Génération Top 50 (7793 titres),1374,4,2267169,We Didn't Know,Whitney Houston,I'm Your Baby Tonight,329
Génération Top 50 (7793 titres),1374,4,1202305,We Didn’t Know,Whitney Houston,I’m Your Baby Tonight,329
Génération Top 50 (7793 titres),1375,2,2155934,We'll Be The Stars,Sabrina Carpenter,Eyes Wide Open,186
Génération Top 50 (7793 titres),1375,2,2055772,We’ll Be the Stars,Sabrina Carpenter,Eyes Wide Open,186
Génération Top 50 (7793 titres),1376,2,2109866,Weed And Hennessy,DJ Khaled,Suffering From Success,159
Génération Top 50 (7793 titres),1376,2,2169023,Weed And Hennessy,DJ Khaled,Suffering From Success,159
Génération Top 50 (7793 titres),1377,4,2003375,Week End A Rome,Étienne Daho,Dans la Peau de Daho,254
Génération Top 50 (7793 titres),1377,4,1967775,Week End À Rome,Étienne Daho,L'homme Qui Marche,250
Génération Top 50 (7793 titres),1377,4,2003377,Week End À Rome,Étienne Daho,Dans la Peau de Daho,254
Génération Top 50 (7793 titres),1377,4,1869582,Week-End À Rome,Étienne Daho,Best of Singles,254
Génération Top 50 (7793 titres),1378,2,2179847,What Are The Chances?,Duran Duran,Paper Gods,295
Génération Top 50 (7793 titres),1378,2,2098526,What Are the Chances?,Duran Duran,Paper Gods,295
Génération Top 50 (7793 titres),1379,3,2221481,What Do U Want Me 2 Do?,Prince,Musicology,255
Génération Top 50 (7793 titres),1379,3,2241343,What Do U Want Me 2 Do?,Prince,Musicology,255
Génération Top 50 (7793 titres),1379,3,2266053,What Do U Want Me 2 Do?,Prince,Musicology,255
Génération Top 50 (7793 titres),1380,2,2256705,What Is Love,Haddaway,The Album 2nd Edition,270
Génération Top 50 (7793 titres),1380,2,2276504,What Is Love,Haddaway,Vol 06,162
Génération Top 50 (7793 titres),1381,2,1350819,"What Is Love (Original 7"" Mix)",Haddaway,All The Best | His Greatest Hits & Videos,265
Génération Top 50 (7793 titres),1381,2,1851985,What Is Love (original 7″ mix),Haddaway,All the Best: His Greatest Hits,266
Génération Top 50 (7793 titres),1382,3,2221790,What It Feels Like For A Girl,Madonna,Music,283
Génération Top 50 (7793 titres),1382,3,2241632,What It Feels Like For A Girl,Madonna,Music,283
Génération Top 50 (7793 titres),1382,3,2265856,What It Feels Like For A Girl,Madonna,Music,283
Génération Top 50 (7793 titres),1383,2,1255827,What's the Name of the Game,Ace Of Base,Da Capo,183
Génération Top 50 (7793 titres),1383,2,2136457,What’s the Name of the Game,Ace Of Base,Da Capo (Remastered),183
Génération Top 50 (7793 titres),1384,2,2276431,Wheel Of Fortune,Ace Of Base,Vol 07,180
Génération Top 50 (7793 titres),1384,2,1999864,Wheel of Fortune,Ace Of Base,Wheel of Fortune (The Remixes) - Ep,241
Génération Top 50 (7793 titres),1385,2,2114833,When 2 R in Love,Prince,Lovesexy,240
Génération Top 50 (7793 titres),1385,2,2167785,When 2 R in Love,Prince,Lovesexy,240
Génération Top 50 (7793 titres),1386,2,1223226,When I Give My Love,Corona,The Rhythm of the Night,214
Génération Top 50 (7793 titres),1386,2,2137525,When I Give My Love,Corona,[standalone recordings],214
Génération Top 50 (7793 titres),1387,5,1943914,When You Believe (from The Prince of Egypt),Whitney Houston,My Love Is Your Love,272
Génération Top 50 (7793 titres),1387,5,2221142,When You Believe (from The Prince of Egypt),Whitney Houston,My Love Is Your Love,272
Génération Top 50 (7793 titres),1387,5,2241029,When You Believe (from The Prince of Egypt),Whitney Houston,My Love Is Your Love,272
Génération Top 50 (7793 titres),1387,5,2261101,When You Believe (from The Prince of Egypt),Whitney Houston,My Love Is Your Love,272
Génération Top 50 (7793 titres),1387,5,2267161,When You Believe (from The Prince of Egypt),Whitney Houston,My Love Is Your Love,272
Génération Top 50 (7793 titres),1388,2,1253943,When You Were Mine,Prince,Dirty Mind,226
Génération Top 50 (7793 titres),1388,2,2055841,When You Were Mine,Prince,Dirty Mind,226
Génération Top 50 (7793 titres),1389,2,2084979,Where Do Broken Hearts Go,Whitney Houston,Whitney,278
Génération Top 50 (7793 titres),1389,2,2225987,Where Do Broken Hearts Go,Whitney Houston,Whitney,279
Génération Top 50 (7793 titres),1390,2,2061832,Where Do You Go,La Bouche,Sweet Dreams,246
Génération Top 50 (7793 titres),1390,2,2169160,Where Do You Go,La Bouche,Sweet Dreams,246
Génération Top 50 (7793 titres),1391,2,2164710,Where Does The DJ Go?,Kylie Minogue,Disco,253
Génération Top 50 (7793 titres),1391,2,1282481,Where Does the DJ Go?,Kylie Minogue,Various Artists,181
Génération Top 50 (7793 titres),1392,2,2167622,Where Has The Love Gone?,Kylie Minogue,Kylie Minogue,466
Génération Top 50 (7793 titres),1392,2,2100158,Where Has the Love Gone?,Kylie Minogue,Kylie Minogue,466
Génération Top 50 (7793 titres),1393,3,2084975,Where You Are,Whitney Houston,Whitney,251
Génération Top 50 (7793 titres),1393,3,2102514,Where You Are,Whitney Houston,Whitney,251
Génération Top 50 (7793 titres),1393,3,2160369,Where You Are,Whitney Houston,Whitney,251
Génération Top 50 (7793 titres),1394,2,2109071,White Flag,Sabrina Carpenter,Eyes Wide Open,198
Génération Top 50 (7793 titres),1394,2,2155937,White Flag,Sabrina Carpenter,Eyes Wide Open,198
Génération Top 50 (7793 titres),1395,2,2059501,Who Do You Think You Are?,Duran Duran,Medazzaland,207
Génération Top 50 (7793 titres),1395,2,2178329,Who Do You Think You Are?,Duran Duran,Medazzaland,207
Génération Top 50 (7793 titres),1396,2,1289185,Who Stole My Car?,DJ Jazzy Jeff & the Fresh Prince,Original Album Classics,297
Génération Top 50 (7793 titres),1396,2,2114991,Who Stole My Car?,DJ Jazzy Jeff & the Fresh Prince,And In This Corner...,297
Génération Top 50 (7793 titres),1397,2,1197069,Who Stole the D.J.,DJ Jazzy Jeff & the Fresh Prince,Homebase,290
Génération Top 50 (7793 titres),1397,2,2102569,Who Stole the D.J.,DJ Jazzy Jeff & the Fresh Prince,Original Album Classics,290
Génération Top 50 (7793 titres),1398,3,2200341,Why You Wanna Trip on Me,Michael Jackson,Dangerous,325
Génération Top 50 (7793 titres),1398,3,2200343,Why You Wanna Trip on Me,Michael Jackson,Dangerous,221
Génération Top 50 (7793 titres),1398,3,2259336,Why You Wanna Trip on Me,Michael Jackson,Dangerous,324
Génération Top 50 (7793 titres),1399,3,2247795,With a Child's Heart,Michael Jackson,Music & Me,212
Génération Top 50 (7793 titres),1399,3,2258167,With a Child's Heart,Michael Jackson,Music & Me,212
Génération Top 50 (7793 titres),1399,3,2262717,With a Child's Heart,Michael Jackson,Music & Me,212
Génération Top 50 (7793 titres),1400,2,2226267,Wouldn't Change A Thing,Kylie Minogue,Enjoy Yourself,194
Génération Top 50 (7793 titres),1400,2,2059256,Wouldn’t Change a Thing,Kylie Minogue,Enjoy Yourself,194
Génération Top 50 (7793 titres),1401,2,2224753,X's Face,Prince,HITnRUN Phase One,158
Génération Top 50 (7793 titres),1401,2,2098105,X’s Face,Prince,HITnRUN Phase One,158
Génération Top 50 (7793 titres),1402,3,2202683,Y'A PAS UN HOMME QUI SOIT NÉ POUR ÇA,Florent Pagny,CHÂTELET LES HALLES,237
Génération Top 50 (7793 titres),1402,3,2106473,Y’a pas un homme qui soit né pour ça,Florent Pagny,Châtelet les Halles,238
Génération Top 50 (7793 titres),1402,3,2154563,Y’a pas un homme qui soit né pour ça,Florent Pagny,Châtelet les Halles,238
Génération Top 50 (7793 titres),1403,2,2232611,Y'a d'la rumba dans l'air,Alain Souchon,Jamais content,196
Génération Top 50 (7793 titres),1403,2,2265182,Y'a d'la rumba dans l'air,Alain Souchon,Jamais content,196
Génération Top 50 (7793 titres),1404,2,1193653,Ya Aâchkou,Khaled,Kenza,236
Génération Top 50 (7793 titres),1404,2,1689582,Ya Aâchkou,Khaled,Kenza,236
Génération Top 50 (7793 titres),1405,2,1235195,Ya El Hamman,Khaled,"Fuir, Mais Où?",356
Génération Top 50 (7793 titres),1405,2,2123161,Ya El Hamman,Khaled,"Fuir, Mais Où?",356
Génération Top 50 (7793 titres),1406,3,1274421,Ya Rayah,"Taha, Khaled, Faudel","1,2,3 Soleils",448
Génération Top 50 (7793 titres),1406,3,1294981,Ya Rayah,Taha/Khaled/Faudel,"1,2,3 Soleils",448
Génération Top 50 (7793 titres),1406,3,1884668,Ya Rayah,"Taha, Khaled, Faudel","1, 2, 3 Soleils - CD2",218
Génération Top 50 (7793 titres),1407,2,1192990,Ya-Rayi,Khaled,Spirit of Rai,263
Génération Top 50 (7793 titres),1407,2,2139491,Ya-Rayi,Khaled,Ya Rayi,241
Génération Top 50 (7793 titres),1408,2,1960358,You Can't Hurry Love (2016 Remaster),Phil Collins,"Hello, I Must Be Going! (Deluxe Edition)",174
Génération Top 50 (7793 titres),1408,2,2267981,You Can't Hurry Love (2016 Remaster),Phil Collins,"Hello, I Must Be Going! (Deluxe Edition)",174
Génération Top 50 (7793 titres),1409,3,2060644,You Give Good Love,Whitney Houston,Whitney Houston,277
Génération Top 50 (7793 titres),1409,3,2093087,You Give Good Love,Whitney Houston,Whitney Houston,276
Génération Top 50 (7793 titres),1409,3,2174610,You Give Good Love,Whitney Houston,Whitney Houston,277
Génération Top 50 (7793 titres),1410,2,2106611,You Kill Me With Silence,Duran Duran,Paper Gods,268
Génération Top 50 (7793 titres),1410,2,2179843,You Kill Me With Silence,Duran Duran,Paper Gods,268
Génération Top 50 (7793 titres),1411,2,1957665,You Make Me Feel,Kylie Minogue,Body Language,257
Génération Top 50 (7793 titres),1411,2,2266212,You Make Me Feel,Kylie Minogue,Body Language,257
Génération Top 50 (7793 titres),1412,2,1174610,You Mine,DJ Khaled,I Changed a Lot,240
Génération Top 50 (7793 titres),1412,2,2166907,You Mine,DJ Khaled,I Changed a Lot,240
Génération Top 50 (7793 titres),1413,2,1197070,You Saw My Blinker,DJ Jazzy Jeff & the Fresh Prince,Homebase,254
Génération Top 50 (7793 titres),1413,2,2107221,You Saw My Blinker,DJ Jazzy Jeff & the Fresh Prince,Original Album Classics,254
Génération Top 50 (7793 titres),1414,3,2176091,You Spin Me Round (Like a Record),Indochine,La République des Meteors,190
Génération Top 50 (7793 titres),1414,3,2217106,You Spin Me Round (Like a Record),Indochine,La République des Meteors,190
Génération Top 50 (7793 titres),1414,3,2262522,You Spin Me Round (Like a Record),Indochine,La République des Meteors,190
Génération Top 50 (7793 titres),1415,2,2220214,You Touch My Heart,Phil Collins,2002/11/12 - Testify [US CD],282
Génération Top 50 (7793 titres),1415,2,2240426,You Touch My Heart,Phil Collins,2002/11/12 - Testify [US CD],282
Génération Top 50 (7793 titres),1416,3,1960325,You'll Be In My Heart,Phil Collins,Tarzan (Original Motion Picture Soundtrack),257
Génération Top 50 (7793 titres),1416,3,1960336,You’ll Be in My Heart,Phil Collins,Tarzan (Original Motion Picture Soundtrack),258
Génération Top 50 (7793 titres),1416,3,2099910,You’ll Be in My Heart,Phil Collins,Soundtrack,258
Génération Top 50 (7793 titres),1417,5,1943911,You'll Never Stand Alone,Whitney Houston,My Love Is Your Love,260
Génération Top 50 (7793 titres),1417,5,2221149,You'll Never Stand Alone,Whitney Houston,My Love Is Your Love,261
Génération Top 50 (7793 titres),1417,5,2241036,You'll Never Stand Alone,Whitney Houston,My Love Is Your Love,261
Génération Top 50 (7793 titres),1417,5,2261108,You'll Never Stand Alone,Whitney Houston,My Love Is Your Love,261
Génération Top 50 (7793 titres),1417,5,2267158,You'll Never Stand Alone,Whitney Houston,My Love Is Your Love,260
Génération Top 50 (7793 titres),1418,2,2225986,You're Still My Man,Whitney Houston,Whitney,259
Génération Top 50 (7793 titres),1418,2,2084977,You’re Still My Man,Whitney Houston,Whitney,258
Génération Top 50 (7793 titres),1419,2,2109625,Your Love,Kylie Minogue,Unknown Album,227
Génération Top 50 (7793 titres),1419,2,2165964,Your Love,Kylie Minogue,Fever,227
Génération Top 50 (7793 titres),1420,2,2165616,Your Love's Like,Sabrina Carpenter,Eyes Wide Open,209
Génération Top 50 (7793 titres),1420,2,2101351,Your Love’s Like,Sabrina Carpenter,Eyes Wide Open,209
Génération Top 50 (7793 titres),1421,2,2098087,Zannalee,Prince,Chaos and Disorder,163
Génération Top 50 (7793 titres),1421,2,2163850,Zannalee,Prince,Chaos and Disorder,163
Génération Top 50 (7793 titres),1422,3,1979797,Zombi Dupont,Michel Sardou,Michel Sardou - Hitbox - Cd 2,161
Génération Top 50 (7793 titres),1422,3,2258332,Zombi Dupont,Michel Sardou,La maladie d'amour,165
Génération Top 50 (7793 titres),1422,3,2262784,Zombi Dupont,Michel Sardou,La maladie d'amour,165
Génération Top 50 (7793 titres),1423,4,2201769,À L'ENVERS,Jean-Jacques Goldman,INTÉGRALE 81-91,233
Génération Top 50 (7793 titres),1423,4,2201775,À L'ENVERS,Jean-Jacques Goldman,INTÉGRALE 81-91,308
Génération Top 50 (7793 titres),1423,4,2215100,À L’ENVERS,Jean-Jacques Goldman,DÉMODÉ,233
Génération Top 50 (7793 titres),1423,4,1848784,À l’envers,Jean-Jacques Goldman,1er Album,233
Génération Top 50 (7793 titres),1424,2,2063777,À Paris dans chaque faubourg,Patrick Bruel,Entre‐deux…,176
Génération Top 50 (7793 titres),1424,2,2169994,À Paris dans chaque faubourg,Patrick Bruel,Unknown Album,176
Génération Top 50 (7793 titres),1425,3,2228615,À cause d'elle,Alain Souchon,La Vie Théodore,224
Génération Top 50 (7793 titres),1425,3,2232358,À cause d'elle,Alain Souchon,La Vie Théodore,224
Génération Top 50 (7793 titres),1425,3,2265590,À cause d'elle,Alain Souchon,La Vie Théodore,224
Génération Top 50 (7793 titres),1426,2,2109240,À contretemps,Patrick Bruel,Entre‐deux…,200
Génération Top 50 (7793 titres),1426,2,2165415,À contretemps,Patrick Bruel,Entre-Deux...,200
Génération Top 50 (7793 titres),1427,2,1209186,À quoi il sert ?,France Gall,France,224
Génération Top 50 (7793 titres),1427,2,2114701,À quoi il sert ?,France Gall,France,224
Génération Top 50 (7793 titres),1428,3,2180160,Ça Plane Pour Moi,Plastic Bertrand,Plastic Bertrand,182
Génération Top 50 (7793 titres),1428,3,1872975,Ça plane pour moi,Plastic Bertrand,Ça plane pour moi / Pogo Pogo,178
Génération Top 50 (7793 titres),1428,3,2067885,Ça plane pour moi,Plastic Bertrand,Ça plane pour moi / Pogo Pogo,181
Génération Top 50 (7793 titres),1429,2,1209124,Évidemment,France Gall,Babacar,206
Génération Top 50 (7793 titres),1429,2,2102691,Évidemment,France Gall,Babacar,209
Génération Top 50 (7793 titres),1430,3,2215024,ÊTRE LE PREMIER,Jean-Jacques Goldman,QUAND LA MUSIQUE EST BONNE,234
Génération Top 50 (7793 titres),1430,3,2215079,ÊTRE LE PREMIER,Jean-Jacques Goldman,INTÉGRALE 81-91  (COMPILATION)  (DISC 1: UNE AUTRE HISTOIRE),230
Génération Top 50 (7793 titres),1430,3,1848787,Être le premier,Jean-Jacques Goldman,2eme Album,230
Génération Top 50 (7793 titres),1431,2,2001016,Être Une Femme,Michel Sardou,Les Grandes chansons,256
Génération Top 50 (7793 titres),1431,2,1979816,Être une Femme,Michel Sardou,Les 50 Plus Belles Chansons Disc 2,253
Génération Top 50 (7793 titres),1432,2,2054887,以后见 (爵士版),Black Box,无人知晓,313
Génération Top 50 (7793 titres),1432,2,2091180,残像,Black Box,IMAGE AP,246
