playlist,duplicate_group_id,count,track_id,title,artist,album,duration_s
Running & Workout (2463 titres),1,2,1346686,#That Power,will.i.am Ft. Justin Bieber,Various Artists,280
Running & Workout (2463 titres),1,2,2128111,#That Power,will.i.am Ft. Justin Bieber,Various Artists,280
Running & Workout (2463 titres),2,3,2198847,1000 Colors,Various Artists,After Workout - 200 Lounge & Chillout Songs,355
Running & Workout (2463 titres),2,3,2278794,1000 Colors,Various Artists,After Workout - 200 Lounge & Chillout Songs,355
Running & Workout (2463 titres),2,3,2283014,1000 Colors,Various Artists,After Workout - 200 Lounge & Chillout Songs,355
Running & Workout (2463 titres),3,3,2283015,1000 Colors,Hed Kandi,After Workout - 200 Lounge & Chillout Songs,355
Running & Workout (2463 titres),3,3,2294901,1000 Colors,Hed Kandi,After Workout - 200 Lounge & Chillout Songs,355
Running & Workout (2463 titres),3,3,2336513,1000 Colors,Hed Kandi,After Workout - 200 Lounge & Chillout Songs,355
Running & Workout (2463 titres),4,9,1951278,123 Free,Various Artists,After Workout - 200 Lounge & Chillout Songs,247
Running & Workout (2463 titres),4,9,2065007,123 Free,Various Artists,After Workout - 200 Lounge & Chillout Songs,247
Running & Workout (2463 titres),4,9,2198881,123 Free,Various Artists,After Workout - 200 Lounge & Chillout Songs,247
Running & Workout (2463 titres),4,9,2198889,123 Free,Various Artists,After Workout - 200 Lounge & Chillout Songs,247
Running & Workout (2463 titres),4,9,2278795,123 Free,Various Artists,After Workout - 200 Lounge & Chillout Songs,247
Running & Workout (2463 titres),4,9,2278796,123 Free,Various Artists,After Workout - 200 Lounge & Chillout Songs,247
Running & Workout (2463 titres),4,9,2278797,123 Free,Various Artists,After Workout - 200 Lounge & Chillout Songs,247
Running & Workout (2463 titres),4,9,2278798,123 Free,Various Artists,After Workout - 200 Lounge & Chillout Songs,247
Running & Workout (2463 titres),4,9,2283016,123 Free,Various Artists,After Workout - 200 Lounge & Chillout Songs,247
Running & Workout (2463 titres),5,12,2283017,123 Free,Hed Kandi,After Workout - 200 Lounge & Chillout Songs,247
Running & Workout (2463 titres),5,12,2283018,123 Free,Hed Kandi,After Workout - 200 Lounge & Chillout Songs,247
Running & Workout (2463 titres),5,12,2283019,123 Free,Hed Kandi,After Workout - 200 Lounge & Chillout Songs,247
Running & Workout (2463 titres),5,12,2283020,123 Free,Hed Kandi,After Workout - 200 Lounge & Chillout Songs,247
Running & Workout (2463 titres),5,12,2283021,123 Free,Hed Kandi,After Workout - 200 Lounge & Chillout Songs,247
Running & Workout (2463 titres),5,12,2283022,123 Free,Hed Kandi,After Workout - 200 Lounge & Chillout Songs,247
Running & Workout (2463 titres),5,12,2283023,123 Free,Hed Kandi,After Workout - 200 Lounge & Chillout Songs,247
Running & Workout (2463 titres),5,12,2294902,123 Free,Hed Kandi,After Workout - 200 Lounge & Chillout Songs,247
Running & Workout (2463 titres),5,12,2294903,123 Free,Hed Kandi,After Workout - 200 Lounge & Chillout Songs,247
Running & Workout (2463 titres),5,12,2294904,123 Free,Hed Kandi,After Workout - 200 Lounge & Chillout Songs,247
Running & Workout (2463 titres),5,12,2294905,123 Free,Hed Kandi,After Workout - 200 Lounge & Chillout Songs,247
Running & Workout (2463 titres),5,12,2336514,123 Free,Hed Kandi,After Workout - 200 Lounge & Chillout Songs,247
Running & Workout (2463 titres),6,2,1209475,128 BPM,Workout Music Tv,40 Tabata Best Party Hits 2024 For Fitness & Workout (20 Sec. Work and 10 Sec. Rest Cycles With Vocal Cues / High Intensity Interval Training Compilation,255
Running & Workout (2463 titres),6,2,2111359,128 BPM,Workout Music Tv,40 Tabata Best Party Hits 2024 For Fitness & Workout (20 Sec. Work and 10 Sec. Rest Cycles With Vocal Cues / High Intensity Interval Training Compilation,255
Running & Workout (2463 titres),7,3,2278799,22 Past,Various Artists,After Workout - 200 Lounge & Chillout Songs,277
Running & Workout (2463 titres),7,3,2278800,22 Past,Various Artists,After Workout - 200 Lounge & Chillout Songs,277
Running & Workout (2463 titres),7,3,2282927,22 Past,Various Artists,After Workout - 200 Lounge & Chillout Songs,277
Running & Workout (2463 titres),8,5,2282929,22 Past,Hed Kandi,After Workout - 200 Lounge & Chillout Songs,277
Running & Workout (2463 titres),8,5,2282931,22 Past,Hed Kandi,After Workout - 200 Lounge & Chillout Songs,277
Running & Workout (2463 titres),8,5,2282933,22 Past,Hed Kandi,After Workout - 200 Lounge & Chillout Songs,277
Running & Workout (2463 titres),8,5,2294858,22 Past,Hed Kandi,After Workout - 200 Lounge & Chillout Songs,277
Running & Workout (2463 titres),8,5,2294859,22 Past,Hed Kandi,After Workout - 200 Lounge & Chillout Songs,277
Running & Workout (2463 titres),9,5,2065009,4 Seasons,Various Artists,After Workout - 200 Lounge & Chillout Songs,332
Running & Workout (2463 titres),9,5,2198917,4 Seasons,Various Artists,After Workout - 200 Lounge & Chillout Songs,332
Running & Workout (2463 titres),9,5,2278801,4 Seasons,Various Artists,After Workout - 200 Lounge & Chillout Songs,332
Running & Workout (2463 titres),9,5,2278802,4 Seasons,Various Artists,After Workout - 200 Lounge & Chillout Songs,332
Running & Workout (2463 titres),9,5,2282934,4 Seasons,Various Artists,After Workout - 200 Lounge & Chillout Songs,332
Running & Workout (2463 titres),10,7,2282935,4 Seasons,Hed Kandi,After Workout - 200 Lounge & Chillout Songs,332
Running & Workout (2463 titres),10,7,2282936,4 Seasons,Hed Kandi,After Workout - 200 Lounge & Chillout Songs,332
Running & Workout (2463 titres),10,7,2282937,4 Seasons,Hed Kandi,After Workout - 200 Lounge & Chillout Songs,332
Running & Workout (2463 titres),10,7,2294860,4 Seasons,Hed Kandi,After Workout - 200 Lounge & Chillout Songs,332
Running & Workout (2463 titres),10,7,2294861,4 Seasons,Hed Kandi,After Workout - 200 Lounge & Chillout Songs,332
Running & Workout (2463 titres),10,7,2336470,4 Seasons,Hed Kandi,After Workout - 200 Lounge & Chillout Songs,332
Running & Workout (2463 titres),10,7,2336471,4 Seasons,Hed Kandi,After Workout - 200 Lounge & Chillout Songs,332
Running & Workout (2463 titres),11,2,2115380,6:00AM,Kottonmouth Kings,KROWN POWER,168
Running & Workout (2463 titres),11,2,2167475,6:00AM,Kottonmouth Kings,KROWN POWER,168
Running & Workout (2463 titres),12,2,1988807,A Better World (Workout Version 140 BPM),Power Music Workout,Songs of Fall 2025,246
Running & Workout (2463 titres),12,2,2236374,A Better World (Workout Version 140 BPM),Power Music Workout,Songs of Fall 2025,246
Running & Workout (2463 titres),13,5,2065010,A Day Together,Various Artists,After Workout - 200 Lounge & Chillout Songs,229
Running & Workout (2463 titres),13,5,2198921,A Day Together,Various Artists,After Workout - 200 Lounge & Chillout Songs,229
Running & Workout (2463 titres),13,5,2278803,A Day Together,Various Artists,After Workout - 200 Lounge & Chillout Songs,229
Running & Workout (2463 titres),13,5,2278804,A Day Together,Various Artists,After Workout - 200 Lounge & Chillout Songs,229
Running & Workout (2463 titres),13,5,2282938,A Day Together,Various Artists,After Workout - 200 Lounge & Chillout Songs,229
Running & Workout (2463 titres),14,7,2282939,A Day Together,Hed Kandi,After Workout - 200 Lounge & Chillout Songs,229
Running & Workout (2463 titres),14,7,2282940,A Day Together,Hed Kandi,After Workout - 200 Lounge & Chillout Songs,229
Running & Workout (2463 titres),14,7,2282941,A Day Together,Hed Kandi,After Workout - 200 Lounge & Chillout Songs,229
Running & Workout (2463 titres),14,7,2294862,A Day Together,Hed Kandi,After Workout - 200 Lounge & Chillout Songs,229
Running & Workout (2463 titres),14,7,2294863,A Day Together,Hed Kandi,After Workout - 200 Lounge & Chillout Songs,229
Running & Workout (2463 titres),14,7,2336472,A Day Together,Hed Kandi,After Workout - 200 Lounge & Chillout Songs,229
Running & Workout (2463 titres),14,7,2336473,A Day Together,Hed Kandi,After Workout - 200 Lounge & Chillout Songs,229
Running & Workout (2463 titres),15,9,1951321,A Daydreams Day,Various Artists,After Workout - 200 Lounge & Chillout Songs,245
Running & Workout (2463 titres),15,9,2065011,A Daydreams Day,Various Artists,After Workout - 200 Lounge & Chillout Songs,245
Running & Workout (2463 titres),15,9,2198924,A Daydreams Day,Various Artists,After Workout - 200 Lounge & Chillout Songs,245
Running & Workout (2463 titres),15,9,2198925,A Daydreams Day,Various Artists,After Workout - 200 Lounge & Chillout Songs,245
Running & Workout (2463 titres),15,9,2278805,A Daydreams Day,Various Artists,After Workout - 200 Lounge & Chillout Songs,245
Running & Workout (2463 titres),15,9,2278806,A Daydreams Day,Various Artists,After Workout - 200 Lounge & Chillout Songs,245
Running & Workout (2463 titres),15,9,2278807,A Daydreams Day,Various Artists,After Workout - 200 Lounge & Chillout Songs,245
Running & Workout (2463 titres),15,9,2278808,A Daydreams Day,Various Artists,After Workout - 200 Lounge & Chillout Songs,245
Running & Workout (2463 titres),15,9,2282942,A Daydreams Day,Various Artists,After Workout - 200 Lounge & Chillout Songs,245
Running & Workout (2463 titres),16,13,2282943,A Daydreams Day,Hed Kandi,After Workout - 200 Lounge & Chillout Songs,245
Running & Workout (2463 titres),16,13,2282944,A Daydreams Day,Hed Kandi,After Workout - 200 Lounge & Chillout Songs,245
Running & Workout (2463 titres),16,13,2282945,A Daydreams Day,Hed Kandi,After Workout - 200 Lounge & Chillout Songs,245
Running & Workout (2463 titres),16,13,2282947,A Daydreams Day,Hed Kandi,After Workout - 200 Lounge & Chillout Songs,245
Running & Workout (2463 titres),16,13,2282949,A Daydreams Day,Hed Kandi,After Workout - 200 Lounge & Chillout Songs,245
Running & Workout (2463 titres),16,13,2282951,A Daydreams Day,Hed Kandi,After Workout - 200 Lounge & Chillout Songs,245
Running & Workout (2463 titres),16,13,2282953,A Daydreams Day,Hed Kandi,After Workout - 200 Lounge & Chillout Songs,245
Running & Workout (2463 titres),16,13,2294865,A Daydreams Day,Hed Kandi,After Workout - 200 Lounge & Chillout Songs,245
Running & Workout (2463 titres),16,13,2294867,A Daydreams Day,Hed Kandi,After Workout - 200 Lounge & Chillout Songs,245
Running & Workout (2463 titres),16,13,2294869,A Daydreams Day,Hed Kandi,After Workout - 200 Lounge & Chillout Songs,245
Running & Workout (2463 titres),16,13,2294871,A Daydreams Day,Hed Kandi,After Workout - 200 Lounge & Chillout Songs,245
Running & Workout (2463 titres),16,13,2336475,A Daydreams Day,Hed Kandi,After Workout - 200 Lounge & Chillout Songs,245
Running & Workout (2463 titres),16,13,2336477,A Daydreams Day,Hed Kandi,After Workout - 200 Lounge & Chillout Songs,245
Running & Workout (2463 titres),17,5,2065012,A Dinner for One,Various Artists,After Workout - 200 Lounge & Chillout Songs,237
Running & Workout (2463 titres),17,5,2198929,A Dinner for One,Various Artists,After Workout - 200 Lounge & Chillout Songs,237
Running & Workout (2463 titres),17,5,2278809,A Dinner for One,Various Artists,After Workout - 200 Lounge & Chillout Songs,237
Running & Workout (2463 titres),17,5,2278810,A Dinner for One,Various Artists,After Workout - 200 Lounge & Chillout Songs,237
Running & Workout (2463 titres),17,5,2282954,A Dinner for One,Various Artists,After Workout - 200 Lounge & Chillout Songs,237
Running & Workout (2463 titres),18,7,2282955,A Dinner for One,Hed Kandi,After Workout - 200 Lounge & Chillout Songs,237
Running & Workout (2463 titres),18,7,2282956,A Dinner for One,Hed Kandi,After Workout - 200 Lounge & Chillout Songs,237
Running & Workout (2463 titres),18,7,2282957,A Dinner for One,Hed Kandi,After Workout - 200 Lounge & Chillout Songs,237
Running & Workout (2463 titres),18,7,2294872,A Dinner for One,Hed Kandi,After Workout - 200 Lounge & Chillout Songs,237
Running & Workout (2463 titres),18,7,2294873,A Dinner for One,Hed Kandi,After Workout - 200 Lounge & Chillout Songs,237
Running & Workout (2463 titres),18,7,2336478,A Dinner for One,Hed Kandi,After Workout - 200 Lounge & Chillout Songs,237
Running & Workout (2463 titres),18,7,2336479,A Dinner for One,Hed Kandi,After Workout - 200 Lounge & Chillout Songs,237
Running & Workout (2463 titres),19,7,2198932,A Fool Like Me (Slomo Version),Various Artists,After Workout - 200 Lounge & Chillout Songs,246
Running & Workout (2463 titres),19,7,2198933,A Fool Like Me (Slomo Version),Various Artists,After Workout - 200 Lounge & Chillout Songs,246
Running & Workout (2463 titres),19,7,2278764,A Fool Like Me (Slomo Version),Various Artists,After Workout - 200 Lounge & Chillout Songs,246
Running & Workout (2463 titres),19,7,2278765,A Fool Like Me (Slomo Version),Various Artists,After Workout - 200 Lounge & Chillout Songs,246
Running & Workout (2463 titres),19,7,2278766,A Fool Like Me (Slomo Version),Various Artists,After Workout - 200 Lounge & Chillout Songs,246
Running & Workout (2463 titres),19,7,2278767,A Fool Like Me (Slomo Version),Various Artists,After Workout - 200 Lounge & Chillout Songs,246
Running & Workout (2463 titres),19,7,2282958,A Fool Like Me (Slomo Version),Various Artists,After Workout - 200 Lounge & Chillout Songs,246
Running & Workout (2463 titres),20,11,2282959,A Fool Like Me (Slomo Version),Hed Kandi,After Workout - 200 Lounge & Chillout Songs,246
Running & Workout (2463 titres),20,11,2282960,A Fool Like Me (Slomo Version),Hed Kandi,After Workout - 200 Lounge & Chillout Songs,246
Running & Workout (2463 titres),20,11,2282961,A Fool Like Me (Slomo Version),Hed Kandi,After Workout - 200 Lounge & Chillout Songs,246
Running & Workout (2463 titres),20,11,2282962,A Fool Like Me (Slomo Version),Hed Kandi,After Workout - 200 Lounge & Chillout Songs,246
Running & Workout (2463 titres),20,11,2282963,A Fool Like Me (Slomo Version),Hed Kandi,After Workout - 200 Lounge & Chillout Songs,246
Running & Workout (2463 titres),20,11,2282964,A Fool Like Me (Slomo Version),Hed Kandi,After Workout - 200 Lounge & Chillout Songs,246
Running & Workout (2463 titres),20,11,2282965,A Fool Like Me (Slomo Version),Hed Kandi,After Workout - 200 Lounge & Chillout Songs,246
Running & Workout (2463 titres),20,11,2294874,A Fool Like Me (Slomo Version),Hed Kandi,After Workout - 200 Lounge & Chillout Songs,246
Running & Workout (2463 titres),20,11,2294875,A Fool Like Me (Slomo Version),Hed Kandi,After Workout - 200 Lounge & Chillout Songs,246
Running & Workout (2463 titres),20,11,2294876,A Fool Like Me (Slomo Version),Hed Kandi,After Workout - 200 Lounge & Chillout Songs,246
Running & Workout (2463 titres),20,11,2294877,A Fool Like Me (Slomo Version),Hed Kandi,After Workout - 200 Lounge & Chillout Songs,246
Running & Workout (2463 titres),21,5,2065014,A Gentle Wind,Various Artists,After Workout - 200 Lounge & Chillout Songs,345
Running & Workout (2463 titres),21,5,2198937,A Gentle Wind,Various Artists,After Workout - 200 Lounge & Chillout Songs,345
Running & Workout (2463 titres),21,5,2278768,A Gentle Wind,Various Artists,After Workout - 200 Lounge & Chillout Songs,345
Running & Workout (2463 titres),21,5,2278769,A Gentle Wind,Various Artists,After Workout - 200 Lounge & Chillout Songs,345
Running & Workout (2463 titres),21,5,2282966,A Gentle Wind,Various Artists,After Workout - 200 Lounge & Chillout Songs,345
Running & Workout (2463 titres),22,8,2282967,A Gentle Wind,Hed Kandi,After Workout - 200 Lounge & Chillout Songs,345
Running & Workout (2463 titres),22,8,2282968,A Gentle Wind,Hed Kandi,After Workout - 200 Lounge & Chillout Songs,345
Running & Workout (2463 titres),22,8,2282969,A Gentle Wind,Hed Kandi,After Workout - 200 Lounge & Chillout Songs,345
Running & Workout (2463 titres),22,8,2294878,A Gentle Wind,Hed Kandi,After Workout - 200 Lounge & Chillout Songs,345
Running & Workout (2463 titres),22,8,2294879,A Gentle Wind,Hed Kandi,After Workout - 200 Lounge & Chillout Songs,345
Running & Workout (2463 titres),22,8,2336480,A Gentle Wind,Hed Kandi,After Workout - 200 Lounge & Chillout Songs,345
Running & Workout (2463 titres),22,8,2336481,A Gentle Wind,Hed Kandi,After Workout - 200 Lounge & Chillout Songs,345
Running & Workout (2463 titres),22,8,2336482,A Gentle Wind,Hed Kandi,After Workout - 200 Lounge & Chillout Songs,345
Running & Workout (2463 titres),23,3,1988802,A Little More (Workout Version 134 BPM),Power Music Workout,Songs of Fall 2025,236
Running & Workout (2463 titres),23,3,2093065,A Little More (Workout Version 134 BPM),Power Music Workout,"55 Smash Hits! Running Mix, Vol. 13",244
Running & Workout (2463 titres),23,3,2236375,A Little More (Workout Version 134 BPM),Power Music Workout,Songs of Fall 2025,236
Running & Workout (2463 titres),24,7,2198804,A Mission of Love (Video Edit),Various Artists,After Workout - 200 Lounge & Chillout Songs,207
Running & Workout (2463 titres),24,7,2260704,A Mission of Love (Video Edit),Various Artists,After Workout - 200 Lounge & Chillout Songs,207
Running & Workout (2463 titres),24,7,2278770,A Mission of Love (Video Edit),Various Artists,After Workout - 200 Lounge & Chillout Songs,207
Running & Workout (2463 titres),24,7,2278771,A Mission of Love (Video Edit),Various Artists,After Workout - 200 Lounge & Chillout Songs,207
Running & Workout (2463 titres),24,7,2282970,A Mission of Love (Video Edit),Various Artists,After Workout - 200 Lounge & Chillout Songs,207
Running & Workout (2463 titres),24,7,2260678,A Mission of Love (video edit),Various Artists,After Workout - 200 Lounge & Chillout Songs,207
Running & Workout (2463 titres),24,7,2278772,A Mission of Love (video edit),Various Artists,After Workout - 200 Lounge & Chillout Songs,207
Running & Workout (2463 titres),25,13,2282971,A Mission of Love (Video Edit),Hed Kandi,After Workout - 200 Lounge & Chillout Songs,207
Running & Workout (2463 titres),25,13,2282972,A Mission of Love (Video Edit),Hed Kandi,After Workout - 200 Lounge & Chillout Songs,207
Running & Workout (2463 titres),25,13,2282973,A Mission of Love (Video Edit),Hed Kandi,After Workout - 200 Lounge & Chillout Songs,207
Running & Workout (2463 titres),25,13,2294880,A Mission of Love (Video Edit),Hed Kandi,After Workout - 200 Lounge & Chillout Songs,207
Running & Workout (2463 titres),25,13,2294881,A Mission of Love (Video Edit),Hed Kandi,After Workout - 200 Lounge & Chillout Songs,207
Running & Workout (2463 titres),25,13,2336483,A Mission of Love (Video Edit),Hed Kandi,After Workout - 200 Lounge & Chillout Songs,207
Running & Workout (2463 titres),25,13,2336484,A Mission of Love (Video Edit),Hed Kandi,After Workout - 200 Lounge & Chillout Songs,207
Running & Workout (2463 titres),25,13,2336485,A Mission of Love (Video Edit),Hed Kandi,After Workout - 200 Lounge & Chillout Songs,207
Running & Workout (2463 titres),25,13,2282974,A Mission of Love (video edit),Hed Kandi,After Workout - 200 Lounge & Chillout Songs,207
Running & Workout (2463 titres),25,13,2282975,A Mission of Love (video edit),Hed Kandi,After Workout - 200 Lounge & Chillout Songs,207
Running & Workout (2463 titres),25,13,2294882,A Mission of Love (video edit),Hed Kandi,After Workout - 200 Lounge & Chillout Songs,207
Running & Workout (2463 titres),25,13,2336486,A Mission of Love (video edit),Hed Kandi,After Workout - 200 Lounge & Chillout Songs,207
Running & Workout (2463 titres),25,13,2336487,A Mission of Love (video edit),Hed Kandi,After Workout - 200 Lounge & Chillout Songs,207
Running & Workout (2463 titres),26,7,2198811,A Night 2 Remember,Various Artists,After Workout - 200 Lounge & Chillout Songs,190
Running & Workout (2463 titres),26,7,2260679,A Night 2 Remember,Various Artists,After Workout - 200 Lounge & Chillout Songs,190
Running & Workout (2463 titres),26,7,2278773,A Night 2 Remember,Various Artists,After Workout - 200 Lounge & Chillout Songs,190
Running & Workout (2463 titres),26,7,2278774,A Night 2 Remember,Various Artists,After Workout - 200 Lounge & Chillout Songs,190
Running & Workout (2463 titres),26,7,2278775,A Night 2 Remember,Various Artists,After Workout - 200 Lounge & Chillout Songs,190
Running & Workout (2463 titres),26,7,2282976,A Night 2 Remember,Various Artists,After Workout - 200 Lounge & Chillout Songs,190
Running & Workout (2463 titres),26,7,2356847,A Night 2 Remember,Various Artists,After Workout - 200 Lounge & Chillout Songs,190
Running & Workout (2463 titres),27,12,2282977,A Night 2 Remember,Hed Kandi,After Workout - 200 Lounge & Chillout Songs,190
Running & Workout (2463 titres),27,12,2282978,A Night 2 Remember,Hed Kandi,After Workout - 200 Lounge & Chillout Songs,190
Running & Workout (2463 titres),27,12,2282979,A Night 2 Remember,Hed Kandi,After Workout - 200 Lounge & Chillout Songs,190
Running & Workout (2463 titres),27,12,2282980,A Night 2 Remember,Hed Kandi,After Workout - 200 Lounge & Chillout Songs,190
Running & Workout (2463 titres),27,12,2282981,A Night 2 Remember,Hed Kandi,After Workout - 200 Lounge & Chillout Songs,190
Running & Workout (2463 titres),27,12,2294883,A Night 2 Remember,Hed Kandi,After Workout - 200 Lounge & Chillout Songs,190
Running & Workout (2463 titres),27,12,2294884,A Night 2 Remember,Hed Kandi,After Workout - 200 Lounge & Chillout Songs,190
Running & Workout (2463 titres),27,12,2294885,A Night 2 Remember,Hed Kandi,After Workout - 200 Lounge & Chillout Songs,190
Running & Workout (2463 titres),27,12,2336488,A Night 2 Remember,Hed Kandi,After Workout - 200 Lounge & Chillout Songs,190
Running & Workout (2463 titres),27,12,2336489,A Night 2 Remember,Hed Kandi,After Workout - 200 Lounge & Chillout Songs,190
Running & Workout (2463 titres),27,12,2336491,A Night 2 Remember,Hed Kandi,After Workout - 200 Lounge & Chillout Songs,190
Running & Workout (2463 titres),27,12,2336492,A Night 2 Remember,Hed Kandi,After Workout - 200 Lounge & Chillout Songs,190
Running & Workout (2463 titres),28,5,2198815,A Ninebot Trip,Various Artists,After Workout - 200 Lounge & Chillout Songs,225
Running & Workout (2463 titres),28,5,2260680,A Ninebot Trip,Various Artists,After Workout - 200 Lounge & Chillout Songs,225
Running & Workout (2463 titres),28,5,2278776,A Ninebot Trip,Various Artists,After Workout - 200 Lounge & Chillout Songs,225
Running & Workout (2463 titres),28,5,2278777,A Ninebot Trip,Various Artists,After Workout - 200 Lounge & Chillout Songs,225
Running & Workout (2463 titres),28,5,2282982,A Ninebot Trip,Various Artists,After Workout - 200 Lounge & Chillout Songs,225
Running & Workout (2463 titres),29,8,2282983,A Ninebot Trip,Hed Kandi,After Workout - 200 Lounge & Chillout Songs,225
Running & Workout (2463 titres),29,8,2282985,A Ninebot Trip,Hed Kandi,After Workout - 200 Lounge & Chillout Songs,225
Running & Workout (2463 titres),29,8,2282986,A Ninebot Trip,Hed Kandi,After Workout - 200 Lounge & Chillout Songs,225
Running & Workout (2463 titres),29,8,2294886,A Ninebot Trip,Hed Kandi,After Workout - 200 Lounge & Chillout Songs,225
Running & Workout (2463 titres),29,8,2294887,A Ninebot Trip,Hed Kandi,After Workout - 200 Lounge & Chillout Songs,225
Running & Workout (2463 titres),29,8,2336493,A Ninebot Trip,Hed Kandi,After Workout - 200 Lounge & Chillout Songs,225
Running & Workout (2463 titres),29,8,2336494,A Ninebot Trip,Hed Kandi,After Workout - 200 Lounge & Chillout Songs,225
Running & Workout (2463 titres),29,8,2336495,A Ninebot Trip,Hed Kandi,After Workout - 200 Lounge & Chillout Songs,225
Running & Workout (2463 titres),30,4,2205155,A Running Start,Sufjan Stevens,Javelin,261
Running & Workout (2463 titres),30,4,2232682,A Running Start,Sufjan Stevens,Javelin,261
Running & Workout (2463 titres),30,4,2265563,A Running Start,Sufjan Stevens,Javelin,261
Running & Workout (2463 titres),30,4,2302323,A Running Start,Sufjan Stevens,Javelin,261
Running & Workout (2463 titres),31,3,2198821,A Star Explosion,Various Artists,After Workout - 200 Lounge & Chillout Songs,268
Running & Workout (2463 titres),31,3,2278779,A Star Explosion,Various Artists,After Workout - 200 Lounge & Chillout Songs,268
Running & Workout (2463 titres),31,3,2282988,A Star Explosion,Various Artists,After Workout - 200 Lounge & Chillout Songs,268
Running & Workout (2463 titres),32,4,2282989,A Star Explosion,Hed Kandi,After Workout - 200 Lounge & Chillout Songs,268
Running & Workout (2463 titres),32,4,2294888,A Star Explosion,Hed Kandi,After Workout - 200 Lounge & Chillout Songs,268
Running & Workout (2463 titres),32,4,2336497,A Star Explosion,Hed Kandi,After Workout - 200 Lounge & Chillout Songs,268
Running & Workout (2463 titres),32,4,2336498,A Star Explosion,Hed Kandi,After Workout - 200 Lounge & Chillout Songs,268
Running & Workout (2463 titres),33,5,2198825,A Time of Seccos,Various Artists,After Workout - 200 Lounge & Chillout Songs,209
Running & Workout (2463 titres),33,5,2278780,A Time of Seccos,Various Artists,After Workout - 200 Lounge & Chillout Songs,209
Running & Workout (2463 titres),33,5,2278781,A Time of Seccos,Various Artists,After Workout - 200 Lounge & Chillout Songs,209
Running & Workout (2463 titres),33,5,2282990,A Time of Seccos,Various Artists,After Workout - 200 Lounge & Chillout Songs,209
Running & Workout (2463 titres),33,5,2356843,A Time of Seccos,Various Artists,After Workout - 200 Lounge & Chillout Songs,209
Running & Workout (2463 titres),34,8,2282991,A Time of Seccos,Hed Kandi,After Workout - 200 Lounge & Chillout Songs,209
Running & Workout (2463 titres),34,8,2282992,A Time of Seccos,Hed Kandi,After Workout - 200 Lounge & Chillout Songs,209
Running & Workout (2463 titres),34,8,2282993,A Time of Seccos,Hed Kandi,After Workout - 200 Lounge & Chillout Songs,209
Running & Workout (2463 titres),34,8,2294889,A Time of Seccos,Hed Kandi,After Workout - 200 Lounge & Chillout Songs,209
Running & Workout (2463 titres),34,8,2294890,A Time of Seccos,Hed Kandi,After Workout - 200 Lounge & Chillout Songs,209
Running & Workout (2463 titres),34,8,2336499,A Time of Seccos,Hed Kandi,After Workout - 200 Lounge & Chillout Songs,209
Running & Workout (2463 titres),34,8,2336500,A Time of Seccos,Hed Kandi,After Workout - 200 Lounge & Chillout Songs,209
Running & Workout (2463 titres),34,8,2336501,A Time of Seccos,Hed Kandi,After Workout - 200 Lounge & Chillout Songs,209
Running & Workout (2463 titres),35,3,2198829,Abflug,Various Artists,After Workout - 200 Lounge & Chillout Songs,404
Running & Workout (2463 titres),35,3,2278782,Abflug,Various Artists,After Workout - 200 Lounge & Chillout Songs,404
Running & Workout (2463 titres),35,3,2282994,Abflug,Various Artists,After Workout - 200 Lounge & Chillout Songs,404
Running & Workout (2463 titres),36,4,2282995,Abflug,Hed Kandi,After Workout - 200 Lounge & Chillout Songs,404
Running & Workout (2463 titres),36,4,2294891,Abflug,Hed Kandi,After Workout - 200 Lounge & Chillout Songs,404
Running & Workout (2463 titres),36,4,2336502,Abflug,Hed Kandi,After Workout - 200 Lounge & Chillout Songs,404
Running & Workout (2463 titres),36,4,2336503,Abflug,Hed Kandi,After Workout - 200 Lounge & Chillout Songs,404
Running & Workout (2463 titres),37,12,2336504,Ach Du (Slomo Version),Hed Kandi,After Workout - 200 Lounge & Chillout Songs,260
Running & Workout (2463 titres),37,12,2282997,Ach du (Slomo Version),Hed Kandi,After Workout - 200 Lounge & Chillout Songs,260
Running & Workout (2463 titres),37,12,2282998,Ach du (Slomo Version),Hed Kandi,After Workout - 200 Lounge & Chillout Songs,260
Running & Workout (2463 titres),37,12,2282999,Ach du (Slomo Version),Hed Kandi,After Workout - 200 Lounge & Chillout Songs,260
Running & Workout (2463 titres),37,12,2283000,Ach du (Slomo Version),Hed Kandi,After Workout - 200 Lounge & Chillout Songs,260
Running & Workout (2463 titres),37,12,2283001,Ach du (Slomo Version),Hed Kandi,After Workout - 200 Lounge & Chillout Songs,260
Running & Workout (2463 titres),37,12,2284548,Ach du (Slomo Version),Hed Kandi,After Workout - 200 Lounge & Chillout Songs,260
Running & Workout (2463 titres),37,12,2294892,Ach du (Slomo Version),Hed Kandi,After Workout - 200 Lounge & Chillout Songs,260
Running & Workout (2463 titres),37,12,2294893,Ach du (Slomo Version),Hed Kandi,After Workout - 200 Lounge & Chillout Songs,260
Running & Workout (2463 titres),37,12,2294894,Ach du (Slomo Version),Hed Kandi,After Workout - 200 Lounge & Chillout Songs,260
Running & Workout (2463 titres),37,12,2336505,Ach du (Slomo Version),Hed Kandi,After Workout - 200 Lounge & Chillout Songs,260
Running & Workout (2463 titres),37,12,2336506,Ach du (Slomo Version),Hed Kandi,After Workout - 200 Lounge & Chillout Songs,260
Running & Workout (2463 titres),38,7,2356848,Ach Du (Slomo Version),Various Artists,After Workout - 200 Lounge & Chillout Songs,260
Running & Workout (2463 titres),38,7,2198833,Ach du (Slomo Version),Various Artists,After Workout - 200 Lounge & Chillout Songs,260
Running & Workout (2463 titres),38,7,2198836,Ach du (Slomo Version),Various Artists,After Workout - 200 Lounge & Chillout Songs,260
Running & Workout (2463 titres),38,7,2278783,Ach du (Slomo Version),Various Artists,After Workout - 200 Lounge & Chillout Songs,260
Running & Workout (2463 titres),38,7,2278784,Ach du (Slomo Version),Various Artists,After Workout - 200 Lounge & Chillout Songs,260
Running & Workout (2463 titres),38,7,2278785,Ach du (Slomo Version),Various Artists,After Workout - 200 Lounge & Chillout Songs,260
Running & Workout (2463 titres),38,7,2282996,Ach du (Slomo Version),Various Artists,After Workout - 200 Lounge & Chillout Songs,260
Running & Workout (2463 titres),39,12,2336507,Ach Und Lach,Hed Kandi,After Workout - 200 Lounge & Chillout Songs,211
Running & Workout (2463 titres),39,12,2283003,Ach und lach,Hed Kandi,After Workout - 200 Lounge & Chillout Songs,211
Running & Workout (2463 titres),39,12,2283004,Ach und lach,Hed Kandi,After Workout - 200 Lounge & Chillout Songs,211
Running & Workout (2463 titres),39,12,2283005,Ach und lach,Hed Kandi,After Workout - 200 Lounge & Chillout Songs,211
Running & Workout (2463 titres),39,12,2283006,Ach und lach,Hed Kandi,After Workout - 200 Lounge & Chillout Songs,211
Running & Workout (2463 titres),39,12,2283007,Ach und lach,Hed Kandi,After Workout - 200 Lounge & Chillout Songs,211
Running & Workout (2463 titres),39,12,2284549,Ach und lach,Hed Kandi,After Workout - 200 Lounge & Chillout Songs,211
Running & Workout (2463 titres),39,12,2294895,Ach und lach,Hed Kandi,After Workout - 200 Lounge & Chillout Songs,211
Running & Workout (2463 titres),39,12,2294896,Ach und lach,Hed Kandi,After Workout - 200 Lounge & Chillout Songs,211
Running & Workout (2463 titres),39,12,2294897,Ach und lach,Hed Kandi,After Workout - 200 Lounge & Chillout Songs,211
Running & Workout (2463 titres),39,12,2336508,Ach und lach,Hed Kandi,After Workout - 200 Lounge & Chillout Songs,211
Running & Workout (2463 titres),39,12,2336509,Ach und lach,Hed Kandi,After Workout - 200 Lounge & Chillout Songs,211
Running & Workout (2463 titres),40,7,2356844,Ach Und Lach,Various Artists,After Workout - 200 Lounge & Chillout Songs,211
Running & Workout (2463 titres),40,7,2198837,Ach und lach,Various Artists,After Workout - 200 Lounge & Chillout Songs,211
Running & Workout (2463 titres),40,7,2198840,Ach und lach,Various Artists,After Workout - 200 Lounge & Chillout Songs,211
Running & Workout (2463 titres),40,7,2278786,Ach und lach,Various Artists,After Workout - 200 Lounge & Chillout Songs,211
Running & Workout (2463 titres),40,7,2278787,Ach und lach,Various Artists,After Workout - 200 Lounge & Chillout Songs,211
Running & Workout (2463 titres),40,7,2278788,Ach und lach,Various Artists,After Workout - 200 Lounge & Chillout Songs,211
Running & Workout (2463 titres),40,7,2283002,Ach und lach,Various Artists,After Workout - 200 Lounge & Chillout Songs,211
Running & Workout (2463 titres),41,12,2336510,Achtsamkeit Zu Zweit,Hed Kandi,After Workout - 200 Lounge & Chillout Songs,251
Running & Workout (2463 titres),41,12,2283009,Achtsamkeit zu zweit,Hed Kandi,After Workout - 200 Lounge & Chillout Songs,251
Running & Workout (2463 titres),41,12,2283010,Achtsamkeit zu zweit,Hed Kandi,After Workout - 200 Lounge & Chillout Songs,251
Running & Workout (2463 titres),41,12,2283011,Achtsamkeit zu zweit,Hed Kandi,After Workout - 200 Lounge & Chillout Songs,251
Running & Workout (2463 titres),41,12,2283012,Achtsamkeit zu zweit,Hed Kandi,After Workout - 200 Lounge & Chillout Songs,251
Running & Workout (2463 titres),41,12,2283013,Achtsamkeit zu zweit,Hed Kandi,After Workout - 200 Lounge & Chillout Songs,251
Running & Workout (2463 titres),41,12,2284550,Achtsamkeit zu zweit,Hed Kandi,After Workout - 200 Lounge & Chillout Songs,251
Running & Workout (2463 titres),41,12,2294898,Achtsamkeit zu zweit,Hed Kandi,After Workout - 200 Lounge & Chillout Songs,251
Running & Workout (2463 titres),41,12,2294899,Achtsamkeit zu zweit,Hed Kandi,After Workout - 200 Lounge & Chillout Songs,251
Running & Workout (2463 titres),41,12,2294900,Achtsamkeit zu zweit,Hed Kandi,After Workout - 200 Lounge & Chillout Songs,251
Running & Workout (2463 titres),41,12,2336511,Achtsamkeit zu zweit,Hed Kandi,After Workout - 200 Lounge & Chillout Songs,251
Running & Workout (2463 titres),41,12,2336512,Achtsamkeit zu zweit,Hed Kandi,After Workout - 200 Lounge & Chillout Songs,251
Running & Workout (2463 titres),42,7,2356842,Achtsamkeit Zu Zweit,Various Artists,After Workout - 200 Lounge & Chillout Songs,251
Running & Workout (2463 titres),42,7,2198841,Achtsamkeit zu zweit,Various Artists,After Workout - 200 Lounge & Chillout Songs,251
Running & Workout (2463 titres),42,7,2198844,Achtsamkeit zu zweit,Various Artists,After Workout - 200 Lounge & Chillout Songs,251
Running & Workout (2463 titres),42,7,2278789,Achtsamkeit zu zweit,Various Artists,After Workout - 200 Lounge & Chillout Songs,251
Running & Workout (2463 titres),42,7,2278790,Achtsamkeit zu zweit,Various Artists,After Workout - 200 Lounge & Chillout Songs,251
Running & Workout (2463 titres),42,7,2278791,Achtsamkeit zu zweit,Various Artists,After Workout - 200 Lounge & Chillout Songs,251
Running & Workout (2463 titres),42,7,2283008,Achtsamkeit zu zweit,Various Artists,After Workout - 200 Lounge & Chillout Songs,251
Running & Workout (2463 titres),43,2,2198848,Alge for Peace (Ambient Cut),Various Artists,After Workout - 200 Lounge & Chillout Songs,178
Running & Workout (2463 titres),43,2,2260683,Alge for Peace (Ambient Cut),Various Artists,After Workout - 200 Lounge & Chillout Songs,178
Running & Workout (2463 titres),44,2,2198852,All Right,Various Artists,After Workout - 200 Lounge & Chillout Songs,356
Running & Workout (2463 titres),44,2,2260684,All Right,Various Artists,After Workout - 200 Lounge & Chillout Songs,356
Running & Workout (2463 titres),45,4,2198856,All for You (For Me Mix),Various Artists,After Workout - 200 Lounge & Chillout Songs,235
Running & Workout (2463 titres),45,4,2260686,All for You (For Me Mix),Various Artists,After Workout - 200 Lounge & Chillout Songs,235
Running & Workout (2463 titres),45,4,1951299,All for You (For Me mix),Various Artists,After Workout - 200 Lounge & Chillout Songs,235
Running & Workout (2463 titres),45,4,2260688,All for You (For Me mix),Various Artists,After Workout - 200 Lounge & Chillout Songs,235
Running & Workout (2463 titres),46,2,2109976,Always Gonna Love You,Gary Moore,Corridors of Power,234
Running & Workout (2463 titres),46,2,2154768,Always Gonna Love You,Gary Moore,Corridors of Power,234
Running & Workout (2463 titres),47,2,2198859,Alyssum,Various Artists,After Workout - 200 Lounge & Chillout Songs,323
Running & Workout (2463 titres),47,2,2260689,Alyssum,Various Artists,After Workout - 200 Lounge & Chillout Songs,323
Running & Workout (2463 titres),48,4,2141807,Amusing,Various Artists,After Workout - 200 Lounge & Chillout Songs,307
Running & Workout (2463 titres),48,4,2260690,Amusing,Various Artists,After Workout - 200 Lounge & Chillout Songs,307
Running & Workout (2463 titres),48,4,2278762,Amusing,Various Artists,After Workout - 200 Lounge & Chillout Songs,307
Running & Workout (2463 titres),48,4,2356852,Amusing,Various Artists,after workout - 200 lounge & chillout songs,307
Running & Workout (2463 titres),49,2,2198863,Angel's Call,Various Artists,After Workout - 200 Lounge & Chillout Songs,277
Running & Workout (2463 titres),49,2,2260691,Angel's Call,Various Artists,After Workout - 200 Lounge & Chillout Songs,277
Running & Workout (2463 titres),50,4,1300953,Antidote,swedish house mafia vs knife party,Now Thats What I Call Running CD2,177
Running & Workout (2463 titres),50,4,2114562,Antidote,swedish house mafia vs knife party,Now Thats What I Call Running CD2,179
Running & Workout (2463 titres),50,4,2124963,Antidote,swedish house mafia vs knife party,Now Thats What I Call Running CD2,92
Running & Workout (2463 titres),50,4,2306928,Antidote,swedish house mafia vs knife party,Now Thats What I Call Running CD2,92
Running & Workout (2463 titres),51,2,1953969,Anyway (Radio Edit),Duck Sauce,100 Hits - Running Songs 2014 Cd1,155
Running & Workout (2463 titres),51,2,1849550,aNYway (Radio Edit),Duck Sauce,100 Hits - Running Songs 2014 Cd1,155
Running & Workout (2463 titres),52,2,1988818,Autumn Harmony (Workout Version 95 BPM),Power Music Workout,Power Chilled Vol. 11 (Down Tempo Chill Out Grooves),303
Running & Workout (2463 titres),52,2,2197899,Autumn Harmony (Workout Version 95 BPM),Power Music Workout,Power Chilled Vol. 11 (Down Tempo Chill Out Grooves),303
Running & Workout (2463 titres),53,3,1951355,Aweeh (Hs2 Version),Various Artists,After Workout - 200 Lounge & Chillout Songs,525
Running & Workout (2463 titres),53,3,2198866,Aweeh (Hs2 Version),Various Artists,After Workout - 200 Lounge & Chillout Songs,525
Running & Workout (2463 titres),53,3,2260692,Aweeh (Hs2 Version),Various Artists,After Workout - 200 Lounge & Chillout Songs,525
Running & Workout (2463 titres),54,2,2287708,Bad Boys (Moto Blanco Radio mix),Alexandra Burke,101 Running Songs Lap 2 Cd2,203
Running & Workout (2463 titres),54,2,1849128,Bad Boys (Moto Blanco radio mix),Alexandra Burke,101 Running Songs Lap 2,203
Running & Workout (2463 titres),55,4,1851433,Bad Boys Running Wild,Scorpions,Love At First Sting (50th Anniversary Deluxe Edition),236
Running & Workout (2463 titres),55,4,1851822,Bad Boys Running Wild,Scorpions,The Platinum Collection (CD 2),18
Running & Workout (2463 titres),55,4,2097817,Bad Boys Running Wild,Scorpions,Love at First Sting,235
Running & Workout (2463 titres),55,4,2309297,Bad Boys Running Wild,Scorpions,Love at First Sting,235
Running & Workout (2463 titres),56,2,1949462,Baila Pa Emociona | Calypso,Zumba Fitness,Zumba Fitness Cardio Party Soundtrack,251
Running & Workout (2463 titres),56,2,2120068,Baila pa Emociona - Calypso,Zumba Fitness,Cardio Party Soundtrack,251
Running & Workout (2463 titres),57,3,2105606,Balminess,Various Artists,After Workout - 200 Lounge & Chillout Songs,341
Running & Workout (2463 titres),57,3,2256915,Balminess,Various Artists,After Workout - 200 Lounge & Chillout Songs,341
Running & Workout (2463 titres),57,3,2260693,Balminess,Various Artists,After Workout - 200 Lounge & Chillout Songs,341
Running & Workout (2463 titres),58,3,2198870,Be Free,Various Artists,After Workout - 200 Lounge & Chillout Songs,232
Running & Workout (2463 titres),58,3,2260694,Be Free,Various Artists,After Workout - 200 Lounge & Chillout Songs,232
Running & Workout (2463 titres),58,3,2356845,Be Free,Various Artists,After Workout - 200 Lounge & Chillout Songs,232
Running & Workout (2463 titres),59,2,1988814,Before The Light (Workout Version 95 BPM),Power Music Workout,Power Chilled Vol. 11 (Down Tempo Chill Out Grooves),303
Running & Workout (2463 titres),59,2,2183732,Before The Light (Workout Version 95 BPM),Power Music Workout,Power Chilled Vol. 11 (Down Tempo Chill Out Grooves),303
Running & Workout (2463 titres),60,3,2198872,Believe It or Not (Instrumental Lounge Mix),Various Artists,After Workout - 200 Lounge & Chillout Songs,254
Running & Workout (2463 titres),60,3,2260695,Believe It or Not (Instrumental Lounge Mix),Various Artists,After Workout - 200 Lounge & Chillout Songs,254
Running & Workout (2463 titres),60,3,2356846,Believe It or Not (Instrumental Lounge mix),Various Artists,After Workout - 200 Lounge & Chillout Songs,254
Running & Workout (2463 titres),61,3,1951301,Below the Surface,Various Artists,After Workout - 200 Lounge & Chillout Songs,205
Running & Workout (2463 titres),61,3,2198874,Below the Surface,Various Artists,After Workout - 200 Lounge & Chillout Songs,205
Running & Workout (2463 titres),61,3,2260696,Below the Surface,Various Artists,After Workout - 200 Lounge & Chillout Songs,205
Running & Workout (2463 titres),62,2,2198876,Big Rolls V,Various Artists,After Workout - 200 Lounge & Chillout Songs,327
Running & Workout (2463 titres),62,2,2260697,Big Rolls V,Various Artists,After Workout - 200 Lounge & Chillout Songs,327
Running & Workout (2463 titres),63,2,2087203,Birds Nest,Unknown Album,Power Aerobic Chart Hits - Autumn 2007,182
Running & Workout (2463 titres),63,2,2197897,Birds Nest,Unknown Album,Power Aerobic Chart Hits - Autumn 2007,182
Running & Workout (2463 titres),64,2,2198878,Bleeplied,Various Artists,After Workout - 200 Lounge & Chillout Songs,271
Running & Workout (2463 titres),64,2,2260698,Bleeplied,Various Artists,After Workout - 200 Lounge & Chillout Songs,271
Running & Workout (2463 titres),65,2,1988804,Blessings (Workout Version 136 BPM),Power Music Workout,Songs of Fall 2025,240
Running & Workout (2463 titres),65,2,2197928,Blessings (Workout Version 136 BPM),Power Music Workout,Songs of Fall 2025,240
Running & Workout (2463 titres),66,2,1988810,Blue Strips (Workout Version 144 BPM),Power Music Workout,Songs of Fall 2025,233
Running & Workout (2463 titres),66,2,2197929,Blue Strips (Workout Version 144 BPM),Power Music Workout,Songs of Fall 2025,233
Running & Workout (2463 titres),67,3,2105612,Bouncy Bouncy,Various Artists,After Workout - 200 Lounge & Chillout Songs,225
Running & Workout (2463 titres),67,3,2256927,Bouncy Bouncy,Various Artists,After Workout - 200 Lounge & Chillout Songs,225
Running & Workout (2463 titres),67,3,2260699,Bouncy Bouncy,Various Artists,After Workout - 200 Lounge & Chillout Songs,225
Running & Workout (2463 titres),68,3,2198883,Brain Cells Cycle 24/7 (West Coast Beach Mix),Various Artists,After Workout - 200 Lounge & Chillout Songs,328
Running & Workout (2463 titres),68,3,2260700,Brain Cells Cycle 24/7 (West Coast Beach Mix),Various Artists,After Workout - 200 Lounge & Chillout Songs,328
Running & Workout (2463 titres),68,3,2260701,Brain Cells Cycle 24/7 (West Coast Beach mix),Various Artists,After Workout - 200 Lounge & Chillout Songs,328
Running & Workout (2463 titres),69,2,1950119,Break the Ice (Soul Power Club Mix),Britney Spears,Break the Ice (Unreleased Remixes) CDM,388
Running & Workout (2463 titres),69,2,2337408,Break the Ice (Soul Power Club Mix),Britney Spears,Break the Ice (Unreleased Remixes) CDM,388
Running & Workout (2463 titres),70,2,1950120,Break the Ice (Soul Power Electro Mix),Britney Spears,Break the Ice (Unreleased Remixes) CDM,388
Running & Workout (2463 titres),70,2,2337409,Break the Ice (Soul Power Electro Mix),Britney Spears,Break the Ice (Unreleased Remixes) CDM,388
Running & Workout (2463 titres),71,2,2198885,Brighton Beach Dreams,Various Artists,After Workout - 200 Lounge & Chillout Songs,306
Running & Workout (2463 titres),71,2,2260702,Brighton Beach Dreams,Various Artists,After Workout - 200 Lounge & Chillout Songs,306
Running & Workout (2463 titres),72,2,2198887,C'est Silvie,Various Artists,After Workout - 200 Lounge & Chillout Songs,195
Running & Workout (2463 titres),72,2,2260703,C'est Silvie,Various Artists,After Workout - 200 Lounge & Chillout Songs,195
Running & Workout (2463 titres),73,2,2167471,CALLING ALL,Kottonmouth Kings,KROWN POWER,220
Running & Workout (2463 titres),73,2,2110462,Calling All,Kottonmouth Kings,KROWN POWER,220
Running & Workout (2463 titres),74,2,2167477,COMING FOR YOU,Kottonmouth Kings,KROWN POWER,209
Running & Workout (2463 titres),74,2,2115373,Coming for You,Kottonmouth Kings,KROWN POWER,209
Running & Workout (2463 titres),75,2,2167461,CRACK THE FRAME,Kottonmouth Kings,KROWN POWER,283
Running & Workout (2463 titres),75,2,2111936,Crack the Frame,Kottonmouth Kings,KROWN POWER,283
Running & Workout (2463 titres),76,2,1951357,Cascaya,Various Artists,After Workout - 200 Lounge & Chillout Songs,445
Running & Workout (2463 titres),76,2,2198890,Cascaya,Various Artists,After Workout - 200 Lounge & Chillout Songs,445
Running & Workout (2463 titres),77,2,2198892,Celtic Dreams (Fresh Mix),Various Artists,After Workout - 200 Lounge & Chillout Songs,175
Running & Workout (2463 titres),77,2,1951378,Celtic Dreams (Fresh mix),Various Artists,After Workout - 200 Lounge & Chillout Songs,175
Running & Workout (2463 titres),78,2,2105620,Centrefold 85,Various Artists,After Workout - 200 Lounge & Chillout Songs,219
Running & Workout (2463 titres),78,2,2356876,Centrefold 85,Various Artists,after workout - 200 lounge & chillout songs,219
Running & Workout (2463 titres),79,2,1951376,Cindy Thyser,Various Artists,After Workout - 200 Lounge & Chillout Songs,279
Running & Workout (2463 titres),79,2,2198910,Cindy Thyser,Various Artists,After Workout - 200 Lounge & Chillout Songs,279
Running & Workout (2463 titres),80,2,2181540,Cinema (Laidback Luke Remix),Various Artists,Now That’S What I Call A Workout 2,367
Running & Workout (2463 titres),80,2,2113997,Cinema (Laidback Luke remix),Various Artists,NOW That's What I Call a Workout 2,367
Running & Workout (2463 titres),81,2,2181544,Clarity (Tiesto Remix),Various Artists,Now That’S What I Call A Workout 2,349
Running & Workout (2463 titres),81,2,2185502,Clarity (Tiesto Remix),Various Artists,Now That’S What I Call A Workout 2,349
Running & Workout (2463 titres),82,2,2196860,Cock,Various Artists,After Workout - 200 Lounge & Chillout Songs,260
Running & Workout (2463 titres),82,2,2356841,Cock,Various Artists,After Workout - 200 Lounge & Chillout Songs,260
Running & Workout (2463 titres),83,2,2114923,Cold Hearted,Gary Moore,Corridors of Power,310
Running & Workout (2463 titres),83,2,2154770,Cold Hearted,Gary Moore,Corridors of Power,310
Running & Workout (2463 titres),84,2,1988817,Constellations (Workout Version 95 BPM),Power Music Workout,Power Chilled Vol. 11 (Down Tempo Chill Out Grooves),303
Running & Workout (2463 titres),84,2,2183733,Constellations (Workout Version 95 BPM),Power Music Workout,Power Chilled Vol. 11 (Down Tempo Chill Out Grooves),303
Running & Workout (2463 titres),85,2,1297791,Cool Again (Workout Remix 128 Bpm),Lawrence,40 Fall Hits 2020 For Fitness & Workout (40 Unmixed Compilation for Fitness & Workout 128 Bpm / 32 Count),273
Running & Workout (2463 titres),85,2,2309645,Cool Again (Workout Remix 128 Bpm),Lawrence,40 Fall Hits 2020 For Fitness & Workout (40 Unmixed Compilation for Fitness & Workout 128 Bpm / 32 Count),273
Running & Workout (2463 titres),86,2,2196868,Creativity,Various Artists,After Workout - 200 Lounge & Chillout Songs,473
Running & Workout (2463 titres),86,2,2356849,Creativity,Various Artists,After Workout - 200 Lounge & Chillout Songs,473
Running & Workout (2463 titres),87,2,1951255,Cultivated,Various Artists,After Workout - 200 Lounge & Chillout Songs,250
Running & Workout (2463 titres),87,2,2129078,Cultivated,Various Artists,After Workout - 200 Lounge & Chillout Songs,250
Running & Workout (2463 titres),88,2,1988823,Cyan Skies (Workout Version 95 BPM),Power Music Workout,Power Chilled Vol. 11 (Down Tempo Chill Out Grooves),303
Running & Workout (2463 titres),88,2,2183734,Cyan Skies (Workout Version 95 BPM),Power Music Workout,Power Chilled Vol. 11 (Down Tempo Chill Out Grooves),303
Running & Workout (2463 titres),89,2,1988800,DAISIES (Workout Version 132 BPM),Power Music Workout,Songs of Fall 2025,240
Running & Workout (2463 titres),89,2,2197930,DAISIES (Workout Version 132 BPM),Power Music Workout,Songs of Fall 2025,240
Running & Workout (2463 titres),90,2,2167456,DON’T FEEL DOWN,Kottonmouth Kings,KROWN POWER,320
Running & Workout (2463 titres),90,2,2102172,Don’t Feel Down,Kottonmouth Kings,KROWN POWER,320
Running & Workout (2463 titres),91,2,1988805,Dealer (Workout Version 137 BPM),Power Music Workout,Songs of Fall 2025,238
Running & Workout (2463 titres),91,2,2197931,Dealer (Workout Version 137 BPM),Power Music Workout,Songs of Fall 2025,238
Running & Workout (2463 titres),92,6,1216990,Diesel Power,The Prodigy,Out of Space (The Very Best),257
Running & Workout (2463 titres),92,6,1836564,Diesel Power,The Prodigy,The Fat Of The Land (2LP DSD128),257
Running & Workout (2463 titres),92,6,2055343,Diesel Power,The Prodigy,The Fat of the Land,257
Running & Workout (2463 titres),92,6,2175260,Diesel Power,The Prodigy,The Fat of the Land,259
Running & Workout (2463 titres),92,6,2274647,Diesel Power,The Prodigy,The Fat Of The Land (2LP DSD128),258
Running & Workout (2463 titres),92,6,2275245,Diesel Power,The Prodigy,"The Fat Of The Land (2LP, Germany Edition DSD128)",258
Running & Workout (2463 titres),93,2,2305939,Don't Stop Believin',Journey,Now That's What I Call Running,75
Running & Workout (2463 titres),93,2,2309632,Don't Stop Believin',Journey,Now That's What I Call Running,75
Running & Workout (2463 titres),94,2,2116693,Don't Wake Me Up,Various Artists,NOW That's What I Call a Workout 1,199
Running & Workout (2463 titres),94,2,2121342,Don’t Wake Me Up,Various Artists,NOW That's What I Call a Workout 1,199
Running & Workout (2463 titres),95,2,2181541,Don’T Stop the Party,Various Artists,Now That’S What I Call A Workout 2,205
Running & Workout (2463 titres),95,2,2356626,Don’T Stop the Party,Various Artists,now that’s what i call a workout 2,205
Running & Workout (2463 titres),96,4,2141810,Double Waves,Various Artists,After Workout - 200 Lounge & Chillout Songs,382
Running & Workout (2463 titres),96,4,2260677,Double Waves,Various Artists,After Workout - 200 Lounge & Chillout Songs,382
Running & Workout (2463 titres),96,4,2278763,Double Waves,Various Artists,After Workout - 200 Lounge & Chillout Songs,382
Running & Workout (2463 titres),96,4,2356901,Double Waves,Various Artists,after workout - 200 lounge & chillout songs,382
Running & Workout (2463 titres),97,2,1951328,Dream Like This,Various Artists,After Workout - 200 Lounge & Chillout Songs,218
Running & Workout (2463 titres),97,2,2128800,Dream Like This,Various Artists,After Workout - 200 Lounge & Chillout Songs,218
Running & Workout (2463 titres),98,2,2197391,Dreams Before the Rain,Various Artists,After Workout - 200 Lounge & Chillout Songs,441
Running & Workout (2463 titres),98,2,2356903,Dreams Before the Rain,Various Artists,after workout - 200 lounge & chillout songs,441
Running & Workout (2463 titres),99,2,1951359,Dreams of Pan,Various Artists,After Workout - 200 Lounge & Chillout Songs,169
Running & Workout (2463 titres),99,2,2129068,Dreams of Pan,Various Artists,After Workout - 200 Lounge & Chillout Songs,169
Running & Workout (2463 titres),100,2,1988815,Driftwood (Workout Version 95 BPM),Power Music Workout,Power Chilled Vol. 11 (Down Tempo Chill Out Grooves),303
Running & Workout (2463 titres),100,2,2183735,Driftwood (Workout Version 95 BPM),Power Music Workout,Power Chilled Vol. 11 (Down Tempo Chill Out Grooves),303
Running & Workout (2463 titres),101,2,1289430,Duele El Corazon,Red Hardin,Megamix Fitness Radio Hits For Step (25 Tracks Non-Stop Mixed Compilation for Fitness & Workout),215
Running & Workout (2463 titres),101,2,2309629,Duele El Corazon,Red Hardin,Megamix Fitness Radio Hits For Step (25 Tracks Non-Stop Mixed Compilation for Fitness & Workout),215
Running & Workout (2463 titres),102,2,1296807,Dura (Workout Remix 128 Bpm),Workout Music Tv,Latin Hits Summer 2024 Workout Session (60 Minutes Non-Stop Mixed Compilation for Fitness & Workout - 128 Bpm / 32 Count),288
Running & Workout (2463 titres),102,2,2309627,Dura (Workout Remix 128 Bpm),Workout Music Tv,Latin Hits Summer 2024 Workout Session (60 Minutes Non-Stop Mixed Compilation for Fitness & Workout - 128 Bpm / 32 Count),288
Running & Workout (2463 titres),103,2,2121438,Dynamite,Now That's What I Call! - Running - Various Artist (2014),Now That’s What I Call Running 2014,203
Running & Workout (2463 titres),103,2,2306945,Dynamite,Now That's What I Call! - Running - Various Artist (2014),Now That's What I Call Running 2014 CD1,98
Running & Workout (2463 titres),104,2,2105548,ENDLESS LIFE,Various Artists,AFTER WORKOUT - 200 LOUNGE & CHILLOUT SONGS,226
Running & Workout (2463 titres),104,2,2356869,Endless Life,Various Artists,after workout - 200 lounge & chillout songs,226
Running & Workout (2463 titres),105,2,1951290,East to West,Various Artists,After Workout - 200 Lounge & Chillout Songs,292
Running & Workout (2463 titres),105,2,2128929,East to West,Various Artists,After Workout - 200 Lounge & Chillout Songs,292
Running & Workout (2463 titres),106,2,1988821,Eastern Wind (Workout Version 95 BPM),Power Music Workout,Power Chilled Vol. 11 (Down Tempo Chill Out Grooves),303
Running & Workout (2463 titres),106,2,2183736,Eastern Wind (Workout Version 95 BPM),Power Music Workout,Power Chilled Vol. 11 (Down Tempo Chill Out Grooves),303
Running & Workout (2463 titres),107,2,2128930,Eja (R&B Ballad Edit),Various Artists,After Workout - 200 Lounge & Chillout Songs,160
Running & Workout (2463 titres),107,2,2356887,Eja (R&B Ballad Edit),Various Artists,after workout - 200 lounge & chillout songs,160
Running & Workout (2463 titres),108,2,2129062,Elephants,Various Artists,After Workout - 200 Lounge & Chillout Songs,273
Running & Workout (2463 titres),108,2,2356854,Elephants,Various Artists,after workout - 200 lounge & chillout songs,273
Running & Workout (2463 titres),109,2,2204569,Enigmix     It's A Megamix Made by Myself,Dj Did,MIXFLOOR POWER,1215
Running & Workout (2463 titres),109,2,2204568,Enigmix It's A Megamix Made by Myself,Dj Did,MIXFLOOR POWER,1216
Running & Workout (2463 titres),110,2,1951292,Entschuldigung,Various Artists,After Workout - 200 Lounge & Chillout Songs,68
Running & Workout (2463 titres),110,2,2128931,Entschuldigung,Various Artists,After Workout - 200 Lounge & Chillout Songs,68
Running & Workout (2463 titres),111,2,2123340,Euphoric Dreams,Various Artists,Top 100 Running Songs,211
Running & Workout (2463 titres),111,2,2308156,Euphoric Dreams,Various Artists,Top 100 Running Songs,211
Running & Workout (2463 titres),112,2,1953090,Evacuate the Dancefloor (Radio Edit),Various Artists,Now That's What I Call Running,206
Running & Workout (2463 titres),112,2,2185473,Evacuate the Dancefloor (Radio Edit),Various Artists,Now That’S What I Call Running,206
Running & Workout (2463 titres),113,2,2129051,Evil Is Losing (Rr Mix),Various Artists,After Workout - 200 Lounge & Chillout Songs,218
Running & Workout (2463 titres),113,2,1951277,Evil Is Losing (Rr mix),Various Artists,After Workout - 200 Lounge & Chillout Songs,218
Running & Workout (2463 titres),114,6,2221459,Fanfare and All Hail the Power,Amy Grant,Music of the Spirit: The 1994 Pax Christi Ceremony,232
Running & Workout (2463 titres),114,6,2222283,Fanfare and All Hail the Power,Amy Grant,Music of the Spirit--The 1994 Pax Christi Ceremony,232
Running & Workout (2463 titres),114,6,2241321,Fanfare and All Hail the Power,Amy Grant,Music of the Spirit: The 1994 Pax Christi Ceremony,232
Running & Workout (2463 titres),114,6,2241985,Fanfare and All Hail the Power,Amy Grant,Music of the Spirit--The 1994 Pax Christi Ceremony,232
Running & Workout (2463 titres),114,6,2281465,Fanfare and All Hail the Power,Amy Grant,Music of the Spirit: the 1994 Pax Christi Ceremony,232
Running & Workout (2463 titres),114,6,2318659,Fanfare and All Hail the Power,Amy Grant,Music of the Spirit: The 1994 Pax Christi Ceremony,232
Running & Workout (2463 titres),115,2,2141813,Fatal Attraction,Various Artists,After Workout - 200 Lounge & Chillout Songs,320
Running & Workout (2463 titres),115,2,2260682,Fatal Attraction,Various Artists,After Workout - 200 Lounge & Chillout Songs,320
Running & Workout (2463 titres),116,2,2129021,Feel Them Like Lovers Do,Various Artists,After Workout - 200 Lounge & Chillout Songs,228
Running & Workout (2463 titres),116,2,2356851,Feel Them Like Lovers Do,Various Artists,after workout - 200 lounge & chillout songs,228
Running & Workout (2463 titres),117,2,1951362,Feierei,Various Artists,After Workout - 200 Lounge & Chillout Songs,272
Running & Workout (2463 titres),117,2,2128926,Feierei,Various Artists,After Workout - 200 Lounge & Chillout Songs,272
Running & Workout (2463 titres),118,2,2128932,Fernlicht,Various Artists,After Workout - 200 Lounge & Chillout Songs,34
Running & Workout (2463 titres),118,2,2356897,Fernlicht,Various Artists,after workout - 200 lounge & chillout songs,34
Running & Workout (2463 titres),119,2,1951240,Fifty Four,Various Artists,After Workout - 200 Lounge & Chillout Songs,298
Running & Workout (2463 titres),119,2,2129037,Fifty Four,Various Artists,After Workout - 200 Lounge & Chillout Songs,298
Running & Workout (2463 titres),120,2,1951366,Finalmente Danca (The Last Dance),Various Artists,After Workout - 200 Lounge & Chillout Songs,558
Running & Workout (2463 titres),120,2,2129047,Finalmente Danca (The Last Dance),Various Artists,After Workout - 200 Lounge & Chillout Songs,558
Running & Workout (2463 titres),121,2,1951300,Finding Fine,Various Artists,After Workout - 200 Lounge & Chillout Songs,190
Running & Workout (2463 titres),121,2,2129045,Finding Fine,Various Artists,After Workout - 200 Lounge & Chillout Songs,190
Running & Workout (2463 titres),122,2,1951363,Finding Fine (Ambient Floor Edit),Various Artists,After Workout - 200 Lounge & Chillout Songs,367
Running & Workout (2463 titres),122,2,2198432,Finding Fine (Ambient Floor Edit),Various Artists,After Workout - 200 Lounge & Chillout Songs,367
Running & Workout (2463 titres),123,2,1951262,First,Various Artists,After Workout - 200 Lounge & Chillout Songs,480
Running & Workout (2463 titres),123,2,2129041,First,Various Artists,After Workout - 200 Lounge & Chillout Songs,480
Running & Workout (2463 titres),124,2,1951274,Floating Elements,Various Artists,After Workout - 200 Lounge & Chillout Songs,323
Running & Workout (2463 titres),124,2,2128989,Floating Elements,Various Artists,After Workout - 200 Lounge & Chillout Songs,323
Running & Workout (2463 titres),125,2,2348781,Flower Power (Original Mix),Various Artists,hed kandi: beach house 04.04,395
Running & Workout (2463 titres),125,2,1952528,Flower Power (Original mix),Various Artists,Hed Kandi: Beach House 04.04,395
Running & Workout (2463 titres),126,2,2356898,Flying Circus (Reflex Version),Various Artists,after workout - 200 lounge & chillout songs,238
Running & Workout (2463 titres),126,2,2129039,Flying Circus - Reflex Version,Various Artists,After Workout - 200 Lounge & Chillout Songs,238
Running & Workout (2463 titres),127,2,2112716,Footloose,VARIOUS,101 Running Songs,226
Running & Workout (2463 titres),127,2,2119897,Footloose,VARIOUS,101 Running Songs,226
Running & Workout (2463 titres),128,2,2320696,For An Angel 2009 (Radio Mix '09),Various Artists,101 Running Songs,180
Running & Workout (2463 titres),128,2,2326814,For An Angel 2009 (Radio Mix '09),Various Artists,101 Running Songs,181
Running & Workout (2463 titres),129,2,2112710,Ghosts 'n' Stuff,Deadmau5 feat. Rob Swire,101 Running Songs Lap 2 CD3,190
Running & Workout (2463 titres),129,2,2112675,Ghosts ’n’ Stuff,Deadmau5 feat. Rob Swire,101 Running Songs Lap 2 CD3,190
Running & Workout (2463 titres),130,3,2051271,Ghosts 'n' Stuff (Instrumental mix),Various Artists,Now That’S What I Call A Workout,345
Running & Workout (2463 titres),130,3,2051272,Ghosts N' Stuff (Instrumental mix),Various Artists,Now That’S What I Call A Workout,344
Running & Workout (2463 titres),130,3,2141165,Ghosts n' Stuff (instrumental mix),Various Artists,NOW That's What I Call a Workout,345
Running & Workout (2463 titres),131,2,2011013,Give Me Everything,Pitbul Feat Ne Yo Afrojack and Nayer,Now Thats What I Call Running Cd1,252
Running & Workout (2463 titres),131,2,2307974,Give Me Everything,Pitbul Feat Ne Yo Afrojack and Nayer,Now That’s What I Call Running,253
Running & Workout (2463 titres),132,7,1946375,Gonna Break My Heart Again,Gary Moore,Corridors of Power,203
Running & Workout (2463 titres),132,7,1946377,Gonna Break My Heart Again,Gary Moore,Corridors of Power,199
Running & Workout (2463 titres),132,7,1946378,Gonna Break My Heart Again,Gary Moore,Corridors of Power,200
Running & Workout (2463 titres),132,7,1946379,Gonna Break My Heart Again,Gary Moore,Corridors of Power,203
Running & Workout (2463 titres),132,7,2060240,Gonna Break My Heart Again,Gary Moore,Corridors of Power,199
Running & Workout (2463 titres),132,7,2305863,Gonna Break My Heart Again,Gary Moore,Corridors of Power,203
Running & Workout (2463 titres),132,7,2310647,Gonna Break My Heart Again,Gary Moore,Corridors of Power,203
Running & Workout (2463 titres),133,2,1953075,"Gonna Fly Now (Theme From ""Rocky"") (2006 Remaster)",Various Artists,Now That's What I Call Running,170
Running & Workout (2463 titres),133,2,1953076,"Gonna Fly Now (theme from ""Rocky"") (2006 remaster)",Various Artists,Now That's What I Call Running,170
Running & Workout (2463 titres),134,2,2185501,Good Time (Fred Falke Remix),Various Artists,Now That’S What I Call A Workout 2,365
Running & Workout (2463 titres),134,2,2356628,Good Time (Fred Falke Remix),Various Artists,now that’s what i call a workout 2,365
Running & Workout (2463 titres),135,2,1951317,Green River,Various Artists,After Workout - 200 Lounge & Chillout Songs,286
Running & Workout (2463 titres),135,2,2129023,Green River,Various Artists,After Workout - 200 Lounge & Chillout Songs,286
Running & Workout (2463 titres),136,2,2183245,Guethary on 7.6. (Relax Version),Various Artists,After Workout - 200 Lounge & Chillout Songs,255
Running & Workout (2463 titres),136,2,2356855,Guethary on 7.6. (Relax Version),Various Artists,after workout - 200 lounge & chillout songs,255
Running & Workout (2463 titres),137,2,1951335,Gullivers,Various Artists,After Workout - 200 Lounge & Chillout Songs,272
Running & Workout (2463 titres),137,2,2128987,Gullivers,Various Artists,After Workout - 200 Lounge & Chillout Songs,272
Running & Workout (2463 titres),138,2,2129009,Hermetic Vibes,Various Artists,After Workout - 200 Lounge & Chillout Songs,361
Running & Workout (2463 titres),138,2,2356871,Hermetic Vibes,Various Artists,after workout - 200 lounge & chillout songs,361
Running & Workout (2463 titres),139,4,1223946,Hey Ya,OutKast,101 Running Songs CD 1,231
Running & Workout (2463 titres),139,4,2121272,Hey Ya,OutKast,101 Running Songs CD 1,231
Running & Workout (2463 titres),139,4,2309375,Hey Ya,OutKast,Now Thats What I Call Running,186
Running & Workout (2463 titres),139,4,2118652,Hey Ya!,OutKast,Now Thats What I Call Running,186
Running & Workout (2463 titres),140,3,2180697,Higher,Taio Cruz,NOW THATS WHAT I CALL RUNNING CD2,189
Running & Workout (2463 titres),140,3,2305943,Higher,Taio Cruz,Now Thats What I Call Running,104
Running & Workout (2463 titres),140,3,2306947,Higher,Taio Cruz,Now Thats What I Call Running,104
Running & Workout (2463 titres),141,2,2112595,Holy (Workout Remix 128 BPM),Workout Music Tv,Aqua Gym Must Haves 2024 Workout Compilation (60 Minutes Non-Stop Mixed Compilation for Fitness & Workout - 128 Bpm / 32 Count),225
Running & Workout (2463 titres),141,2,1209471,Holy (Workout Remix 128 BPM) -,Workout Music Tv,Aqua Gym Must Haves 2024 Workout Compilation (60 Minutes Non-Stop Mixed Compilation for Fitness & Workout - 128 Bpm / 32 Count),225
Running & Workout (2463 titres),142,2,1988837,Houdini (Workout Version 132 BPM),Power Music Workout,"55 Smash Hits! Running Mix, Vol. 12",175
Running & Workout (2463 titres),142,2,2090488,Houdini (Workout Version 132 BPM),Power Music Workout,2024 Non-Stop Motivation,247
Running & Workout (2463 titres),143,2,2123250,House Nation,The Housemaster Boyz,100 Hits - Running Songs 2014 Cd4,232
Running & Workout (2463 titres),143,2,2307730,House Nation,The Housemaster Boyz,100 Hits - Running Songs 2014 Cd4,232
Running & Workout (2463 titres),144,2,2116783,Human,The Killers,Now Thats What I Call Running CD3,247
Running & Workout (2463 titres),144,2,2306926,Human,The Killers,Now Thats What I Call Running,4
Running & Workout (2463 titres),145,2,1953091,Human (Main Version),Various Artists,Now That's What I Call Running,247
Running & Workout (2463 titres),145,2,1181059,Human (main version),Various Artists,Now That’s What I Call Running,246
Running & Workout (2463 titres),146,2,2129001,Hunting Nights,Various Artists,After Workout - 200 Lounge & Chillout Songs,308
Running & Workout (2463 titres),146,2,2356874,Hunting Nights,Various Artists,after workout - 200 lounge & chillout songs,308
Running & Workout (2463 titres),147,2,2114924,I Can't Wait Until Tomorrow,Gary Moore,Corridors of Power,463
Running & Workout (2463 titres),147,2,2154771,I Can't Wait Until Tomorrow,Gary Moore,Corridors of Power,463
Running & Workout (2463 titres),148,5,2220254,I Like (What You Do for Me) (Power II Move Remix),Judge Jules & Boy George,The Annual IV,238
Running & Workout (2463 titres),148,5,2305028,I Like (What You Do for Me) (Power II Move Remix),Judge Jules & Boy George,The Annual IV,238
Running & Workout (2463 titres),148,5,2320347,I Like (What You Do for Me) (Power II Move Remix),Judge Jules & Boy George,The Annual IV,238
Running & Workout (2463 titres),148,5,2295700,I Like (What You Do for Me) (Power II Move remix),Judge Jules & Boy George,The Annual IV  (Compilation)  (Mp3),238
Running & Workout (2463 titres),148,5,2273798,I Like (What You Do for Me) (Power Ii Move Remix),Judge Jules & Boy George,The Annual IV,238
Running & Workout (2463 titres),149,3,2112647,I Ran,A Flock of Seagulls,101 Running Songs CD 5,128
Running & Workout (2463 titres),149,3,2332432,I Ran,A Flock of Seagulls,101 Running Songs CD 5,128
Running & Workout (2463 titres),149,3,2332433,I Ran,A Flock of Seagulls,101 Running Songs CD 5,128
Running & Workout (2463 titres),150,2,2307530,I Was Drunk (DJ Sneak’s Drunken main mix),Riva Starr feat. NC4ze,101 Running Songs Lap 2 CD3,215
Running & Workout (2463 titres),150,2,2188980,I Was Drunk (Dj Sneak's Drunken Main mix),Riva Starr feat. NC4ze,101 RUNNING SONGS LAP 2 CD3,215
Running & Workout (2463 titres),151,2,2105691,I Wish (Chillhouse Mix),Various Artists,After Workout - 200 Lounge & Chillout Songs,416
Running & Workout (2463 titres),151,2,2309373,I Wish (Chillhouse Mix),Various Artists,After Workout - 200 Lounge & Chillout Songs,416
Running & Workout (2463 titres),152,2,2181545,If I Lose Myself,Various Artists,Now That’S What I Call A Workout 2,213
Running & Workout (2463 titres),152,2,2356629,If I Lose Myself,Various Artists,now that’s what i call a workout 2,212
Running & Workout (2463 titres),153,2,2181225,Immortal Love (Radio Edit),Various Artists,Now That’S What I Call A Workout 3,180
Running & Workout (2463 titres),153,2,2119411,Immortal Love (radio edit),Various Artists,now that’s what i call a workout 3,176
Running & Workout (2463 titres),154,2,1951344,In Love,Various Artists,After Workout - 200 Lounge & Chillout Songs,180
Running & Workout (2463 titres),154,2,2128888,In Love,Various Artists,After Workout - 200 Lounge & Chillout Songs,180
Running & Workout (2463 titres),155,2,2115367,Intoxifaded,Kottonmouth Kings,KROWN POWER,198
Running & Workout (2463 titres),155,2,2354760,Intoxifaded,Kottonmouth Kings,Krown Power,198
Running & Workout (2463 titres),156,2,1951276,Intuitional,Various Artists,After Workout - 200 Lounge & Chillout Songs,360
Running & Workout (2463 titres),156,2,2128990,Intuitional,Various Artists,After Workout - 200 Lounge & Chillout Songs,360
Running & Workout (2463 titres),157,2,2128736,It Has Always Been,Various Artists,After Workout - 200 Lounge & Chillout Songs,238
Running & Workout (2463 titres),157,2,2356879,It Has Always Been,Various Artists,after workout - 200 lounge & chillout songs,238
Running & Workout (2463 titres),158,2,2185479,Jai Ho (You Are My Destiny),Various Artists,Now That’S What I Call Running,222
Running & Workout (2463 titres),158,2,2130081,Jai Ho! (You Are My Destiny),Various Artists,Now That’s What I Call Running,222
Running & Workout (2463 titres),159,2,2010998,Jai Ho! (You Are My Destiny),A R Rahman and the Pussycat Dolls Feat Nicole Scherzinger,Now Thats What I Call Running Cd1,222
Running & Workout (2463 titres),159,2,2119322,Jai Ho! (You Are My Destiny),A R Rahman and the Pussycat Dolls Feat Nicole Scherzinger,Now That’s What I Call Running,223
Running & Workout (2463 titres),160,2,1951334,January Break,Various Artists,After Workout - 200 Lounge & Chillout Songs,289
Running & Workout (2463 titres),160,2,2128988,January Break,Various Artists,After Workout - 200 Lounge & Chillout Songs,289
Running & Workout (2463 titres),161,2,2108806,Jessie S Girl,Rick Springfield,101 Running Songs Lap 2 CD4,109
Running & Workout (2463 titres),161,2,2309114,Jessie;s Girl,Rick Springfield,101 Running Songs Lap 2 CD4,109
Running & Workout (2463 titres),162,2,1951287,Judgementday,Various Artists,After Workout - 200 Lounge & Chillout Songs,196
Running & Workout (2463 titres),162,2,2128985,Judgementday,Various Artists,After Workout - 200 Lounge & Chillout Songs,196
Running & Workout (2463 titres),163,4,2177720,Just My Imagination (Running Away With Me),Boyz II Men,Motown: Hitsville USA,264
Running & Workout (2463 titres),163,4,2222066,Just My Imagination (Running Away With Me),Boyz II Men,Motown: Hitsville USA,264
Running & Workout (2463 titres),163,4,2262276,Just My Imagination (Running Away With Me),Boyz II Men,Motown: Hitsville USA,264
Running & Workout (2463 titres),163,4,2331079,Just My Imagination (Running Away With Me),Boyz II Men,Motown: Hitsville USA,264
Running & Workout (2463 titres),164,3,1298325,Keep On Running,The Spencer Davis Group,The Best of the Spencer Davis Group,165
Running & Workout (2463 titres),164,3,2188997,Keep on Running,The Spencer Davis Group,101 RUNNING SONGS CD 2,163
Running & Workout (2463 titres),164,3,2343353,Keep on Running,The Spencer Davis Group,keep on running,165
Running & Workout (2463 titres),165,3,2235030,Keep On Running,Stevie Wonder,Music Of My Mind,400
Running & Workout (2463 titres),165,3,2265144,Keep On Running,Stevie Wonder,Music Of My Mind,401
Running & Workout (2463 titres),165,3,2318704,Keep On Running,Stevie Wonder,Music Of My Mind,400
Running & Workout (2463 titres),166,4,2233572,Keep The Car Running,Goo Goo Dolls,Magnetic,245
Running & Workout (2463 titres),166,4,2239614,Keep The Car Running,Goo Goo Dolls,Magnetic,245
Running & Workout (2463 titres),166,4,2297396,Keep The Car Running,Goo Goo Dolls,Magnetic  (Mp3),245
Running & Workout (2463 titres),166,4,2303104,Keep the Car Running,Goo Goo Dolls,Magnetic,245
Running & Workout (2463 titres),167,2,2131967,Kids in America,Kim Wilde,101 Running Songs CD 5,59
Running & Workout (2463 titres),167,2,2310599,Kids in America,Kim Wilde,101 Running Songs CD 5,59
Running & Workout (2463 titres),168,2,2128983,Kids of Time (Christ Was It Worth It),Various Artists,After Workout - 200 Lounge & Chillout Songs,249
Running & Workout (2463 titres),168,2,2356895,Kids of Time (Christ Was It Worth It),Various Artists,after workout - 200 lounge & chillout songs,249
Running & Workout (2463 titres),169,2,1209477,Kiss and Make Up (Workout remix 132 BPM),Workout Music Tv,40 Best Pop Hits For Step 2019 Workout Session (Unmixed Compilation for Fitness & Workout 132 Bpm / 32 Count),263
Running & Workout (2463 titres),169,2,2115117,Kiss and Make Up (Workout remix 132 BPM),Workout Music Tv,40 Best Pop Hits For Step 2019 Workout Session (Unmixed Compilation for Fitness & Workout 132 Bpm / 32 Count),263
Running & Workout (2463 titres),170,2,2356891,Knopf Drücken,Various Artists,after workout - 200 lounge & chillout songs,192
Running & Workout (2463 titres),170,2,2128981,Knopf drücken,Various Artists,After Workout - 200 Lounge & Chillout Songs,192
Running & Workout (2463 titres),171,2,2095486,Latina Cafe (Power to Conquer),Various Artists,Nova Tunes 03,524
Running & Workout (2463 titres),171,2,2181672,Latina Cafe (Power to Conquer),Various Artists,Nova Tunes 03,524
Running & Workout (2463 titres),172,2,2121182,Lavender Haze (Workout Remix 128 BPM),Workout Music Tv,Step Spring Hits 2024 Workout Session (60 Minutes Non-Stop Mixed Compilation for Fitness & Workout - 132 Bpm / 32 Count),232
Running & Workout (2463 titres),172,2,1209432,Lavender Haze (Workout Remix 128 BPM) -,Workout Music Tv,Step Spring Hits 2024 Workout Session (60 Minutes Non-Stop Mixed Compilation for Fitness & Workout - 132 Bpm / 32 Count),232
Running & Workout (2463 titres),173,2,2356882,Liebe Es Zu Lieben,Various Artists,after workout - 200 lounge & chillout songs,145
Running & Workout (2463 titres),173,2,2128933,Liebe es zu lieben,Various Artists,After Workout - 200 Lounge & Chillout Songs,145
Running & Workout (2463 titres),174,6,1917832,Long Train Running,Bananarama,In A Bunch... The Singles 1981-1993 [Disc 29 (Long Train Running)],210
Running & Workout (2463 titres),174,6,1923417,Long Train Running,Bananarama,The Very Best Of (Collector's,209
Running & Workout (2463 titres),174,6,1975904,Long Train Running,Bananarama,The Best of Best,210
Running & Workout (2463 titres),174,6,1976053,Long Train Running,Bananarama,The Very Best Of Bananarama,209
Running & Workout (2463 titres),174,6,1976236,Long Train Running,Bananarama,The Greatest Hits & More More More,209
Running & Workout (2463 titres),174,6,1976363,Long Train Running,Bananarama,Pop Life,211
Running & Workout (2463 titres),175,2,1296815,Lose Control (Tabata Remix),Workout Music Tv,40 Tabata Hits Summer 2025 Workout Session (20 Sec. Work and 10 Sec. Rest Cycles With Vocal Cues / High Intensity Interval Training Compilation for Fitness & Workout),255
Running & Workout (2463 titres),175,2,1296816,Lose Control (Tabata Remix),Workout Music Tv,40 Tabata Hits Summer 2025 Workout Session (20 Sec. Work and 10 Sec. Rest Cycles With Vocal Cues / High Intensity Interval Training Compilation for Fitness & Workout),255
Running & Workout (2463 titres),176,2,2355370,Louder (Radio Edit),Various Artists,Now That's What I Call Running,207
Running & Workout (2463 titres),176,2,2142740,Louder (radio edit),Various Artists,Now That’s What I Call Running,206
Running & Workout (2463 titres),177,2,1388633,Love Is the Power,Teddy Pendergrass,Joy,377
Running & Workout (2463 titres),177,2,2320803,Love Is the Power,Teddy Pendergrass,Joy,377
Running & Workout (2463 titres),178,2,2128801,Love Life,Various Artists,After Workout - 200 Lounge & Chillout Songs,114
Running & Workout (2463 titres),178,2,2356873,Love Life,Various Artists,after workout - 200 lounge & chillout songs,114
Running & Workout (2463 titres),179,4,2160596,Love on Twenty Three (Slow Mix),Various Artists,After Workout - 200 Lounge & Chillout Songs,254
Running & Workout (2463 titres),179,4,2278792,Love on Twenty Three (Slow Mix),Various Artists,After Workout - 200 Lounge & Chillout Songs,254
Running & Workout (2463 titres),179,4,2284546,Love on Twenty Three (Slow Mix),Various Artists,After Workout - 200 Lounge & Chillout Songs,254
Running & Workout (2463 titres),179,4,1951298,Love on Twenty Three (Slow mix),Various Artists,After Workout - 200 Lounge & Chillout Songs,254
Running & Workout (2463 titres),180,2,1951313,Lovely Shelters,Various Artists,After Workout - 200 Lounge & Chillout Songs,367
Running & Workout (2463 titres),180,2,2128628,Lovely Shelters,Various Artists,After Workout - 200 Lounge & Chillout Songs,367
Running & Workout (2463 titres),181,2,2128802,Loveparade,Various Artists,After Workout - 200 Lounge & Chillout Songs,55
Running & Workout (2463 titres),181,2,2356863,Loveparade,Various Artists,after workout - 200 lounge & chillout songs,55
Running & Workout (2463 titres),182,2,1951282,Loverbreak (Radio Edit),Various Artists,After Workout - 200 Lounge & Chillout Songs,414
Running & Workout (2463 titres),182,2,2128805,Loverbreak (Radio Edit),Various Artists,After Workout - 200 Lounge & Chillout Songs,414
Running & Workout (2463 titres),183,2,2267329,Man Power,Ice Cube,Man Up,197
Running & Workout (2463 titres),183,2,2313130,Man Power,Ice Cube,Man Up,197
Running & Workout (2463 titres),184,2,2128934,Melancholy,Various Artists,After Workout - 200 Lounge & Chillout Songs,212
Running & Workout (2463 titres),184,2,2356856,Melancholy,Various Artists,after workout - 200 lounge & chillout songs,212
Running & Workout (2463 titres),185,2,2128935,Melancholy (Remix),Various Artists,After Workout - 200 Lounge & Chillout Songs,156
Running & Workout (2463 titres),185,2,2356866,Melancholy (Remix),Various Artists,after workout - 200 lounge & chillout songs,156
Running & Workout (2463 titres),186,2,1951345,Melancholy of the Destiny,Various Artists,After Workout - 200 Lounge & Chillout Songs,202
Running & Workout (2463 titres),186,2,2128889,Melancholy of the Destiny,Various Artists,After Workout - 200 Lounge & Chillout Songs,202
Running & Workout (2463 titres),187,2,1988909,"Merry Christmas, Happy Holidays (Workout Version 140 BPM)",Power Music Workout,Holiday Cardio Express Workout Mix 5,312
Running & Workout (2463 titres),187,2,2210675,"Merry Christmas, Happy Holidays (Workout Version 140 BPM)",Power Music Workout,Holiday Cardio Express Workout Mix 5,312
Running & Workout (2463 titres),188,2,1988820,Midnight Mosaic (Workout Version 95 BPM),Power Music Workout,Power Chilled Vol. 11 (Down Tempo Chill Out Grooves),303
Running & Workout (2463 titres),188,2,2183737,Midnight Mosaic (Workout Version 95 BPM),Power Music Workout,Power Chilled Vol. 11 (Down Tempo Chill Out Grooves),303
Running & Workout (2463 titres),189,2,2080319,Mind Power,A Tribe Called Quest,"Beats, Rhymes and Life",235
Running & Workout (2463 titres),189,2,2291462,Mind Power,A Tribe Called Quest,"Beats, Rhymes and Life",235
Running & Workout (2463 titres),190,3,2324486,Mind Power (Regrooved By Basement Freaks),James Brown,[Unknown Album],9
Running & Workout (2463 titres),190,3,1948777,Mind Power (Regrooved by Basement Freaks),James Brown,James Brown Regrooved,9
Running & Workout (2463 titres),190,3,2187939,Mind Power (Regrooved by Basement Freaks),James Brown,BROWN WAX HOME RECORDING,9
Running & Workout (2463 titres),191,5,2218337,Money And Power,Kool & The Gang,Everything Is Kool & The Gang - Greatest Hits & More,283
Running & Workout (2463 titres),191,5,2258698,Money And Power,Kool & The Gang,Everything Is Kool & The Gang - Greatest Hits & More,283
Running & Workout (2463 titres),191,5,2304424,Money And Power,Kool & The Gang,Everything's Kool & The Gang (Greatest Hits & More),283
Running & Workout (2463 titres),191,5,2329537,Money And Power,Kool & The Gang,Greatest Hits & More,284
Running & Workout (2463 titres),191,5,2288883,Money and Power,Kool & The Gang,Everything Is Kool & the Gang - Greatest Hits & More,283
Running & Workout (2463 titres),192,2,2111982,Money Power Glory,Lana Del Rey,Ultraviolence,270
Running & Workout (2463 titres),192,2,2160135,Money Power Glory,Lana Del Rey,Ultraviolence,270
Running & Workout (2463 titres),193,2,2094777,Moon Juice,T.I.,The L.I.B.R.A. (Legend Is Back Running Atlanta),215
Running & Workout (2463 titres),193,2,2094779,Moon Juice,T.I.,The L.I.B.R.A. (Legend Is Back Running Atlanta),215
Running & Workout (2463 titres),194,2,1988816,Moonlit Waves (Workout Version 95 BPM),Power Music Workout,Power Chilled Vol. 11 (Down Tempo Chill Out Grooves),282
Running & Workout (2463 titres),194,2,2183738,Moonlit Waves (Workout Version 95 BPM),Power Music Workout,Power Chilled Vol. 11 (Down Tempo Chill Out Grooves),282
Running & Workout (2463 titres),195,2,1951283,Moonstorm (Radio Edit),Various Artists,After Workout - 200 Lounge & Chillout Songs,278
Running & Workout (2463 titres),195,2,2128807,Moonstorm (Radio Edit),Various Artists,After Workout - 200 Lounge & Chillout Songs,278
Running & Workout (2463 titres),196,2,2011007,Moves Like Jagger,Maroon 5 Feat Christina Aguilera,Now Thats What I Call Running Cd1,202
Running & Workout (2463 titres),196,2,2307239,Moves Like Jagger,Maroon 5 Feat Christina Aguilera,Now That’s What I Call Running,202
Running & Workout (2463 titres),197,2,1951314,My Roots on the Beach,Various Artists,After Workout - 200 Lounge & Chillout Songs,226
Running & Workout (2463 titres),197,2,2128629,My Roots on the Beach,Various Artists,After Workout - 200 Lounge & Chillout Songs,226
Running & Workout (2463 titres),198,2,1951312,Mystical Thoughts,Various Artists,After Workout - 200 Lounge & Chillout Songs,354
Running & Workout (2463 titres),198,2,2128630,Mystical Thoughts,Various Artists,After Workout - 200 Lounge & Chillout Songs,354
Running & Workout (2463 titres),199,2,1988819,Night Bloom (Workout Version 95 BPM),Power Music Workout,Power Chilled Vol. 11 (Down Tempo Chill Out Grooves),303
Running & Workout (2463 titres),199,2,2183739,Night Bloom (Workout Version 95 BPM),Power Music Workout,Power Chilled Vol. 11 (Down Tempo Chill Out Grooves),303
Running & Workout (2463 titres),200,2,1209478,No Place (Workout remix 132 BPM),Workout Music Tv,40 Best Pop Hits For Step 2019 Workout Session (Unmixed Compilation for Fitness & Workout 132 Bpm / 32 Count),274
Running & Workout (2463 titres),200,2,2115118,No Place (Workout remix 132 BPM),Workout Music Tv,40 Best Pop Hits For Step 2019 Workout Session (Unmixed Compilation for Fitness & Workout 132 Bpm / 32 Count),274
Running & Workout (2463 titres),201,2,2128878,No to No (Reflex Version),Various Artists,After Workout - 200 Lounge & Chillout Songs,271
Running & Workout (2463 titres),201,2,2356888,No to No (Reflex Version),Various Artists,after workout - 200 lounge & chillout songs,271
Running & Workout (2463 titres),202,2,2172982,OUR CITY,Kottonmouth Kings,KROWN POWER,238
Running & Workout (2463 titres),202,2,2058190,Our City,Kottonmouth Kings,KROWN POWER,238
Running & Workout (2463 titres),203,2,2220298,Offshore '97 (Anthony Pappa Bootleg Mix) (feat. Power Circle),Pete Tong & Boy George,The Annual III,207
Running & Workout (2463 titres),203,2,2273783,Offshore '97 (Anthony Pappa Bootleg mix) (Feat. Power Circle),Pete Tong & Boy George,The Annual Iii,207
Running & Workout (2463 titres),204,2,1953095,On the Floor (No Rap Radio Edit),Various Artists,Now That's What I Call Running,220
Running & Workout (2463 titres),204,2,2185474,On the Floor (No Rap Radio Edit),Various Artists,Now That’S What I Call Running,220
Running & Workout (2463 titres),205,2,1849050,On the Move,Barthezz,101 Running Songs Lap 2 Cd3,214
Running & Workout (2463 titres),205,2,1954058,On the Move,Barthezz,101 Running Songs Lap 2 CD3,214
Running & Workout (2463 titres),206,2,2128803,One Way,Various Artists,After Workout - 200 Lounge & Chillout Songs,286
Running & Workout (2463 titres),206,2,2356870,One Way,Various Artists,after workout - 200 lounge & chillout songs,286
Running & Workout (2463 titres),207,2,2167451,PERMASTONE,Kottonmouth Kings,KROWN POWER,220
Running & Workout (2463 titres),207,2,2058191,Permastone,Kottonmouth Kings,KROWN POWER,220
Running & Workout (2463 titres),208,4,2221380,POWER,Kanye West,My Beautiful Dark Twisted Fantasy,292
Running & Workout (2463 titres),208,4,2261264,Power,Kanye West,My Beautiful Dark Twisted Fantasy  (Mp3),292
Running & Workout (2463 titres),208,4,2303256,Power,Kanye West,My Beautiful Dark Twisted Fantasy,292
Running & Workout (2463 titres),208,4,2329101,Power,Kanye West,My Beautiful Dark Twisted Fantasy,292
Running & Workout (2463 titres),209,2,1953083,Paradise (Radio Edit),Various Artists,Now That's What I Call Running,263
Running & Workout (2463 titres),209,2,1953084,Paradise (radio edit),Various Artists,Now That's What I Call Running,258
Running & Workout (2463 titres),210,2,2128825,Perceive the World,Various Artists,After Workout - 200 Lounge & Chillout Songs,342
Running & Workout (2463 titres),210,2,2356857,Perceive the World,Various Artists,after workout - 200 lounge & chillout songs,342
Running & Workout (2463 titres),211,2,2128737,Piano Dreams,Various Artists,After Workout - 200 Lounge & Chillout Songs,76
Running & Workout (2463 titres),211,2,2356881,Piano Dreams,Various Artists,after workout - 200 lounge & chillout songs,76
Running & Workout (2463 titres),212,3,1953131,Play Hard (Extended),Various Artists,Now That's What I Call A Workout 3,306
Running & Workout (2463 titres),212,3,2181219,Play Hard (Extended),Various Artists,Now That’S What I Call A Workout 3,306
Running & Workout (2463 titres),212,3,2356580,Play Hard (Extended),Various Artists,now that’s what i call a workout 3,306
Running & Workout (2463 titres),213,2,1969896,Power,SAULT,Earth,153
Running & Workout (2463 titres),213,2,2224162,Power,SAULT,Earth,153
Running & Workout (2463 titres),214,11,2239796,Power Of The Dollar,Kool & The Gang,Kool Funk Essentials 1970-1977,389
Running & Workout (2463 titres),214,11,2297432,Power Of The Dollar,Kool & The Gang,Kool Funk Essentials 1970-1977,389
Running & Workout (2463 titres),214,11,2315903,Power Of The Dollar,Kool & The Gang,Kool Funk Essentials 1970-1977,389
Running & Workout (2463 titres),214,11,2218539,Power of the Dollar,Kool & The Gang,Funk Essentials,390
Running & Workout (2463 titres),214,11,2218581,Power of the Dollar,Kool & The Gang,Kool Funk Essentials 1970-1977  (Compilation)  (Mp3),390
Running & Workout (2463 titres),214,11,2233649,Power of the Dollar,Kool & The Gang,Kool Funk Essentials 1970-1977,389
Running & Workout (2463 titres),214,11,2239809,Power of the Dollar,Kool & The Gang,Funk Essentials,390
Running & Workout (2463 titres),214,11,2239835,Power of the Dollar,Kool & The Gang,Kool Funk Essentials,390
Running & Workout (2463 titres),214,11,2289389,Power of the Dollar,Kool & The Gang,Kool Funk Essentials 1970-1977  (Compilation)  (Mp3),390
Running & Workout (2463 titres),214,11,2321866,Power of the Dollar,Kool & The Gang,Funk Essentials,390
Running & Workout (2463 titres),214,11,2323339,Power of the Dollar,Kool & The Gang,Kool Funk Essentials 1970-1977,389
Running & Workout (2463 titres),215,2,2079732,Power Over Me,Dermot Kennedy,Without Fear,206
Running & Workout (2463 titres),215,2,2141524,Power Over Me,Dermot Kennedy,Dermot Kennedy,206
Running & Workout (2463 titres),216,2,2101675,Power Station,Digitalism,Mirage,264
Running & Workout (2463 titres),216,2,2178748,Power Station,Digitalism,Mirage,264
Running & Workout (2463 titres),217,4,1970701,Power and the Glory,Jimmy Cliff,Simply the Best,311
Running & Workout (2463 titres),217,4,1971055,Power and the Glory,Jimmy Cliff,The Power and the Glory,311
Running & Workout (2463 titres),217,4,2121027,Power and the Glory,Jimmy Cliff,Sunshine in the Music,320
Running & Workout (2463 titres),217,4,2306713,Power and the Glory,Jimmy Cliff,Sunshine in the Music,320
Running & Workout (2463 titres),218,2,2125805,Power to Conquer,Various Artists,Nova Tunes 03,524
Running & Workout (2463 titres),218,2,2181673,Power to Conquer,Various Artists,Nova Tunes 03,524
Running & Workout (2463 titres),219,2,1988912,Pure Imagination (Workout Version 140 BPM),Power Music Workout,Holiday Cardio Express Workout Mix 5,308
Running & Workout (2463 titres),219,2,2093186,Pure Imagination (Workout Version 140 BPM),Power Music Workout,Xtreme Cardio Mix 43,291
Running & Workout (2463 titres),220,3,1934918,RUNNING OUT OF TIME,"Tyler, The Creator",IGOR,177
Running & Workout (2463 titres),220,3,2157069,Running Out of Time,"Tyler, The Creator",Igor,177
Running & Workout (2463 titres),220,3,2267348,Running Out of Time,"Tyler, The Creator",IGOR,177
Running & Workout (2463 titres),221,2,2128814,Ridin',Various Artists,After Workout - 200 Lounge & Chillout Songs,105
Running & Workout (2463 titres),221,2,2285004,Ridin',Various Artists,After Workout - 200 Lounge & Chillout Songs,105
Running & Workout (2463 titres),222,2,1951284,Right From A Star (Radio Edit),Various Artists,After Workout - 200 Lounge & Chillout Songs,209
Running & Workout (2463 titres),222,2,2128808,Right from a Star (Radio Edit),Various Artists,After Workout - 200 Lounge & Chillout Songs,209
Running & Workout (2463 titres),223,2,2073929,Ring 'Em,MC Hammer,Feel My Power,258
Running & Workout (2463 titres),223,2,1229505,Ring ’em,MC Hammer,Feel My Power,260
Running & Workout (2463 titres),224,2,2108799,Rio,Duran Duran,101 Running Songs Lap 2 CD4,163
Running & Workout (2463 titres),224,2,2112712,Rio,Duran Duran,101 Running Songs Lap 2 CD4,163
Running & Workout (2463 titres),225,2,2128804,Rise of the Sun,Various Artists,After Workout - 200 Lounge & Chillout Songs,233
Running & Workout (2463 titres),225,2,2356884,Rise of the Sun,Various Artists,after workout - 200 lounge & chillout songs,233
Running & Workout (2463 titres),226,2,2129917,Rising Power,AC/DC,Flick of the Switch,223
Running & Workout (2463 titres),226,2,2331556,Rising Power,AC/DC,Flick of the Switch,223
Running & Workout (2463 titres),227,2,1951258,Ritmo de Copa Cabana,Various Artists,After Workout - 200 Lounge & Chillout Songs,414
Running & Workout (2463 titres),227,2,2128796,Ritmo de Copa Cabana,Various Artists,After Workout - 200 Lounge & Chillout Songs,414
Running & Workout (2463 titres),228,2,2114925,Rockin Every Night,Gary Moore,Corridors of Power,167
Running & Workout (2463 titres),228,2,2223851,Rockin' Every Night,Gary Moore,Corridors of Power,167
Running & Workout (2463 titres),229,2,1973563,Running,Jessie Ware,Running,267
Running & Workout (2463 titres),229,2,2143473,Running,Jessie Ware,Devotion,268
Running & Workout (2463 titres),230,2,2101016,Running,Pearl Jam,Dark Matter,139
Running & Workout (2463 titres),230,2,2310229,Running,Pearl Jam,Unknown Album,139
Running & Workout (2463 titres),231,2,2186496,Running,Dimitri Vangelis & Wyman,Running,30
Running & Workout (2463 titres),231,2,2186498,Running,Dimitri Vangelis & Wyman,Running,30
Running & Workout (2463 titres),232,5,1973592,Running (Acoustic),Jessie Ware,Devotion (Deluxe Version),236
Running & Workout (2463 titres),232,5,2065249,Running (Acoustic),Jessie Ware,Devotion (Deluxe Version),236
Running & Workout (2463 titres),232,5,2299957,Running (acoustic),Jessie Ware,Devotion,1
Running & Workout (2463 titres),232,5,2299958,Running (acoustic),Jessie Ware,Devotion,1
Running & Workout (2463 titres),232,5,2302028,Running (acoustic),Jessie Ware,Devotion,1
Running & Workout (2463 titres),233,2,2004496,Running (Feat. Ron Carroll),Dimitri Vangelis & Wyman,Running (Feat. Ron Carroll) - Single,249
Running & Workout (2463 titres),233,2,2021865,Running (Feat. Ron Carroll),Dimitri Vangelis & Wyman,Running (Feat. Ron Carroll) - Single,249
Running & Workout (2463 titres),234,2,2186499,Running (Radio Edit),Dimitri Vangelis & Wyman,Running,249
Running & Workout (2463 titres),234,2,2186497,Running - Radio Edit,Dimitri Vangelis & Wyman,Running,249
Running & Workout (2463 titres),235,2,2132640,Running Away,Bob Marley & The Wailers,Kaya,255
Running & Workout (2463 titres),235,2,2293869,Running Away,Bob Marley & The Wailers,Kaya (UK),52
Running & Workout (2463 titres),236,2,1247978,Running Blind,Godsmack,"Good Times, Bad Times: 10 Years of Godsmack Musicfire.In",235
Running & Workout (2463 titres),236,2,2350626,Running Blind,Godsmack,"good times, bad times...ten years of godsmack",235
Running & Workout (2463 titres),237,2,2002631,Running Blind - Musicfire.In,Godsmack,"Good Times, Bad Times: 10 Years of Godsmack - Musicfire.In",235
Running & Workout (2463 titres),237,2,2350637,Running Blind - Musicfire.In,Godsmack,"good times, bad times: 10 years of godsmack - musicfire.in",235
Running & Workout (2463 titres),238,3,1852714,Running From Love,Various Artists,[Standalone Recordings],285
Running & Workout (2463 titres),238,3,2105203,Running From Love,Various Artists,Audios,287
Running & Workout (2463 titres),238,3,2356682,Running From Love,Various Artists,Nova Tunes 1.5,292
Running & Workout (2463 titres),239,2,2312185,Running Man’S Bible,Tom Petty and the Heartbreakers,Mojo,361
Running & Workout (2463 titres),239,2,2058303,Running Man’s Bible,Tom Petty and the Heartbreakers,Mojo,361
Running & Workout (2463 titres),240,2,2231208,Running Out,Matoma & Astrid S,RUNNING OUT,211
Running & Workout (2463 titres),240,2,2231209,Running Out,Matoma & Astrid S,RUNNING OUT,211
Running & Workout (2463 titres),241,2,1193469,Running Outta Love,Jacob Collier,Djesse Vol. 3,265
Running & Workout (2463 titres),241,2,2145994,Running Outta Love,Jacob Collier,"DJESSE, VOL. 3",265
Running & Workout (2463 titres),242,39,1923189,Running Scared,Roy Orbison,The Very Best of Roy Orbison,133
Running & Workout (2463 titres),242,39,1928421,Running Scared,Roy Orbison,50 All Time Greatest Hits Disc 1,133
Running & Workout (2463 titres),242,39,1936593,Running Scared,Roy Orbison,The Pop Legends,136
Running & Workout (2463 titres),242,39,1960737,Running Scared,Roy Orbison,His Greatest Hits,132
Running & Workout (2463 titres),242,39,1960762,Running Scared,Roy Orbison,"The Original Mono Singles, As & Bs",132
Running & Workout (2463 titres),242,39,1960865,Running Scared,Roy Orbison,Collected,131
Running & Workout (2463 titres),242,39,1960946,Running Scared,Roy Orbison,American Music Legends,132
Running & Workout (2463 titres),242,39,1960962,Running Scared,Roy Orbison,A Love So Beautiful: Roy Orbison & The Royal Philharmonic Orchestra,168
Running & Workout (2463 titres),242,39,1961015,Running Scared,Roy Orbison,The Legendary Roy Orbison - Twenty of His Greatest Hits,133
Running & Workout (2463 titres),242,39,1961042,Running Scared,Roy Orbison,"Dream Baby: The Complete Sun, RCA & Monument 1956-1962 Singles",133
Running & Workout (2463 titres),242,39,1961103,Running Scared,Roy Orbison,Lonely & Blue / At the Rock House,131
Running & Workout (2463 titres),242,39,1961146,Running Scared,Roy Orbison,The Monument Singles Collection (1960 - 1964) (CD One - The A-Sides),131
Running & Workout (2463 titres),242,39,1961183,Running Scared,Roy Orbison,The Best Of The Soul Of Rock And Roll,133
Running & Workout (2463 titres),242,39,1961232,Running Scared,Roy Orbison,The Soul Of Rock And Roll,133
Running & Workout (2463 titres),242,39,1961270,Running Scared,Roy Orbison,The Essential Roy Orbison,133
Running & Workout (2463 titres),242,39,1961331,Running Scared,Roy Orbison,16 Biggest Hits,132
Running & Workout (2463 titres),242,39,1961353,Running Scared,Roy Orbison,Only The Lonely,132
Running & Workout (2463 titres),242,39,1961396,Running Scared,Roy Orbison,Monumental Hits,132
Running & Workout (2463 titres),242,39,1961433,Running Scared,Roy Orbison,The Very Best of,133
Running & Workout (2463 titres),242,39,1961639,Running Scared,Roy Orbison,"The Midnight Special, NBC Studios, Burbank, CA, 2-15-1974",136
Running & Workout (2463 titres),242,39,1961648,Running Scared,Roy Orbison,For The Lonely: 18 Greatest Hits,133
Running & Workout (2463 titres),242,39,1961693,Running Scared,Roy Orbison,The Ultimate Collection,131
Running & Workout (2463 titres),242,39,1961722,Running Scared,Roy Orbison,The All-Time Greatest Hits Of Roy Orbison,135
Running & Workout (2463 titres),242,39,1961732,Running Scared,Roy Orbison,Super Hits,132
Running & Workout (2463 titres),242,39,1961824,Running Scared,Roy Orbison,Black & White Night,150
Running & Workout (2463 titres),242,39,1961863,Running Scared,Roy Orbison,"The Rock 'n' Roll Era: Roy Orbison, 1960-1965",133
Running & Workout (2463 titres),242,39,1961887,Running Scared,Roy Orbison,"Big Hits from the Big ""O""",134
Running & Workout (2463 titres),242,39,1961916,Running Scared,Roy Orbison,The Monument Singles Collection (1960-1964),129
Running & Workout (2463 titres),242,39,1961998,Running Scared,Roy Orbison,The Legendary Roy Orbison,135
Running & Workout (2463 titres),242,39,1962045,Running Scared,Roy Orbison,Ooby Dooby,139
Running & Workout (2463 titres),242,39,1962066,Running Scared,Roy Orbison,The Very Best Of Roy Orbison,148
Running & Workout (2463 titres),242,39,1962114,Running Scared,Roy Orbison,18 Grandes Exitos En Version Original,134
Running & Workout (2463 titres),242,39,1962153,Running Scared,Roy Orbison,Crying,133
Running & Workout (2463 titres),242,39,1962195,Running Scared,Roy Orbison,Running Scared/Love Hurts,133
Running & Workout (2463 titres),242,39,1962210,Running Scared,Roy Orbison,Candy Man,133
Running & Workout (2463 titres),242,39,1962401,Running Scared,Roy Orbison,Only The Lonely CD1,132
Running & Workout (2463 titres),242,39,2065794,Running Scared,Roy Orbison,80th Birthday Celebration,133
Running & Workout (2463 titres),242,39,2114446,Running Scared,Roy Orbison,Unknown Album,133
Running & Workout (2463 titres),242,39,1960780,Running scared,Roy Orbison,Rock House,131
Running & Workout (2463 titres),243,4,2292188,Running Songs Lap 2,Hed Kandi,Unknown Album,0
Running & Workout (2463 titres),243,4,2292190,Running Songs Lap 2,Hed Kandi,Unknown Album,83
Running & Workout (2463 titres),243,4,2295325,Running Songs Lap 2,Hed Kandi,[Unknown Album],92
Running & Workout (2463 titres),243,4,2295634,Running Songs Lap 2,Hed Kandi,[Unknown Album],75
Running & Workout (2463 titres),244,4,1480780,Running Up That Hill (A Deal With God),Kate Bush,Hounds Of Love,297
Running & Workout (2463 titres),244,4,2128534,Running Up That Hill (A Deal With God),Kate Bush,Hounds Of Love,297
Running & Workout (2463 titres),244,4,2320791,Running Up That Hill (A Deal With God),Kate Bush,Hounds Of Love,298
Running & Workout (2463 titres),244,4,2320792,Running Up That Hill (A Deal With God),Kate Bush,Hounds Of Love,298
Running & Workout (2463 titres),245,2,1256485,Running Water,Stan Getz,Cool Bebop,162
Running & Workout (2463 titres),245,2,2113510,Running Water,Stan Getz,Cool Bebop,162
Running & Workout (2463 titres),246,2,2111978,"Running Your Mouth feat. Snoop Dogg, Nate Dogg, Fabolous & Busta Rhymes",The Notorious B.I.G.,Greatest Hits,213
Running & Workout (2463 titres),246,2,2123168,"Running Your Mouth feat. Snoop Dogg, Nate Dogg, Fabolous & Busta Rhymes",The Notorious B.I.G.,Greatest Hits,213
Running & Workout (2463 titres),247,2,2234035,Running in Circles,.anxious.,Running In Circles,186
Running & Workout (2463 titres),247,2,2296575,Running in Circles,.anxious.,Running In Circles,186
Running & Workout (2463 titres),248,2,2167476,SAME WAY,Kottonmouth Kings,KROWN POWER,251
Running & Workout (2463 titres),248,2,2115374,Same Way,Kottonmouth Kings,KROWN POWER,251
Running & Workout (2463 titres),249,2,2068730,SAY SO (WORKOUT MIX),Workout Remix Factory,TOP 50 FITNESS & WORKOUT HITS! 2021 MUSIC PLAYLIST,274
Running & Workout (2463 titres),249,2,1959078,Say So (Workout mix),Workout Remix Factory,Top 50 Fitness & Workout Hits 2020,278
Running & Workout (2463 titres),250,2,2280579,SWEET NOTHING (FEAT. FLORENCE WELCH),Hed Kandi,NOW THAT’S WHAT I CALL A WORKOUT 2,212
Running & Workout (2463 titres),250,2,2284543,Sweet Nothing (Feat. Florence Welch),Hed Kandi,Now That’S What I Call A Workout 2,212
Running & Workout (2463 titres),251,2,2128738,"Saturn, Sun and Days",Various Artists,After Workout - 200 Lounge & Chillout Songs,310
Running & Workout (2463 titres),251,2,2356880,"Saturn, Sun and Days",Various Artists,after workout - 200 lounge & chillout songs,310
Running & Workout (2463 titres),252,2,2128763,Save Me,Various Artists,After Workout - 200 Lounge & Chillout Songs,255
Running & Workout (2463 titres),252,2,2356886,Save Me,Various Artists,after workout - 200 lounge & chillout songs,255
Running & Workout (2463 titres),253,4,2198754,Sentimental Ny,Various Artists,AFTER WORKOUT - 200 LOUNGE & CHILLOUT SONGS,268
Running & Workout (2463 titres),253,4,2260639,Sentimental Ny,Various Artists,AFTER WORKOUT - 200 LOUNGE & CHILLOUT SONGS,268
Running & Workout (2463 titres),253,4,2284547,Sentimental Ny,Various Artists,After Workout - 200 Lounge & Chillout Songs,268
Running & Workout (2463 titres),253,4,2356875,Sentimental Ny,Various Artists,after workout - 200 lounge & chillout songs,268
Running & Workout (2463 titres),254,2,2278743,Sentimental Ny,Hed Kandi,AFTER WORKOUT - 200 LOUNGE & CHILLOUT SONGS,268
Running & Workout (2463 titres),254,2,2336490,Sentimental Ny,Hed Kandi,After Workout - 200 Lounge & Chillout Songs,268
Running & Workout (2463 titres),255,2,2128750,Sexuales,Various Artists,After Workout - 200 Lounge & Chillout Songs,273
Running & Workout (2463 titres),255,2,2356899,Sexuales,Various Artists,after workout - 200 lounge & chillout songs,273
Running & Workout (2463 titres),256,2,2091083,Show Me Love,Mobin Master Ft Robin S,100 Hits - Running Songs 2014 Cd5,190
Running & Workout (2463 titres),256,2,2117954,Show Me Love,Mobin Master Ft Robin S,100 Hits - Running Songs 2014 Cd5,188
Running & Workout (2463 titres),257,2,1951271,Silent Night,Various Artists,After Workout - 200 Lounge & Chillout Songs,293
Running & Workout (2463 titres),257,2,2128742,Silent Night,Various Artists,After Workout - 200 Lounge & Chillout Songs,293
Running & Workout (2463 titres),258,2,2266391,Silent Running,Gorillaz,Cracker Island,255
Running & Workout (2463 titres),258,2,2302088,Silent Running,Gorillaz,Cracker Island,3
Running & Workout (2463 titres),259,2,2128739,Silly Season,Various Artists,After Workout - 200 Lounge & Chillout Songs,262
Running & Workout (2463 titres),259,2,2356878,Silly Season,Various Artists,after workout - 200 lounge & chillout songs,262
Running & Workout (2463 titres),260,2,2356582,Slow Down (Smash Mode Remix),Various Artists,now that’s what i call a workout 3,315
Running & Workout (2463 titres),260,2,2117902,Slow Down (Smash Mode remix),Various Artists,NOW That's What I Call a Workout 3,315
Running & Workout (2463 titres),261,2,1988822,Soft Return (Workout Version 95 BPM),Power Music Workout,Power Chilled Vol. 11 (Down Tempo Chill Out Grooves),303
Running & Workout (2463 titres),261,2,2183740,Soft Return (Workout Version 95 BPM),Power Music Workout,Power Chilled Vol. 11 (Down Tempo Chill Out Grooves),303
Running & Workout (2463 titres),262,2,2111076,Staying Power,Ben E. King,Street Tough,281
Running & Workout (2463 titres),262,2,2159607,Staying Power,Ben E. King,Street Tough,281
Running & Workout (2463 titres),263,2,2061006,Step Into Your Power,Ray LaMontagne,Long Way Home,208
Running & Workout (2463 titres),263,2,2169345,Step Into Your Power,Ray LaMontagne,Long Way Home,208
Running & Workout (2463 titres),264,2,1988824,Still Water (Workout Version 95 BPM),Power Music Workout,Power Chilled Vol. 11 (Down Tempo Chill Out Grooves),303
Running & Workout (2463 titres),264,2,2183741,Still Water (Workout Version 95 BPM),Power Music Workout,Power Chilled Vol. 11 (Down Tempo Chill Out Grooves),303
Running & Workout (2463 titres),265,3,2198845,Streetbeat (Instrumental Beat),Various Artists,After Workout - 200 Lounge & Chillout Songs,29
Running & Workout (2463 titres),265,3,2278793,Streetbeat (Instrumental Beat),Various Artists,After Workout - 200 Lounge & Chillout Songs,29
Running & Workout (2463 titres),265,3,2356877,Streetbeat (Instrumental Beat),Various Artists,after workout - 200 lounge & chillout songs,29
Running & Workout (2463 titres),266,2,2181536,Stronger (What Doesn't Kill You) (Nicky Romero Club mix),Various Artists,NOW That's What I Call a Workout,350
Running & Workout (2463 titres),266,2,2124598,Stronger (What Doesn't Kill You) (Nicky Romero club mix),Various Artists,NOW That’s What I Call a Workout,350
Running & Workout (2463 titres),267,2,2117642,Sweat,snoop dog vs david guetta,Now Thats What I Call Running CD2,196
Running & Workout (2463 titres),267,2,2180737,Sweat,snoop dog vs david guetta,NOW THATS WHAT I CALL RUNNING CD2,195
Running & Workout (2463 titres),268,2,2131702,Sweet Nothing (Feat. Florence Welch),Various Artists,Now That's What I Call A Workout 2,212
Running & Workout (2463 titres),268,2,2181542,Sweet Nothing (Feat. Florence Welch),Various Artists,Now That’S What I Call A Workout 2,212
Running & Workout (2463 titres),269,2,2167457,TBH,Kottonmouth Kings,KROWN POWER,285
Running & Workout (2463 titres),269,2,2108906,Tbh,Kottonmouth Kings,KROWN POWER,285
Running & Workout (2463 titres),270,2,2167464,TIME,Kottonmouth Kings,KROWN POWER,316
Running & Workout (2463 titres),270,2,2110755,Time,Kottonmouth Kings,KROWN POWER,316
Running & Workout (2463 titres),271,3,1950420,That Power,Childish Gambino,Camp,462
Running & Workout (2463 titres),271,3,2267609,That Power,Childish Gambino,Camp,462
Running & Workout (2463 titres),271,3,2302189,That Power,Childish Gambino,Camp,12
Running & Workout (2463 titres),272,2,2319534,The Game [Original Mix],Various Artists,100 Hits: Running Songs,373
Running & Workout (2463 titres),272,2,2319539,The Game [Original Mix],Various Artists,100 Hits: Running Songs,373
Running & Workout (2463 titres),273,2,1988825,The Golden Hour (Workout Version 95 BPM),Power Music Workout,Power Chilled Vol. 11 (Down Tempo Chill Out Grooves),284
Running & Workout (2463 titres),273,2,2183742,The Golden Hour (Workout Version 95 BPM),Power Music Workout,Power Chilled Vol. 11 (Down Tempo Chill Out Grooves),284
Running & Workout (2463 titres),274,2,2011991,The Power,Snap!,World Power,226
Running & Workout (2463 titres),274,2,2255938,The Power,Snap!,90's,342
Running & Workout (2463 titres),275,3,2006775,"The Power (7"" Version)",Various Artists,Club Sounds: 90's Dance Classics,226
Running & Workout (2463 titres),275,3,2186401,The Power (7″ Version),Various Artists,Club Sounds: 90’S Dance Classics,226
Running & Workout (2463 titres),275,3,2306361,The Power (7″ version),Various Artists,Club Sounds: 90’s Dance Classics,226
Running & Workout (2463 titres),276,2,2256770,"The Power (7"" Version)",Snap!,The Cult Of Snap! - 1990 >> 2003,231
Running & Workout (2463 titres),276,2,2117882,"The Power (7"" version)",Snap!,SNAP! The Power Greatest Hits,227
Running & Workout (2463 titres),277,2,2098530,The Power (single version),Snap!,Club Sounds: 90’s Dance Classi,226
Running & Workout (2463 titres),277,2,2188989,The Power [Single Version],Snap!,101 RUNNING SONGS CD 5,226
Running & Workout (2463 titres),278,9,1190354,The Power Of Love,Céline Dion,À L'Olympia,368
Running & Workout (2463 titres),278,9,1226294,The Power of Love,Céline Dion,The Colour of My Love,341
Running & Workout (2463 titres),278,9,1226295,The Power of Love,Céline Dion,The Colour of My Love,343
Running & Workout (2463 titres),278,9,1226296,The Power of Love,Céline Dion,The Colour of My Love,286
Running & Workout (2463 titres),278,9,1226322,The Power of Love,Céline Dion,Unknown Album,242
Running & Workout (2463 titres),278,9,1226371,The Power of Love,Céline Dion,I AM: CELINE DION: Original Motion Picture Soundtrack,344
Running & Workout (2463 titres),278,9,1252297,The Power of Love,Céline Dion,Various Artists,286
Running & Workout (2463 titres),278,9,2307630,The Power of Love,Céline Dion,The Colour of My Love,288
Running & Workout (2463 titres),278,9,2308219,The Power of Love,Céline Dion,The Colour of My Love,288
Running & Workout (2463 titres),279,2,1347584,The Power of Good-Bye,Madonna,"GHV2: Greatest Hits, Volume 2",250
Running & Workout (2463 titres),279,2,1869808,The Power of Good-Bye,Madonna,Best Ballads,251
Running & Workout (2463 titres),280,3,1187591,The Power of Love,Various Artists,Back to the Future: Music From the Motion Picture Soundtrack,235
Running & Workout (2463 titres),280,3,2186156,The Power of Love,Various Artists,Fore,234
Running & Workout (2463 titres),280,3,2259297,The Power of Love,Various Artists,Back to the Future,233
Running & Workout (2463 titres),281,3,1187607,The Power of Love,HATIK,Back to the Future: Music From the Motion Picture Soundtrack,235
Running & Workout (2463 titres),281,3,1187608,The Power of Love,HATIK,Back to the Future: Music From the Motion Picture Soundtrack,235
Running & Workout (2463 titres),281,3,1187609,The Power of Love,HATIK,Back to the Future: Music From the Motion Picture Soundtrack,233
Running & Workout (2463 titres),282,2,2064142,The Power of Love,Auscultate,Cantos Gregorianos: Músicas De Celine Dion,330
Running & Workout (2463 titres),282,2,2352988,The Power of Love,Auscultate,gregorian chants∶ songs of celine dion,330
Running & Workout (2463 titres),283,2,2096563,The Power of Love/ Huey Lewis and the News,Huey Lewis; Back to the Future,Back to the Future,233
Running & Workout (2463 titres),283,2,2096566,The Power of Love/ Huey Lewis and the News,Huey Lewis Back to the Future,Back to the Future,233
Running & Workout (2463 titres),284,2,1190415,The Power of the Dream,Céline Dion,"The Collector's Series: Celine Dion, Vol. 1",271
Running & Workout (2463 titres),284,2,1346654,The Power of the Dream,Céline Dion,It's All Coming Back to Me Now,271
Running & Workout (2463 titres),285,2,2181223,Things Can Only Get Better (Cedric Gervais Remix),Various Artists,Now That’S What I Call A Workout 3,180
Running & Workout (2463 titres),285,2,2356586,Things Can Only Get Better (Cedric Gervais Remix),Various Artists,now that’s what i call a workout 3,180
Running & Workout (2463 titres),286,2,2306314,TiK ToK (Fred Falke radio edit),Ke$ha,101 Running Songs Lap 2,233
Running & Workout (2463 titres),286,2,1849079,Tik Tok (Fred Falke radio edit),Ke$ha,101 Running Songs Lap 2 Cd2,232
Running & Workout (2463 titres),287,2,1282988,Try,Pitbull,Now That’s What I Call Running 2014,248
Running & Workout (2463 titres),287,2,1282989,Try,Pitbull,Now That’s What I Call Running 2014,246
Running & Workout (2463 titres),288,3,2070634,Turbulence,Various Artists,NOW That’s What I Call a Workout,194
Running & Workout (2463 titres),288,3,2126139,Turbulence,Various Artists,NOW That's What I Call a Workout 1,225
Running & Workout (2463 titres),288,3,2181535,Turbulence,Various Artists,NOW That's What I Call a Workout,225
Running & Workout (2463 titres),289,2,2306152,Twist in My Sobriety (Tikaramp Vocal),Various Artists,Top 100 Running Songs,264
Running & Workout (2463 titres),289,2,2122444,Twist in My Sobriety (Tikaramp vocal),Various Artists,Top 100 Running Songs,264
Running & Workout (2463 titres),290,2,2105654,Vino Joven,Various Artists,After Workout - 200 Lounge & Chillout Songs,354
Running & Workout (2463 titres),290,2,2128631,Vino joven,Various Artists,After Workout - 200 Lounge & Chillout Songs,347
Running & Workout (2463 titres),291,2,2266373,We Got the Power,Gorillaz,Humanz,137
Running & Workout (2463 titres),291,2,2294000,We Got the Power,Gorillaz,Humanz,10
Running & Workout (2463 titres),292,2,2305345,Wealth and Power,Droplex and Corner,Reason,6038
Running & Workout (2463 titres),292,2,2306088,Wealth and Power,Droplex and Corner,Reason,6038
Running & Workout (2463 titres),293,3,2306036,Written In The Stars,tinie tempah feat eric turner,Now That’s What I Call Running,209
Running & Workout (2463 titres),293,3,2118650,Written in the Stars,tinie tempah feat eric turner,Now Thats What I Call Running CD3,59
Running & Workout (2463 titres),293,3,2180733,Written in the Stars,tinie tempah feat eric turner,NOW THATS WHAT I CALL RUNNING,207
Running & Workout (2463 titres),294,5,2170454,YOU'VE GOT THE POWER,James Brown,I GOT THE FEELIN',195
Running & Workout (2463 titres),294,5,2166938,YOU’VE GOT THE POWER,James Brown,I GOT THE FEELIN',177
Running & Workout (2463 titres),294,5,2259580,You've Got the Power,James Brown,I Got the Feelin',177
Running & Workout (2463 titres),294,5,2106608,You’ve Got the Power,James Brown,I GOT THE FEELIN',177
Running & Workout (2463 titres),294,5,2306827,You’ve Got the Power,James Brown,I Got the Feelin’;James_Brown,177
Running & Workout (2463 titres),295,2,2325038,You Got The Power,War,Greatest Hits 2.0,243
Running & Workout (2463 titres),295,2,2310242,You Got the Power,War,Outlaw,343
Running & Workout (2463 titres),296,2,2120497,You Left the Water Running,Huey Lewis and the News,four chords & several years ago,186
Running & Workout (2463 titres),296,2,2286655,You Left the Water Running,Huey Lewis and the News,Unknown Album,186
Running & Workout (2463 titres),297,2,1257660,You've Got the Power,Steve Miller Band,Children of the Future,53
Running & Workout (2463 titres),297,2,2138639,You’ve Got the Power,Steve Miller Band,Children of the Future,53
Running & Workout (2463 titres),298,2,2212395,Young Folks,VARIOUS,NOW THAT’S WHAT I CALL RUNNING,241
Running & Workout (2463 titres),298,2,2349390,Young Folks,VARIOUS,now that's what i call running,241
Running & Workout (2463 titres),299,3,1486733,Your Power,Billie Eilish,Happier Than Ever,245
Running & Workout (2463 titres),299,3,1486746,Your Power,Billie Eilish,Happier Than Ever,245
Running & Workout (2463 titres),299,3,2133430,Your Power,Billie Eilish,Happier Than Ever,242
Running & Workout (2463 titres),300,3,2112538,Zumbalicious - Salsa+Reggaeton,Zumba Fitness,Cardio Party Soundtrack,274
Running & Workout (2463 titres),300,3,1949460,Zumbalicious Salsa / Reggaeton,Zumba Fitness,ZUMBA FITNESS CARDIO PARTY SOUNDTRACK,4712
Running & Workout (2463 titres),300,3,1949471,Zumbalicious Salsa / Reggaeton,Zumba Fitness,Zumba Fitness Cardio Party Soundtrack,4712
